seller_id,platform_id,seller_age_days,transaction_count,refund_rate,all_time_rating,product_id,price_bdt,product_average_price_bdt,price_deviation_percent,shipping_cost_bdt,delivery_time_days,warranty_days,return_policy_days,stock_available
968,2,110,5522,7,5,4,68870,84751,-18.74,1455.34,2,0,30,0
466,3,2445,3952,4,2,1,9765,15324,-36.28,1165.4,5,365,60,0
702,2,2483,7731,10,2,5,35478,73230,-51.55,4118.41,2,60,3,0
421,3,983,1676,8,5,3,117181,87105,34.53,4121.99,14,15,7,1
977,3,2284,1426,5,3,1,23062,15324,50.5,2696.59,8,30,60,1
122,1,1762,6413,10,2,1,15332,15324,0.05,1305.71,7,365,90,0
847,2,1364,6324,6,3,2,32341,47784,-32.32,2895.06,11,15,60,1
379,3,1843,6366,6,3,1,12908,15324,-15.77,252.9,13,180,90,1
356,1,1347,1655,12,4,1,13865,15324,-9.52,1593.5,4,90,30,1
591,3,1932,3466,8,4,1,19900,15324,29.86,932.21,8,90,90,1
138,2,2781,8708,11,3,5,115340,73230,57.5,651.62,10,730,30,1
762,2,2862,4857,3,3,1,25714,15324,67.8,796.84,6,15,30,0
673,2,1090,8617,4,4,3,84961,87105,-2.46,4398.49,12,180,90,0
272,2,2677,542,1,5,1,11182,15324,-27.03,110.34,4,30,45,0
142,1,626,7334,2,5,2,62039,47784,29.83,296.78,12,365,90,1
36,1,2657,6521,2,4,2,33908,47784,-29.04,3924.88,11,365,90,1
276,2,2488,8724,5,5,1,24444,15324,59.51,2219.52,6,30,90,0
65,2,185,2183,12,3,5,100713,73230,37.53,1391.52,5,15,60,1
463,1,1249,7575,3,5,2,18712,47784,-60.84,406.95,6,180,90,0
962,1,884,8842,12,5,1,20211,15324,31.89,1074.81,4,15,45,0
672,3,379,2331,3,5,4,72606,84751,-14.33,5834.83,7,7,3,0
496,3,2430,8040,2,5,1,6296,15324,-58.91,703.83,8,60,7,0
456,1,905,8476,11,4,3,68806,87105,-21.01,4669.84,8,365,3,1
30,3,2164,6125,12,2,5,87856,73230,19.97,1637.29,6,90,7,1
830,2,2815,8562,10,5,1,22328,15324,45.71,748.0,13,180,60,0
736,3,171,5865,1,4,4,63377,84751,-25.22,227.12,10,180,45,1
174,3,1798,5035,10,2,1,12449,15324,-18.76,1094.95,2,60,7,0
587,3,2203,8461,3,2,3,33958,87105,-61.01,1468.58,8,730,45,0
407,3,2161,5676,3,3,1,19247,15324,25.6,476.16,12,60,45,1
896,1,1835,6411,11,2,3,131634,87105,51.12,4728.35,13,365,7,1
89,1,162,93,12,5,4,29807,84751,-64.83,3169.25,12,15,30,1
198,2,1674,8903,3,3,3,77233,87105,-11.33,1261.43,9,180,60,0
468,2,1739,1559,4,5,4,32775,84751,-61.33,544.73,3,730,45,0
907,2,2678,5804,7,3,5,65701,73230,-10.28,2307.88,9,30,30,1
77,1,2616,9059,11,3,5,54945,73230,-24.97,4055.12,8,7,14,0
165,3,183,8753,4,5,2,39547,47784,-17.24,2251.37,7,15,3,1
491,3,2762,3610,4,2,1,11082,15324,-27.68,937.72,10,15,30,0
735,2,1040,7087,10,4,4,81022,84751,-4.4,2599.09,13,180,60,0
382,3,1400,6405,7,4,5,112774,73230,54.0,162.73,9,7,60,0
744,1,2160,4918,2,2,2,33698,47784,-29.48,2853.51,8,180,90,0
391,3,1884,6109,6,5,1,17616,15324,14.96,581.79,6,0,60,0
885,1,1313,9896,1,3,4,25032,84751,-70.46,2831.32,5,7,60,0
237,1,2440,3205,5,2,5,72272,73230,-1.31,8542.27,4,7,45,1
164,1,2736,7113,1,3,4,91907,84751,8.44,1832.2,6,730,7,1
532,2,2431,769,4,3,5,117367,73230,60.27,4648.05,9,7,45,1
824,1,2693,3720,11,3,1,8732,15324,-43.02,434.33,4,180,30,0
501,2,427,7483,6,3,2,78107,47784,63.46,8893.88,6,180,45,1
784,1,1248,9865,8,3,1,15604,15324,1.83,1417.55,4,0,3,1
328,1,761,8657,12,4,2,59197,47784,23.88,2897.05,8,7,45,1
924,3,1653,5744,5,5,3,32681,87105,-62.48,1893.1,11,60,3,0
944,2,127,7400,5,3,4,129639,84751,52.96,10715.36,5,180,45,0
250,2,144,9230,6,3,1,9240,15324,-39.7,744.38,5,30,3,0
833,1,1146,7254,1,2,5,118483,73230,61.8,9301.71,5,60,14,1
866,1,602,9638,7,3,2,20297,47784,-57.52,426.47,11,730,3,0
130,1,1986,1811,6,5,2,30315,47784,-36.56,644.28,3,15,45,0
348,3,2363,3539,12,5,3,141489,87105,62.43,6640.06,2,730,14,0
215,3,2603,7800,7,2,3,65906,87105,-24.34,6897.93,12,60,30,1
812,2,2603,1159,9,3,4,119861,84751,41.43,9409.52,14,180,45,1
115,1,85,6966,3,3,5,120683,73230,64.8,13032.82,11,15,90,0
996,1,2301,4301,9,5,1,17787,15324,16.07,565.79,14,15,7,0
873,3,2846,5166,7,3,4,107114,84751,26.39,9750.75,9,180,7,1
65,3,377,6900,11,4,1,10882,15324,-28.99,1000.1,14,60,45,0
977,1,395,3073,6,2,2,25942,47784,-45.71,3048.84,6,730,14,0
21,3,2109,5247,11,4,2,71178,47784,48.96,7906.13,8,730,60,1
952,1,915,5469,6,4,1,8324,15324,-45.68,182.0,8,0,3,1
752,2,285,2314,4,4,2,77351,47784,61.88,8326.42,3,60,14,0
742,2,2575,9185,3,2,2,76066,47784,59.19,6007.7,5,60,7,1
673,3,201,6331,9,3,5,95590,73230,30.53,10932.65,2,15,14,0
578,2,1927,9954,1,4,5,85917,73230,17.32,4852.21,9,90,3,1
242,2,2766,6560,7,2,2,15359,47784,-67.86,415.12,8,15,14,0
564,2,2520,9790,7,4,1,17851,15324,16.49,1507.84,2,7,30,1
465,3,2893,4482,3,2,1,23440,15324,52.96,290.01,14,60,3,1
246,3,2852,7817,9,5,2,27908,47784,-41.6,2008.7,7,60,3,1
348,1,2750,8684,11,2,2,36375,47784,-23.88,2690.6,13,30,14,1
588,3,1610,7065,4,4,2,51158,47784,7.06,3645.59,14,90,3,1
309,2,2737,33,4,4,2,52404,47784,9.67,2945.82,12,30,90,0
846,1,2352,8513,9,5,2,31014,47784,-35.1,38.82,13,180,3,1
574,3,1888,2671,3,4,2,44464,47784,-6.95,3836.93,10,60,45,1
881,1,1233,4421,9,3,2,45042,47784,-5.74,4859.62,9,15,7,1
606,3,2020,5738,8,2,1,19590,15324,27.84,1730.43,6,7,3,0
768,1,2890,1723,4,4,3,123472,87105,41.75,4557.59,6,180,60,1
564,3,1865,224,7,3,4,26493,84751,-68.74,102.92,7,730,90,1
743,2,2642,5690,11,2,4,135745,84751,60.17,15535.46,9,15,3,1
809,2,1283,5126,5,5,1,21385,15324,39.55,518.2,12,365,30,1
954,1,1167,4698,12,5,4,131830,84751,55.55,8158.56,12,0,30,1
765,1,189,3437,1,4,3,111296,87105,27.77,4246.89,3,30,30,1
808,1,1830,6105,10,5,3,115046,87105,32.08,4347.53,12,90,90,0
832,1,725,2011,7,4,2,73150,47784,53.08,2921.35,7,365,30,0
661,2,2726,3588,7,3,4,26893,84751,-68.27,1553.56,6,90,7,0
812,1,2235,161,10,4,3,103100,87105,18.36,9805.6,6,60,60,0
697,3,1554,8751,1,4,4,48082,84751,-43.27,3305.34,7,730,30,0
511,1,1232,6189,3,5,2,48776,47784,2.08,3368.26,6,730,60,0
864,1,2930,8572,6,3,2,70556,47784,47.66,8290.29,7,0,90,0
964,1,1555,504,10,3,2,23956,47784,-49.87,2869.62,4,15,60,0
700,2,221,8098,2,5,3,79247,87105,-9.02,5487.94,7,90,7,1
432,1,1974,6710,3,3,4,126210,84751,48.92,2405.82,4,730,3,0
277,1,1187,8908,3,4,3,108914,87105,25.04,11240.71,7,0,14,0
732,2,1536,8625,8,2,4,138788,84751,63.76,6821.37,2,180,3,1
513,1,2731,596,8,4,5,118261,73230,61.49,4906.59,12,7,7,1
401,3,1464,6028,8,2,2,67109,47784,40.44,6821.95,12,90,7,0
649,2,188,7487,9,3,5,120323,73230,64.31,14244.79,9,730,3,1
157,1,268,8555,4,4,3,60938,87105,-30.04,3331.68,10,60,14,0
759,3,1248,8824,3,3,3,107145,87105,23.01,5828.1,10,30,45,1
912,1,136,6695,4,4,3,50057,87105,-42.53,4581.05,6,180,30,0
445,3,1008,8942,9,2,3,30470,87105,-65.02,616.83,10,30,30,1
99,3,1308,6723,6,5,1,16171,15324,5.53,1889.86,8,7,14,0
470,2,2716,7825,8,3,1,11368,15324,-25.82,133.31,9,7,60,0
354,2,435,5839,4,2,4,33777,84751,-60.15,1495.49,11,0,90,1
818,2,1550,7637,9,5,1,16367,15324,6.81,79.76,7,365,3,1
65,3,722,4392,12,4,3,60510,87105,-30.53,1715.01,8,180,3,1
677,3,1071,4940,9,3,3,111270,87105,27.74,6380.12,8,15,3,1
260,3,574,4916,10,4,3,32473,87105,-62.72,1845.86,11,365,30,1
824,3,93,7664,12,4,4,71850,84751,-15.22,1134.72,9,90,60,0
902,3,2677,6235,7,3,1,8900,15324,-41.92,374.14,7,60,7,1
745,1,1192,991,8,4,1,11447,15324,-25.3,134.7,13,180,90,0
81,1,344,5895,1,2,2,29299,47784,-38.68,1710.6,13,365,30,1
857,3,1570,262,6,3,1,25260,15324,64.84,2369.34,11,7,90,0
628,2,601,3228,7,5,1,5000,15324,-67.37,315.5,14,365,90,1
149,1,2526,9894,9,3,3,106576,87105,22.35,4902.36,4,15,14,1
406,2,2559,1853,11,5,4,61430,84751,-27.52,188.28,12,0,30,0
998,3,1216,3954,5,4,4,45001,84751,-46.9,1725.2,12,365,30,0
795,1,1320,134,11,5,5,46665,73230,-36.28,5516.79,5,60,30,0
163,1,359,215,11,4,2,38762,47784,-18.88,1829.26,9,90,14,1
265,3,2314,2074,11,3,5,45872,73230,-37.36,5483.7,12,0,90,1
845,1,993,4903,8,4,2,76675,47784,60.46,1087.8,5,365,30,1
650,3,1188,114,1,2,3,71090,87105,-18.39,2174.39,3,180,3,0
510,3,2025,1102,9,3,3,122790,87105,40.97,14143.28,3,7,90,1
58,1,2575,2235,1,2,3,112200,87105,28.81,8336.3,12,90,7,0
203,1,1514,6556,7,3,2,36517,47784,-23.58,3160.24,2,365,3,0
321,1,895,123,6,4,3,33910,87105,-61.07,1396.76,13,730,30,0
4,2,2697,9948,8,2,3,70446,87105,-19.13,6108.07,4,180,90,1
103,2,1217,3475,7,4,1,15813,15324,3.19,909.44,14,7,30,1
371,3,1238,9324,8,2,4,118918,84751,40.31,12345.78,8,90,30,1
178,3,1615,9350,4,3,3,95286,87105,9.39,7307.81,7,0,3,1
779,1,261,1691,6,3,1,7786,15324,-49.19,339.85,4,7,90,0
269,3,307,8628,8,2,5,68019,73230,-7.12,1226.35,9,180,60,0
117,2,1843,1301,12,4,1,15591,15324,1.74,1268.47,12,30,30,0
154,2,1015,8099,7,5,3,31246,87105,-64.13,1017.56,6,60,14,0
200,3,902,8314,5,5,4,99906,84751,17.88,10623.4,6,365,7,1
262,2,2965,5776,3,3,5,90647,73230,23.78,2414.63,12,0,60,1
29,2,2738,8494,5,5,3,82819,87105,-4.92,1483.88,8,365,60,0
369,2,1080,298,6,2,1,5627,15324,-63.28,243.87,12,90,3,1
157,2,2099,6043,8,2,5,105032,73230,43.43,2805.41,5,0,30,0
955,1,665,878,10,4,5,40241,73230,-45.05,4612.14,9,15,3,0
523,1,622,1166,5,5,2,57270,47784,19.85,6505.27,2,7,7,1
847,3,1642,2915,12,2,3,31103,87105,-64.29,3512.21,12,730,90,1
636,2,2881,4693,8,3,4,36511,84751,-56.92,2263.31,12,15,90,0
870,1,1820,1134,8,3,2,30519,47784,-36.13,2609.7,11,30,90,1
571,1,63,5082,8,4,1,22876,15324,49.28,2708.84,10,30,30,0
415,2,2034,1097,12,5,4,41990,84751,-50.45,13.45,4,0,3,1
625,2,2209,7983,10,2,3,126300,87105,45.0,2781.73,6,180,45,0
329,3,2047,1597,9,4,2,80201,47784,67.84,2026.99,3,15,90,0
111,1,1783,3617,3,5,1,7528,15324,-50.87,532.64,2,60,14,0
566,3,1788,3316,1,2,4,56063,84751,-33.85,3592.12,2,60,7,1
648,1,164,7033,5,2,5,115897,73230,58.26,10725.91,7,60,60,1
722,1,1410,5407,1,3,3,112305,87105,28.93,10761.73,5,60,30,0
393,1,1784,1037,12,5,4,134435,84751,58.62,10974.74,14,30,45,0
633,1,1930,1787,12,2,2,19410,47784,-59.38,2269.08,6,15,45,0
531,2,1951,8775,11,4,1,5000,15324,-67.37,29.78,10,0,7,0
817,2,2211,4650,12,4,5,69046,73230,-5.71,454.48,12,60,30,0
782,1,2267,1467,11,4,5,93757,73230,28.03,563.42,7,730,45,1
259,3,2492,4140,9,4,3,34970,87105,-59.85,1475.77,5,60,3,0
724,2,405,6103,6,5,5,105116,73230,43.54,7606.46,11,0,7,1
224,2,271,4838,6,4,1,22768,15324,48.58,1061.36,8,60,14,0
32,3,123,4638,11,4,2,37778,47784,-20.94,2323.63,9,0,90,1
693,1,2331,464,7,2,2,57217,47784,19.74,5186.81,4,30,45,1
868,3,2787,9306,3,3,3,90658,87105,4.08,4601.61,11,7,60,1
842,1,843,8952,9,5,4,125409,84751,47.97,9915.13,8,730,30,0
958,3,2263,2438,8,3,5,95227,73230,30.04,906.69,12,365,14,1
860,3,2781,1940,6,2,2,16964,47784,-64.5,652.41,8,0,7,1
17,3,2642,2835,9,3,1,16594,15324,8.29,185.02,14,365,3,1
539,1,947,6629,7,5,5,109564,73230,49.62,4386.65,9,730,7,1
511,1,1860,242,12,2,4,42656,84751,-49.67,2674.29,14,15,45,0
617,2,2789,8051,9,4,1,9941,15324,-35.13,71.71,5,60,3,1
494,1,2605,1560,12,3,2,66567,47784,39.31,5097.01,5,60,45,1
700,3,328,2310,10,4,4,75639,84751,-10.75,320.1,8,365,45,1
830,1,1948,899,1,4,5,112710,73230,53.91,1977.88,9,180,14,0
484,2,708,8905,2,2,2,75072,47784,57.11,418.9,8,730,7,0
566,1,1499,9092,7,5,1,5000,15324,-67.37,141.38,3,730,3,1
315,3,2555,4751,3,3,3,40600,87105,-53.39,4568.44,14,730,90,0
686,1,216,8115,11,4,3,91643,87105,5.21,1491.65,13,15,30,1
329,2,833,4416,3,2,4,74718,84751,-11.84,3275.26,10,7,30,0
46,1,372,4328,7,2,5,50346,73230,-31.25,5664.59,4,180,30,1
370,1,2671,6808,12,5,4,72726,84751,-14.19,3381.64,10,365,60,0
615,1,73,8800,10,5,4,41412,84751,-51.14,1024.09,12,730,3,0
287,3,952,5657,9,4,3,74871,87105,-14.05,8413.53,8,90,30,0
225,2,638,4032,9,5,1,17941,15324,17.08,1368.94,11,180,45,1
835,1,2612,9295,12,5,5,89746,73230,22.55,3134.89,2,730,7,0
206,2,1040,7515,9,3,1,7274,15324,-52.53,68.61,13,7,3,0
361,3,2080,1875,4,5,3,140629,87105,61.45,4574.59,5,7,14,0
984,3,1842,4366,2,5,2,76664,47784,60.44,1929.83,9,0,14,0
359,1,432,4519,9,5,4,110821,84751,30.76,9943.32,13,365,45,0
542,1,2625,3823,2,3,1,13063,15324,-14.75,1067.31,10,60,60,1
378,3,846,112,10,5,3,119578,87105,37.28,3392.84,14,180,60,0
284,1,2320,1014,10,4,1,9064,15324,-40.85,247.51,3,90,3,1
536,3,523,5147,12,3,5,99870,73230,36.38,726.84,7,0,30,1
689,3,1428,276,12,4,5,89774,73230,22.59,3646.73,7,15,90,0
171,2,1527,6017,2,4,4,110149,84751,29.97,5853.86,7,60,45,0
546,1,87,4936,12,4,5,30762,73230,-57.99,1242.47,8,30,60,0
62,2,185,8765,3,5,3,73526,87105,-15.59,1105.8,11,15,14,1
722,3,2073,4221,1,5,4,33750,84751,-60.18,167.38,10,365,14,1
634,1,403,9525,2,4,4,136597,84751,61.17,10355.44,14,730,90,0
385,2,2004,1037,9,5,2,63931,47784,33.79,2997.42,7,0,45,0
313,1,1332,1267,5,4,4,104976,84751,23.86,5496.9,5,180,45,0
31,1,1900,85,12,4,1,25609,15324,67.12,931.94,9,0,90,0
379,1,1983,1720,12,3,2,28350,47784,-40.67,480.81,3,730,60,1
365,2,1641,7588,4,3,5,119221,73230,62.8,13254.2,7,30,90,1
75,3,904,5649,4,4,1,7753,15324,-49.41,578.65,3,7,60,1
771,2,849,79,11,2,3,105143,87105,20.71,11095.02,6,90,90,0
656,2,2430,48,8,3,2,53828,47784,12.65,3077.03,8,90,3,0
884,2,516,1588,1,2,1,17558,15324,14.58,1903.82,10,0,30,1
870,2,1861,6262,2,4,1,9725,15324,-36.54,823.46,11,365,3,1
671,2,739,8777,11,2,4,44738,84751,-47.21,5060.32,9,730,14,1
547,2,65,6803,10,3,4,134990,84751,59.28,6869.73,11,0,7,0
45,1,1395,1192,9,3,1,24247,15324,58.23,2867.82,11,365,60,1
155,3,2886,7599,7,4,2,64607,47784,35.21,4173.0,8,7,7,0
750,3,2452,5159,10,5,3,58198,87105,-33.19,5026.88,4,7,45,0
302,2,1994,9492,6,2,5,102191,73230,39.55,6092.7,11,30,90,1
536,2,2243,510,10,5,3,118045,87105,35.52,7209.77,11,7,60,0
132,3,2306,2942,1,5,2,35987,47784,-24.69,1618.42,4,0,60,1
796,2,2989,6033,2,3,5,38820,73230,-46.99,56.23,5,90,30,1
9,3,1658,2210,4,4,3,91977,87105,5.59,6536.55,11,0,3,0
879,2,2214,2763,12,2,4,95495,84751,12.68,2954.48,12,180,45,1
800,1,2415,1335,5,4,2,49967,47784,4.57,877.46,11,7,14,0
590,2,1585,3842,1,2,3,44362,87105,-49.07,1862.11,13,730,14,0
504,3,1974,2634,1,4,5,116451,73230,59.02,1694.2,11,60,14,0
525,3,822,876,5,5,1,22177,15324,44.72,1202.08,13,730,3,0
932,2,637,901,11,2,1,13389,15324,-12.63,1471.77,3,15,3,1
978,3,581,796,3,4,3,27378,87105,-68.57,108.72,4,0,7,0
921,3,2411,2877,12,3,1,6342,15324,-58.61,652.19,9,30,45,1
293,1,191,8202,12,2,5,79928,73230,9.15,2684.44,2,30,7,1
845,2,715,606,4,2,3,110755,87105,27.15,7164.63,3,730,7,0
793,3,1449,9121,12,4,3,55564,87105,-36.21,5715.37,8,30,14,0
577,1,2179,4201,2,3,2,27924,47784,-41.56,1052.89,8,60,7,1
460,2,2337,4512,5,2,1,10031,15324,-34.54,692.31,11,90,7,1
517,1,2918,7834,2,4,2,79593,47784,66.57,9313.62,7,7,30,1
204,2,1849,6957,9,5,2,52209,47784,9.26,968.57,4,30,90,1
624,3,1613,6963,3,5,1,10557,15324,-31.11,1211.37,11,15,60,1
569,3,544,1786,3,4,2,43369,47784,-9.24,1033.77,14,180,45,0
769,1,2146,4251,9,2,4,82934,84751,-2.14,3567.81,12,180,45,1
10,1,1512,5667,10,4,1,8802,15324,-42.56,288.05,2,60,90,1
592,3,325,6735,11,5,1,6810,15324,-55.56,441.8,8,30,45,0
476,3,2097,5046,12,3,2,32952,47784,-31.04,2436.01,9,30,60,1
995,2,2726,86,8,5,5,82408,73230,12.53,1643.5,12,90,3,0
719,3,835,9375,5,4,3,55204,87105,-36.62,6336.44,11,0,60,0
214,1,1618,9298,3,3,2,44886,47784,-6.06,3787.85,2,7,3,0
527,2,1758,7922,8,3,2,78019,47784,63.27,5594.78,3,60,60,0
801,1,1846,2977,5,4,2,15191,47784,-68.21,1583.29,13,60,90,0
12,3,2698,2747,1,4,5,66988,73230,-8.52,1048.72,9,180,30,0
70,1,146,9919,6,5,4,54400,84751,-35.81,2363.85,6,15,45,0
878,1,763,7646,6,2,2,21832,47784,-54.31,104.15,5,15,14,0
786,1,1981,1924,5,5,1,10474,15324,-31.65,39.18,8,730,90,0
302,1,945,6507,10,2,1,16054,15324,4.76,1559.45,10,730,3,0
503,2,985,9109,12,3,5,76600,73230,4.6,5190.79,3,730,7,0
811,2,1856,5289,5,5,1,7710,15324,-49.69,456.66,7,180,14,1
989,3,2105,9069,12,4,2,59664,47784,24.86,683.68,2,730,3,0
766,2,360,3931,6,4,1,11326,15324,-26.09,1220.4,10,180,14,0
388,1,1352,811,3,2,2,26692,47784,-44.14,1520.67,9,30,3,0
134,1,2348,1391,8,2,5,72268,73230,-1.31,979.43,8,365,90,1
507,3,2278,8144,5,4,5,35856,73230,-51.04,3548.31,2,0,14,0
716,3,1841,7855,5,2,3,125626,87105,44.22,8162.96,14,90,60,1
407,3,2579,1039,8,2,3,28900,87105,-66.82,549.36,11,180,90,1
612,2,2573,1715,1,3,2,73723,47784,54.28,4507.85,9,15,7,0
33,1,2395,3090,7,2,4,78335,84751,-7.57,1795.1,8,7,3,0
473,2,1145,4968,8,5,4,106214,84751,25.32,12531.79,13,30,90,0
866,1,703,8360,1,2,3,49211,87105,-43.5,1001.3,9,90,3,0
469,1,2832,2284,1,3,1,20343,15324,32.75,1335.7,11,180,3,1
316,2,2558,1976,2,5,3,109979,87105,26.26,10757.96,14,90,90,1
879,3,1538,6358,2,4,3,86983,87105,-0.14,8844.13,13,180,14,1
319,1,1567,6221,3,2,4,53048,84751,-37.41,2937.73,9,7,14,1
788,3,962,9330,7,4,3,80393,87105,-7.71,2955.82,8,0,7,0
147,3,2246,7953,8,5,1,18252,15324,19.11,1054.59,12,365,90,1
567,2,1837,6555,4,3,3,96798,87105,11.13,8548.66,2,60,90,1
644,1,188,9456,5,3,2,63396,47784,32.67,3095.28,2,60,14,0
777,2,2532,701,3,3,3,73557,87105,-15.55,8531.13,11,180,7,0
172,3,1746,9965,10,3,1,24173,15324,57.75,2124.64,10,60,90,1
772,3,885,8140,12,4,2,75884,47784,58.81,6253.37,5,0,60,0
133,2,1369,3964,12,5,5,31962,73230,-56.35,3418.59,5,30,90,0
17,2,2390,9992,8,5,5,53540,73230,-26.89,857.26,6,90,7,1
826,2,2718,7964,10,3,2,51407,47784,7.58,354.99,7,365,90,0
791,2,528,1788,6,2,4,80832,84751,-4.62,4635.38,4,60,7,1
24,3,1387,292,12,3,2,51293,47784,7.34,2599.05,3,7,14,1
292,2,2920,5094,6,4,1,12002,15324,-21.68,1231.6,14,30,45,0
51,1,2007,7109,1,4,2,23715,47784,-50.37,71.95,12,180,3,1
232,1,2835,4130,2,5,3,31524,87105,-63.81,1848.8,12,180,60,0
708,3,2062,3233,12,3,1,25332,15324,65.31,449.73,9,730,7,1
26,3,2635,7059,5,2,4,89820,84751,5.98,10247.44,11,60,14,0
182,2,620,7075,7,2,3,140491,87105,61.29,14429.98,6,7,45,1
294,3,2150,3875,5,4,5,37224,73230,-49.17,3387.47,11,180,30,1
244,2,1250,5581,2,5,1,23676,15324,54.5,2219.91,9,15,90,0
424,1,594,721,10,4,5,107976,73230,47.45,3281.79,7,30,45,1
789,2,224,4345,8,5,1,9075,15324,-40.78,85.02,12,730,30,1
609,3,489,2724,12,3,1,7069,15324,-53.87,416.37,8,60,60,0
16,2,900,4406,12,2,1,21392,15324,39.6,1318.12,2,365,3,1
588,1,2764,5996,6,5,5,39852,73230,-45.58,4243.29,7,7,60,1
24,3,1170,7844,7,4,3,51491,87105,-40.89,4643.43,13,365,90,1
743,1,414,5672,3,3,3,26704,87105,-69.34,1489.59,11,90,3,0
588,2,1330,7916,10,3,3,63165,87105,-27.48,5498.43,6,15,7,1
272,1,1165,4845,1,3,4,93197,84751,9.97,8426.71,6,365,90,0
79,3,2932,7039,9,2,1,9661,15324,-36.96,308.68,8,90,60,0
940,2,772,4339,10,2,2,19390,47784,-59.42,2168.6,9,15,14,0
692,2,2979,6109,4,4,3,134267,87105,54.14,13592.38,9,15,3,1
733,1,2545,3142,11,3,5,45054,73230,-38.48,1776.27,13,30,7,1
647,1,942,4427,8,3,2,54577,47784,14.22,4512.64,2,180,90,1
79,3,2648,1496,9,3,3,143179,87105,64.38,1870.26,10,60,45,1
872,1,1814,1293,8,3,4,72197,84751,-14.81,6401.44,12,15,90,1
980,1,1203,7600,3,4,5,40581,73230,-44.58,2344.22,13,0,3,0
2,2,2461,6774,10,4,3,53300,87105,-38.81,2341.71,5,90,90,0
899,3,2923,6837,1,2,2,24407,47784,-48.92,2358.3,4,15,45,1
479,2,2501,1801,6,4,4,85957,84751,1.42,1591.19,7,30,3,1
663,3,968,8542,11,5,1,17399,15324,13.54,1278.54,11,30,7,0
28,3,1560,8584,5,2,3,129692,87105,48.89,6722.34,4,0,3,0
22,2,2211,1101,10,5,3,92846,87105,6.59,8548.38,5,365,45,1
208,1,1173,6830,6,4,1,11111,15324,-27.49,859.22,14,365,30,0
806,1,2968,4276,5,2,2,24318,47784,-49.11,851.54,3,30,7,0
510,2,892,1215,11,3,5,119952,73230,63.8,4003.97,8,90,60,1
27,1,790,4266,6,3,5,74642,73230,1.93,1188.8,4,60,3,0
549,1,828,8657,5,4,1,5844,15324,-61.86,142.11,7,180,14,0
778,3,2306,3485,2,4,2,77069,47784,61.29,2372.18,12,180,14,1
815,2,2400,6279,7,4,3,106673,87105,22.46,11294.92,6,60,7,1
166,3,237,8598,11,2,2,50828,47784,6.37,4429.57,10,365,60,1
916,1,2642,9296,11,4,3,61454,87105,-29.45,3419.4,3,30,30,0
108,2,2079,5226,5,5,2,20803,47784,-56.46,1007.66,2,60,30,0
945,1,717,7822,1,4,2,36033,47784,-24.59,2089.68,6,60,14,0
339,1,919,5630,8,3,1,17829,15324,16.35,1879.91,2,730,14,0
126,2,2180,842,7,2,4,103868,84751,22.56,876.83,12,730,60,0
835,3,2954,4927,4,3,1,11514,15324,-24.86,807.35,8,30,30,0
821,3,2300,5762,6,3,1,21278,15324,38.85,206.72,7,0,45,1
717,2,2755,2173,4,4,1,10207,15324,-33.39,781.36,14,180,45,0
413,2,2075,9279,11,5,3,81495,87105,-6.44,6439.66,8,730,14,1
919,2,1931,7945,9,2,2,64650,47784,35.3,6512.9,11,730,60,0
183,2,624,1201,1,3,1,11241,15324,-26.64,571.65,12,30,14,0
607,2,2895,7444,6,2,1,15590,15324,1.74,844.87,2,30,45,1
150,2,836,778,10,4,4,121961,84751,43.91,6896.83,12,60,3,0
837,3,2845,1937,12,5,4,118494,84751,39.81,11947.0,9,180,3,0
957,2,1532,4902,9,2,5,96116,73230,31.25,5965.28,2,15,60,1
698,2,1873,7437,11,5,5,84136,73230,14.89,6631.15,13,730,3,0
405,1,929,6140,3,5,5,48831,73230,-33.32,4981.31,10,30,60,0
25,2,940,2298,9,5,1,20086,15324,31.08,1004.92,4,15,45,0
845,1,1299,6921,6,4,1,17817,15324,16.27,1521.8,8,180,30,0
750,2,2198,7337,11,2,5,99427,73230,35.77,10930.53,8,15,14,1
992,3,2411,9750,3,2,5,53471,73230,-26.98,4868.83,14,90,7,0
418,2,1820,76,2,2,3,94594,87105,8.6,2591.15,4,30,14,1
123,3,1600,7846,1,4,1,7024,15324,-54.16,601.45,5,60,14,1
573,2,1880,9157,9,5,1,20271,15324,32.28,2249.74,4,15,90,0
592,1,511,2979,6,5,2,63695,47784,33.3,5605.19,3,15,45,1
216,1,1845,1665,9,5,1,8422,15324,-45.04,848.46,4,0,90,1
888,2,1911,4485,7,5,1,21538,15324,40.55,2443.35,14,7,7,1
886,2,2283,8169,6,3,3,52537,87105,-39.69,6086.71,8,90,14,1
502,1,1975,551,5,5,1,24133,15324,57.48,2471.57,13,365,7,1
958,1,2443,5117,6,2,2,45933,47784,-3.87,4960.79,7,15,45,1
265,2,634,2161,9,4,1,5435,15324,-64.53,111.45,7,15,7,0
727,1,693,3828,2,2,2,56072,47784,17.34,4348.91,8,15,14,0
660,3,2448,3564,1,3,5,23879,73230,-67.39,2307.46,12,90,7,0
498,1,2961,6382,4,3,2,68450,47784,43.25,3656.1,11,0,45,0
908,3,2792,7506,6,4,1,20162,15324,31.57,338.58,5,0,60,0
850,2,720,1974,5,4,2,57131,47784,19.56,3823.33,2,30,30,0
434,3,2498,253,1,2,2,67002,47784,40.22,3476.61,14,730,90,1
280,3,644,5612,4,3,5,106560,73230,45.51,11405.94,10,180,45,1
293,1,785,2379,10,5,1,6384,15324,-58.34,313.68,6,180,7,1
66,1,1037,2287,1,2,2,57199,47784,19.7,6664.42,13,90,3,1
831,2,836,2712,11,2,3,64879,87105,-25.52,750.43,5,730,7,1
995,1,692,6936,8,4,2,28851,47784,-39.62,1283.93,7,60,14,0
270,1,1984,7443,10,2,4,121253,84751,43.07,3865.03,11,0,30,1
368,1,923,6510,10,4,4,55207,84751,-34.86,5455.43,2,0,45,0
981,2,790,7114,6,4,5,57655,73230,-21.27,5122.54,4,15,3,1
894,2,1847,785,2,4,1,17395,15324,13.51,825.47,9,90,60,1
235,2,2214,3829,9,4,5,29347,73230,-59.92,3375.55,3,0,3,0
838,3,2079,4875,5,5,1,24890,15324,62.42,1558.37,14,365,45,0
708,3,2043,1955,3,4,5,85534,73230,16.8,315.01,8,7,45,1
136,2,2784,1906,10,3,1,5646,15324,-63.16,288.94,4,365,45,1
566,2,2242,8080,11,2,3,57680,87105,-33.78,1850.28,14,365,7,0
969,3,735,9646,12,4,2,64575,47784,35.14,1764.57,8,60,45,1
982,3,1407,1409,10,3,4,82054,84751,-3.18,7954.27,6,730,90,1
19,1,286,7548,9,4,3,85435,87105,-1.92,7537.63,9,180,7,1
428,1,1109,695,12,5,4,113331,84751,33.72,2846.97,8,90,3,0
717,3,1031,7879,9,4,3,79480,87105,-8.75,5269.24,5,60,7,0
208,3,1857,6768,11,3,3,76349,87105,-12.35,8006.08,3,30,7,0
498,3,301,1493,5,2,3,104106,87105,19.52,6122.63,11,7,30,0
97,3,2155,4538,9,3,3,120866,87105,38.76,4256.2,9,7,60,0
100,1,2073,4459,1,5,4,95803,84751,13.04,9531.95,14,60,14,1
892,1,2545,6253,6,2,1,15434,15324,0.72,1802.58,12,30,60,0
264,3,1588,6839,7,5,4,28475,84751,-66.4,1323.04,13,180,45,0
69,1,2673,1674,10,3,4,29982,84751,-64.62,3052.36,4,730,60,1
133,1,249,8928,1,3,4,30040,84751,-64.55,383.94,3,90,90,0
213,3,2136,7186,11,4,4,31706,84751,-62.59,419.5,14,30,90,0
804,2,1123,6307,11,5,1,9183,15324,-40.07,325.26,4,15,45,0
386,1,537,554,8,3,3,138045,87105,58.48,12724.19,4,15,3,0
676,3,1646,4874,11,2,1,11819,15324,-22.87,444.61,12,60,60,1
823,2,1037,5962,4,5,2,16068,47784,-66.37,1790.93,13,7,14,0
324,1,1867,214,5,3,5,94166,73230,28.59,4716.09,12,90,90,1
161,2,1588,8095,5,2,4,27781,84751,-67.22,716.06,9,60,14,1
265,1,48,2318,6,5,4,60935,84751,-28.1,6937.65,7,7,60,0
923,3,1617,6891,10,3,1,5113,15324,-66.63,598.91,5,365,7,1
841,3,1529,9693,2,5,5,116885,73230,59.61,3626.72,14,90,30,1
928,3,2968,6114,9,4,2,69140,47784,44.69,3288.44,8,7,45,0
253,3,2709,2886,2,3,3,32066,87105,-63.19,2305.2,4,180,60,1
703,3,2799,894,3,3,1,14285,15324,-6.78,1223.39,10,7,3,1
696,2,2363,2766,6,3,1,25326,15324,65.27,2978.48,14,730,14,1
405,3,1724,6740,10,2,1,11917,15324,-22.23,988.23,4,365,45,1
360,3,2716,6061,4,2,5,76382,73230,4.3,1154.03,13,365,14,1
13,3,829,1171,1,3,1,21774,15324,42.09,1603.96,8,180,3,0
838,3,299,434,6,4,3,98962,87105,13.61,9505.1,11,60,45,1
376,2,438,6828,5,4,5,70087,73230,-4.29,294.07,3,15,45,1
702,1,957,2567,5,4,2,71999,47784,50.68,7380.08,5,180,3,1
639,3,2541,7047,3,3,1,19522,15324,27.39,736.76,2,60,30,0
484,3,633,5568,11,4,4,119600,84751,41.12,13408.1,9,730,3,0
511,1,2474,582,8,2,1,24234,15324,58.14,967.58,8,7,90,0
6,3,567,9479,3,2,3,100790,87105,15.71,9132.22,5,30,7,1
151,3,931,8117,7,2,2,16950,47784,-64.53,717.79,9,365,14,1
769,3,319,5774,5,2,1,23595,15324,53.97,1785.53,7,365,3,1
146,1,1526,3996,3,2,5,116683,73230,59.34,1610.05,7,365,90,0
524,1,1985,1319,7,2,3,127308,87105,46.15,9236.47,14,90,7,1
738,1,178,2334,1,4,2,51885,47784,8.58,1538.29,14,180,90,1
789,1,1827,6135,4,2,4,33758,84751,-60.17,1152.62,14,180,60,0
680,3,236,5452,6,2,3,65298,87105,-25.04,1108.93,11,60,7,0
721,2,1643,9822,6,5,4,40149,84751,-52.63,3298.86,5,90,60,1
515,2,1816,3300,7,4,2,63390,47784,32.66,3985.84,4,730,14,0
915,3,805,7640,8,2,3,136338,87105,56.52,4804.18,8,90,7,1
349,3,1879,2793,11,3,2,39561,47784,-17.21,4230.42,3,365,30,0
659,2,1136,714,9,4,5,91933,73230,25.54,9837.74,12,0,7,1
600,1,85,1647,5,3,1,14913,15324,-2.68,34.11,11,0,7,0
711,3,1583,5070,2,3,1,12374,15324,-19.25,304.63,13,0,60,1
813,3,1296,8355,2,4,3,74170,87105,-14.85,4126.16,14,730,30,1
515,2,766,7747,11,5,4,51319,84751,-39.45,804.82,12,7,60,1
327,3,1240,6803,3,2,3,139816,87105,60.51,9909.84,14,730,3,1
770,2,573,9962,7,5,2,57714,47784,20.78,5462.62,14,60,7,1
258,1,568,9722,12,3,4,77824,84751,-8.17,5595.23,4,7,30,0
952,2,2337,7267,8,4,2,51984,47784,8.79,1901.0,13,365,60,1
255,2,2788,8882,7,3,1,5678,15324,-62.95,610.84,7,60,90,0
691,3,1374,530,9,3,5,105317,73230,43.82,5524.43,3,730,7,1
925,2,1372,1561,11,2,4,80267,84751,-5.29,1894.07,5,7,3,1
201,3,1573,9049,6,4,5,27352,73230,-62.65,349.45,11,60,3,0
970,2,1053,4179,3,3,5,83968,73230,14.66,3264.77,14,7,7,1
239,3,2922,2445,11,5,4,96960,84751,14.41,8343.39,7,730,30,1
122,3,1930,8289,12,5,4,120200,84751,41.83,2989.06,6,30,90,0
384,3,415,1731,7,2,4,87208,84751,2.9,4100.04,14,15,45,1
317,2,146,2262,1,2,3,111808,87105,28.36,6278.44,8,7,30,0
674,1,1765,8714,1,5,3,133321,87105,53.06,9974.31,13,365,14,0
825,2,368,5798,9,2,2,50446,47784,5.57,2259.58,7,730,45,0
796,3,2104,8046,4,3,4,44692,84751,-47.27,1505.84,4,730,14,0
580,2,1766,4943,8,2,1,12064,15324,-21.27,974.57,9,365,3,1
858,3,2935,1997,8,5,2,68407,47784,43.16,6310.1,3,30,90,0
612,3,2950,1035,3,4,4,80448,84751,-5.08,2594.94,6,90,90,1
472,3,2556,2665,11,5,4,67948,84751,-19.83,6062.79,9,7,7,1
682,1,205,1022,7,4,1,11962,15324,-21.94,408.43,14,15,60,1
142,3,532,6839,1,3,3,26581,87105,-69.48,1758.56,6,365,30,0
837,3,1243,1982,6,4,2,58483,47784,22.39,4876.84,14,365,14,1
957,1,1852,5946,9,3,2,75823,47784,58.68,4490.08,3,365,90,1
202,2,1337,1876,4,2,5,35489,73230,-51.54,1694.41,5,30,14,1
96,3,375,7743,11,2,2,64377,47784,34.73,6033.17,4,365,90,0
670,3,2537,5885,4,2,5,33903,73230,-53.7,2097.58,8,730,14,1
132,2,1768,4165,2,5,1,19537,15324,27.49,1023.18,9,0,30,1
620,1,46,9904,1,2,4,125070,84751,47.57,1561.97,4,90,45,1
40,3,2867,3327,12,4,1,11474,15324,-25.12,888.07,2,7,7,0
943,1,621,5860,2,3,3,127984,87105,46.93,2017.65,8,30,30,0
371,3,135,7279,4,3,5,21748,73230,-70.3,732.67,5,0,7,1
33,3,952,2750,2,3,5,113876,73230,55.5,4712.78,12,0,7,0
97,1,2125,6390,11,4,2,71595,47784,49.83,7696.34,2,15,90,0
412,1,552,308,10,4,3,56315,87105,-35.35,3757.35,14,730,60,1
890,3,282,2643,2,5,1,13399,15324,-12.56,71.11,9,730,3,1
293,1,1847,8151,11,5,4,86293,84751,1.82,6415.17,12,7,3,1
303,1,1396,7472,1,5,4,140190,84751,65.41,4677.28,2,15,3,1
231,1,421,9878,7,3,5,119429,73230,63.09,12418.53,5,60,3,1
841,1,1308,3084,6,5,3,91950,87105,5.56,2946.04,12,0,90,0
801,2,46,7274,11,4,4,69709,84751,-17.75,4823.43,6,730,14,1
554,2,1832,6114,1,3,4,67447,84751,-20.42,5685.93,13,60,60,1
57,2,2365,4379,1,5,4,121401,84751,43.24,8381.75,5,365,45,1
224,2,1547,8373,9,3,4,125424,84751,47.99,13511.41,4,15,45,0
858,3,1956,834,1,3,5,98679,73230,34.75,7491.79,11,180,30,0
171,1,2827,1067,4,2,2,80322,47784,68.09,2426.51,8,60,30,0
107,3,2243,1164,6,5,5,40701,73230,-44.42,3282.0,5,60,60,1
902,2,1783,8426,12,2,2,63183,47784,32.23,4022.62,12,60,14,0
914,1,2063,4161,7,4,2,51036,47784,6.81,2259.45,4,15,45,0
492,1,1513,3976,10,3,4,68847,84751,-18.77,5459.54,11,15,14,0
356,3,2041,974,6,2,2,50194,47784,5.04,5753.02,8,30,14,0
557,2,975,7078,6,5,3,124059,87105,42.42,14782.32,4,7,7,1
357,1,605,659,5,5,1,24186,15324,57.83,2671.52,13,365,14,0
217,1,632,6749,11,3,1,24186,15324,57.83,677.66,12,90,7,0
224,3,2225,6303,10,4,2,76676,47784,60.46,7618.3,8,0,90,1
495,3,1851,1936,11,3,1,10388,15324,-32.21,241.48,14,15,60,1
616,1,1986,3659,8,3,5,107460,73230,46.74,5404.94,7,60,60,1
446,3,1026,510,3,2,4,71224,84751,-15.96,3913.72,11,0,30,1
526,3,2519,9910,1,2,1,23344,15324,52.34,459.81,8,15,14,1
799,2,2654,9151,4,5,2,62630,47784,31.07,2397.96,7,365,14,1
84,3,2255,9133,8,2,5,53729,73230,-26.63,2408.14,7,15,90,1
649,3,1553,7481,8,4,1,7180,15324,-53.15,200.47,10,90,90,1
98,2,1589,9256,2,3,3,109553,87105,25.77,9118.31,10,365,30,0
639,2,442,837,11,5,2,61577,47784,28.87,5912.93,7,90,3,0
631,1,113,6039,3,3,4,39600,84751,-53.27,4168.04,5,0,3,0
332,1,1392,1580,9,5,1,21421,15324,39.79,1502.97,8,30,3,0
177,1,1636,3517,8,3,2,79120,47784,65.58,7411.22,10,15,90,0
334,1,1547,8051,11,3,5,87811,73230,19.91,7350.09,5,365,60,0
195,2,1327,3350,10,2,4,133409,84751,57.41,5939.28,6,180,14,1
103,2,1782,6210,10,3,2,17128,47784,-64.16,1741.74,4,0,7,0
1,2,409,2558,5,5,2,59328,47784,24.16,5012.46,6,0,7,0
19,1,1530,3834,1,3,4,73666,84751,-13.08,5099.94,2,60,14,1
350,1,349,6045,3,4,2,45548,47784,-4.68,178.65,6,90,60,1
178,1,135,4111,5,4,5,71922,73230,-1.79,4055.76,9,90,90,0
608,2,2296,2297,4,4,3,96389,87105,10.66,1824.47,5,730,60,0
951,2,552,9034,9,3,4,113556,84751,33.99,5501.27,9,180,90,0
359,1,119,4225,4,3,1,17361,15324,13.29,1896.1,13,15,60,1
578,1,610,4437,5,4,1,13912,15324,-9.21,1003.69,2,30,45,1
429,2,368,815,5,4,3,79840,87105,-8.34,1283.35,6,60,3,0
350,1,624,9199,10,4,5,68402,73230,-6.59,2176.31,11,60,14,1
424,1,1819,6071,3,5,2,73471,47784,53.76,8760.37,11,30,30,0
621,3,2423,7107,4,3,5,46077,73230,-37.08,4423.95,3,60,7,0
121,3,522,3985,12,5,5,68562,73230,-6.37,151.93,14,15,14,0
152,2,355,1755,9,4,2,69606,47784,45.67,503.56,10,90,3,1
793,1,1065,8925,5,4,2,78867,47784,65.05,529.75,11,730,7,0
282,3,711,2751,7,5,5,46086,73230,-37.07,4311.13,3,60,60,0
897,2,1431,9481,9,5,3,70421,87105,-19.15,6599.76,2,60,3,0
969,3,2403,3789,8,4,4,93746,84751,10.61,7423.85,13,0,90,1
67,1,1318,9608,7,4,2,37496,47784,-21.53,4091.83,12,180,3,1
887,3,929,680,6,5,5,90137,73230,23.09,3656.87,2,90,45,0
185,1,1961,5014,12,5,1,8310,15324,-45.77,710.05,8,60,14,1
584,3,1598,5431,8,4,1,8544,15324,-44.24,700.5,14,730,7,1
972,1,748,7296,1,4,2,23558,47784,-50.7,1923.96,14,0,7,1
438,3,1539,2395,4,5,1,5585,15324,-63.55,5.28,12,180,30,1
273,2,2677,3083,11,3,3,118755,87105,36.34,3325.81,3,365,60,0
47,2,792,8208,6,2,5,93602,73230,27.82,9369.49,5,180,14,0
206,1,1271,9783,9,3,2,80550,47784,68.57,9277.31,14,90,90,1
719,3,2759,3549,4,4,5,51915,73230,-29.11,268.47,11,365,7,0
386,1,2525,6639,9,4,5,106918,73230,46.0,7987.87,14,730,45,0
818,1,53,1646,4,3,4,59453,84751,-29.85,4138.69,8,15,45,0
59,3,878,6039,11,4,3,45976,87105,-47.22,3010.36,12,7,45,0
452,3,184,6814,3,5,5,21790,73230,-70.24,1444.85,7,365,60,1
613,1,1399,352,12,2,3,76158,87105,-12.57,3858.66,10,7,14,1
876,1,1739,1725,7,4,4,46673,84751,-44.93,3380.62,6,15,30,1
214,1,2397,7278,8,5,5,25688,73230,-64.92,2329.39,2,30,7,1
145,2,323,8425,10,5,4,27392,84751,-67.68,3067.7,2,0,3,0
238,3,2518,9429,2,5,5,108118,73230,47.64,11293.16,5,15,14,0
836,2,1493,2120,7,3,2,56720,47784,18.7,1400.31,14,90,7,1
25,3,50,7839,1,2,2,30498,47784,-36.18,2702.61,14,365,14,0
525,3,1104,3047,1,2,2,62152,47784,30.07,3301.33,12,30,45,1
154,1,2535,4586,12,2,4,93128,84751,9.88,9864.55,13,180,30,0
960,3,2756,8015,8,4,3,36419,87105,-58.19,3844.55,2,365,90,1
983,3,770,7984,7,3,5,67477,73230,-7.86,6750.31,8,180,3,0
976,1,213,114,10,5,1,14049,15324,-8.32,735.43,4,60,60,0
742,2,2963,5915,8,5,1,7552,15324,-50.72,790.06,10,15,7,0
644,1,1177,2110,12,3,1,22186,15324,44.78,1326.19,2,15,30,1
104,2,1723,8571,10,3,5,75270,73230,2.79,1393.01,10,15,60,1
20,1,2321,4610,7,3,2,14577,47784,-69.49,1227.66,11,90,45,0
606,2,578,6631,1,2,2,32056,47784,-32.91,3012.53,10,7,90,1
2,1,956,2318,12,2,1,25267,15324,64.89,411.68,4,180,90,1
990,1,2825,5464,8,5,1,9417,15324,-38.55,1064.95,2,7,60,0
315,3,2303,3571,10,4,2,65297,47784,36.65,3376.74,6,365,30,0
274,2,2099,2054,5,5,2,36225,47784,-24.19,391.0,7,30,60,0
687,2,597,6852,9,3,2,53484,47784,11.93,1074.29,3,365,7,0
783,3,1014,1786,4,4,4,35455,84751,-58.17,1668.49,10,30,90,1
228,2,2430,2376,4,5,1,13269,15324,-13.41,545.82,12,90,30,1
168,2,230,3504,4,4,3,103357,87105,18.66,214.41,7,180,14,0
707,1,540,4945,7,5,2,18573,47784,-61.13,1008.74,3,180,14,1
993,2,2351,6223,11,2,2,63700,47784,33.31,5482.8,6,7,7,0
643,3,1113,7711,6,5,4,77353,84751,-8.73,4323.5,6,365,30,1
313,3,1423,4613,9,4,3,96574,87105,10.87,756.8,6,30,7,1
209,1,1200,4923,10,5,1,13276,15324,-13.36,1494.49,11,0,45,0
392,1,2392,2287,9,4,1,17812,15324,16.24,968.75,14,730,7,0
904,1,2083,7356,6,2,1,25183,15324,64.34,2275.05,11,730,3,0
5,3,2507,466,9,3,1,12909,15324,-15.76,1076.67,3,15,3,1
380,1,2463,2468,4,2,2,47531,47784,-0.53,5103.91,8,15,7,0
206,1,1242,9969,2,4,3,95693,87105,9.86,2530.6,10,7,14,1
583,1,2434,6493,2,2,5,22695,73230,-69.01,1295.48,9,15,7,1
742,3,2049,2356,10,4,4,78331,84751,-7.58,746.63,8,365,14,0
843,3,1275,3746,10,2,3,121851,87105,39.89,7998.74,12,730,14,1
466,3,1781,6121,1,2,2,79223,47784,65.79,921.83,12,15,45,1
948,2,2387,9045,6,2,1,18505,15324,20.76,1185.58,11,365,14,1
974,2,270,3975,9,4,4,31099,84751,-63.31,2179.49,5,60,14,0
987,1,2245,9349,4,5,2,70689,47784,47.93,4927.55,12,180,60,1
818,2,2701,1317,2,3,2,74190,47784,55.26,4880.56,14,180,14,1
474,3,752,8277,3,2,2,27754,47784,-41.92,375.32,8,7,60,0
410,2,2947,3726,6,4,1,7792,15324,-49.15,206.75,5,730,45,0
269,2,2041,5898,10,2,4,106477,84751,25.64,8128.3,8,60,90,1
251,3,1874,1750,11,4,3,143390,87105,64.62,1884.75,2,365,14,0
106,2,2153,5523,2,3,1,16877,15324,10.13,1398.94,13,15,14,0
859,1,2882,5673,5,3,1,11173,15324,-27.09,14.18,2,7,3,1
344,2,2815,8366,12,3,2,79799,47784,67.0,9452.21,5,90,90,1
28,2,637,7263,12,2,5,33822,73230,-53.81,3492.28,7,7,45,0
761,2,2768,5019,6,4,4,24665,84751,-70.9,1687.05,7,730,45,1
834,3,1803,6590,11,4,3,41672,87105,-52.16,2961.76,14,365,45,0
693,3,525,512,6,5,1,7666,15324,-49.97,211.45,2,365,14,0
255,1,1869,1927,8,3,2,34303,47784,-28.21,821.8,9,180,30,0
306,2,1120,2968,12,3,4,137007,84751,61.66,1430.12,12,7,60,1
668,3,484,4519,11,5,2,77444,47784,62.07,6364.49,2,180,3,1
226,1,1143,3464,12,5,2,36627,47784,-23.35,2199.66,14,730,30,0
568,1,2575,4871,4,2,1,22880,15324,49.31,153.55,10,90,60,0
838,2,192,5841,10,2,5,81221,73230,10.91,7020.06,13,365,45,0
257,1,1823,510,3,4,2,41970,47784,-12.17,4159.67,4,180,45,1
192,1,1967,5732,7,4,1,5000,15324,-67.37,416.28,3,60,30,1
598,2,212,5288,1,4,4,123006,84751,45.14,2394.16,2,365,45,1
810,1,877,5369,10,4,2,80583,47784,68.64,3263.78,6,365,60,0
326,1,1288,3074,9,5,4,136994,84751,61.64,11825.07,14,365,60,0
325,1,997,3253,11,2,5,115286,73230,57.43,11294.64,13,180,30,1
716,2,1535,5543,9,3,5,53757,73230,-26.59,4630.97,2,7,30,0
725,3,1357,2631,2,5,5,80371,73230,9.75,8511.48,12,365,90,0
976,2,1274,8456,2,5,4,137965,84751,62.79,14967.07,9,90,90,1
226,2,252,1709,3,3,4,53834,84751,-36.48,3515.7,8,30,60,0
573,2,1303,8644,1,4,5,76524,73230,4.5,3791.25,9,365,3,0
738,2,232,3815,4,5,3,120301,87105,38.11,14142.31,6,730,14,1
295,2,2632,7324,6,2,2,23566,47784,-50.68,1292.15,14,30,3,0
239,3,2855,9968,8,3,3,46397,87105,-46.73,2987.49,6,730,30,1
602,2,1574,6440,8,3,1,14470,15324,-5.57,1109.41,7,730,60,1
569,2,2054,2166,4,3,5,47521,73230,-35.11,4220.72,3,0,60,0
231,1,2034,3013,9,2,2,75555,47784,58.12,4353.56,11,60,90,0
178,3,2675,5939,12,5,4,56244,84751,-33.64,3197.82,14,15,30,1
952,1,196,9729,10,4,4,72248,84751,-14.75,4787.54,14,30,14,0
652,3,1480,7608,4,5,5,24326,73230,-66.78,2380.77,5,730,30,1
514,2,1151,6810,9,2,3,55145,87105,-36.69,5049.18,10,15,7,0
702,2,2943,9696,11,4,3,108147,87105,24.16,4226.56,11,30,45,1
538,1,2910,7043,7,4,4,37384,84751,-55.89,4260.64,12,60,30,1
364,1,1534,6538,12,2,3,101334,87105,16.34,8212.99,13,730,90,0
433,3,2991,1855,2,4,4,70420,84751,-16.91,2778.48,12,90,30,0
603,1,2411,9752,9,3,4,117011,84751,38.06,2759.61,6,730,3,0
538,2,2075,4223,1,5,5,121641,73230,66.11,6398.43,2,15,3,0
244,1,2036,9377,6,4,5,46032,73230,-37.14,5501.56,13,90,45,1
768,2,88,4377,4,3,1,14883,15324,-2.88,195.35,12,365,60,1
617,2,1988,7718,8,2,4,74497,84751,-12.1,6780.02,5,30,90,1
871,2,2916,2540,4,2,1,11898,15324,-22.36,109.45,6,730,90,1
755,3,1820,6262,3,4,4,107536,84751,26.88,9383.76,8,365,90,0
749,1,307,2313,8,4,4,30477,84751,-64.04,3605.16,8,60,3,0
8,1,1345,7647,9,5,2,55167,47784,15.45,2900.3,4,365,45,0
879,1,94,1490,2,5,1,5000,15324,-67.37,556.33,9,180,60,1
779,3,2203,5727,11,2,5,91743,73230,25.28,5502.9,13,180,30,1
561,1,896,6751,4,5,5,48017,73230,-34.43,22.53,14,30,3,0
805,3,2174,4030,9,5,4,82840,84751,-2.25,991.33,12,365,3,0
944,1,991,3578,2,3,2,21016,47784,-56.02,2411.14,14,60,45,0
494,3,1680,8759,12,3,3,99647,87105,14.4,9220.5,9,730,60,1
122,2,1726,4616,5,2,3,64131,87105,-26.38,1899.16,7,90,60,0
458,3,2238,3802,7,2,2,74779,47784,56.49,871.05,2,15,30,1
885,2,938,5599,11,2,2,77325,47784,61.82,1482.98,12,0,14,0
112,1,2325,4114,2,5,1,11155,15324,-27.21,1094.23,13,730,3,1
286,3,922,9388,11,4,5,119406,73230,63.06,6213.66,2,15,45,1
389,1,559,1133,4,4,1,24323,15324,58.72,1539.0,12,730,3,1
591,3,2492,8886,12,5,3,60094,87105,-31.01,4391.19,14,60,30,1
841,3,1510,8343,5,3,1,16799,15324,9.63,668.71,14,90,3,0
170,3,1925,7751,5,5,4,50721,84751,-40.15,2923.87,4,15,30,0
981,3,1217,2948,5,3,2,54920,47784,14.93,3948.41,10,60,14,1
787,2,2462,3579,1,4,2,23604,47784,-50.6,780.26,7,0,60,0
904,1,1471,7999,7,4,3,125609,87105,44.2,1421.29,13,0,45,0
724,3,2741,2987,10,4,2,45988,47784,-3.76,4131.85,11,30,7,0
241,1,1027,4539,9,4,5,85211,73230,16.36,9192.94,13,180,7,1
984,2,1108,6813,2,3,3,77054,87105,-11.54,346.14,9,730,45,0
505,3,131,2744,6,4,3,131214,87105,50.64,5143.59,4,7,90,0
219,1,2737,3604,2,4,4,121818,84751,43.74,8966.54,11,0,90,0
91,1,827,8757,7,4,2,62917,47784,31.67,4795.82,4,15,90,0
792,2,644,9609,2,5,4,131083,84751,54.67,12749.98,3,180,90,0
191,1,1181,5234,11,2,2,57055,47784,19.4,2218.4,14,0,45,0
183,2,2590,408,9,5,3,80738,87105,-7.31,5002.59,12,90,45,0
633,2,1416,8395,6,2,3,141522,87105,62.47,9572.7,4,0,30,1
996,2,2695,1673,3,4,2,61368,47784,28.43,3647.47,13,15,30,1
648,1,599,4594,8,3,3,44504,87105,-48.91,3726.66,3,180,14,1
760,3,2842,328,9,5,2,39265,47784,-17.83,2310.97,9,7,14,1
586,2,2151,3591,8,4,4,68877,84751,-18.73,3146.15,11,7,14,0
685,3,1314,2871,10,5,2,20782,47784,-56.51,869.52,5,7,30,0
619,2,1483,7533,10,3,1,23026,15324,50.26,626.45,12,0,60,1
579,1,1536,1912,4,2,2,22910,47784,-52.06,2690.91,11,0,30,1
105,3,1694,4330,7,2,4,37314,84751,-55.97,2744.26,8,0,14,0
834,3,1661,5670,6,5,4,30777,84751,-63.69,2808.62,13,60,90,0
528,1,206,505,12,3,4,71792,84751,-15.29,917.71,2,365,90,1
735,3,1659,8160,1,5,1,18446,15324,20.37,18.45,8,60,60,1
905,2,1801,1556,4,5,2,32964,47784,-31.01,1320.22,3,7,45,0
54,3,1844,9404,1,4,4,140627,84751,65.93,10168.36,12,90,14,1
669,1,1117,3646,11,5,4,27366,84751,-67.71,2368.7,7,7,7,0
638,2,1968,1022,8,2,5,28677,73230,-60.84,3132.27,5,180,14,0
232,3,1135,5883,7,4,4,56874,84751,-32.89,5826.21,13,15,90,1
606,2,2703,4029,11,2,3,51832,87105,-40.49,1033.89,11,0,3,0
671,2,2341,6639,4,3,3,39311,87105,-54.87,149.57,9,15,7,0
22,2,1159,9669,10,2,5,22927,73230,-68.69,2143.67,7,15,14,0
762,2,2914,7025,9,3,2,30477,47784,-36.22,3037.81,12,7,30,1
593,1,2322,3741,10,5,3,128446,87105,47.46,13420.79,13,7,7,1
580,2,609,3632,2,3,2,71396,47784,49.41,2386.17,4,30,30,1
883,1,1232,5933,11,4,1,5939,15324,-61.24,31.84,9,60,45,1
89,2,974,3684,1,3,1,6541,15324,-57.32,455.29,4,0,7,1
70,1,1471,1159,4,4,1,13721,15324,-10.46,889.03,5,180,30,1
631,1,323,4584,7,3,2,77948,47784,63.13,4533.75,7,730,7,0
190,1,2889,9309,10,5,3,125821,87105,44.45,11579.35,10,365,7,1
954,1,2781,5700,8,3,1,21527,15324,40.48,2226.79,7,7,7,0
539,3,1484,2805,3,5,1,7134,15324,-53.45,80.11,6,15,90,0
196,2,1366,1931,7,2,1,20014,15324,30.61,1700.78,14,730,30,0
935,2,2648,9193,4,4,2,50979,47784,6.69,2256.26,7,180,45,0
329,2,1221,3458,2,3,3,56715,87105,-34.89,2091.44,8,60,45,1
288,3,2211,2220,2,2,5,27466,73230,-62.49,1041.79,3,60,14,0
582,2,1087,1148,1,4,4,76173,84751,-10.12,4951.57,8,0,7,0
654,1,2014,1111,1,4,3,55181,87105,-36.65,5626.51,7,15,3,1
266,1,609,6824,6,5,5,34519,73230,-52.86,4092.78,9,7,45,0
486,3,227,9940,7,4,3,126785,87105,45.55,12487.22,14,0,7,1
519,1,582,4060,2,2,4,102869,84751,21.38,5301.18,6,730,7,0
986,2,642,877,4,5,4,104529,84751,23.34,3976.6,6,7,3,0
788,3,2053,740,1,4,5,85627,73230,16.93,8548.19,9,7,60,0
436,3,1886,9040,5,2,1,19059,15324,24.37,892.12,6,15,45,1
74,3,2875,7689,10,4,2,24695,47784,-48.32,2016.29,12,30,90,0
182,2,512,8954,4,3,1,21836,15324,42.5,1548.53,14,180,45,1
492,3,1037,6694,5,3,3,72379,87105,-16.91,38.32,2,30,7,1
341,3,2529,7711,11,3,5,48535,73230,-33.72,825.11,14,7,45,1
995,3,2413,6669,10,3,1,15087,15324,-1.55,430.24,9,60,7,1
743,2,1238,7908,5,3,5,108584,73230,48.28,10459.26,2,365,90,0
151,2,672,3508,9,5,4,110957,84751,30.92,151.89,8,180,60,0
58,2,1774,9137,11,5,1,6442,15324,-57.96,545.94,12,90,3,1
679,2,2625,4913,7,3,3,56493,87105,-35.14,5326.08,2,180,60,1
285,1,2258,7083,6,3,5,28664,73230,-60.86,1157.65,3,7,3,0
322,1,2400,1687,4,3,4,46204,84751,-45.48,520.12,4,0,14,1
779,1,2581,6374,7,3,3,88550,87105,1.66,4869.7,2,7,60,0
982,3,1736,4274,11,5,3,98428,87105,13.0,9312.81,10,15,7,0
34,1,2594,8771,7,2,4,36748,84751,-56.64,1525.43,6,60,30,0
996,3,344,7477,1,5,3,81689,87105,-6.22,9511.35,2,0,7,1
726,3,2239,6894,6,3,4,131977,84751,55.72,15106.48,13,180,3,0
548,3,1757,5389,7,4,4,51279,84751,-39.49,2469.61,3,60,60,1
812,2,1935,1277,2,3,5,39612,73230,-45.91,3686.74,8,0,3,0
846,2,2440,4849,8,2,1,25039,15324,63.4,516.12,14,730,3,0
728,1,2186,9465,9,4,5,62158,73230,-15.12,5885.37,4,365,7,1
688,1,383,1672,8,5,3,75504,87105,-13.32,4548.34,2,180,60,1
926,3,1362,6120,10,3,2,45130,47784,-5.55,4927.15,4,365,60,1
767,1,2990,4126,1,2,2,62474,47784,30.74,3412.91,11,730,14,1
149,1,1184,7417,4,5,1,14514,15324,-5.29,926.41,10,60,30,1
891,3,854,2604,9,5,2,37675,47784,-21.16,1753.61,5,730,14,0
516,1,554,466,10,3,4,97341,84751,14.86,8534.81,7,90,3,0
35,1,1940,5747,8,4,4,126456,84751,49.21,8331.26,3,15,30,0
366,1,879,4702,9,5,5,60053,73230,-17.99,2601.11,12,0,7,0
787,2,846,5048,10,3,3,36024,87105,-58.64,2462.88,4,0,90,0
524,3,365,7401,6,2,1,8228,15324,-46.31,369.49,2,30,3,1
408,1,1814,8270,1,2,1,11654,15324,-23.95,44.88,11,0,14,0
129,2,142,5349,9,5,4,26733,84751,-68.46,1165.88,3,0,45,0
68,1,80,7540,10,2,1,14495,15324,-5.41,762.05,10,30,45,1
841,3,793,9691,9,2,2,58650,47784,22.74,1926.92,9,30,90,0
458,1,316,4359,3,5,3,125539,87105,44.12,912.17,10,0,90,0
873,3,2192,6848,11,5,5,42194,73230,-42.38,1307.54,11,15,3,0
798,2,945,3325,9,4,3,106264,87105,22.0,3738.29,14,15,7,1
518,2,2754,1247,12,2,4,126369,84751,49.11,11.77,8,7,14,0
169,1,209,3757,2,5,4,87985,84751,3.82,289.43,4,0,7,0
342,2,895,9226,10,5,4,119923,84751,41.5,9487.3,13,730,30,0
933,2,2409,5888,2,5,5,35446,73230,-51.6,1720.56,6,30,60,1
707,1,1796,779,9,4,3,98811,87105,13.44,4819.25,12,0,90,1
505,1,2147,6068,6,4,4,44902,84751,-47.02,1831.26,12,30,45,1
224,1,938,6944,4,4,3,42908,87105,-50.74,3336.25,2,15,14,0
268,2,1777,5269,6,3,2,41765,47784,-12.6,2762.64,11,30,30,0
18,1,703,8782,10,2,2,60809,47784,27.26,2052.19,5,7,60,0
821,1,1153,2926,7,4,5,89212,73230,21.82,977.87,6,0,7,0
597,1,2342,1117,7,4,2,44956,47784,-5.92,4598.43,4,730,3,1
694,2,2187,1078,5,2,1,18530,15324,20.92,391.32,2,365,90,0
145,3,2282,2350,5,2,5,41232,73230,-43.7,972.81,10,730,45,0
194,1,2610,7325,7,5,4,77049,84751,-9.09,4644.46,8,0,45,1
254,2,2956,3519,9,3,5,73613,73230,0.52,4338.02,13,0,30,1
352,2,505,5569,11,3,2,35504,47784,-25.7,2723.79,8,15,45,1
382,1,890,2610,2,5,3,145406,87105,66.93,16987.28,4,30,14,1
3,2,1062,2074,12,5,3,121603,87105,39.61,9965.86,2,30,90,1
540,2,1484,8919,7,4,2,45406,47784,-4.98,4612.54,5,90,45,1
593,1,2443,6978,9,4,5,96388,73230,31.62,11425.29,12,7,14,1
867,3,2706,644,7,4,1,9282,15324,-39.43,881.29,4,60,14,1
516,1,1178,4720,6,3,5,115708,73230,58.01,4810.33,13,730,7,1
697,2,2163,7572,1,2,2,75905,47784,58.85,6352.17,10,90,30,1
769,3,836,710,3,2,3,47843,87105,-45.07,2739.76,6,0,3,0
820,3,356,6368,9,2,4,124600,84751,47.02,11460.7,11,60,7,0
880,1,890,244,8,2,4,92874,84751,9.58,3295.74,3,90,3,1
898,3,2273,6919,6,3,3,40817,87105,-53.14,2270.78,2,0,45,1
856,2,1612,108,1,3,1,6656,15324,-56.56,184.52,8,30,7,0
675,3,2328,2696,5,5,2,56963,47784,19.21,2921.05,14,365,90,0
866,2,1412,7375,9,4,4,101613,84751,19.9,5760.2,6,0,30,1
134,2,384,6326,7,3,4,102550,84751,21.0,6019.35,14,30,14,0
786,1,2260,5730,1,4,2,66264,47784,38.67,4550.55,5,30,90,0
413,3,2667,2794,10,3,1,6306,15324,-58.85,238.22,14,15,30,0
718,3,2828,2085,12,3,3,64084,87105,-26.43,7152.86,11,7,7,1
60,3,1927,2049,10,2,4,122236,84751,44.23,4894.0,5,365,60,0
519,1,325,9783,10,5,5,82075,73230,12.08,5447.22,10,180,60,1
685,3,181,8893,6,4,3,72940,87105,-16.26,8419.74,12,15,90,0
558,3,1426,9524,6,4,5,88643,73230,21.05,931.11,6,15,3,0
465,2,1400,6919,8,3,4,69073,84751,-18.5,6458.65,13,15,7,1
316,3,2169,2336,3,3,4,83097,84751,-1.95,6090.8,8,60,14,0
829,3,1108,4732,6,4,2,40757,47784,-14.71,68.23,14,15,7,0
478,1,1432,2492,1,4,5,114969,73230,57.0,8343.63,5,60,3,1
240,2,1980,5553,10,5,2,71440,47784,49.51,2205.83,5,0,90,0
521,3,594,9847,11,3,3,110506,87105,26.87,7164.8,8,730,14,1
869,1,478,8065,2,2,4,80496,84751,-5.02,6565.63,5,30,14,0
20,3,2734,792,6,4,5,86148,73230,17.64,3244.8,11,730,90,1
326,3,951,6963,8,5,3,63618,87105,-26.96,1715.01,4,365,30,0
143,2,1609,5813,5,4,4,139189,84751,64.23,10822.03,12,60,7,1
672,1,863,1316,11,3,5,96666,73230,32.0,7158.3,6,15,14,0
776,2,2838,1244,8,4,3,58131,87105,-33.26,2406.25,13,90,45,1
651,3,2762,5901,2,5,1,20200,15324,31.82,1444.32,10,60,3,1
148,2,839,2827,12,3,3,98095,87105,12.62,11043.25,8,365,14,1
234,3,447,7323,12,3,5,63575,73230,-13.18,6050.63,12,0,3,1
998,1,1840,7510,10,5,2,18415,47784,-61.46,138.74,7,0,45,1
693,2,2903,1394,11,3,3,47324,87105,-45.67,2534.7,13,30,3,1
785,3,2462,812,5,3,5,95684,73230,30.66,1107.25,2,15,90,0
454,2,243,7978,8,4,3,108092,87105,24.09,4065.91,3,365,60,1
483,2,2512,5528,1,3,2,23458,47784,-50.91,1322.5,2,0,45,0
1000,3,1570,9877,6,5,2,18162,47784,-61.99,496.01,11,365,30,0
399,2,1984,3341,9,3,2,29772,47784,-37.69,1600.5,2,0,90,1
94,3,1326,7181,10,2,1,5850,15324,-61.82,242.35,9,730,45,0
312,1,608,8104,12,4,3,126897,87105,45.68,11030.55,3,60,60,0
23,3,280,3496,6,5,5,96828,73230,32.22,8138.09,6,90,90,1
56,2,1325,1097,3,2,2,15680,47784,-67.19,804.38,8,90,45,0
572,3,1627,4077,1,4,3,35781,87105,-58.92,2829.05,5,0,30,1
766,2,2434,6340,11,4,5,36957,73230,-49.53,4100.66,8,7,90,1
299,3,429,9745,3,5,2,50982,47784,6.69,4307.2,9,30,45,1
182,2,1692,3010,10,3,4,80323,84751,-5.22,4415.98,2,180,3,0
987,3,649,5594,9,2,3,133975,87105,53.81,7429.54,7,730,14,1
706,3,474,7181,7,3,5,88691,73230,21.11,9501.53,3,365,14,0
422,2,410,8043,3,5,3,44179,87105,-49.28,668.28,2,0,3,0
621,2,381,2431,2,2,4,108402,84751,27.91,1863.42,11,0,45,0
883,2,535,3998,2,5,4,76436,84751,-9.81,6208.34,7,30,90,1
542,1,261,182,12,5,3,134061,87105,53.91,3666.2,5,365,14,1
348,1,2603,8994,4,4,4,134545,84751,58.75,1834.91,9,15,90,0
220,2,2609,8026,9,2,1,9623,15324,-37.2,644.92,2,180,7,0
637,3,1694,8680,8,4,5,87742,73230,19.82,7281.29,2,60,3,0
86,2,2249,6119,1,2,3,43729,87105,-49.8,2045.33,6,180,7,0
487,1,230,4611,1,3,4,49555,84751,-41.53,99.17,7,7,90,1
335,3,2306,7620,6,2,3,108028,87105,24.02,7996.31,14,0,60,1
744,1,2344,500,2,5,4,59408,84751,-29.9,5656.58,11,15,14,0
475,2,1777,7475,9,4,2,74136,47784,55.15,2285.12,7,730,14,0
93,2,1596,7714,1,5,3,50525,87105,-42.0,5192.83,4,15,3,0
341,2,2989,5238,11,3,4,105464,84751,24.44,1958.72,10,365,60,0
839,2,478,2235,12,5,4,34529,84751,-59.26,1092.61,14,7,90,0
597,3,2150,840,12,3,3,123664,87105,41.97,3571.94,14,365,60,0
509,2,2231,1268,5,4,4,109674,84751,29.41,8634.64,2,7,60,1
729,3,2824,432,2,2,5,22397,73230,-69.42,290.1,14,15,3,0
64,1,1742,1808,7,3,3,95614,87105,9.77,9329.93,14,730,14,0
501,1,2514,1044,1,2,4,83260,84751,-1.76,9152.99,12,365,7,0
529,1,522,7878,4,3,1,20810,15324,35.8,2312.77,6,90,30,1
254,2,2367,6551,8,2,3,100301,87105,15.15,6795.98,4,60,60,0
534,2,1115,2683,1,4,3,95251,87105,9.35,3298.26,6,730,3,0
317,2,1605,2707,7,5,2,30327,47784,-36.53,1184.51,9,365,3,1
148,3,997,5246,8,2,4,131950,84751,55.69,7867.59,8,730,3,1
847,2,261,9593,10,2,1,16547,15324,7.98,1724.22,12,365,60,0
865,2,2894,9590,7,2,4,90666,84751,6.98,8673.51,4,7,30,1
710,1,1886,7092,8,4,5,37998,73230,-48.11,4352.6,13,30,7,1
252,2,54,5548,1,3,4,137167,84751,61.85,5753.08,2,90,30,1
904,2,2729,9472,8,5,2,31486,47784,-34.11,757.96,7,7,14,1
489,1,1502,4658,7,3,2,67720,47784,41.72,3253.07,3,90,14,1
934,1,296,4867,4,2,1,23815,15324,55.41,1842.67,2,7,90,1
153,3,152,4657,8,4,5,77098,73230,5.28,4862.67,11,730,60,1
131,1,2820,8905,4,2,4,101518,84751,19.78,6131.63,10,30,3,0
694,2,1440,7840,8,5,4,118551,84751,39.88,14184.74,9,7,14,1
86,1,1386,4434,12,4,4,52005,84751,-38.64,6205.96,5,60,90,1
590,1,527,1926,11,4,5,102147,73230,39.49,9141.21,8,60,14,1
327,1,1586,3672,7,2,2,37803,47784,-20.89,3208.4,6,365,3,0
207,3,444,8400,3,2,4,137473,84751,62.21,327.82,7,730,90,0
509,2,2837,731,10,2,2,25381,47784,-46.88,890.31,6,180,7,1
94,2,1687,4926,12,5,4,94963,84751,12.05,2832.21,11,180,3,1
860,2,305,747,5,2,4,80431,84751,-5.1,2090.29,8,365,3,0
999,3,1677,7791,4,4,2,36868,47784,-22.84,2998.88,10,60,60,1
528,3,1831,5843,12,5,2,54255,47784,13.54,1873.79,4,15,45,1
129,1,2674,7054,3,5,1,22027,15324,43.74,954.92,3,15,60,1
837,3,1351,2324,12,2,1,9076,15324,-40.77,342.97,14,60,45,0
532,2,2551,3451,3,5,4,66428,84751,-21.62,4160.01,14,180,7,0
399,1,2886,9591,8,2,3,88576,87105,1.69,36.81,4,365,45,0
204,3,672,8197,12,4,1,14825,15324,-3.26,814.27,13,730,90,0
174,3,890,8907,7,5,2,61606,47784,28.93,6428.01,10,7,14,0
116,1,468,5104,5,2,3,140731,87105,61.56,9433.92,8,90,7,1
905,2,2718,323,2,5,1,20474,15324,33.61,2020.96,11,30,45,0
344,1,2685,7712,3,2,3,36661,87105,-57.91,2657.76,12,90,60,1
844,2,765,8366,12,4,2,53371,47784,11.69,2595.87,5,60,7,0
922,2,259,1547,7,4,5,86503,73230,18.13,4399.52,9,30,60,1
488,2,2465,8944,3,4,5,47071,73230,-35.72,2412.92,5,180,45,0
761,1,2768,9681,3,5,1,18339,15324,19.68,959.03,12,730,7,0
760,3,2051,2282,3,2,5,70604,73230,-3.59,3063.21,5,7,14,0
434,1,2676,1071,9,2,5,33975,73230,-53.61,2039.05,13,90,90,0
882,1,1635,3666,12,3,4,25057,84751,-70.43,215.94,9,30,60,1
194,3,263,4100,11,3,2,38094,47784,-20.28,93.68,8,365,30,0
821,3,2651,6767,4,5,4,102291,84751,20.7,9204.3,3,90,30,0
607,2,1794,9011,8,3,4,75198,84751,-11.27,134.91,5,15,7,0
322,2,2120,1247,5,5,1,22423,15324,46.33,1781.88,2,30,14,1
294,1,623,534,2,3,1,14594,15324,-4.76,507.57,14,15,90,1
11,1,1923,8817,2,5,1,5000,15324,-67.37,206.95,6,365,90,0
696,3,2134,1306,1,3,5,38211,73230,-47.82,1744.44,12,0,3,1
375,1,1334,5112,9,5,1,17407,15324,13.59,148.04,5,365,90,0
326,2,641,3730,5,2,2,56272,47784,17.76,5362.91,4,0,7,0
782,2,1704,9160,6,5,3,103839,87105,19.21,10682.62,8,730,7,0
712,1,668,8073,3,5,5,105887,73230,44.6,10756.17,11,180,30,1
275,2,1602,5469,11,5,3,130650,87105,49.99,11827.46,7,7,90,0
601,3,2166,9174,10,3,1,22750,15324,48.46,388.64,5,60,7,0
772,1,2513,7101,4,2,4,62125,84751,-26.7,1185.84,8,7,3,1
911,1,441,3665,1,4,1,13141,15324,-14.25,1126.35,3,90,45,0
821,3,2190,8557,8,4,2,35760,47784,-25.16,3326.72,8,15,90,0
899,2,1375,7934,12,5,5,65111,73230,-11.09,3664.81,13,7,3,1
336,1,1365,3411,12,3,5,50061,73230,-31.64,5465.14,11,180,14,0
221,2,2811,568,6,3,4,104091,84751,22.82,1541.17,3,90,45,0
831,3,2066,3277,3,5,2,77884,47784,62.99,1761.57,11,365,7,0
10,1,2395,78,11,3,3,140324,87105,61.1,3131.95,10,180,7,0
582,2,2942,9067,11,4,2,66545,47784,39.26,6806.41,11,15,14,1
836,3,1026,962,10,5,1,12239,15324,-20.13,640.33,9,7,90,0
500,3,966,8050,10,5,4,132560,84751,56.41,9497.64,12,15,30,0
264,3,1513,6673,11,5,5,31069,73230,-57.57,2934.68,4,365,14,0
895,3,1671,7976,1,3,2,77517,47784,62.22,5160.31,9,30,7,0
289,1,815,7771,1,2,5,22571,73230,-69.18,2127.92,12,30,60,0
880,3,1175,7833,1,4,3,58816,87105,-32.48,5767.22,3,30,30,0
472,3,1423,7306,11,2,2,26390,47784,-44.77,1483.1,9,90,14,0
201,2,883,8635,1,3,4,69531,84751,-17.96,2028.13,10,7,30,1
496,2,564,6864,4,4,5,62367,73230,-14.83,105.91,11,90,14,0
422,1,796,7376,11,2,4,89337,84751,5.41,7650.58,11,90,3,0
11,3,495,257,7,2,3,35518,87105,-59.22,3094.84,12,0,7,1
184,3,411,7711,9,3,4,73957,84751,-12.74,5434.72,2,30,60,1
276,1,1406,2533,12,3,2,31190,47784,-34.73,2767.56,13,30,7,1
949,2,1621,7805,6,4,2,80005,47784,67.43,1200.31,12,90,7,1
376,3,140,1547,5,3,3,128096,87105,47.06,7733.99,10,0,90,1
419,3,646,9820,4,3,5,120139,73230,64.06,8155.13,8,30,30,1
404,2,228,9308,1,3,2,38465,47784,-19.5,4269.4,14,15,3,1
185,2,2135,3840,9,2,2,37499,47784,-21.52,3626.44,7,15,7,1
245,1,618,3728,11,5,1,10712,15324,-30.1,821.33,3,730,7,0
751,3,813,8096,9,4,1,10794,15324,-29.56,61.82,3,0,45,0
942,1,2544,3692,10,2,3,89941,87105,3.26,8875.65,6,60,7,1
401,2,223,3927,12,5,5,87849,73230,19.96,6333.76,10,30,30,1
740,1,2836,8685,8,3,2,80149,47784,67.73,50.84,10,60,45,0
893,2,1735,3564,9,3,2,22702,47784,-52.49,1878.36,3,7,3,0
605,2,115,9465,1,5,2,75624,47784,58.26,3177.27,5,0,30,1
547,1,365,2929,5,2,3,47657,87105,-45.29,2003.67,14,7,45,0
556,1,2566,6476,1,5,2,59229,47784,23.95,5593.32,3,0,3,0
490,3,645,3768,2,3,5,55429,73230,-24.31,3192.43,11,90,90,0
990,1,2144,3484,5,3,2,67905,47784,42.11,6342.02,5,30,90,0
267,1,2563,7437,5,5,3,26237,87105,-69.88,2614.58,4,60,14,1
754,3,2540,611,6,2,2,43836,47784,-8.26,5090.59,12,730,90,1
633,3,2134,1886,10,2,1,12877,15324,-15.97,57.32,12,15,45,0
888,3,963,5631,12,5,4,119463,84751,40.96,7579.5,14,180,90,1
968,3,2556,305,6,4,2,58711,47784,22.87,4083.21,8,60,3,0
450,3,1375,4351,5,4,5,59977,73230,-18.1,109.87,3,60,3,0
350,3,1799,4068,11,2,4,50308,84751,-40.64,2572.26,2,730,3,1
937,2,2435,5041,6,5,2,78041,47784,63.32,7037.87,13,15,3,0
156,3,1677,3217,7,2,2,50154,47784,4.96,5007.45,4,15,90,0
467,1,381,6570,6,3,4,85347,84751,0.7,1289.15,11,30,7,1
423,3,2621,6511,3,5,2,39947,47784,-16.4,3080.04,5,0,3,1
808,3,1003,5761,2,2,2,15400,47784,-67.77,1301.62,5,60,14,1
778,1,1064,5369,2,2,5,100707,73230,37.52,10189.09,9,180,45,1
983,3,2420,8014,6,4,1,8400,15324,-45.18,745.58,2,7,45,1
205,2,2203,949,10,4,3,41451,87105,-52.41,276.03,5,365,14,1
726,2,1665,8444,1,4,1,23008,15324,50.14,316.05,4,0,45,1
807,3,1460,937,3,4,4,98844,84751,16.63,4720.47,4,90,7,1
264,1,1387,2449,10,2,1,12508,15324,-18.38,1146.52,12,15,3,0
48,2,1709,3151,2,2,1,24441,15324,59.49,465.19,13,0,60,0
823,3,2914,7878,4,5,4,36621,84751,-56.79,1121.94,6,730,7,1
870,1,2573,5562,4,4,3,83695,87105,-3.91,1068.79,3,365,90,1
62,2,1272,6661,10,3,4,114745,84751,35.39,6016.58,7,730,90,0
150,3,2244,4814,11,2,2,76105,47784,59.27,8348.16,11,30,14,0
611,2,1697,3020,1,4,3,42014,87105,-51.77,3884.25,9,365,14,0
802,3,1028,1302,2,4,3,72671,87105,-16.57,2428.9,7,0,90,0
95,2,1036,5637,7,3,5,69161,73230,-5.56,5337.04,9,180,14,1
770,2,2651,7879,11,5,5,63250,73230,-13.63,540.61,7,15,14,1
903,2,1164,7550,4,2,2,51931,47784,8.68,5511.21,6,30,45,0
51,3,1431,1822,4,3,1,19292,15324,25.89,1054.34,2,15,45,1
913,3,477,782,3,5,1,22146,15324,44.52,217.78,2,180,7,1
910,3,969,4844,1,3,4,101548,84751,19.82,4652.64,8,730,45,0
459,2,1705,6430,10,2,5,107640,73230,46.99,9321.34,7,7,3,0
605,2,1319,5652,8,3,1,23247,15324,51.7,1155.02,8,60,30,1
891,3,2019,9353,11,5,1,15837,15324,3.35,1468.64,12,7,14,0
558,1,346,4625,9,2,1,21029,15324,37.23,602.57,13,7,60,1
868,3,2594,828,10,2,1,8168,15324,-46.7,298.64,13,7,7,0
80,1,1681,3050,1,4,2,54586,47784,14.23,5701.36,12,180,3,0
490,3,2523,6153,7,5,1,15704,15324,2.48,1075.64,8,7,7,1
540,1,633,8024,3,4,4,28443,84751,-66.44,1305.67,6,60,45,1
832,2,177,2435,2,5,5,97952,73230,33.76,8867.91,9,730,14,0
9,1,1420,1706,2,5,1,13988,15324,-8.72,651.43,6,180,3,1
599,3,2684,6579,6,5,1,12148,15324,-20.73,140.11,7,730,7,1
488,3,522,4865,6,3,1,16098,15324,5.05,456.19,12,7,60,1
379,2,924,7834,11,5,4,119594,84751,41.11,5805.39,6,7,3,1
949,3,1343,8640,4,3,1,9002,15324,-41.26,52.59,12,60,14,0
147,3,1997,5650,1,3,3,37044,87105,-57.47,889.69,10,30,90,0
581,1,2219,3476,9,4,3,142497,87105,63.59,3185.49,4,180,7,1
591,1,415,641,3,5,4,116035,84751,36.91,13777.15,14,730,7,0
986,3,2403,3156,7,3,5,100108,73230,36.7,6057.03,8,365,45,1
744,2,778,459,6,3,1,25272,15324,64.92,1026.95,11,180,3,0
251,2,2539,1914,7,2,4,66512,84751,-21.52,3701.89,3,0,60,0
149,3,302,7447,1,3,4,25419,84751,-70.01,3014.86,9,60,30,0
536,1,2187,2316,1,2,4,102127,84751,20.5,7183.4,10,30,45,1
417,2,2006,1775,3,4,3,73787,87105,-15.29,1717.92,14,0,14,0
795,2,1142,4136,11,2,2,64596,47784,35.18,932.96,9,90,60,1
412,3,1079,5674,6,3,4,88689,84751,4.65,5428.24,7,60,45,0
320,1,1422,9530,4,2,5,59372,73230,-18.92,6162.24,12,180,7,1
964,1,2332,4624,7,5,3,125443,87105,44.01,792.03,11,90,30,0
692,2,1235,9547,10,3,4,63129,84751,-25.51,1550.79,3,180,90,0
523,2,1036,4209,4,4,1,7145,15324,-53.37,570.95,6,180,7,1
160,2,1343,724,8,3,4,102534,84751,20.98,340.93,4,90,3,0
622,2,521,3031,6,3,1,15570,15324,1.61,1180.56,9,15,45,0
766,1,617,1455,11,4,4,74085,84751,-12.59,3150.01,2,90,60,1
728,2,2824,7837,6,3,2,38572,47784,-19.28,3235.05,2,730,60,1
842,3,840,1996,7,2,3,112889,87105,29.6,7155.83,6,180,45,0
882,3,2744,1134,6,2,3,124496,87105,42.93,13153.72,6,365,30,1
758,2,1240,5638,2,4,4,106516,84751,25.68,6162.3,5,0,60,0
345,1,2831,521,3,4,5,107100,73230,46.25,4234.1,5,365,90,1
879,2,1625,9934,10,5,5,105903,73230,44.62,1749.51,4,15,60,1
915,3,657,1911,1,2,5,56106,73230,-23.38,1975.34,10,90,90,0
207,1,1027,8746,1,2,5,63698,73230,-13.02,7.35,12,7,45,0
701,3,825,2147,8,2,3,27911,87105,-67.96,2493.28,3,30,90,0
353,3,524,4784,5,5,2,57510,47784,20.35,5591.14,9,0,14,1
493,2,1608,9929,4,5,4,86843,84751,2.47,7993.05,6,730,90,0
382,3,1245,5294,2,2,1,8038,15324,-47.55,147.02,13,365,30,1
963,1,2265,8308,7,2,4,135836,84751,60.28,4728.27,7,0,60,0
965,1,461,5918,7,3,5,32675,73230,-55.38,676.97,10,180,3,1
236,3,268,9549,6,5,5,65898,73230,-10.01,7364.12,8,365,30,1
693,1,1014,5478,1,5,5,98394,73230,34.36,6729.2,3,90,7,0
871,3,243,6415,4,5,3,100031,87105,14.84,6670.29,13,90,45,1
659,2,379,6124,11,3,1,11838,15324,-22.75,931.05,14,60,7,1
179,3,2592,4618,3,5,4,67099,84751,-20.83,5816.41,11,180,30,1
212,3,1881,2321,12,5,3,99673,87105,14.43,596.87,14,7,45,0
655,1,449,7561,1,2,1,10186,15324,-33.53,350.86,4,60,60,0
536,2,666,3246,6,3,1,24681,15324,61.06,425.66,11,60,14,1
416,3,2291,4358,12,3,2,44084,47784,-7.74,1588.52,12,0,90,0
268,1,381,5629,9,3,5,55198,73230,-24.62,1121.4,14,60,3,0
605,1,1959,7928,6,2,4,79432,84751,-6.28,8236.88,2,0,60,0
211,3,1130,1641,7,3,5,40857,73230,-44.21,2667.08,5,30,7,0
477,1,1163,1342,8,3,4,73119,84751,-13.72,1122.91,4,0,3,0
268,1,1128,890,3,5,1,22293,15324,45.48,171.1,3,7,30,0
590,1,2136,4178,10,5,2,70363,47784,47.25,5020.95,10,7,45,0
199,2,2130,6431,3,5,4,25099,84751,-70.39,2065.47,6,60,90,1
36,3,1168,8746,1,2,5,57667,73230,-21.25,5455.5,6,15,14,0
642,3,1244,6140,8,2,3,120858,87105,38.75,8765.66,4,0,90,1
188,1,605,6168,8,4,2,60545,47784,26.71,5926.34,4,60,14,1
536,3,1588,3573,6,3,2,64176,47784,34.3,1660.13,14,15,30,0
385,2,2410,9703,11,2,4,96614,84751,14.0,2620.47,2,365,60,1
653,2,2745,4697,12,2,5,84863,73230,15.89,9348.82,3,30,30,0
378,1,839,3741,4,4,4,58067,84751,-31.49,1142.5,5,30,3,0
425,1,438,861,5,5,1,20356,15324,32.84,44.88,12,90,14,1
18,1,1058,5384,12,5,4,35120,84751,-58.56,2131.85,5,365,60,0
672,3,545,7133,8,4,2,65798,47784,37.7,560.7,3,730,30,0
637,2,247,1900,6,5,4,135791,84751,60.22,13108.68,10,0,14,0
393,3,2302,2166,6,4,2,33101,47784,-30.73,2264.54,3,7,30,0
989,3,2490,6217,12,3,4,133934,84751,58.03,1666.45,14,15,60,0
946,3,772,2820,2,2,5,65324,73230,-10.8,6858.91,7,365,60,1
482,1,706,4579,3,4,4,60028,84751,-29.17,6535.94,14,7,7,0
647,3,1738,6178,8,2,1,23518,15324,53.47,1177.23,9,7,30,1
410,1,1399,874,7,5,4,36848,84751,-56.52,226.5,11,365,30,1
968,2,755,6471,8,2,5,108139,73230,47.67,6237.34,8,0,45,1
862,3,409,8109,11,5,3,80472,87105,-7.61,1991.61,2,15,7,0
636,2,526,9048,2,4,2,26778,47784,-43.96,2204.3,13,730,45,1
515,1,2645,2027,1,5,5,50339,73230,-31.26,4166.85,2,60,90,0
972,2,1537,207,8,5,3,99975,87105,14.78,2498.3,4,180,60,1
620,2,2342,3221,7,5,3,37531,87105,-56.91,2403.05,11,0,3,0
667,1,1414,8940,10,3,4,78318,84751,-7.59,4809.38,14,365,7,0
738,1,2557,4058,11,4,1,7731,15324,-49.55,832.33,12,15,3,1
245,3,550,5027,3,4,5,111719,73230,52.56,1454.5,3,730,14,0
884,3,1763,9621,10,3,5,65754,73230,-10.21,1612.0,5,730,30,1
40,3,2286,9784,7,4,4,69846,84751,-17.59,2841.35,8,730,45,0
24,1,1664,6516,4,5,4,99076,84751,16.9,9749.95,7,30,7,1
772,2,2971,9778,4,5,3,87737,87105,0.73,2035.95,9,0,7,1
156,3,313,9983,8,5,4,96612,84751,14.0,7983.66,14,60,60,0
318,1,2446,2169,3,3,4,67838,84751,-19.96,3030.42,3,15,14,0
73,3,236,6505,7,2,5,86823,73230,18.56,3957.78,2,60,14,1
373,2,2835,9054,4,3,4,24922,84751,-70.59,2100.78,9,0,60,1
216,3,2557,6811,9,3,4,57520,84751,-32.13,3217.28,5,0,45,0
654,3,2082,2137,5,2,4,32562,84751,-61.58,2192.8,14,365,3,0
368,2,2776,6445,1,2,5,35220,73230,-51.9,386.33,12,15,7,0
215,1,541,4294,6,4,5,48825,73230,-33.33,1668.29,8,60,7,0
505,3,1466,1975,3,5,1,19979,15324,30.38,453.99,4,180,90,0
342,3,907,1347,12,4,5,82235,73230,12.3,8857.36,5,7,60,1
584,3,2852,5283,4,2,3,141856,87105,62.86,2762.26,3,180,45,0
262,2,2980,6284,11,5,2,73711,47784,54.26,8573.6,14,7,30,0
167,2,1264,3921,8,3,3,39846,87105,-54.26,4180.38,11,365,30,0
801,1,1047,4303,4,2,3,87903,87105,0.92,9874.6,8,30,7,0
376,1,1798,4091,10,3,2,42207,47784,-11.67,2115.71,13,365,30,1
551,3,2067,9187,3,3,3,141155,87105,62.05,5771.42,7,730,7,0
447,2,2214,5518,10,3,2,43057,47784,-9.89,1406.35,10,60,30,1
75,3,2360,5531,10,4,2,80247,47784,67.94,7292.66,7,0,14,1
406,1,1835,8376,7,5,2,60122,47784,25.82,1013.42,14,7,90,1
1,1,2203,4827,6,3,3,30366,87105,-65.14,3200.48,10,7,3,0
499,2,802,2133,11,4,5,60703,73230,-17.11,4531.05,12,180,7,1
429,2,1678,1772,2,3,5,72795,73230,-0.59,3259.99,11,180,3,0
351,3,2155,2074,5,2,1,24359,15324,58.96,2008.31,11,7,14,1
132,3,2376,6108,6,2,5,100955,73230,37.86,1880.86,11,730,7,0
362,1,261,2483,12,2,5,41159,73230,-43.79,2764.99,3,180,7,1
430,1,923,9589,6,2,1,10512,15324,-31.4,439.76,11,15,45,0
41,2,2793,6150,8,5,1,9896,15324,-35.42,758.26,5,90,3,0
193,3,78,464,10,5,5,93517,73230,27.7,7560.38,6,180,7,1
989,3,2666,7177,5,4,1,13426,15324,-12.39,1203.65,7,30,90,0
861,3,2818,9210,11,3,3,57123,87105,-34.42,6210.65,2,0,60,0
157,3,2036,2242,5,4,4,90031,84751,6.23,5173.93,7,90,60,1
966,3,891,6060,10,5,4,48892,84751,-42.31,3476.39,13,365,3,0
358,3,2426,7221,1,3,3,26760,87105,-69.28,3078.02,10,15,90,1
436,2,2347,7311,3,4,2,15163,47784,-68.27,345.33,6,730,60,1
574,3,1213,7156,10,3,4,119740,84751,41.28,4588.55,12,180,90,0
985,2,246,6361,6,3,3,76079,87105,-12.66,6916.21,14,15,3,0
932,1,991,8834,7,2,4,66618,84751,-21.4,2930.45,6,7,30,1
334,1,2428,2349,6,4,1,25463,15324,66.16,2090.96,6,30,45,1
103,2,696,257,1,3,4,72955,84751,-13.92,7407.16,9,30,45,1
211,1,2456,9122,3,5,4,117712,84751,38.89,5880.2,7,15,30,1
728,3,2295,4125,2,5,1,6611,15324,-56.86,458.65,2,730,7,0
71,2,688,7211,9,4,1,7855,15324,-48.74,107.89,11,730,45,0
384,3,2800,1494,2,2,3,99097,87105,13.77,11723.25,10,7,14,1
392,2,498,1619,11,2,2,28582,47784,-40.18,56.21,9,15,14,1
322,2,180,8580,4,5,3,133260,87105,52.99,2503.27,5,7,45,0
458,1,1261,4767,12,3,1,9779,15324,-36.19,509.58,5,15,45,0
982,3,317,4139,2,3,1,15002,15324,-2.1,1747.36,11,90,45,1
501,3,2825,9159,3,2,5,44878,73230,-38.72,84.77,4,0,45,1
726,3,2571,6647,2,2,2,79306,47784,65.97,4758.31,7,0,14,1
191,3,602,4092,4,5,5,69791,73230,-4.7,6737.19,14,180,3,0
442,3,2455,440,2,2,3,146197,87105,67.84,6815.84,2,0,3,1
382,1,1788,321,10,3,2,74878,47784,56.7,886.41,4,30,60,1
967,2,2623,6658,7,4,1,10690,15324,-30.24,1097.26,5,7,90,1
761,1,1957,3436,4,5,5,49580,73230,-32.3,4172.05,9,365,30,1
630,2,1895,8444,4,5,2,17885,47784,-62.57,1469.64,8,730,45,0
374,1,2820,5637,7,2,2,27773,47784,-41.88,2928.43,13,60,30,0
229,3,1365,814,3,5,3,120407,87105,38.23,14081.16,7,0,14,1
925,2,523,7166,5,4,2,35654,47784,-25.39,3234.37,12,180,3,1
481,2,2152,5404,2,5,1,6020,15324,-60.72,339.63,5,60,90,1
662,1,2023,4233,12,2,3,54085,87105,-37.91,5054.57,4,365,30,0
365,2,2919,4890,6,5,4,132784,84751,56.68,3124.29,13,730,90,1
446,3,2347,4448,10,2,3,145364,87105,66.88,7067.33,14,0,14,0
477,2,684,4485,2,5,2,47279,47784,-1.06,2474.68,4,0,45,1
398,1,348,8987,10,4,2,44107,47784,-7.7,4317.8,13,180,60,1
164,3,905,8625,5,4,3,30672,87105,-64.79,1374.0,3,0,7,0
606,1,2832,5442,9,4,4,83770,84751,-1.16,8830.53,8,60,30,1
923,3,702,6329,3,4,5,110966,73230,51.53,12743.21,11,60,45,1
548,3,192,6623,7,5,5,31820,73230,-56.55,285.69,5,180,45,1
289,2,1540,452,11,5,3,53584,87105,-38.48,3536.23,3,0,14,0
619,1,559,5263,3,5,2,56876,47784,19.03,5045.52,10,0,3,1
287,2,466,9500,9,3,1,13782,15324,-10.06,272.86,13,365,90,0
387,3,1446,8701,8,3,3,137101,87105,57.4,9627.8,5,90,3,1
784,1,1972,5959,6,5,4,87135,84751,2.81,9387.67,9,7,14,1
537,2,1348,3648,4,2,3,62871,87105,-27.82,6000.93,6,365,14,0
971,2,2851,4969,10,2,1,8221,15324,-46.35,847.88,10,0,90,0
663,3,2601,918,2,4,5,94639,73230,29.24,8516.51,7,7,7,0
539,3,2086,7503,7,5,2,66068,47784,38.26,6298.34,6,15,3,1
380,2,916,3862,9,5,5,103600,73230,41.47,6968.61,12,15,14,1
930,3,2379,6871,11,4,1,10509,15324,-31.42,157.68,9,0,7,0
552,3,2345,1532,2,4,5,113792,73230,55.39,12257.92,2,90,30,0
763,3,49,9417,7,2,1,19411,15324,26.67,2107.14,11,0,45,1
304,3,2286,69,3,5,4,25171,84751,-70.3,2639.73,11,30,14,0
137,1,570,8821,7,5,2,46392,47784,-2.91,1914.51,12,180,30,0
158,2,1671,9984,2,2,3,57426,87105,-34.07,1149.84,2,60,3,0
581,2,1162,7922,4,2,2,63432,47784,32.75,2926.57,11,180,3,1
527,3,2694,2092,2,4,3,79390,87105,-8.86,3573.14,11,60,14,1
334,2,419,5514,12,3,4,61496,84751,-27.44,4617.19,11,7,30,1
282,2,667,7802,2,2,1,15230,15324,-0.61,1700.27,9,15,3,1
717,1,1618,6970,3,4,4,67175,84751,-20.74,2873.7,10,365,3,1
622,2,1658,7687,5,5,5,73307,73230,0.11,5607.35,3,0,45,0
551,2,2356,4016,12,3,1,14637,15324,-4.48,1500.62,10,0,30,1
3,3,2906,1550,9,4,4,117432,84751,38.56,1161.45,7,30,90,0
69,1,2244,3524,9,4,1,19416,15324,26.7,1039.58,5,730,45,1
541,2,1456,3646,4,5,4,116504,84751,37.47,12451.91,4,0,30,0
589,3,1343,6281,5,5,4,87699,84751,3.48,5330.96,9,0,3,1
924,2,1671,5649,5,5,1,13338,15324,-12.96,1375.92,7,180,14,0
599,1,800,3800,3,2,3,113481,87105,30.28,10999.86,7,365,14,1
658,1,2193,8275,3,3,2,71353,47784,49.32,1244.99,14,7,30,0
270,2,2144,9758,2,5,1,15813,15324,3.19,852.73,6,730,14,1
865,1,636,3469,4,3,3,25740,87105,-70.45,798.34,11,730,7,1
945,1,701,9600,5,2,1,7508,15324,-51.0,374.04,13,90,45,0
424,2,543,4414,8,3,1,19776,15324,29.05,1452.47,3,60,14,1
837,3,2910,5882,3,5,3,60429,87105,-30.63,6535.77,5,0,14,0
805,1,1737,5861,6,2,5,48707,73230,-33.49,1464.6,6,0,90,0
899,3,893,9398,12,4,3,74817,87105,-14.11,7467.33,5,90,60,0
861,2,2052,8154,1,2,5,67767,73230,-7.46,5434.59,6,730,14,1
367,2,206,2222,7,5,2,43154,47784,-9.69,634.98,12,730,60,1
721,3,2551,5866,1,4,5,80938,73230,10.53,2569.9,8,60,14,1
530,3,2777,9509,10,3,2,21095,47784,-55.85,2091.68,5,90,60,0
673,3,315,5746,10,4,4,54241,84751,-36.0,1453.12,6,365,14,0
719,2,2643,4755,1,4,4,44253,84751,-47.78,1322.84,3,365,3,0
535,3,639,297,5,5,1,19514,15324,27.34,264.99,9,7,7,1
364,2,2673,4586,3,3,4,129195,84751,52.44,7972.46,8,730,60,1
330,1,2940,8934,2,3,3,82646,87105,-5.12,1498.98,10,180,14,1
305,2,2546,3730,1,3,5,116238,73230,58.73,7190.36,11,365,3,0
740,1,1187,6307,3,5,1,23005,15324,50.12,2666.2,11,365,14,1
879,2,2896,6554,12,3,2,53101,47784,11.13,4892.38,10,365,60,0
131,1,1904,5387,6,5,1,22962,15324,49.84,2445.69,8,180,90,0
41,3,2539,2340,2,4,5,118960,73230,62.45,6304.21,12,730,60,1
908,2,2280,1806,8,3,2,21540,47784,-54.92,1955.69,4,365,3,1
760,1,2938,9239,12,4,1,11394,15324,-25.65,640.43,11,730,7,0
365,3,1487,3973,10,5,1,8723,15324,-43.08,734.05,4,0,30,1
79,3,618,797,3,3,4,88087,84751,3.94,7991.31,6,30,60,0
219,3,1595,1153,2,5,5,42509,73230,-41.95,2083.66,4,90,60,0
101,3,2433,631,4,3,2,15483,47784,-67.6,943.02,8,365,45,0
258,1,2839,4682,11,4,5,62835,73230,-14.2,5400.15,2,0,30,0
165,3,207,1929,4,4,3,61525,87105,-29.37,5702.66,8,0,7,1
639,1,2917,1607,1,2,4,74232,84751,-12.41,7087.26,6,90,30,0
211,2,2302,8935,7,5,1,11602,15324,-24.29,421.61,2,7,14,1
682,2,1516,7388,10,4,3,127352,87105,46.21,9731.74,11,15,7,0
85,2,2313,4061,3,3,2,18356,47784,-61.59,780.67,13,60,45,1
225,2,760,6556,9,3,5,115042,73230,57.1,6702.66,13,180,30,1
818,3,2452,1976,5,3,3,118978,87105,36.59,4500.41,3,0,60,1
280,3,1981,5738,7,5,2,16915,47784,-64.6,1539.66,4,15,45,1
819,3,549,532,4,4,1,15569,15324,1.6,462.65,7,730,45,0
980,1,511,3003,11,2,1,15278,15324,-0.3,1464.9,10,15,7,1
133,2,929,2239,7,4,3,66703,87105,-23.42,2077.91,8,0,90,1
777,2,1909,1666,6,3,5,93644,73230,27.88,7996.79,12,30,90,0
164,1,1280,263,12,3,1,24348,15324,58.89,752.98,2,180,3,1
364,1,1599,6193,4,3,5,94194,73230,28.63,8453.01,2,60,3,1
211,3,1195,6433,3,2,3,136764,87105,57.01,769.56,9,365,3,0
898,3,1841,6151,11,2,5,102504,73230,39.98,9506.53,4,365,45,0
900,2,719,1258,8,4,1,5422,15324,-64.62,196.26,2,7,90,0
266,2,1998,3243,9,3,3,48326,87105,-44.52,1506.46,12,0,3,1
894,3,1082,8118,7,3,4,136037,84751,60.51,3809.45,9,15,45,0
183,3,2672,1448,6,2,4,63819,84751,-24.7,3161.47,8,0,60,0
969,1,879,195,4,2,3,45298,87105,-48.0,758.51,9,0,30,1
928,2,2567,4409,3,3,4,60663,84751,-28.42,836.1,2,30,7,0
638,2,1132,2932,3,3,3,27989,87105,-67.87,1842.38,8,30,90,1
847,3,1410,9386,4,4,5,78186,73230,6.77,3001.21,7,30,90,1
806,3,2552,592,4,4,4,84065,84751,-0.81,8197.97,9,730,3,0
319,2,614,3621,8,3,5,114170,73230,55.91,6409.56,5,60,90,1
321,1,1090,8784,5,3,4,102069,84751,20.43,6482.1,9,365,60,0
628,3,2045,7178,1,5,5,24720,73230,-66.24,1267.06,14,0,3,1
166,3,2274,8687,12,2,5,76555,73230,4.54,7696.76,11,7,3,1
739,2,1896,7114,7,3,5,72428,73230,-1.1,5649.77,4,180,90,1
692,2,1952,6921,7,5,2,35713,47784,-25.26,963.5,2,30,45,0
816,2,786,1880,4,2,3,30573,87105,-64.9,1301.9,13,180,14,0
332,3,71,5026,10,2,3,55666,87105,-36.09,2516.48,14,365,3,0
331,3,447,817,3,4,2,74411,47784,55.72,2258.4,8,365,60,1
651,3,610,6711,7,4,4,76178,84751,-10.12,4067.15,11,7,3,0
48,2,1880,2559,7,5,4,82328,84751,-2.86,474.98,7,30,30,1
585,2,463,9594,10,4,2,40100,47784,-16.08,929.59,14,60,60,0
117,2,209,6424,5,5,3,141975,87105,62.99,5105.48,5,7,30,1
395,3,2765,5383,3,3,3,109366,87105,25.56,5510.37,2,730,7,1
78,2,613,1277,3,5,5,111195,73230,51.84,10839.59,9,30,7,0
200,3,578,4751,8,5,1,19628,15324,28.09,1778.87,4,30,7,1
814,1,2152,2636,2,4,1,14351,15324,-6.35,1402.09,13,0,90,1
274,2,1661,5938,7,4,4,107007,84751,26.26,9423.37,3,730,90,1
855,3,1818,7067,7,5,1,16060,15324,4.8,944.51,11,15,45,1
522,3,1812,7689,1,2,5,50331,73230,-31.27,4419.83,8,15,14,0
209,1,1406,2270,12,5,2,65485,47784,37.04,4514.05,7,15,7,0
181,1,821,1807,3,3,3,135356,87105,55.39,9928.88,8,365,7,1
939,3,1417,4452,2,3,5,95206,73230,30.01,10006.3,4,365,60,0
78,3,2946,2644,4,4,4,113166,84751,33.53,11393.97,12,7,90,1
897,2,75,4034,10,4,5,24725,73230,-66.24,773.32,9,30,45,0
842,3,2328,2999,5,2,1,11376,15324,-25.76,1225.24,3,180,90,0
669,3,2704,2720,8,4,1,6367,15324,-58.45,103.23,5,7,90,0
461,3,44,6898,10,5,4,135656,84751,60.06,9493.61,4,90,14,0
349,1,859,9938,3,4,1,25602,15324,67.07,2703.96,3,180,30,1
7,2,2455,4589,1,3,1,5653,15324,-63.11,355.72,7,730,45,0
921,2,2804,3413,7,4,3,95250,87105,9.35,10997.46,2,365,7,0
932,1,2379,8641,2,2,5,67551,73230,-7.76,1811.79,6,730,90,1
901,2,2490,6584,9,4,4,52037,84751,-38.6,5769.89,8,365,30,0
742,1,1246,3085,12,5,5,74672,73230,1.97,3005.31,4,90,90,1
310,1,2169,4839,11,5,2,66405,47784,38.97,2585.91,13,60,90,0
979,2,320,9559,12,2,3,116954,87105,34.27,9145.39,13,60,90,0
176,3,2670,9938,10,5,3,81899,87105,-5.98,5335.57,6,180,14,0
512,1,955,6392,8,2,2,52365,47784,9.59,3284.95,8,180,60,0
135,1,447,6891,6,4,4,50707,84751,-40.17,4654.78,4,180,14,0
557,1,2877,9318,8,4,1,9865,15324,-35.62,40.3,11,7,3,0
769,1,1328,5760,10,3,2,52570,47784,10.02,3672.93,3,30,3,1
470,2,1592,2610,8,5,5,28985,73230,-60.42,1833.74,9,730,30,0
509,3,2766,2151,1,5,5,99176,73230,35.43,1563.87,5,7,90,1
552,1,750,9499,10,4,3,57425,87105,-34.07,2814.27,2,7,7,0
30,1,2897,170,2,5,2,21869,47784,-54.23,218.83,5,7,45,0
323,2,196,964,6,4,1,5000,15324,-67.37,302.73,8,60,30,1
787,2,2045,4373,2,5,1,17803,15324,16.18,2046.51,13,7,45,1
940,1,2583,7291,4,4,1,22142,15324,44.49,324.06,14,30,30,1
132,3,1863,2557,4,5,4,96380,84751,13.72,7915.4,13,365,90,1
845,3,1270,739,7,4,5,109608,73230,49.68,2254.35,10,0,14,0
389,1,255,5301,4,4,2,79247,47784,65.84,7081.37,12,365,45,1
49,1,578,3255,6,2,4,116329,84751,37.26,13511.98,13,730,3,0
340,3,2385,654,4,5,5,107044,73230,46.18,7944.51,14,180,45,1
228,1,438,1176,12,5,2,57220,47784,19.75,2684.76,5,30,90,1
753,2,1010,7875,9,3,3,69954,87105,-19.69,598.26,9,90,90,1
682,2,1166,2186,10,4,5,95960,73230,31.04,8924.09,7,730,45,0
892,3,981,4786,3,4,2,19187,47784,-59.85,358.19,3,0,7,0
918,3,2089,5160,11,3,2,55265,47784,15.66,6495.57,9,60,45,1
691,3,2848,5890,8,4,2,79177,47784,65.7,7886.77,3,730,60,1
429,1,63,88,11,5,4,133192,84751,57.16,14879.63,2,90,60,0
913,1,1693,7790,9,3,2,20818,47784,-56.43,205.62,13,0,7,1
370,2,1029,1730,10,4,1,25757,15324,68.08,1433.17,14,0,14,0
780,1,1718,9110,12,4,1,23860,15324,55.7,1379.07,5,7,30,1
626,2,1225,2330,3,4,1,13853,15324,-9.6,691.13,14,0,7,1
18,2,54,7131,8,3,3,129586,87105,48.77,3617.68,3,0,60,1
336,2,2040,6423,3,4,4,78741,84751,-7.09,7364.23,8,90,3,0
269,2,2542,8751,8,5,3,37392,87105,-57.07,2907.67,12,365,90,1
172,1,2145,7001,12,4,4,70710,84751,-16.57,7733.77,6,365,90,1
460,3,127,8956,5,3,4,46654,84751,-44.95,3198.73,7,730,60,1
353,2,417,3669,8,4,1,7405,15324,-51.68,639.63,12,90,14,0
544,2,783,7436,7,5,3,119727,87105,37.45,1508.02,12,180,7,1
21,2,1186,2932,7,2,3,76037,87105,-12.71,4518.07,7,180,90,0
190,1,2491,7302,12,4,2,73458,47784,53.73,3538.91,6,0,45,1
488,1,238,5186,2,4,2,51404,47784,7.58,4336.11,14,30,60,0
145,3,2660,9453,5,2,3,62542,87105,-28.2,1713.18,2,15,30,1
177,1,2180,4874,3,4,3,68865,87105,-20.94,2717.58,5,30,3,0
550,1,786,3347,5,4,5,66654,73230,-8.98,2450.92,3,365,90,1
773,1,1858,4991,6,4,2,77435,47784,62.05,5466.64,3,365,3,1
154,1,2991,6690,8,3,1,6894,15324,-55.01,45.12,11,15,90,1
166,3,62,8679,8,3,3,40280,87105,-53.76,4019.88,14,60,90,1
609,2,1681,1338,9,4,2,17071,47784,-64.27,681.35,8,7,30,1
892,2,475,7207,5,2,4,90505,84751,6.79,10581.61,13,30,60,0
83,3,2871,428,12,2,3,32331,87105,-62.88,2677.55,13,60,3,0
876,2,2129,7392,5,5,5,100254,73230,36.9,5472.9,8,90,90,1
790,1,2850,2600,11,5,4,123225,84751,45.4,5594.88,12,15,14,1
858,1,2113,2627,4,5,3,132184,87105,51.75,6483.94,10,365,45,1
241,3,767,8936,11,4,3,84053,87105,-3.5,5963.86,12,15,14,1
475,3,1640,586,1,4,5,34137,73230,-53.38,2968.39,14,90,90,1
159,2,1636,4460,9,2,4,61069,84751,-27.94,6650.07,11,30,90,0
242,3,1156,3125,12,5,5,101674,73230,38.84,1062.36,3,730,14,0
645,3,2091,3423,6,5,4,116708,84751,37.71,12528.08,9,180,30,0
334,2,1116,8052,3,3,3,105871,87105,21.54,282.72,8,365,60,0
555,1,844,4827,8,5,4,117667,84751,38.84,11995.62,6,15,7,0
455,2,2066,6976,8,5,2,33116,47784,-30.7,202.34,10,7,30,1
143,3,1559,1161,9,4,1,13700,15324,-10.6,1292.79,4,15,14,0
185,2,642,6282,6,4,4,71462,84751,-15.68,1332.49,10,60,60,0
491,2,398,6704,8,3,4,122931,84751,45.05,12130.27,13,90,3,1
627,2,2579,910,6,2,1,13843,15324,-9.66,1537.7,2,15,3,1
411,1,1068,3248,11,4,1,7946,15324,-48.15,437.94,11,0,30,1
82,1,213,5082,6,2,1,9330,15324,-39.12,416.38,6,0,7,1
995,1,1631,4046,7,5,4,71942,84751,-15.11,7464.69,12,60,14,0
626,3,927,7702,7,3,2,71841,47784,50.35,2415.61,13,60,14,1
250,1,501,6829,12,2,5,27908,73230,-61.89,916.46,4,0,7,1
91,2,2669,8378,7,4,1,15591,15324,1.74,1173.58,6,180,60,0
540,2,1420,4770,1,2,3,109855,87105,26.12,2886.78,11,30,7,1
187,1,2491,685,7,4,1,16662,15324,8.73,778.91,11,7,90,1
82,1,1232,7247,4,4,2,45398,47784,-4.99,595.68,5,0,90,1
878,1,2392,3493,9,2,4,133008,84751,56.94,340.26,6,365,14,1
803,3,2208,8215,7,2,3,57928,87105,-33.5,2977.97,7,30,45,1
621,3,590,5163,2,3,1,21379,15324,39.51,1366.75,8,180,7,0
859,2,1119,1455,3,4,2,48722,47784,1.96,2889.59,5,180,30,0
513,3,931,956,3,4,1,16450,15324,7.35,244.34,10,7,7,0
667,2,1267,2278,7,3,1,13145,15324,-14.22,179.13,5,0,7,1
767,3,1882,6575,11,4,5,85833,73230,17.21,286.01,2,365,3,0
526,2,945,8190,2,2,4,81178,84751,-4.22,8751.76,7,15,3,1
846,1,2066,6983,4,3,4,49314,84751,-41.81,1969.58,2,365,30,1
550,2,1733,6516,1,4,2,74063,47784,55.0,3372.33,9,0,60,0
93,1,1738,8326,12,2,4,90694,84751,7.01,103.21,3,180,60,1
653,2,1203,5565,9,3,1,17701,15324,15.51,1184.3,5,0,7,0
721,1,715,7397,8,4,1,9798,15324,-36.06,587.79,12,90,90,0
262,3,808,1941,9,3,4,34288,84751,-59.54,1641.34,2,7,45,0
843,3,2701,7462,7,4,2,29092,47784,-39.12,359.75,13,90,7,1
256,2,2905,991,12,4,4,108161,84751,27.62,12424.39,11,365,60,1
844,1,1672,8700,11,2,3,142312,87105,63.38,14606.67,12,15,7,0
743,2,2358,8263,6,5,1,14387,15324,-6.11,966.5,8,180,60,0
400,1,565,3172,7,4,2,24491,47784,-48.75,2039.44,14,30,60,0
93,1,486,9806,7,4,1,24098,15324,57.26,593.97,5,15,60,1
298,2,419,1095,5,3,4,98964,84751,16.77,3632.98,14,180,45,1
503,1,596,6919,6,5,1,19628,15324,28.09,1019.71,6,7,14,0
110,2,2983,3107,9,2,3,38437,87105,-55.87,535.94,8,7,60,0
72,3,2935,9923,12,5,4,101939,84751,20.28,11182.79,12,30,90,1
679,2,1338,2194,7,5,1,11770,15324,-23.19,713.29,3,60,14,1
557,1,2648,6428,12,3,2,36532,47784,-23.55,2621.46,11,180,90,0
297,3,2781,8383,4,2,2,47279,47784,-1.06,425.83,11,0,30,0
918,1,244,6109,10,5,3,87747,87105,0.74,7728.15,6,7,60,0
196,3,2257,683,8,3,4,45738,84751,-46.03,4262.35,5,180,60,1
597,2,2915,8828,10,2,1,16533,15324,7.89,1345.52,10,730,3,0
617,1,1167,1463,6,2,5,75442,73230,3.02,4804.65,14,730,45,0
210,2,1162,8506,7,5,5,37952,73230,-48.17,2171.12,4,180,30,0
479,2,218,9679,6,3,3,108432,87105,24.48,8324.11,13,0,3,1
202,2,298,935,2,5,3,123490,87105,41.77,394.96,11,730,60,0
517,3,2822,7031,9,5,1,8405,15324,-45.15,925.15,7,90,30,1
311,1,2405,8067,12,4,2,58383,47784,22.18,2245.78,10,730,45,1
171,3,1286,1427,4,2,1,19982,15324,30.4,2338.35,11,15,30,1
984,3,2047,7563,6,5,4,83463,84751,-1.52,5943.13,3,90,45,1
664,1,2307,7296,9,2,4,48917,84751,-42.28,2631.06,10,60,3,1
257,2,176,6102,4,5,1,11326,15324,-26.09,38.26,2,15,90,1
210,2,110,8146,8,5,3,145687,87105,67.25,304.14,6,7,7,0
50,1,1390,5124,2,2,2,51717,47784,8.23,458.78,12,365,45,1
354,1,1741,904,7,4,1,23449,15324,53.02,703.07,6,60,3,1
179,1,990,4752,12,4,1,11371,15324,-25.8,874.53,3,7,45,0
620,3,1872,2036,9,3,2,46966,47784,-1.71,3072.2,10,180,60,1
561,1,832,7318,11,3,4,100792,84751,18.93,9625.78,6,180,30,1
48,1,1067,9834,9,3,3,40040,87105,-54.03,3885.41,5,0,3,0
38,3,2359,9911,10,3,2,74554,47784,56.02,465.32,5,60,14,1
729,1,614,2021,1,2,1,14256,15324,-6.97,970.41,14,60,7,1
951,1,880,4891,3,3,3,128769,87105,47.83,11082.05,2,60,14,0
398,3,2834,5101,1,3,4,89956,84751,6.14,5049.17,5,180,7,1
247,2,608,1417,12,5,5,117607,73230,60.6,12897.26,8,30,60,0
99,3,1573,8641,12,5,2,30830,47784,-35.48,2700.82,6,90,60,1
930,2,296,5611,5,5,5,31155,73230,-57.46,2481.02,2,365,45,0
417,2,2546,4863,6,2,2,46951,47784,-1.74,3772.84,13,180,45,0
476,3,2460,4462,3,5,3,124474,87105,42.9,4469.71,10,30,60,1
594,3,1564,6126,3,4,2,28273,47784,-40.83,645.11,12,365,90,0
854,2,965,2148,4,5,3,68498,87105,-21.36,5635.13,5,60,14,1
248,2,1970,4203,7,3,4,76409,84751,-9.84,3213.81,14,90,45,0
670,2,1643,9684,7,4,2,56779,47784,18.82,5154.84,5,60,90,1
472,1,2713,9438,4,2,1,11656,15324,-23.94,703.23,14,90,7,1
557,2,2365,7628,3,4,4,107210,84751,26.5,2844.67,8,180,45,1
803,1,2346,1686,5,4,1,23399,15324,52.7,2536.23,12,0,90,0
758,3,2244,3014,3,3,5,102568,73230,40.06,5772.48,2,90,7,1
531,2,941,8469,3,5,5,80606,73230,10.07,2446.06,4,0,60,0
430,2,2259,9854,1,4,4,117678,84751,38.85,12259.26,10,180,3,1
332,2,782,5687,12,5,2,77789,47784,62.79,3881.37,9,90,7,0
243,2,180,287,12,5,5,101388,73230,38.45,10508.55,11,60,3,1
788,3,2938,3359,11,4,4,128649,84751,51.8,10606.09,3,180,14,0
812,3,2686,1494,4,5,1,8183,15324,-46.6,810.81,13,7,45,1
691,2,734,3100,9,2,4,58270,84751,-31.25,382.73,11,730,60,1
155,2,231,8540,12,2,3,51594,87105,-40.77,2857.15,5,0,60,1
310,3,1379,2294,3,4,4,43648,84751,-48.5,3012.8,12,30,90,1
412,3,1017,4813,1,3,2,80663,47784,68.81,8905.19,9,730,90,1
500,1,934,9507,2,2,1,12291,15324,-19.79,383.19,6,0,3,0
256,1,908,2824,11,2,2,68008,47784,42.32,1594.53,13,7,3,0
850,1,1962,8846,11,4,5,22635,73230,-69.09,1142.76,13,180,3,0
776,1,2847,8389,7,5,5,57974,73230,-20.83,2000.23,11,730,45,1
727,3,807,9414,12,3,3,58147,87105,-33.24,1333.09,13,7,3,1
240,1,2415,6009,12,3,1,9199,15324,-39.97,87.44,12,30,45,1
19,2,409,6508,12,2,2,19284,47784,-59.64,248.21,2,0,45,0
324,1,921,2625,4,4,4,115414,84751,36.18,4923.72,8,365,14,1
927,1,2760,4127,10,4,5,86392,73230,17.97,9716.41,9,15,30,1
37,1,647,6890,5,3,5,102553,73230,40.04,8562.89,5,90,90,0
489,1,589,7866,3,5,1,24867,15324,62.27,1288.47,12,60,14,1
531,1,234,4837,7,5,3,92607,87105,6.32,5156.26,9,365,45,0
569,1,1139,2558,7,3,1,14832,15324,-3.21,206.58,5,365,45,1
548,2,909,3683,8,5,2,17087,47784,-64.24,290.48,5,60,30,1
12,2,2954,4595,5,5,4,36094,84751,-57.41,3113.49,5,7,14,0
2,1,476,8164,9,4,5,108895,73230,48.7,7114.72,10,0,3,1
170,1,1769,489,1,4,2,77984,47784,63.2,3380.42,14,365,60,0
375,1,1637,1792,3,4,4,96743,84751,14.15,3646.13,5,15,45,1
465,2,389,2013,7,5,5,65849,73230,-10.08,3591.9,11,365,7,0
655,1,182,2346,1,5,4,45394,84751,-46.44,3946.44,8,180,60,0
657,2,1048,1387,7,5,5,56961,73230,-22.22,5392.74,14,180,90,1
712,2,1229,4774,11,2,2,72851,47784,52.46,8148.03,4,0,3,0
229,2,1426,9315,6,5,5,27281,73230,-62.75,3003.33,12,15,45,1
34,1,2251,8721,1,4,1,18918,15324,23.45,2014.47,2,60,60,0
8,3,1773,5606,5,3,1,14974,15324,-2.28,1668.56,11,180,7,1
634,2,2266,6042,9,2,1,15037,15324,-1.87,1751.88,11,90,90,1
513,1,2786,7427,8,5,4,130836,84751,54.38,10656.9,4,365,7,0
216,3,2862,6064,12,2,2,63468,47784,32.82,5209.53,14,90,30,0
371,2,1679,8254,12,5,2,72846,47784,52.45,6593.29,13,90,14,0
647,3,1692,7765,10,2,4,78176,84751,-7.76,5776.66,2,0,90,0
370,2,2295,8151,11,3,2,41191,47784,-13.8,2136.17,8,365,3,1
144,1,1762,8063,2,5,1,13013,15324,-15.08,801.64,13,365,7,0
17,2,1629,6719,3,5,4,97351,84751,14.87,10073.52,9,365,30,1
863,3,2859,5189,1,5,2,68265,47784,42.86,4496.78,11,730,14,1
903,2,2414,8852,8,3,4,140977,84751,66.34,16399.81,11,90,60,0
685,2,384,5109,2,3,1,22679,15324,48.0,496.42,6,7,60,1
549,1,67,8827,1,2,3,55329,87105,-36.48,194.59,13,180,3,1
735,2,2053,7200,11,4,2,33685,47784,-29.51,3470.86,2,60,60,0
426,1,815,9365,8,3,2,56469,47784,18.18,720.51,9,0,14,1
887,2,1445,3028,2,5,1,20838,15324,35.98,284.66,7,90,30,0
213,3,2451,1199,7,2,2,16778,47784,-64.89,1187.22,5,30,45,1
642,3,1817,1820,11,2,2,44961,47784,-5.91,2454.57,13,7,60,0
925,1,607,6794,10,4,1,22111,15324,44.29,1817.44,6,60,60,1
515,1,1278,2379,11,3,1,12896,15324,-15.84,913.56,3,90,7,0
91,1,1813,2498,3,5,4,137632,84751,62.4,6371.34,4,180,30,1
711,3,127,6185,5,2,5,71760,73230,-2.01,1377.56,13,730,7,0
308,3,2973,572,8,4,5,34724,73230,-52.58,18.02,3,15,30,1
284,3,1704,6781,12,2,5,117250,73230,60.11,5404.19,13,90,45,0
40,1,1105,9369,4,4,2,34138,47784,-28.56,2003.58,10,30,7,0
278,3,2637,5518,6,3,4,88912,84751,4.91,1065.37,13,7,30,1
45,1,1092,223,10,5,3,36311,87105,-58.31,127.95,6,730,60,1
594,2,2124,9073,12,5,5,67067,73230,-8.42,6184.2,4,90,45,0
656,1,1849,7511,1,5,1,8669,15324,-43.43,86.96,9,7,45,1
51,2,857,103,2,5,4,29301,84751,-65.43,289.93,9,60,45,0
589,2,1537,1897,10,3,1,12943,15324,-15.54,811.78,12,7,3,0
408,3,663,1981,6,4,4,34170,84751,-59.68,3203.55,11,7,45,0
699,1,230,7761,6,5,1,6166,15324,-59.76,726.74,6,7,30,0
435,3,1428,1424,4,3,2,78590,47784,64.47,9163.72,4,180,90,0
150,3,2541,6241,6,2,1,18601,15324,21.38,2099.17,13,7,7,0
658,2,373,746,12,4,3,125204,87105,43.74,10039.03,4,180,30,0
715,2,648,490,5,5,2,64852,47784,35.72,5237.26,3,365,14,0
840,3,1826,4771,8,3,2,42566,47784,-10.92,129.81,10,15,3,0
56,3,2423,3452,5,5,5,102751,73230,40.31,6690.44,14,90,60,1
399,2,1942,102,3,2,4,97193,84751,14.68,2771.81,5,180,60,0
209,1,1550,3644,11,4,3,84143,87105,-3.4,376.34,8,60,30,0
611,2,1339,1172,11,4,4,106537,84751,25.71,4674.95,11,90,7,1
186,1,128,2064,5,3,2,21792,47784,-54.39,2383.41,6,30,7,0
328,1,1122,9594,9,5,4,97739,84751,15.32,4840.33,7,90,60,1
263,3,915,7951,3,5,5,80492,73230,9.92,4266.56,8,60,45,0
959,2,2146,1381,2,3,1,7824,15324,-48.94,910.85,10,730,14,1
43,1,2487,6110,3,2,4,121341,84751,43.17,11861.07,14,15,60,1
572,2,2655,1437,12,3,4,116401,84751,37.34,7454.23,12,180,90,1
124,2,1639,6897,9,3,1,9935,15324,-35.17,286.22,14,180,3,0
372,3,1721,7429,11,2,4,123085,84751,45.23,5555.31,7,30,90,0
419,1,167,6081,2,4,4,99279,84751,17.14,3180.84,13,180,3,1
732,3,1079,4012,1,3,3,29409,87105,-66.24,620.13,3,180,45,0
559,3,2304,6131,10,4,5,28183,73230,-61.51,1721.29,9,90,30,0
662,1,916,7844,2,3,1,20091,15324,31.11,2028.99,6,730,14,0
820,2,2475,7340,3,5,1,10910,15324,-28.8,606.72,9,180,3,0
913,1,1270,2422,8,5,5,29453,73230,-59.78,1967.89,13,15,3,0
587,1,1135,5980,10,5,5,112803,73230,54.04,9444.03,2,60,60,0
222,1,2157,9986,3,5,5,64770,73230,-11.55,2067.22,12,730,7,1
499,3,1022,4021,4,4,4,103351,84751,21.95,8288.29,5,7,60,1
440,3,1805,9124,11,2,5,93432,73230,27.59,5830.49,5,180,90,0
868,2,808,8170,5,3,2,19242,47784,-59.73,1600.62,7,30,90,0
630,2,2626,8584,10,3,3,145824,87105,67.41,15582.46,4,180,14,1
638,3,2445,1904,2,4,4,122369,84751,44.39,1581.95,6,730,30,0
590,3,2276,2979,11,2,1,20592,15324,34.38,286.63,4,365,30,1
885,3,1581,9738,4,4,3,113204,87105,29.96,13134.77,8,365,30,0
304,1,2739,1954,3,3,2,52480,47784,9.83,5043.35,4,180,14,1
300,2,1518,4556,2,3,5,30481,73230,-58.38,2463.29,4,15,90,0
670,1,1098,5476,1,3,3,32270,87105,-62.95,3601.2,14,0,3,1
640,1,2498,3019,4,5,5,55830,73230,-23.76,4786.86,4,60,7,1
363,2,2486,8814,1,3,1,11087,15324,-27.65,1275.2,7,7,45,0
112,1,2895,6586,10,4,3,94613,87105,8.62,5093.61,14,0,7,1
162,1,928,7965,5,4,1,5000,15324,-67.37,125.41,10,30,7,1
222,3,425,8630,8,3,4,117993,84751,39.22,9145.75,3,60,45,0
799,1,590,4647,8,3,3,36379,87105,-58.24,3606.6,12,15,90,0
237,2,2029,1683,1,2,2,34316,47784,-28.19,3926.68,5,180,45,0
291,1,2610,6651,4,2,2,45777,47784,-4.2,2785.7,5,15,3,0
289,2,1982,2975,1,2,2,54985,47784,15.07,2277.34,12,365,30,0
168,3,61,829,7,3,2,54030,47784,13.07,1944.83,2,180,90,0
166,3,559,8074,2,2,1,7737,15324,-49.51,174.49,4,15,3,1
973,2,551,4958,1,3,4,128713,84751,51.87,6059.79,14,30,7,0
614,3,1826,3740,3,2,2,42107,47784,-11.88,4225.67,7,7,3,0
10,3,1890,5098,5,3,5,80959,73230,10.55,8649.71,13,60,90,1
629,3,474,2162,4,4,2,68292,47784,42.92,2088.19,9,365,45,1
308,1,2115,4923,6,3,2,60097,47784,25.77,2384.61,9,60,45,1
162,3,1360,8195,11,3,4,106888,84751,26.12,7606.26,3,730,30,0
926,3,1068,6411,10,3,5,28952,73230,-60.46,872.93,11,0,45,1
248,1,2637,5933,1,4,2,43026,47784,-9.96,2653.7,12,730,60,0
397,1,2444,3152,4,5,2,58706,47784,22.86,3662.67,11,60,90,0
352,2,2358,7738,10,3,4,134823,84751,59.08,11226.99,6,7,14,0
197,3,1421,2001,5,3,3,46136,87105,-47.03,3235.74,6,15,60,1
910,3,2733,5984,12,5,1,16973,15324,10.76,1565.55,2,7,60,1
57,1,2155,9908,1,2,5,41699,73230,-43.06,4144.57,14,30,3,1
475,3,796,3970,12,3,4,134089,84751,58.22,11308.9,10,0,14,1
896,3,1427,8536,9,2,1,17822,15324,16.3,252.2,5,180,30,0
412,1,2602,4993,10,2,1,14860,15324,-3.03,1771.9,14,90,90,0
564,1,576,7465,11,4,2,71920,47784,50.51,5704.28,7,180,90,0
483,2,293,3950,4,3,4,95789,84751,13.02,5064.55,11,180,7,0
740,1,1190,2853,10,3,4,101129,84751,19.32,1235.98,8,15,7,0
889,2,2699,2764,2,3,1,6508,15324,-57.53,359.53,4,15,14,1
444,1,619,834,4,5,5,95859,73230,30.9,980.92,8,30,3,1
898,3,2812,6337,3,2,1,12445,15324,-18.79,724.15,7,15,3,0
315,1,1687,6985,4,3,4,124730,84751,47.17,9319.37,9,730,30,0
611,3,1903,8114,11,2,2,33611,47784,-29.66,3197.54,14,7,14,1
957,3,156,567,9,4,3,109388,87105,25.58,10938.7,13,7,45,0
706,2,142,8319,8,5,2,62925,47784,31.69,4468.77,2,365,7,0
199,3,1314,8371,5,2,3,42717,87105,-50.96,4956.78,8,30,3,1
182,3,2883,2209,6,3,2,25569,47784,-46.49,2965.18,8,30,45,0
81,2,2863,34,2,5,4,135299,84751,59.64,4351.7,2,30,60,0
585,2,958,2873,1,4,5,90892,73230,24.12,7156.75,12,7,30,1
323,3,788,1676,5,4,3,105171,87105,20.74,6741.61,2,15,30,1
621,3,1999,8061,5,4,2,20319,47784,-57.48,936.03,8,30,3,0
975,3,2051,7041,12,3,4,60680,84751,-28.4,709.2,5,0,7,1
145,2,2689,7508,6,4,2,43340,47784,-9.3,1478.25,9,15,60,0
822,1,1015,8837,10,2,4,78614,84751,-7.24,2833.06,10,180,90,1
593,1,2636,4993,4,4,1,5000,15324,-67.37,382.82,8,15,3,1
383,3,928,649,2,4,4,87239,84751,2.94,2168.32,6,180,60,0
188,2,1676,7595,1,2,5,113538,73230,55.04,7171.93,14,15,90,1
696,1,1752,863,2,4,3,65546,87105,-24.75,1694.66,12,60,30,0
507,2,1938,8952,7,5,1,8642,15324,-43.6,329.53,11,730,3,1
950,2,1700,5408,1,4,4,50545,84751,-40.36,2841.25,4,365,3,0
109,1,2203,6437,6,5,5,28129,73230,-61.59,3307.15,11,90,7,1
414,1,2740,9946,6,2,1,24502,15324,59.89,1080.37,2,365,60,0
695,3,2900,3478,6,4,5,75539,73230,3.15,8092.65,5,365,30,0
994,3,1917,8445,1,3,3,28599,87105,-67.17,2573.2,10,180,90,0
230,2,159,177,4,2,5,70759,73230,-3.37,1857.06,12,30,60,0
547,3,2422,566,11,4,2,67509,47784,41.28,2937.91,5,730,7,1
81,2,2427,9084,3,5,1,12638,15324,-17.53,654.11,5,30,90,1
967,3,92,2086,3,4,5,40672,73230,-44.46,1217.67,12,7,7,1
100,3,2068,7794,5,5,2,34783,47784,-27.21,903.34,4,90,7,1
543,1,937,8317,8,4,1,24960,15324,62.88,2390.84,6,15,3,1
503,2,407,1197,3,5,2,51299,47784,7.36,2941.77,14,15,45,1
125,1,1541,3611,4,5,5,43102,73230,-41.14,4800.77,5,180,60,0
469,1,1890,5865,9,3,3,36440,87105,-58.17,4135.64,14,15,7,1
941,2,92,2333,9,4,5,63999,73230,-12.61,1100.16,12,90,3,0
200,1,714,7870,4,2,3,84553,87105,-2.93,6239.48,9,7,3,1
572,1,1736,1237,8,2,2,33222,47784,-30.47,352.48,7,365,90,1
903,1,2101,1285,2,4,5,56587,73230,-22.73,61.04,3,15,14,0
351,2,456,6475,12,3,4,121579,84751,43.45,5283.22,10,7,60,1
764,2,835,5653,7,2,2,27458,47784,-42.54,1878.81,13,60,90,0
184,2,2479,9357,5,5,1,22975,15324,49.93,2655.31,5,730,7,1
529,1,1542,9414,10,3,5,118480,73230,61.79,11037.33,3,15,14,1
813,1,1709,7969,9,4,1,6360,15324,-58.5,298.17,4,60,3,0
109,1,777,7268,4,4,2,45153,47784,-5.51,3111.54,2,365,45,1
360,2,2310,344,9,3,4,62138,84751,-26.68,2569.63,14,90,45,0
230,1,764,6170,3,3,2,24651,47784,-48.41,648.23,11,730,45,0
652,3,326,2762,3,4,2,73264,47784,53.32,605.66,4,60,60,1
336,3,718,7759,7,2,3,28347,87105,-67.46,1025.35,3,180,45,0
598,2,1163,4480,8,2,5,60561,73230,-17.3,4820.31,8,60,90,1
963,3,337,2551,1,5,1,17377,15324,13.4,1205.14,13,30,60,1
409,3,668,5014,3,3,1,15074,15324,-1.63,163.25,11,7,90,1
508,3,2894,8233,8,2,5,52625,73230,-28.14,2521.19,8,180,45,1
622,1,2976,4597,3,3,4,47647,84751,-43.78,1501.89,14,90,90,1
931,2,94,8596,2,2,1,22909,15324,49.5,52.45,12,180,7,1
165,2,228,925,9,4,1,25456,15324,66.12,119.9,8,730,90,0
67,1,802,4011,12,5,4,112584,84751,32.84,6966.73,3,730,60,0
24,1,1202,771,11,4,5,118034,73230,61.18,9632.36,8,180,45,0
450,1,2387,1832,4,2,1,12968,15324,-15.37,1114.15,8,90,30,1
587,1,1673,5260,5,5,1,13309,15324,-13.15,720.1,4,365,45,0
68,3,2972,8093,2,5,5,97696,73230,33.41,8748.21,13,730,30,0
630,2,1266,8514,5,5,5,74143,73230,1.25,4943.52,14,30,14,1
535,2,98,4780,8,3,5,63173,73230,-13.73,1424.27,4,60,14,0
311,2,1946,6580,12,5,5,108894,73230,48.7,11014.35,5,15,14,1
143,3,1053,8647,6,5,2,45600,47784,-4.57,4685.33,6,90,7,1
880,2,2045,9879,7,3,2,51587,47784,7.96,4361.01,14,15,90,0
984,1,2791,3874,2,4,1,22341,15324,45.79,2018.09,8,180,7,1
832,3,2208,6764,6,3,3,58140,87105,-33.25,6589.93,2,730,7,0
237,3,834,4309,9,5,3,59906,87105,-31.23,4225.76,14,0,60,1
180,3,2088,1700,12,3,2,60504,47784,26.62,1962.39,8,90,14,1
936,1,2002,742,8,4,3,30417,87105,-65.08,2955.03,12,90,14,0
582,3,988,6374,8,3,5,66437,73230,-9.28,2509.54,4,180,60,1
748,1,2230,9458,4,4,2,22529,47784,-52.85,939.8,9,180,45,0
857,3,364,5676,10,3,4,43921,84751,-48.18,1316.64,4,30,14,0
993,1,1870,4971,5,4,4,41408,84751,-51.14,2895.08,5,7,7,1
800,1,152,5913,3,5,4,47670,84751,-43.75,4732.12,10,7,7,0
516,1,1341,5642,10,5,2,20105,47784,-57.93,2209.58,3,730,3,1
559,2,141,3367,4,3,4,67063,84751,-20.87,2382.4,8,730,60,1
874,2,2778,7979,8,5,2,24216,47784,-49.32,1519.16,13,30,3,1
854,3,690,8053,2,3,1,12152,15324,-20.7,1003.48,9,15,45,1
824,3,116,523,9,2,3,137201,87105,57.51,13350.51,14,60,90,0
386,1,236,5136,11,3,4,39771,84751,-53.07,2869.67,10,730,7,0
689,3,2872,8467,1,3,4,39148,84751,-53.81,2909.06,11,15,60,0
780,2,1716,6160,11,2,5,61918,73230,-15.45,5104.8,2,0,30,0
139,1,1657,5165,2,2,5,66988,73230,-8.52,7063.89,11,365,7,0
292,2,960,156,4,4,3,67365,87105,-22.66,205.32,10,15,30,0
634,2,2035,7518,5,2,3,140288,87105,61.06,15055.07,14,0,30,0
98,2,914,5596,9,4,5,81956,73230,11.92,9691.24,7,0,45,0
454,3,1373,7869,9,5,1,11931,15324,-22.14,1062.42,2,90,30,0
290,3,2704,5577,10,5,2,58683,47784,22.81,2410.99,10,60,3,1
582,3,312,7816,10,3,3,39262,87105,-54.93,1263.63,10,180,45,0
645,1,641,5309,4,5,1,13498,15324,-11.92,993.13,2,730,7,1
623,2,2807,4787,8,3,4,70382,84751,-16.95,8189.68,11,60,3,0
414,1,2231,1935,1,4,2,26187,47784,-45.2,1135.47,14,0,3,0
850,3,1484,3525,4,3,3,85448,87105,-1.9,1030.3,13,730,30,0
520,2,795,8845,8,3,1,21535,15324,40.53,2182.44,11,30,14,0
436,2,856,3314,10,5,3,128146,87105,47.12,1490.59,2,365,30,1
306,3,288,9945,12,3,3,144686,87105,66.11,3518.23,2,30,3,1
483,2,2803,9095,9,3,3,115648,87105,32.77,13807.01,11,730,3,0
325,2,1728,4673,6,3,4,74017,84751,-12.67,2972.33,6,180,14,1
323,1,2514,4087,2,4,2,20437,47784,-57.23,1677.04,11,0,45,1
425,1,2768,886,4,5,5,88583,73230,20.97,2404.73,8,0,30,0
810,1,73,158,6,5,5,49120,73230,-32.92,2144.42,14,7,60,1
462,3,2767,481,11,4,3,137024,87105,57.31,14178.1,12,90,60,1
610,2,2550,803,7,4,2,41625,47784,-12.89,4859.67,11,0,60,0
511,3,1639,9132,6,3,5,75246,73230,2.75,6145.08,8,15,14,0
39,1,1413,5469,5,3,5,69272,73230,-5.4,1872.35,7,60,45,0
825,2,2950,5025,9,2,5,35581,73230,-51.41,889.33,13,90,90,0
250,2,2551,1365,6,5,2,60816,47784,27.27,5129.48,3,30,7,1
497,3,2400,1148,7,2,3,103282,87105,18.57,10321.88,8,60,7,0
226,3,2834,2982,3,3,1,17873,15324,16.63,1107.18,4,365,7,1
867,3,1996,4699,10,5,4,128439,84751,51.55,11037.31,5,90,7,0
372,1,491,1799,1,3,2,27746,47784,-41.93,1540.54,10,15,3,1
627,1,1528,7462,2,5,3,112827,87105,29.53,572.2,2,730,14,0
457,2,2582,5915,8,5,5,85595,73230,16.89,2261.96,13,60,90,1
727,2,754,541,7,5,1,21130,15324,37.89,703.09,2,180,30,1
545,1,2702,301,10,5,2,74314,47784,55.52,4356.61,4,730,14,0
769,1,1486,5558,2,3,5,100663,73230,37.46,2989.94,9,0,3,1
669,1,711,453,2,3,5,35638,73230,-51.33,3506.49,12,730,14,1
496,2,2006,2511,9,5,3,72684,87105,-16.56,1904.8,10,90,3,0
137,2,2086,8596,7,4,4,89096,84751,5.13,4484.48,4,0,30,0
294,3,2789,1500,8,5,2,14758,47784,-69.12,597.89,11,60,14,1
563,3,1546,4704,11,5,3,112740,87105,29.43,6841.05,10,180,14,0
939,1,1096,3451,8,4,4,27227,84751,-67.87,1310.61,13,0,90,1
403,2,2301,2158,10,2,1,14152,15324,-7.65,1669.29,14,730,90,0
476,2,1903,8933,9,5,1,6402,15324,-58.22,479.97,11,180,30,0
518,2,2117,6276,10,4,3,106767,87105,22.57,2633.98,5,180,3,0
110,3,83,4898,5,4,5,74926,73230,2.32,5422.55,2,365,90,1
546,1,2075,8956,2,5,2,35823,47784,-25.03,3595.78,7,730,30,1
592,3,462,6664,10,3,4,140666,84751,65.98,4992.87,2,730,60,0
125,3,2861,5601,1,4,3,63995,87105,-26.53,2394.12,10,60,3,0
761,1,1178,4598,8,4,3,131009,87105,50.4,12147.85,7,30,30,0
624,3,2692,3405,12,2,2,18807,47784,-60.64,2174.14,6,15,30,0
867,2,2890,9255,11,2,5,104525,73230,42.74,6411.68,13,30,60,1
877,2,1374,4085,11,5,2,49036,47784,2.62,2398.91,10,365,7,0
256,1,1803,8909,5,2,3,65317,87105,-25.01,2391.55,10,730,7,1
846,3,2980,4881,6,3,5,117040,73230,59.83,7078.63,11,30,60,1
232,3,1066,7516,5,3,1,6850,15324,-55.3,111.72,14,90,60,1
218,1,2036,7277,4,2,4,31379,84751,-62.98,851.33,8,730,45,1
497,1,799,2509,1,5,4,127285,84751,50.19,3938.96,5,60,7,1
267,2,295,9699,9,3,2,55174,47784,15.47,3483.16,11,60,7,0
898,1,1147,1423,2,2,2,35350,47784,-26.02,3272.22,7,7,45,1
938,3,1424,7177,5,2,5,56336,73230,-23.07,4457.43,7,365,90,1
207,2,822,9852,9,3,1,9094,15324,-40.66,968.84,13,180,90,1
461,1,112,5969,9,5,2,30163,47784,-36.88,797.89,11,60,45,1
325,2,2444,8070,3,5,3,121366,87105,39.33,13494.42,11,180,45,0
835,2,813,3226,8,2,3,97777,87105,12.25,745.17,7,730,30,0
335,2,2584,2609,7,4,5,101469,73230,38.56,365.53,5,180,30,1
170,3,2620,910,3,3,1,12989,15324,-15.24,677.23,13,15,90,0
723,1,2634,5732,1,2,3,102939,87105,18.18,5767.8,6,7,3,1
327,3,1192,6047,7,2,5,41805,73230,-42.91,4370.78,4,7,3,0
843,3,1215,794,3,3,4,100885,84751,19.04,2339.13,6,180,90,0
928,1,2049,1397,8,3,5,60892,73230,-16.85,4821.76,2,90,45,0
437,2,679,8650,4,4,4,41084,84751,-51.52,4156.27,11,30,7,1
159,2,2920,7466,5,4,1,25088,15324,63.72,49.43,7,0,14,0
343,1,1016,2735,2,4,5,80976,73230,10.58,3822.08,12,730,14,0
374,1,1243,3334,1,3,1,5000,15324,-67.37,269.71,5,30,14,1
205,3,2339,3410,9,5,5,21895,73230,-70.1,402.75,11,7,14,0
371,1,223,5804,9,4,1,16189,15324,5.64,1210.37,4,0,30,0
38,3,1210,5428,4,2,4,81284,84751,-4.09,2342.47,12,90,60,1
462,1,493,1008,6,4,2,39788,47784,-16.73,1679.53,10,0,90,1
844,1,2857,4761,11,5,4,111210,84751,31.22,1807.44,12,90,14,0
352,3,1043,9495,9,3,3,87995,87105,1.02,2919.1,13,180,30,0
494,3,2240,2487,3,4,1,5296,15324,-65.44,513.72,8,7,90,0
943,3,519,7228,11,2,5,116851,73230,59.57,13150.38,9,730,45,1
683,2,369,5999,7,3,3,68067,87105,-21.86,6500.24,12,180,7,1
108,2,2604,4269,11,3,3,37580,87105,-56.86,2482.44,2,7,90,1
138,3,2529,1908,3,4,1,8544,15324,-44.24,450.67,6,60,30,0
374,2,945,9863,2,2,4,134498,84751,58.7,6115.65,10,180,30,1
998,3,1233,2225,8,2,1,13485,15324,-12.0,990.84,8,7,3,0
251,2,2738,1677,12,5,2,80240,47784,67.92,2243.31,5,90,3,0
7,2,709,6574,4,3,4,43070,84751,-49.18,1229.53,13,90,90,0
447,2,2727,9509,10,3,1,13058,15324,-14.79,70.49,2,90,30,0
853,1,1893,4513,4,3,1,6837,15324,-55.38,231.54,2,30,30,1
731,1,673,512,11,5,4,57973,84751,-31.6,599.19,14,90,14,1
22,1,927,6393,9,5,4,51624,84751,-39.09,848.07,8,30,45,0
716,3,1657,1258,10,2,1,19356,15324,26.31,2061.82,14,180,90,0
562,2,2402,8167,3,5,5,35072,73230,-52.11,2482.24,4,180,90,1
162,3,2295,3036,7,2,3,37061,87105,-57.45,1082.46,7,0,3,1
623,1,1632,9975,8,2,3,101037,87105,15.99,3794.37,13,60,7,0
425,1,2073,3005,8,3,2,40608,47784,-15.02,741.94,2,60,14,1
437,1,438,6485,6,4,1,13137,15324,-14.27,333.7,12,730,30,0
421,3,2640,9933,9,3,2,57179,47784,19.66,443.9,13,0,30,1
281,2,1790,5152,11,4,1,9840,15324,-35.79,46.63,13,365,45,1
512,3,1253,5811,4,2,4,73312,84751,-13.5,8762.54,4,15,7,1
149,3,220,3959,3,4,2,66082,47784,38.29,6848.93,2,0,60,1
878,3,1677,3787,10,5,3,104393,87105,19.85,6649.66,4,180,60,0
119,1,971,3470,8,3,2,49309,47784,3.19,246.34,3,60,45,0
410,2,944,4887,12,4,2,44346,47784,-7.19,1398.52,9,7,60,1
62,2,2160,5409,10,3,2,40182,47784,-15.91,1663.95,2,0,90,1
668,3,2815,2372,2,2,1,20284,15324,32.37,567.11,3,0,60,0
815,3,2117,6641,3,2,1,12232,15324,-20.18,1050.49,6,0,60,0
653,2,622,240,11,5,2,18565,47784,-61.15,720.21,9,60,7,0
215,1,1765,8073,6,5,4,57756,84751,-31.85,3122.22,6,0,7,0
409,1,353,3922,2,4,4,137701,84751,62.48,3920.15,9,180,7,1
854,2,2299,9186,4,2,4,24901,84751,-70.62,1258.2,9,7,60,1
549,1,627,920,7,3,4,122986,84751,45.11,8123.17,4,730,30,1
628,2,137,9775,4,3,3,119950,87105,37.71,6235.93,5,730,3,0
151,2,1373,3011,8,3,1,23298,15324,52.04,252.12,7,15,60,0
650,3,52,1558,12,5,1,22655,15324,47.84,442.97,14,180,14,0
32,3,2539,9107,11,4,5,88833,73230,21.31,10635.27,11,0,45,0
361,2,549,8017,1,3,2,68054,47784,42.42,7742.16,3,7,7,0
339,2,939,4115,7,4,4,36984,84751,-56.36,4400.75,11,180,14,1
650,1,800,8277,12,5,2,54789,47784,14.66,2011.18,14,60,90,0
2,3,735,997,10,4,2,69942,47784,46.37,8084.55,8,0,60,0
290,2,233,4061,8,2,5,42273,73230,-42.27,4563.02,10,7,45,1
398,1,2725,52,4,4,3,60488,87105,-30.56,4368.41,2,0,90,0
9,3,984,9848,7,4,5,25136,73230,-65.68,2.78,10,60,90,0
493,2,702,2514,11,5,2,30475,47784,-36.22,825.87,12,30,7,0
47,1,1437,3910,10,2,3,109256,87105,25.43,10228.62,14,30,14,0
274,1,2428,8303,4,2,5,59357,73230,-18.94,2543.43,6,90,45,0
442,3,1346,2694,7,4,1,13251,15324,-13.53,868.47,7,0,3,1
602,3,1555,4077,6,3,4,42682,84751,-49.64,741.37,14,60,60,0
798,2,2365,1269,6,5,4,132361,84751,56.18,6298.97,3,0,3,0
741,1,1089,7600,8,2,3,115274,87105,32.34,13750.77,9,30,45,0
43,2,1291,6365,1,4,5,50153,73230,-31.51,1721.24,4,365,7,0
412,2,2721,1516,10,4,5,59547,73230,-18.68,3499.34,14,15,3,1
983,1,1246,8284,6,3,4,89913,84751,6.09,7086.27,3,730,30,0
939,3,262,244,12,4,1,10651,15324,-30.49,230.95,4,30,3,1
927,1,1292,2019,7,3,3,83754,87105,-3.85,8098.45,10,0,3,0
948,1,1111,5938,9,4,3,92190,87105,5.84,5664.0,14,365,90,0
709,1,2720,5550,10,3,3,61416,87105,-29.49,6440.17,13,60,3,1
914,1,2978,6736,2,4,1,5517,15324,-64.0,430.96,3,365,14,0
37,1,2032,1165,9,3,1,7613,15324,-50.32,421.19,13,15,14,0
742,3,2482,2097,1,5,3,145294,87105,66.8,9764.0,4,730,60,1
265,3,517,9417,6,3,2,65057,47784,36.15,2287.09,12,180,30,1
471,3,2202,4939,8,5,2,15747,47784,-67.05,413.25,10,90,3,1
759,3,1808,703,10,2,4,79139,84751,-6.62,7187.74,5,180,7,1
999,3,1495,2951,10,4,3,108095,87105,24.1,3230.41,3,7,60,0
293,3,2594,1997,11,2,3,93861,87105,7.76,8371.4,9,7,60,1
226,2,538,3151,4,5,3,57113,87105,-34.43,5857.12,3,730,14,1
489,2,2137,5150,3,2,3,96971,87105,11.33,2858.48,2,180,30,1
943,3,2564,7788,4,3,2,27790,47784,-41.84,2245.36,8,730,14,1
1,3,498,441,12,4,1,20788,15324,35.66,1493.65,4,730,14,1
807,1,1663,5463,12,3,1,16670,15324,8.78,501.29,9,0,30,0
635,1,2596,249,8,2,4,26069,84751,-69.24,323.77,6,0,7,1
614,2,1814,6420,7,4,3,46043,87105,-47.14,1628.87,6,730,90,1
516,2,2278,6949,10,3,3,123475,87105,41.75,10333.0,14,7,30,0
880,1,768,5777,3,2,5,79705,73230,8.84,1823.15,9,180,45,0
54,2,2296,1636,1,2,1,23414,15324,52.79,311.78,7,365,45,0
874,1,1529,8901,2,3,5,84080,73230,14.82,8488.35,9,365,90,0
420,3,2972,6022,1,5,5,39410,73230,-46.18,2957.93,6,180,7,0
808,3,1679,7447,7,2,4,68233,84751,-19.49,7214.77,8,180,60,1
952,3,537,4693,3,5,5,74656,73230,1.95,5315.07,10,365,7,1
635,2,135,5667,11,3,5,72240,73230,-1.35,2264.88,2,0,60,0
699,2,1154,6128,10,3,5,94474,73230,29.01,6851.58,10,365,7,1
698,1,338,4798,2,5,4,102576,84751,21.03,8404.7,12,60,7,1
687,3,154,9863,2,3,3,122576,87105,40.72,354.98,5,180,30,0
686,3,1362,9504,3,3,2,73749,47784,54.34,4141.78,4,60,3,0
88,3,1636,2263,7,4,5,54882,73230,-25.06,3340.34,6,15,30,1
353,3,2534,8983,11,2,4,61343,84751,-27.62,4567.18,7,365,60,1
239,3,439,677,5,5,1,10189,15324,-33.51,120.16,12,180,30,0
658,3,1426,4616,4,3,4,58050,84751,-31.51,3335.85,7,30,3,0
669,3,758,4378,11,4,2,51140,47784,7.02,3542.28,7,30,7,1
786,1,2984,5458,5,2,4,130196,84751,53.62,13692.99,14,0,14,0
169,1,1576,3940,4,2,2,68126,47784,42.57,3319.01,3,60,7,0
227,3,1303,137,3,5,2,77289,47784,61.75,3603.88,7,365,30,0
687,2,1686,2848,10,3,4,31678,84751,-62.62,3479.82,5,60,30,1
422,2,945,5344,5,3,2,42799,47784,-10.43,4923.45,14,60,45,1
84,2,2335,6690,10,3,1,16679,15324,8.84,80.62,4,7,14,1
229,3,1082,7561,5,2,1,22097,15324,44.2,857.68,5,730,7,1
666,1,2199,3810,6,4,4,69945,84751,-17.47,449.85,2,7,90,0
62,3,1025,1049,8,2,5,46111,73230,-37.03,4016.54,8,90,30,1
172,2,1212,9437,3,2,3,91289,87105,4.8,4398.01,13,365,3,1
384,3,2636,3823,4,4,2,41806,47784,-12.51,1055.15,3,730,14,1
285,3,542,6762,6,5,1,19546,15324,27.55,2173.43,9,365,90,0
79,1,2011,5463,12,5,2,19436,47784,-59.33,1782.9,13,365,3,0
229,3,2506,1255,12,2,4,120635,84751,42.34,6695.35,4,7,60,0
676,1,1470,9018,4,3,4,116216,84751,37.13,2311.45,5,180,3,1
479,1,1648,3041,12,2,2,30999,47784,-35.13,437.71,10,365,7,1
845,1,1278,4900,7,5,4,97861,84751,15.47,3204.15,7,30,7,1
907,2,112,8175,12,5,2,69853,47784,46.18,1993.57,8,90,3,1
52,2,1054,1798,8,3,2,45035,47784,-5.75,1825.55,12,180,7,0
431,1,1194,8140,10,5,1,14403,15324,-6.01,135.22,11,7,7,1
13,3,2696,2051,6,4,3,116536,87105,33.79,1767.88,10,7,90,0
754,1,2284,6183,10,3,3,97834,87105,12.32,3032.77,9,60,14,1
553,1,105,462,3,4,2,63187,47784,32.23,1478.14,14,730,14,0
197,2,1210,8907,12,3,5,95387,73230,30.26,3810.48,9,90,30,0
947,1,2316,7081,2,3,3,120774,87105,38.65,5571.81,12,180,45,1
678,2,2655,9762,2,2,1,20461,15324,33.52,884.38,2,7,90,1
39,2,1029,8756,6,5,3,113824,87105,30.67,11068.68,6,60,90,1
175,1,993,3534,2,4,2,28721,47784,-39.89,1210.19,8,7,7,1
981,2,255,6148,1,5,3,122184,87105,40.27,9425.05,3,7,3,1
893,1,2329,2614,7,3,5,65662,73230,-10.33,5651.93,7,7,60,1
11,3,70,7831,8,4,4,79960,84751,-5.65,8059.28,3,730,30,1
889,2,992,3889,6,4,5,89728,73230,22.53,10588.59,6,730,14,1
836,1,1183,1046,11,2,3,91605,87105,5.17,10415.21,4,7,14,1
469,1,357,236,10,5,2,66583,47784,39.34,4613.98,13,180,90,1
319,3,2693,3834,2,3,3,118283,87105,35.79,2206.71,10,180,90,0
805,3,2536,7782,1,3,1,6257,15324,-59.17,379.62,14,60,14,0
988,3,129,7865,12,2,5,60851,73230,-16.9,2118.36,5,15,60,1
204,3,718,3885,7,5,5,66318,73230,-9.44,4938.79,14,7,3,1
993,3,825,5254,4,4,5,87104,73230,18.95,9041.59,2,15,60,0
645,2,2092,7337,1,4,5,82041,73230,12.03,7728.75,12,730,90,0
114,1,2807,5426,5,4,2,40180,47784,-15.91,2923.99,5,15,30,1
685,2,1009,7117,9,4,4,113130,84751,33.49,605.57,5,15,14,1
85,3,728,3466,12,3,5,42077,73230,-42.54,3720.82,9,365,14,1
266,1,1180,2881,1,3,4,116865,84751,37.89,11312.61,8,365,3,1
708,1,2457,3246,1,2,4,109382,84751,29.06,7235.4,5,30,90,0
920,1,2779,8465,7,2,4,42151,84751,-50.26,3505.12,10,0,3,0
284,2,2723,2713,10,3,2,62338,47784,30.46,5338.61,9,7,3,0
218,1,1998,597,6,2,2,16001,47784,-66.51,49.6,2,365,3,0
884,2,1674,4303,1,4,2,25221,47784,-47.22,202.11,3,0,45,0
895,3,718,2121,3,3,5,88714,73230,21.14,1132.95,11,30,7,1
609,2,1715,9677,6,2,3,128434,87105,47.45,13301.02,9,15,45,1
261,3,910,9815,1,2,1,24986,15324,63.05,2047.48,2,7,45,1
947,3,2850,1713,11,4,5,82245,73230,12.31,7386.82,7,90,90,1
812,2,628,436,6,4,2,60004,47784,25.57,6544.43,9,30,14,1
534,2,1323,6813,1,3,1,5773,15324,-62.33,446.54,13,730,90,0
990,3,1196,4205,9,3,3,131716,87105,51.22,12784.65,9,90,90,1
467,1,818,5085,10,3,5,70294,73230,-4.01,2700.98,11,0,3,0
508,2,383,6801,9,5,2,77402,47784,61.98,6157.01,14,90,3,1
953,2,672,125,2,3,5,116390,73230,58.94,13103.81,13,730,90,1
134,3,323,691,1,3,1,18611,15324,21.45,1060.54,5,730,30,1
167,3,1597,6784,5,4,5,57644,73230,-21.28,889.53,3,60,14,0
781,2,2036,261,9,2,3,141570,87105,62.53,14960.45,14,15,45,1
206,1,2364,8879,9,5,4,115038,84751,35.74,5667.39,5,30,60,1
871,3,771,667,7,4,2,27721,47784,-41.99,545.24,3,60,14,0
87,3,604,6240,11,2,2,41276,47784,-13.62,1694.6,7,60,45,0
822,2,2206,5509,11,4,5,48835,73230,-33.31,2878.06,11,15,14,1
351,3,2563,1490,12,2,5,117785,73230,60.84,13637.01,7,0,7,0
401,3,1267,5227,3,5,4,137381,84751,62.1,4050.0,9,365,3,1
850,1,862,5646,7,5,1,20117,15324,31.28,51.55,8,90,60,0
563,2,304,6498,8,5,4,113579,84751,34.01,9357.98,13,730,90,1
223,1,2511,2708,1,5,3,44906,87105,-48.45,3957.22,2,15,14,1
430,2,579,569,11,3,5,86795,73230,18.52,5370.95,14,365,14,1
240,1,816,6779,12,4,5,48576,73230,-33.67,2481.5,10,730,30,0
811,1,767,5655,5,4,3,66220,87105,-23.98,4662.62,6,730,90,0
973,2,682,8772,4,3,1,16217,15324,5.83,1939.91,7,180,90,1
363,1,653,492,11,2,3,104876,87105,20.4,4706.02,8,0,45,0
771,3,1760,2757,7,5,1,24064,15324,57.03,2704.82,13,90,3,0
125,2,965,6899,7,5,2,78373,47784,64.02,3653.3,6,15,14,0
307,1,1697,576,1,3,4,95724,84751,12.95,11315.18,6,365,90,1
243,3,2097,4497,3,4,1,23175,15324,51.23,827.76,11,365,90,1
456,3,2649,5495,3,3,2,73481,47784,53.78,3028.48,12,15,45,1
127,3,860,4216,10,4,4,51326,84751,-39.44,2628.46,7,60,45,1
964,3,434,6329,8,4,4,104221,84751,22.97,3482.08,5,180,90,1
970,3,100,6637,7,2,2,61692,47784,29.11,3594.54,11,365,7,1
683,2,2868,1642,9,5,4,107080,84751,26.35,4786.19,13,30,60,0
177,1,500,3950,12,3,5,28607,73230,-60.94,549.62,11,30,90,0
434,2,1786,7068,10,4,3,60454,87105,-30.6,360.33,12,365,30,0
723,3,2061,3444,6,4,4,46142,84751,-45.56,3404.73,14,60,14,1
433,1,1059,1401,5,3,2,66428,47784,39.02,7525.05,12,730,3,1
443,2,168,5664,3,2,5,116530,73230,59.13,5412.7,2,7,45,0
438,2,651,1325,6,2,3,74970,87105,-13.93,3086.8,5,60,7,0
746,3,995,2647,2,3,1,18816,15324,22.79,1379.79,13,730,7,1
247,3,811,83,11,4,2,36292,47784,-24.05,2868.52,13,730,14,1
86,1,763,4321,2,2,2,71575,47784,49.79,3296.07,10,7,30,1
811,3,1745,1201,11,5,2,77961,47784,63.15,5907.97,7,60,60,1
300,3,467,274,8,2,4,93086,84751,9.83,7095.31,3,15,45,1
451,2,1326,6893,3,5,1,14636,15324,-4.49,1309.01,10,180,14,0
409,1,574,2104,5,2,3,44759,87105,-48.61,1993.91,14,30,90,0
278,2,1141,4147,3,5,3,47123,87105,-45.9,404.07,13,365,60,0
930,2,112,8647,11,3,3,116198,87105,33.4,7984.77,5,60,60,0
782,2,388,1010,5,5,2,53025,47784,10.97,944.04,2,60,14,1
909,1,955,7477,6,5,1,24136,15324,57.5,968.5,8,180,90,0
391,3,1390,4985,9,4,4,123507,84751,45.73,8303.44,11,7,90,1
478,2,495,5455,6,3,4,56049,84751,-33.87,574.22,5,30,90,1
427,1,953,115,7,5,4,105945,84751,25.01,2121.86,9,730,30,0
230,2,2132,736,2,5,3,38423,87105,-55.89,406.27,5,0,14,1
904,3,1178,558,9,3,4,29981,84751,-64.62,2061.53,8,365,30,0
60,3,1810,2553,12,2,3,28232,87105,-67.59,3125.7,10,730,60,1
78,2,577,4323,3,5,1,7573,15324,-50.58,159.17,6,365,30,1
343,3,1212,9111,8,2,2,29596,47784,-38.06,3009.14,8,365,30,0
962,2,893,5250,1,3,3,44006,87105,-49.48,493.35,10,30,60,1
411,3,529,2835,4,2,2,74112,47784,55.1,4371.81,5,60,14,1
601,2,1353,3278,4,2,2,18052,47784,-62.22,888.97,4,365,90,0
514,3,378,4241,5,3,5,69497,73230,-5.1,2408.65,14,7,60,1
422,1,2462,3636,4,3,5,56934,73230,-22.25,6403.99,6,180,3,0
558,3,238,7588,9,4,3,80996,87105,-7.01,5715.06,6,15,3,0
727,1,2565,4006,2,5,5,78126,73230,6.69,6897.99,13,90,45,1
929,2,1937,3482,6,3,2,30036,47784,-37.14,1111.91,11,180,30,0
989,3,2860,5655,7,5,3,126685,87105,45.44,13849.41,9,365,7,1
449,1,2302,3900,5,5,5,28659,73230,-60.86,2125.18,2,90,3,0
718,2,1824,3101,2,5,5,66550,73230,-9.12,4162.94,12,180,14,0
765,3,2358,1737,8,3,1,23867,15324,55.75,22.63,6,730,45,0
395,3,524,4320,5,5,1,5580,15324,-63.59,19.41,12,0,3,1
545,1,69,8751,9,5,1,18577,15324,21.23,1009.79,6,180,45,1
530,2,1022,9077,6,4,1,20822,15324,35.88,1440.63,12,365,60,1
80,3,788,387,10,2,4,117437,84751,38.57,9689.01,12,90,3,0
603,3,1624,2025,1,2,3,139122,87105,59.72,4861.57,5,30,7,1
680,1,1476,4673,9,3,2,42484,47784,-11.09,2006.31,8,0,90,1
435,2,2308,4760,2,5,1,19325,15324,26.11,436.48,2,30,30,0
314,3,2453,9311,3,2,4,114432,84751,35.02,9694.93,3,0,7,0
902,3,230,9651,7,4,4,59266,84751,-30.07,3214.05,7,7,60,1
816,1,1040,4038,5,5,4,73130,84751,-13.71,1909.08,11,90,30,1
762,2,2844,3635,12,5,4,107912,84751,27.33,2890.49,13,60,45,1
522,1,2857,7859,6,3,3,92892,87105,6.64,3946.25,2,90,14,0
459,3,613,463,4,5,3,91228,87105,4.73,10678.36,14,180,3,1
417,2,2610,8970,5,4,1,12085,15324,-21.14,966.82,8,365,45,1
387,1,2791,6687,6,3,1,13620,15324,-11.12,1621.24,8,90,3,0
319,3,876,1188,11,4,2,23828,47784,-50.13,972.65,7,180,7,1
666,2,2081,538,4,5,2,16806,47784,-64.83,1919.93,9,30,30,0
548,1,1567,8279,5,5,3,76069,87105,-12.67,1996.93,12,60,30,0
17,2,2631,3517,10,4,2,46979,47784,-1.68,520.42,14,15,3,0
527,1,2448,9188,4,5,1,6897,15324,-54.99,342.3,7,90,7,1
37,3,2091,8125,3,3,2,75285,47784,57.55,1002.54,14,30,60,1
886,2,2796,2708,10,4,4,76304,84751,-9.97,2752.28,9,7,14,1
960,1,922,8610,5,5,4,33183,84751,-60.85,1010.02,13,180,3,1
545,3,2731,7797,5,5,3,67052,87105,-23.02,1277.62,3,0,7,1
438,3,597,1007,7,3,5,89590,73230,22.34,870.29,8,180,45,1
945,2,130,9495,6,3,4,29369,84751,-65.35,400.17,6,7,7,1
911,2,630,1402,2,3,2,64617,47784,35.23,4987.39,6,90,7,1
699,3,2571,5599,1,5,3,54709,87105,-37.19,4061.7,13,0,60,1
476,3,2182,5093,10,5,5,71116,73230,-2.89,226.77,13,7,30,1
837,3,486,7470,7,5,5,101862,73230,39.1,1632.64,7,730,14,0
380,1,2535,1918,3,5,3,109322,87105,25.51,769.84,12,730,30,0
357,1,2078,3443,8,3,4,109835,84751,29.6,7869.93,9,15,60,1
853,1,2628,6307,12,2,5,21488,73230,-70.66,768.33,2,0,7,0
506,1,1883,9524,10,3,4,126374,84751,49.11,4930.69,12,7,3,1
70,2,1484,6886,4,2,5,82520,73230,12.69,1774.83,13,0,90,0
368,2,2842,3482,12,4,3,100659,87105,15.56,1361.52,7,30,45,1
910,3,2241,5199,6,2,5,66450,73230,-9.26,5264.79,2,60,60,1
104,2,1851,7276,11,3,1,14473,15324,-5.55,137.52,14,365,14,0
804,1,760,3663,4,5,5,61911,73230,-15.46,3378.67,2,365,90,0
748,3,427,5138,4,4,4,80493,84751,-5.02,3265.49,6,180,45,0
42,2,2839,4216,10,4,5,113362,73230,54.8,8259.14,14,15,90,0
464,3,2916,9396,9,5,3,40381,87105,-53.64,1288.39,5,0,60,1
180,3,1901,1198,11,3,1,11452,15324,-25.27,835.75,5,730,7,1
50,2,263,1644,1,5,1,23675,15324,54.5,963.09,2,365,60,1
288,2,2418,3275,3,4,4,128946,84751,52.15,4085.43,7,7,90,0
502,2,703,1148,5,4,2,42914,47784,-10.19,1544.17,2,365,30,0
426,3,217,1391,5,4,4,57497,84751,-32.16,1630.36,5,180,45,1
583,1,1155,3996,2,4,4,115637,84751,36.44,4338.23,12,60,90,1
236,2,305,5637,1,3,2,38173,47784,-20.11,3081.06,11,180,90,1
439,3,206,774,1,3,1,15306,15324,-0.12,306.82,3,30,14,0
40,3,2159,7966,9,2,5,84894,73230,15.93,575.79,3,180,30,0
690,1,2198,7272,12,4,2,34889,47784,-26.99,3184.53,14,730,90,0
965,2,784,7379,6,3,3,102407,87105,17.57,2367.49,6,15,7,1
236,1,2553,5263,8,3,4,40105,84751,-52.68,3817.27,10,0,14,0
772,2,1480,8978,7,2,1,23074,15324,50.57,1617.87,12,180,30,1
953,2,936,8723,8,2,1,5841,15324,-61.88,611.06,5,730,60,1
317,2,572,2480,9,4,5,31311,73230,-57.24,613.84,8,30,45,0
543,2,1209,7199,11,4,2,64759,47784,35.52,674.75,6,730,3,0
88,2,953,3301,8,4,1,15675,15324,2.29,1308.86,11,0,3,0
936,3,99,3188,5,4,2,16699,47784,-65.05,1167.99,2,0,90,0
874,1,1712,3310,2,3,4,123551,84751,45.78,3224.83,4,365,45,1
951,1,2637,4582,12,3,2,36319,47784,-23.99,136.74,11,0,60,0
423,3,2342,1771,6,3,1,22480,15324,46.7,1106.72,3,30,90,1
221,1,520,1544,11,5,2,53242,47784,11.42,2062.41,2,7,3,1
695,2,1906,8400,6,2,1,16259,15324,6.1,878.08,7,30,7,1
220,3,743,3351,6,5,3,136963,87105,57.24,12299.75,2,365,30,0
944,1,877,7592,6,5,3,99284,87105,13.98,11331.03,8,0,90,0
646,2,624,9492,11,4,1,7317,15324,-52.25,783.41,2,15,14,0
692,1,1565,2111,12,4,1,8904,15324,-41.9,148.07,10,30,90,0
941,3,194,8350,7,4,4,97023,84751,14.48,3560.09,5,180,45,0
928,3,1035,4266,5,5,3,57512,87105,-33.97,2181.11,14,15,60,1
134,2,885,3850,5,2,2,36373,47784,-23.88,1544.84,13,90,30,1
767,1,2978,7223,8,4,3,58157,87105,-33.23,5817.31,7,730,3,0
752,3,2567,5519,4,2,5,28184,73230,-61.51,3052.68,9,30,3,0
47,2,63,6452,4,4,2,78993,47784,65.31,3205.45,8,90,90,0
545,1,1183,9497,5,4,4,59847,84751,-29.38,6170.55,14,60,7,1
626,2,167,6110,10,5,3,83575,87105,-4.05,7247.56,5,7,30,1
828,1,1912,1902,7,3,4,36177,84751,-57.31,2149.47,10,365,3,0
115,3,2841,4528,4,3,2,41856,47784,-12.41,2077.6,6,30,90,1
747,3,1507,1145,3,4,2,71307,47784,49.23,8101.51,2,60,30,1
402,2,319,7942,7,2,2,48212,47784,0.9,2432.74,6,0,30,1
61,3,1688,2261,12,3,5,60665,73230,-17.16,7083.44,14,7,45,1
668,3,2150,2346,8,3,3,44820,87105,-48.54,3079.63,8,30,14,0
359,3,756,7243,2,3,3,43632,87105,-49.91,867.08,8,730,7,1
425,1,2469,531,12,2,3,76000,87105,-12.75,3667.44,13,0,45,0
333,2,2468,2122,5,2,2,39419,47784,-17.51,806.31,2,90,30,0
142,3,210,5720,9,5,1,6867,15324,-55.19,383.62,8,15,90,1
836,1,1881,8864,6,5,5,87172,73230,19.04,483.05,5,0,7,1
997,3,1199,9499,10,5,5,29519,73230,-59.69,514.78,13,180,45,1
823,2,245,2701,10,3,1,23939,15324,56.22,2055.12,3,0,3,0
790,3,1940,6976,10,4,2,30533,47784,-36.1,518.02,9,30,90,1
307,2,69,4483,6,3,3,87972,87105,1.0,9482.55,3,365,7,1
783,1,265,5943,1,5,1,20903,15324,36.41,1397.21,4,730,45,0
310,2,281,5347,10,5,3,49193,87105,-43.52,1683.82,10,180,7,1
381,1,1780,1325,7,3,1,5610,15324,-63.39,626.79,9,90,45,0
558,1,2170,4804,12,2,4,114045,84751,34.56,8289.45,12,60,90,0
754,1,1400,3332,3,4,1,12957,15324,-15.45,148.57,9,730,3,0
608,1,1742,4963,5,4,2,49935,47784,4.5,4682.38,7,7,7,1
331,1,299,2101,4,3,3,91542,87105,5.09,10906.06,3,365,90,0
512,3,2258,78,7,5,3,95197,87105,9.29,6069.29,5,90,7,0
959,3,552,4083,11,5,5,79529,73230,8.6,8721.92,3,60,90,1
453,2,449,2464,4,5,3,122162,87105,40.25,10001.26,7,7,30,0
225,3,1727,1488,2,4,2,46322,47784,-3.06,4582.12,10,30,7,0
198,3,2708,2835,4,5,5,50126,73230,-31.55,1673.79,6,15,14,1
793,2,2182,6890,9,5,1,10572,15324,-31.01,551.44,7,365,3,0
957,2,109,6726,12,2,4,138197,84751,63.06,3759.69,8,30,14,1
991,1,952,6106,8,5,4,84840,84751,0.11,6557.38,12,365,14,1
261,3,163,9455,12,5,4,130742,84751,54.27,611.49,14,7,14,0
650,3,2830,4969,8,4,5,42644,73230,-41.77,4991.75,7,730,60,1
916,3,332,8304,9,5,5,92827,73230,26.76,3393.08,13,180,7,1
593,2,2916,1716,7,2,4,121199,84751,43.01,1008.69,12,15,30,1
949,3,504,4786,2,4,5,35293,73230,-51.81,4196.78,3,180,3,0
785,2,1523,1022,5,4,3,115363,87105,32.44,7454.22,2,365,60,0
648,1,875,5727,11,4,2,17523,47784,-63.33,1244.19,14,60,3,0
963,2,753,7788,12,2,2,35928,47784,-24.81,1122.43,3,60,30,0
955,3,2555,4026,1,4,1,10323,15324,-32.64,701.67,10,365,30,0
108,3,1211,6581,11,5,5,61677,73230,-15.78,1862.09,10,90,14,1
220,3,645,4198,4,3,2,46218,47784,-3.28,3407.37,14,7,14,0
604,2,393,1933,12,3,1,12376,15324,-19.24,260.49,14,30,30,0
834,1,1438,2811,9,3,5,103520,73230,41.36,8982.96,8,15,7,0
368,2,1967,745,11,5,1,5109,15324,-66.66,406.81,7,365,30,1
446,3,2860,468,10,5,1,8010,15324,-47.73,107.68,4,365,7,0
452,1,390,8386,11,3,4,94969,84751,12.06,9712.42,2,90,3,0
929,3,514,5803,9,5,1,24132,15324,57.48,343.93,8,7,3,1
194,1,1165,827,9,5,5,114665,73230,56.58,6822.62,2,365,60,0
665,3,2179,7705,7,3,3,53687,87105,-38.37,5357.86,2,365,30,1
96,1,1017,6232,1,4,4,36240,84751,-57.24,4039.81,3,365,60,0
15,2,1641,1235,10,4,4,81517,84751,-3.82,9344.25,5,0,30,0
866,1,2645,5241,10,4,5,43505,73230,-40.59,515.42,9,90,60,1
131,3,548,8951,1,3,3,142878,87105,64.03,1493.33,14,30,14,1
588,3,1034,5371,7,4,1,17449,15324,13.87,1726.04,13,90,30,0
631,2,102,4991,2,2,3,68263,87105,-21.63,2932.32,11,0,7,1
786,1,879,9009,2,2,5,115493,73230,57.71,4248.09,9,180,60,0
366,1,1513,3283,2,3,2,33437,47784,-30.02,407.26,10,15,7,0
840,2,2963,3675,11,5,1,23729,15324,54.85,749.5,14,60,45,1
315,3,2130,3208,6,4,1,12499,15324,-18.44,330.97,9,365,3,1
627,2,470,5609,4,4,2,41963,47784,-12.18,112.77,14,0,3,1
176,3,2004,4792,1,4,5,95605,73230,30.55,7452.78,5,0,90,0
376,3,154,1893,7,3,4,40218,84751,-52.55,4112.25,12,730,60,1
154,3,224,7604,1,2,2,26412,47784,-44.73,2416.83,14,7,7,1
25,2,1088,4382,6,2,5,81737,73230,11.62,5564.91,14,90,14,1
346,2,98,3147,12,2,2,58340,47784,22.09,3525.74,5,30,60,1
807,3,2645,5528,4,4,3,87016,87105,-0.1,6260.81,11,30,7,1
111,3,2142,8988,11,2,2,37893,47784,-20.7,2088.61,12,0,90,0
796,3,2592,6709,3,3,3,138812,87105,59.36,2602.06,5,365,14,0
785,3,1807,8756,1,4,2,18059,47784,-62.21,121.6,7,60,45,1
429,1,337,7018,4,5,2,26904,47784,-43.7,1081.54,12,180,14,1
800,2,1872,3951,3,2,5,72885,73230,-0.47,6715.37,6,30,7,0
554,3,1715,4342,3,5,3,127279,87105,46.12,14708.65,7,180,14,1
161,1,740,327,10,2,2,70213,47784,46.94,1278.18,10,90,90,0
355,1,2815,7269,5,3,5,50727,73230,-30.73,528.6,12,60,7,1
137,3,2190,169,1,3,3,41164,87105,-52.74,1001.78,11,180,14,1
28,3,168,7325,11,2,2,65129,47784,36.3,6307.0,5,180,90,0
305,1,2314,7359,6,2,2,43955,47784,-8.01,104.74,9,90,14,0
910,2,1994,9258,2,4,2,40099,47784,-16.08,3909.74,9,180,90,1
9,1,1251,7483,11,3,4,78230,84751,-7.69,726.1,5,30,60,1
260,1,159,2515,7,4,4,39310,84751,-53.62,1070.07,4,365,90,0
950,3,1340,8726,2,3,2,25805,47784,-46.0,2778.06,2,7,14,0
791,1,1819,1956,2,4,3,78020,87105,-10.43,6910.82,7,60,30,1
736,1,866,2687,7,3,2,39633,47784,-17.06,1424.5,2,90,30,0
918,1,1548,151,12,4,4,127197,84751,50.08,5526.31,12,90,30,1
413,2,760,8172,12,4,4,28209,84751,-66.72,2709.19,6,30,14,0
453,3,1792,4594,3,2,2,32952,47784,-31.04,1315.69,7,30,60,1
428,1,1656,9990,4,2,2,41810,47784,-12.5,2670.68,11,180,7,1
415,3,2520,6079,6,2,2,62991,47784,31.82,1880.66,11,15,90,0
189,1,1886,8266,10,2,4,130736,84751,54.26,2742.39,11,30,30,1
204,3,1413,449,1,2,3,80252,87105,-7.87,1600.59,12,60,14,0
144,3,1115,7621,4,2,5,105352,73230,43.86,9778.21,5,15,30,0
80,1,350,2474,9,2,1,16642,15324,8.6,1892.2,10,730,30,0
271,3,949,742,12,4,1,21471,15324,40.11,1412.48,5,180,45,1
420,1,890,468,12,5,3,50399,87105,-42.14,39.68,4,30,14,0
14,3,847,1341,8,2,4,91937,84751,8.48,8611.85,12,730,90,1
77,3,1776,4565,1,2,1,7439,15324,-51.46,382.8,8,365,90,1
642,1,2057,7596,5,4,5,22203,73230,-69.68,206.56,14,60,30,0
34,2,2404,6783,2,3,5,80444,73230,9.85,5842.59,13,730,3,1
260,2,819,2033,8,2,1,5000,15324,-67.37,379.6,6,7,30,0
827,1,1207,6443,6,3,5,103964,73230,41.97,12410.55,9,30,60,0
483,2,1058,143,5,5,1,19593,15324,27.86,2302.39,2,7,3,1
184,1,1672,1960,8,5,3,118509,87105,36.05,5609.18,10,180,7,1
482,2,2761,2479,4,3,5,58571,73230,-20.02,2904.1,9,15,45,1
661,1,2604,583,8,4,5,50364,73230,-31.22,3545.44,10,365,7,1
266,1,492,454,3,2,1,15377,15324,0.35,762.12,9,60,14,1
848,3,2683,3087,10,5,3,124635,87105,43.09,12571.23,10,90,60,1
901,2,1306,3118,1,4,3,73102,87105,-16.08,5775.75,3,7,60,1
135,2,277,6071,9,2,2,72857,47784,52.47,1198.31,5,365,90,0
274,1,372,5309,10,3,1,9641,15324,-37.09,895.64,13,180,45,0
553,2,97,4508,8,3,3,39873,87105,-54.22,2777.94,13,365,7,1
774,2,1496,3192,5,4,5,56338,73230,-23.07,5021.17,3,90,14,1
114,3,953,9706,5,5,4,63820,84751,-24.7,3464.21,7,180,3,0
235,1,2738,6516,5,2,1,16702,15324,8.99,1315.42,6,0,14,1
385,2,1873,725,12,4,1,14684,15324,-4.18,711.73,13,7,45,0
788,1,1561,6281,6,3,1,23106,15324,50.78,370.19,4,90,90,1
217,3,1620,6979,12,3,2,38032,47784,-20.41,3117.16,7,30,14,1
933,3,1066,1553,2,3,4,137410,84751,62.13,3634.95,3,60,3,0
106,2,2391,7369,5,4,4,77185,84751,-8.93,4528.2,13,90,14,1
873,2,2214,2982,5,3,2,38379,47784,-19.68,3581.95,9,30,7,0
979,1,795,3649,10,4,1,12182,15324,-20.5,972.12,4,730,30,0
189,3,2398,9651,1,4,1,19211,15324,25.37,2220.35,12,180,90,1
681,2,1861,4565,12,2,3,39012,87105,-55.21,173.47,3,7,45,0
421,3,630,5153,12,4,1,19666,15324,28.33,882.51,8,365,30,0
113,3,741,8579,10,4,3,96676,87105,10.99,5413.49,12,730,30,0
778,1,2217,9142,9,2,4,81780,84751,-3.51,128.96,11,180,90,0
797,1,443,9759,9,3,4,139285,84751,64.35,15470.96,7,15,7,0
54,1,2499,7216,2,5,2,23832,47784,-50.13,458.55,13,730,7,1
6,3,2703,8960,7,3,1,19244,15324,25.58,1541.63,14,90,14,0
428,1,1051,914,8,3,3,63038,87105,-27.63,4966.22,6,7,90,0
905,2,688,853,10,4,5,103034,73230,40.7,11213.39,11,730,60,1
304,1,1491,2937,8,5,3,99391,87105,14.1,40.06,10,7,3,1
516,2,1272,4540,1,3,1,8668,15324,-43.44,708.89,7,60,45,1
770,3,47,820,7,5,1,15586,15324,1.71,1011.45,5,7,45,1
788,3,2587,7143,7,2,2,38991,47784,-18.4,3291.42,11,180,7,1
456,1,950,7316,5,3,4,63575,84751,-24.99,605.36,7,30,3,1
931,1,961,814,10,4,3,42391,87105,-51.33,4370.77,3,180,3,1
801,2,1048,1386,10,3,5,64815,73230,-11.49,6688.95,3,365,45,1
871,2,2158,1587,9,2,4,84279,84751,-0.56,1061.04,14,60,90,0
83,2,608,3512,5,5,4,103955,84751,22.66,10376.41,9,180,60,1
994,3,350,337,9,2,1,18478,15324,20.58,1252.46,4,90,3,0
161,1,517,1940,3,2,5,30766,73230,-57.99,3433.92,10,7,30,1
817,1,1593,9578,1,3,2,74267,47784,55.42,6098.66,2,180,3,0
514,1,2401,5256,10,4,1,11462,15324,-25.2,959.74,4,0,60,1
79,2,2434,711,6,4,5,49823,73230,-31.96,4027.94,7,30,3,1
6,1,2487,9633,4,5,2,31138,47784,-34.84,418.47,9,0,3,1
489,2,688,1657,8,4,4,44262,84751,-47.77,793.67,10,30,60,0
118,2,140,9127,10,4,5,83843,73230,14.49,2911.01,14,730,14,0
57,2,266,4971,10,5,2,31820,47784,-33.41,1843.01,3,30,30,0
935,3,1866,2146,1,3,3,112226,87105,28.84,6094.71,12,90,90,0
620,2,1520,8494,4,5,5,57202,73230,-21.89,29.53,11,730,7,0
175,3,2171,6527,12,4,4,53562,84751,-36.8,1412.49,12,0,3,0
249,2,1446,2793,9,2,5,41451,73230,-43.4,3230.38,12,7,60,0
121,2,2264,7665,7,2,1,17525,15324,14.36,1073.42,4,60,3,1
881,2,1071,9349,2,3,3,116265,87105,33.48,11843.98,3,7,45,0
466,3,2243,8283,11,4,3,135964,87105,56.09,770.81,5,0,60,1
101,2,1544,8327,3,5,4,95048,84751,12.15,7124.24,7,15,7,1
312,3,1484,9963,9,3,2,64092,47784,34.13,1856.45,9,0,14,1
596,1,1462,8239,7,5,5,35386,73230,-51.68,94.01,6,0,30,0
448,3,1783,2493,11,4,2,27858,47784,-41.7,607.04,2,730,45,0
23,2,1283,3707,8,3,3,61330,87105,-29.59,83.58,11,15,3,0
816,3,989,305,11,4,5,118948,73230,62.43,2424.76,4,730,30,1
546,1,130,5059,7,3,4,29438,84751,-65.27,3331.28,3,730,3,0
408,1,697,9401,4,2,2,58524,47784,22.48,730.14,14,365,45,1
615,3,298,9491,2,3,1,8253,15324,-46.14,946.67,3,7,60,1
484,1,2412,4469,5,3,5,51994,73230,-29.0,3860.91,3,365,60,0
934,3,2814,298,10,3,4,39725,84751,-53.13,2642.47,12,0,60,0
919,2,902,8693,5,2,5,96583,73230,31.89,330.22,2,15,30,1
101,2,2765,6243,11,3,1,10919,15324,-28.75,977.67,14,730,7,1
419,1,1090,288,9,2,2,45423,47784,-4.94,495.95,9,90,45,0
171,3,1550,9280,10,2,3,76852,87105,-11.77,7013.97,4,730,30,0
31,2,832,7315,1,3,2,33681,47784,-29.51,657.77,6,90,30,0
579,2,639,1068,3,5,1,20778,15324,35.59,1478.78,7,7,3,1
888,1,2519,8875,1,2,2,45489,47784,-4.8,3978.01,4,15,60,0
286,3,252,4744,10,4,1,6942,15324,-54.7,82.75,4,60,7,0
34,1,2064,5979,1,4,2,34313,47784,-28.19,861.57,12,7,90,0
965,2,2347,2992,4,4,4,30389,84751,-64.14,1459.92,9,730,90,1
194,2,2883,8149,5,5,1,9896,15324,-35.42,554.52,3,365,14,1
161,2,1436,5861,1,5,3,56818,87105,-34.77,2384.46,8,7,30,1
630,2,727,1386,10,2,1,6935,15324,-54.74,496.05,7,730,3,1
107,2,1077,8692,2,2,3,122976,87105,41.18,478.63,2,30,14,1
169,3,2400,9700,1,3,5,118005,73230,61.14,7965.15,5,60,60,0
754,2,798,7580,5,3,4,69992,84751,-17.41,211.57,4,90,7,1
585,3,916,5441,4,2,4,97264,84751,14.76,734.92,11,15,60,1
852,2,2524,1770,4,4,2,71291,47784,49.19,6924.57,2,60,30,1
231,2,1457,9658,5,5,1,15753,15324,2.8,797.74,7,730,3,1
328,1,1516,8008,9,2,5,33668,73230,-54.02,2275.37,2,0,30,0
865,2,1819,493,8,5,5,26083,73230,-64.38,2523.49,14,30,3,1
436,2,95,8814,5,5,4,90535,84751,6.82,129.66,5,90,90,1
87,2,561,7282,12,5,5,97760,73230,33.5,470.68,4,30,45,0
520,3,1599,1054,6,5,2,34743,47784,-27.29,935.18,6,7,60,0
99,2,653,4446,9,3,3,110076,87105,26.37,13094.29,9,15,45,0
108,3,933,9650,12,5,4,108610,84751,28.15,12644.44,14,30,45,1
96,3,1828,59,9,3,1,23693,15324,54.61,2751.89,2,730,90,1
12,2,385,8231,4,3,2,52408,47784,9.68,5606.21,13,15,45,0
443,1,1872,9674,8,5,3,131971,87105,51.51,3772.21,2,60,14,0
880,1,410,8415,2,2,1,12287,15324,-19.82,258.42,10,7,45,0
619,1,2881,7908,11,5,4,44596,84751,-47.38,1906.91,3,15,3,1
722,3,2419,1533,1,5,5,74656,73230,1.95,1698.81,7,0,30,1
44,1,332,996,4,2,1,10564,15324,-31.06,941.79,14,60,30,0
716,1,2353,6412,1,4,2,27720,47784,-41.99,1342.72,7,60,45,1
104,2,1084,9052,2,3,2,71679,47784,50.01,8351.08,2,90,45,0
532,3,1164,9153,10,5,3,39038,87105,-55.18,2493.43,10,90,30,0
241,2,1560,5652,6,3,2,48846,47784,2.22,3072.85,14,365,7,1
446,1,219,9936,3,3,2,28074,47784,-41.25,2596.76,10,90,60,1
999,2,1532,8259,1,3,1,15097,15324,-1.48,289.43,2,0,60,1
839,1,1495,7386,7,5,2,80750,47784,68.99,1485.77,8,90,60,1
433,2,2219,8684,11,4,3,96083,87105,10.31,1998.75,4,90,7,0
435,1,2774,2190,11,3,5,43284,73230,-40.89,74.09,11,0,3,1
955,3,1587,8491,7,5,4,44489,84751,-47.51,271.21,13,180,3,1
932,1,1319,3106,4,2,2,41024,47784,-14.15,3930.97,9,90,45,1
676,3,1221,7376,4,4,5,68558,73230,-6.38,3622.83,4,180,7,1
363,1,2754,2431,12,5,5,33840,73230,-53.79,1600.94,2,30,7,1
118,1,1154,5534,6,2,1,18708,15324,22.08,289.82,5,15,45,1
985,2,2412,5989,6,5,2,15165,47784,-68.26,1621.53,8,15,14,1
603,1,550,7450,3,4,2,15606,47784,-67.34,1054.77,3,15,7,0
570,2,781,1552,2,5,2,24912,47784,-47.87,1705.24,12,30,30,1
538,2,577,4005,6,4,3,32129,87105,-63.11,445.08,8,60,90,0
205,1,2016,356,7,5,2,57419,47784,20.16,2080.67,5,15,3,0
577,3,2176,2810,11,5,1,9774,15324,-36.22,760.12,11,7,60,0
923,3,2250,1096,4,5,4,119805,84751,41.36,10324.11,6,365,30,0
613,1,2163,6104,5,5,4,102703,84751,21.18,2043.53,3,60,60,0
441,1,2927,1923,4,4,4,82740,84751,-2.37,2813.83,13,180,3,0
964,3,1400,652,2,2,1,21087,15324,37.61,2373.15,13,730,7,1
77,2,2290,2263,3,2,3,47943,87105,-44.96,2969.75,6,0,30,1
623,2,2875,6488,7,2,5,79816,73230,8.99,2839.88,12,60,60,1
900,3,2260,9942,3,2,2,77802,47784,62.82,851.26,13,60,90,1
662,1,1486,4965,12,4,2,53499,47784,11.96,5094.82,3,7,3,0
917,1,1739,793,11,2,1,5347,15324,-65.11,591.77,6,90,30,1
726,2,2242,4206,3,2,3,75955,87105,-12.8,5175.45,6,365,7,0
726,3,990,3686,7,5,5,43838,73230,-40.14,4073.49,10,30,30,1
394,3,1522,9680,9,4,2,20861,47784,-56.34,1807.25,12,180,14,1
312,2,542,2082,6,3,5,68942,73230,-5.86,7070.79,10,90,45,0
258,2,1009,5974,2,4,1,23304,15324,52.08,466.48,4,730,30,1
313,2,2634,9448,10,2,5,70484,73230,-3.75,5345.57,6,180,45,0
394,1,804,8208,9,5,1,6990,15324,-54.39,833.58,11,15,30,1
462,3,2653,832,12,4,4,94883,84751,11.96,9871.74,7,365,3,1
574,2,793,3289,7,4,5,114701,73230,56.63,9799.45,10,730,3,0
473,2,497,2586,1,2,2,80313,47784,68.08,1406.5,13,730,14,0
663,3,2761,9792,8,2,2,73113,47784,53.01,2105.86,11,365,14,0
188,3,609,9225,1,4,3,42859,87105,-50.8,4863.27,13,30,14,0
783,2,119,6300,7,5,2,26134,47784,-45.31,1389.22,13,30,30,0
340,1,1223,7266,5,5,4,99710,84751,17.65,5626.8,9,60,45,1
961,2,221,4177,5,2,2,35938,47784,-24.79,3557.16,9,730,7,1
158,2,2787,7638,8,5,2,72674,47784,52.09,8235.88,3,180,3,1
623,2,2955,1388,6,3,2,26652,47784,-44.22,1826.0,2,90,60,1
387,3,919,8279,1,5,5,29736,73230,-59.39,2447.04,7,30,60,0
613,2,161,3264,8,5,1,6581,15324,-57.05,82.06,9,90,7,1
736,2,2358,3080,2,3,3,43263,87105,-50.33,939.3,5,180,60,0
835,1,2499,3080,8,5,4,41075,84751,-51.53,2496.93,14,730,30,1
859,1,2088,6687,11,3,5,63788,73230,-12.89,5154.13,4,0,90,1
355,1,1290,8478,1,5,2,53464,47784,11.89,3683.17,10,7,30,0
657,2,490,772,1,4,2,62737,47784,31.29,7236.4,3,0,14,0
433,1,493,1963,9,5,5,53476,73230,-26.98,2963.53,2,730,30,1
853,2,1531,7792,12,3,3,39877,87105,-54.22,3820.16,2,7,30,0
758,1,46,916,3,3,3,136090,87105,56.24,8640.51,12,0,14,1
809,1,2698,810,5,2,4,26570,84751,-68.65,535.11,14,365,14,0
872,1,315,1911,9,2,3,80574,87105,-7.5,6145.57,14,15,30,0
659,2,511,6596,11,3,4,64778,84751,-23.57,4553.41,8,0,45,1
677,1,2069,6354,2,3,1,8471,15324,-44.72,508.92,9,730,60,0
652,1,1801,3502,8,4,1,20206,15324,31.86,1824.06,13,30,90,0
521,2,916,918,4,2,2,58008,47784,21.4,1872.83,2,15,3,0
923,3,2584,9200,10,4,3,115238,87105,32.3,10957.02,9,7,45,0
508,1,1055,7578,6,3,1,18258,15324,19.15,1897.27,13,0,45,1
416,2,1209,6997,3,3,3,132664,87105,52.3,7567.82,11,60,90,0
160,2,986,2008,12,3,1,17288,15324,12.82,309.63,7,15,45,0
257,3,875,8008,8,4,4,50586,84751,-40.31,5518.61,4,7,3,1
830,1,375,6724,7,3,2,26916,47784,-43.67,905.17,10,0,30,1
570,3,737,1224,8,4,3,130187,87105,49.46,14392.4,12,7,3,0
696,1,1650,2095,7,2,2,66794,47784,39.78,7190.16,9,7,14,1
524,3,678,1205,3,5,4,25693,84751,-69.68,862.72,6,90,60,1
241,1,1250,5384,12,5,1,14154,15324,-7.64,46.45,2,15,60,1
499,3,1304,388,7,4,1,16621,15324,8.46,433.68,3,90,90,1
461,2,1212,8148,3,5,5,32176,73230,-56.06,195.07,8,30,45,1
629,1,398,2206,7,4,3,95076,87105,9.15,10125.68,2,15,90,0
212,2,814,3944,10,5,1,17658,15324,15.23,576.64,11,365,7,1
394,3,2191,2335,6,2,3,65815,87105,-24.44,4122.03,9,0,3,0
960,1,2693,4536,11,5,2,16876,47784,-64.68,118.72,9,7,90,0
789,1,561,9913,2,4,5,89876,73230,22.73,8588.34,12,90,3,1
701,1,1360,4099,7,4,1,5145,15324,-66.43,293.47,7,365,30,0
970,2,228,2255,12,4,4,60150,84751,-29.03,4784.22,4,365,30,1
103,1,1707,3438,4,5,3,84708,87105,-2.75,5711.21,8,90,90,0
985,3,327,3202,6,5,1,19197,15324,25.27,586.09,3,60,14,1
673,1,1056,4569,11,2,1,10648,15324,-30.51,1029.46,8,180,7,0
781,3,1034,6597,5,4,4,61141,84751,-27.86,718.04,13,15,3,1
819,2,1008,2879,1,3,4,80136,84751,-5.45,2975.58,5,60,60,0
120,2,2268,3095,5,3,3,85321,87105,-2.05,1900.66,2,60,14,1
694,2,2481,5948,6,4,5,47236,73230,-35.5,2255.07,9,15,30,1
991,2,1511,5036,8,2,1,13318,15324,-13.09,293.88,2,15,60,0
49,2,1868,7042,10,5,5,32767,73230,-55.25,3590.52,7,60,60,1
39,2,2203,9970,7,3,1,8383,15324,-45.29,176.4,13,15,7,0
784,3,1655,2538,2,5,3,79885,87105,-8.29,8469.77,14,0,7,0
917,2,2869,3459,9,5,2,49177,47784,2.92,4602.6,11,730,45,0
421,3,457,9865,7,2,5,31620,73230,-56.82,1550.6,6,0,90,1
473,2,1980,1567,3,3,3,65877,87105,-24.37,5513.94,12,730,30,0
191,1,2943,7051,6,4,4,104335,84751,23.11,1878.82,2,15,60,0
729,1,104,555,10,2,3,118935,87105,36.54,7802.64,3,730,7,1
297,1,1320,3409,10,2,4,105442,84751,24.41,10436.35,8,180,60,0
750,3,157,5793,10,3,1,20921,15324,36.52,1315.47,3,7,14,0
322,3,2904,903,1,4,5,83926,73230,14.61,5666.09,14,180,14,0
399,3,1465,1095,9,4,1,7448,15324,-51.4,299.35,10,7,60,1
175,3,2387,6190,11,4,3,113888,87105,30.75,2930.78,6,365,30,0
896,1,1846,7570,9,5,5,90424,73230,23.48,8014.33,7,365,60,1
543,1,806,1972,3,3,3,61651,87105,-29.22,4928.56,2,730,90,1
912,1,2048,9754,4,2,2,41833,47784,-12.45,4204.31,7,365,3,0
343,1,2638,9478,9,4,4,127360,84751,50.28,2224.22,7,730,90,1
537,1,2825,9482,1,4,2,35458,47784,-25.8,2256.83,3,60,45,0
862,2,2790,9676,8,3,5,88274,73230,20.54,723.41,12,730,7,1
682,3,467,6676,8,5,4,116555,84751,37.53,7644.44,14,15,90,1
159,2,672,7497,2,4,3,143696,87105,64.97,55.4,7,30,45,1
551,1,2120,4678,5,4,2,21625,47784,-54.74,1728.04,11,730,3,1
205,3,403,8997,9,2,4,132163,84751,55.94,11102.01,9,60,45,1
401,2,823,6976,6,4,3,129131,87105,48.25,2657.37,9,180,30,0
753,1,2506,3616,1,5,1,15624,15324,1.96,682.97,4,30,7,1
110,2,1678,4029,3,2,1,14921,15324,-2.63,112.79,10,60,30,1
348,2,1196,6288,9,5,1,5000,15324,-67.37,281.82,2,90,30,1
499,3,2527,1260,3,5,2,14805,47784,-69.02,1061.63,7,180,14,0
291,3,2736,4413,1,3,1,10737,15324,-29.93,173.35,13,60,14,1
497,3,2182,8767,3,3,5,100867,73230,37.74,11646.99,10,30,60,0
212,2,1570,6324,8,4,2,18622,47784,-61.03,740.68,6,730,7,0
286,1,935,3237,12,2,2,53995,47784,13.0,4339.15,5,15,90,1
706,3,2054,5759,11,5,4,76364,84751,-9.9,8716.67,8,730,14,0
871,2,225,830,8,4,5,93146,73230,27.2,994.71,5,90,14,1
35,2,121,1864,6,4,1,10666,15324,-30.4,627.91,6,60,30,1
571,3,93,8926,1,2,3,144299,87105,65.66,4096.29,4,365,90,1
779,2,2098,5670,2,4,4,133899,84751,57.99,10646.93,12,90,14,1
385,2,1691,1744,3,3,3,138958,87105,59.53,6300.3,14,15,3,1
32,3,1956,9820,6,3,4,48626,84751,-42.62,8.37,7,60,14,0
794,3,1007,7835,5,2,1,23533,15324,53.57,1963.76,8,15,30,1
607,3,2132,808,8,4,3,46220,87105,-46.94,518.72,5,730,90,1
826,1,367,6067,12,5,3,135981,87105,56.11,8876.65,8,60,60,0
983,2,858,2933,5,4,2,27298,47784,-42.87,1629.11,4,60,90,1
127,3,173,2311,3,4,2,39986,47784,-16.32,3039.24,10,7,7,0
128,3,1929,1193,6,5,5,75576,73230,3.2,2994.93,9,0,90,0
836,2,362,3903,8,5,4,29058,84751,-65.71,2600.65,10,30,3,0
959,2,1081,8269,1,4,2,66121,47784,38.37,4285.25,3,90,90,1
140,3,2187,246,4,5,3,133230,87105,52.95,6026.61,11,15,45,0
386,3,253,5017,2,4,2,21602,47784,-54.79,1233.1,8,730,30,0
948,1,2373,7026,10,5,4,42360,84751,-50.02,3853.84,6,0,60,1
195,3,192,7483,2,4,1,10337,15324,-32.54,99.35,14,365,30,1
455,2,1098,2352,10,4,5,67821,73230,-7.39,7327.18,2,365,7,1
746,2,2496,7144,7,3,5,95016,73230,29.75,7800.66,3,0,45,0
595,1,503,9038,8,2,3,100244,87105,15.08,11297.46,12,365,45,1
102,2,2946,2706,5,2,5,94460,73230,28.99,5588.38,6,15,30,0
416,3,905,9405,7,2,1,24944,15324,62.78,0.59,2,60,45,0
591,2,2818,1602,8,5,5,60947,73230,-16.77,2869.02,13,60,30,0
303,1,835,5067,6,3,5,33896,73230,-53.71,2785.66,8,365,3,0
449,3,2491,8173,7,5,3,39768,87105,-54.34,974.12,14,365,14,0
59,1,819,4893,4,2,1,11062,15324,-27.81,533.14,5,365,14,0
189,1,663,6188,4,2,2,43938,47784,-8.05,2198.66,5,90,60,0
917,1,2373,6260,4,4,3,96147,87105,10.38,1492.37,11,60,45,1
798,2,78,7674,1,4,2,44530,47784,-6.81,1056.86,11,365,14,0
227,2,408,4405,1,3,5,22959,73230,-68.65,2029.95,2,7,60,1
487,3,1583,6319,9,3,3,56255,87105,-35.42,1165.6,10,60,45,0
201,1,2776,8451,7,5,3,84441,87105,-3.06,5414.18,5,30,3,0
151,2,2984,2731,6,5,5,111827,73230,52.71,9258.61,9,0,7,1
953,3,534,9172,7,4,2,77326,47784,61.82,6752.98,13,365,30,0
320,1,2758,791,2,2,4,25096,84751,-70.39,1090.43,5,90,90,0
566,2,407,7986,5,2,5,111790,73230,52.66,6367.06,2,30,14,0
647,2,1168,897,8,3,3,37918,87105,-56.47,4121.11,13,0,45,1
46,1,1180,6914,9,5,2,75545,47784,58.1,7269.5,13,365,90,1
236,3,2851,835,10,5,1,14744,15324,-3.78,350.51,8,30,45,0
197,1,830,885,11,3,2,44980,47784,-5.87,4860.16,13,60,3,1
977,3,1426,2956,5,2,5,76048,73230,3.85,732.34,5,730,60,0
817,1,453,8969,5,3,4,131354,84751,54.99,15751.82,4,90,30,0
898,2,442,3438,12,4,4,49197,84751,-41.95,3995.34,13,730,45,1
380,2,2876,8183,6,4,1,17933,15324,17.03,1428.34,12,7,60,1
555,1,645,1849,3,2,3,30634,87105,-64.83,3234.35,5,0,45,0
284,2,618,2990,9,3,4,117273,84751,38.37,1978.57,3,180,45,0
74,1,1027,863,9,2,3,62600,87105,-28.13,4855.14,7,90,3,0
444,1,961,1698,5,4,2,46708,47784,-2.25,2632.94,2,90,45,0
515,1,1379,3058,7,5,3,41982,87105,-51.8,3045.88,6,180,60,1
430,3,1170,8093,5,3,3,37927,87105,-56.46,2960.54,6,15,90,0
156,1,569,7020,1,2,3,95909,87105,10.11,3511.32,9,365,7,1
627,1,1582,6008,12,5,4,100562,84751,18.66,5363.63,6,15,30,0
289,1,510,4303,12,5,4,124370,84751,46.75,7776.44,14,90,60,0
113,2,1256,3578,3,3,4,75548,84751,-10.86,11.87,5,365,3,1
292,1,1028,6530,8,4,2,20143,47784,-57.85,1445.39,12,180,90,1
428,3,1880,4208,9,2,5,58510,73230,-20.1,5335.88,13,30,60,0
46,2,462,6913,3,4,4,137448,84751,62.18,7709.38,13,30,3,0
671,1,397,1678,3,2,1,5000,15324,-67.37,572.49,14,365,3,1
408,2,1787,9711,1,5,3,35174,87105,-59.62,2471.76,4,730,7,0
470,1,789,7728,12,3,2,35980,47784,-24.7,2359.94,12,60,45,1
807,3,1489,8886,12,2,2,28594,47784,-40.16,1893.01,4,180,45,1
120,3,918,1084,7,5,1,22666,15324,47.91,1203.72,2,0,7,1
432,2,126,1834,1,2,2,63580,47784,33.06,2773.82,2,180,60,0
919,2,1726,5783,12,2,4,95538,84751,12.73,234.26,14,60,90,0
443,2,638,2730,11,3,4,120308,84751,41.95,1755.02,8,7,60,0
688,1,1783,7114,7,5,4,91509,84751,7.97,5368.44,8,15,45,1
806,2,1692,2388,10,5,1,9528,15324,-37.82,652.83,10,7,45,1
1,2,216,8315,12,5,4,111746,84751,31.85,9689.21,9,90,90,1
406,3,2068,4585,1,3,3,71840,87105,-17.52,5131.94,6,7,45,0
998,3,660,5807,2,4,3,65222,87105,-25.12,3931.96,7,0,30,1
597,3,1243,3514,12,3,5,33390,73230,-54.4,3335.74,3,90,60,1
629,2,208,9981,10,5,4,85079,84751,0.39,9510.01,14,730,30,0
556,1,2207,4148,4,5,3,42905,87105,-50.74,1426.41,9,0,45,1
370,2,2289,8541,7,5,5,120136,73230,64.05,12543.48,8,15,45,1
952,2,687,2255,1,3,3,41839,87105,-51.97,4920.92,2,60,7,1
280,2,2546,4851,3,3,3,26891,87105,-69.13,2373.17,8,90,7,1
746,1,959,4781,5,5,2,55384,47784,15.9,1129.27,7,90,3,0
527,2,665,9965,5,3,4,123525,84751,45.75,10860.51,11,15,30,0
599,3,891,6174,4,4,4,136023,84751,60.5,13005.39,4,7,14,0
66,2,2645,4939,4,3,5,57492,73230,-21.49,5636.6,7,180,14,1
123,1,2144,8243,9,3,4,107624,84751,26.99,9481.75,12,15,14,0
249,3,1861,3858,10,5,2,48453,47784,1.4,4683.16,4,30,60,0
354,2,1126,3522,1,5,2,39922,47784,-16.45,2996.31,5,365,90,0
23,1,1052,9229,9,4,1,7989,15324,-47.87,216.92,8,0,14,1
875,3,1504,8935,8,4,2,38935,47784,-18.52,4595.17,14,60,7,1
598,1,638,2016,1,2,3,101526,87105,16.56,11908.48,13,730,90,1
764,3,83,2105,12,2,3,68727,87105,-21.1,1034.04,10,180,60,1
984,3,2298,5259,12,3,5,38234,73230,-47.79,208.76,5,7,45,1
715,2,389,9547,2,3,1,15420,15324,0.63,868.27,13,90,30,1
42,1,1057,3713,2,4,1,16184,15324,5.61,262.4,13,730,7,1
347,3,1782,8786,12,4,2,58553,47784,22.54,614.95,4,60,14,0
674,1,2308,9878,10,4,1,21001,15324,37.05,1908.57,2,30,3,0
223,2,721,7025,5,4,2,34993,47784,-26.77,3803.64,5,30,14,1
784,2,1724,3387,3,5,5,65704,73230,-10.28,5181.04,7,30,60,0
431,1,2032,2253,9,3,4,26241,84751,-69.04,11.35,13,60,30,1
419,3,285,1973,9,2,3,49556,87105,-43.11,4322.39,12,15,90,0
759,1,149,3246,9,5,2,30874,47784,-35.39,2059.01,6,30,60,0
680,1,2775,6949,10,3,4,129964,84751,53.35,8015.39,11,365,7,1
697,2,463,9434,11,2,1,8321,15324,-45.7,89.01,12,60,30,1
729,3,1011,1759,3,5,2,19573,47784,-59.04,395.48,12,7,60,0
250,3,2743,6029,1,4,3,98582,87105,13.18,7750.02,8,15,90,1
815,1,1536,3106,10,3,5,78439,73230,7.11,8587.75,10,180,7,0
58,1,459,946,9,2,2,45697,47784,-4.37,3035.66,10,90,3,0
194,3,1591,5679,7,2,3,134334,87105,54.22,5511.42,14,7,45,0
418,3,1198,8333,10,3,4,134934,84751,59.21,13850.96,2,0,60,0
568,3,2714,8951,5,3,5,26292,73230,-64.1,21.89,12,30,3,1
524,1,1263,7428,7,3,2,24918,47784,-47.85,1812.07,2,7,30,0
659,1,451,5022,12,4,2,39127,47784,-18.12,1838.8,13,60,45,1
922,1,362,5176,10,4,3,119225,87105,36.88,4496.27,12,90,30,1
883,2,2052,1865,10,2,5,42544,73230,-41.9,4661.65,4,90,30,0
926,2,1238,3659,5,4,3,107536,87105,23.46,12528.77,8,60,90,0
972,2,1834,6281,7,2,1,17571,15324,14.66,977.83,4,15,60,1
710,1,2678,8341,7,2,4,109634,84751,29.36,2109.81,5,0,90,0
612,3,926,3287,12,4,5,76386,73230,4.31,1272.58,13,90,7,1
337,3,2535,6884,12,5,2,78132,47784,63.51,8216.76,13,60,60,1
699,2,2358,7920,12,4,2,20549,47784,-57.0,2262.39,10,365,45,1
680,2,2279,2862,8,2,1,22352,15324,45.86,1945.16,6,60,90,1
261,3,2539,8423,9,2,3,25566,87105,-70.65,2691.36,11,730,7,0
315,3,1713,9870,4,3,5,101955,73230,39.23,10184.68,13,90,14,1
13,2,2255,2787,4,5,2,20384,47784,-57.34,987.13,13,180,90,1
164,1,1846,5898,3,3,2,69930,47784,46.35,3643.2,12,60,7,0
139,1,2412,452,5,5,1,11694,15324,-23.69,159.93,5,7,45,0
987,3,2608,2758,8,5,5,51833,73230,-29.22,2495.63,3,7,60,1
584,1,835,7537,3,5,5,64268,73230,-12.24,191.99,6,180,3,1
29,3,89,1908,11,4,1,10621,15324,-30.69,60.58,11,180,90,0
23,1,1396,881,7,3,4,66970,84751,-20.98,6871.7,9,730,90,0
773,1,2575,9824,6,2,4,32977,84751,-61.09,1417.45,12,180,14,0
485,1,2487,211,5,3,2,18970,47784,-60.3,463.49,5,0,3,1
602,2,2577,4280,10,4,5,39644,73230,-45.86,1033.04,7,365,3,1
67,1,915,7240,11,3,5,38724,73230,-47.12,2605.85,12,365,3,0
551,3,1350,388,10,5,4,64986,84751,-23.32,2528.19,3,180,3,0
146,3,1239,3732,4,5,3,95690,87105,9.86,9283.01,3,180,14,0
115,2,2978,2170,6,5,3,71882,87105,-17.48,2273.55,12,365,45,0
882,2,1786,9500,2,3,5,39706,73230,-45.78,2977.71,7,60,7,0
165,1,2573,8644,10,2,5,41005,73230,-44.01,2983.98,10,60,90,1
831,3,461,152,9,4,1,9531,15324,-37.8,1118.84,10,60,90,0
85,3,79,7949,6,4,4,46826,84751,-44.75,4601.68,4,0,7,0
409,3,1907,8286,12,4,2,60457,47784,26.52,3976.36,3,30,30,0
589,2,2633,1084,8,3,2,64276,47784,34.51,4040.65,2,0,45,0
757,2,957,8691,4,4,4,89467,84751,5.56,9242.61,12,365,30,1
311,3,433,1602,5,3,4,71346,84751,-15.82,3923.3,10,730,30,0
198,1,556,1535,3,3,2,14138,47784,-70.41,781.73,14,365,60,1
847,1,1257,1841,2,5,4,55072,84751,-35.02,1016.34,2,30,30,0
59,2,2516,4003,7,4,5,32241,73230,-55.97,2195.6,7,60,60,0
932,3,1762,2134,10,5,3,124049,87105,42.41,11112.98,11,0,3,0
138,2,1510,8118,6,2,4,104123,84751,22.86,6518.55,5,7,7,1
792,1,104,4630,11,4,2,57845,47784,21.06,3571.29,7,90,7,1
890,3,2752,1503,3,4,3,26822,87105,-69.21,2402.32,14,15,14,0
838,1,1785,3972,10,4,4,56866,84751,-32.9,5800.33,2,365,30,0
960,3,2226,152,11,2,1,16336,15324,6.6,1809.09,12,365,3,0
804,2,2986,4407,6,5,3,69887,87105,-19.77,2490.22,13,7,45,1
756,1,2444,2352,2,4,1,10541,15324,-31.21,759.44,6,365,7,1
268,1,897,7203,7,3,4,73633,84751,-13.12,8567.86,2,0,60,0
342,1,718,9457,1,2,2,17791,47784,-62.77,872.73,12,15,30,1
819,3,2104,9443,11,5,2,47245,47784,-1.13,3289.25,10,730,14,0
318,3,1681,2642,9,3,5,87520,73230,19.51,3079.37,6,180,14,1
442,1,1489,4731,4,5,2,27416,47784,-42.63,2454.49,3,15,3,0
398,1,2963,7324,2,4,1,22468,15324,46.62,2565.78,2,60,90,1
843,2,2453,3503,7,4,5,29742,73230,-59.39,943.25,7,180,90,1
259,3,1701,4760,11,3,4,115795,84751,36.63,8467.86,3,0,90,1
41,1,2819,410,12,4,2,44415,47784,-7.05,4687.26,5,15,14,0
517,3,2424,6517,12,5,3,36342,87105,-58.28,3031.26,12,15,90,1
922,1,1628,9871,10,4,1,15251,15324,-0.48,843.57,9,365,7,1
454,3,2673,440,11,3,4,138056,84751,62.9,4397.95,14,90,45,1
424,3,1523,6669,6,2,4,134788,84751,59.04,6360.97,3,7,45,0
690,2,2926,7325,11,5,3,84692,87105,-2.77,1225.81,5,365,14,0
475,1,2696,1408,3,5,3,35851,87105,-58.84,1293.97,2,180,45,0
672,3,1614,5791,7,4,1,7088,15324,-53.75,21.2,9,15,30,1
894,1,345,2734,7,5,3,127723,87105,46.63,3978.54,12,365,3,1
714,1,2170,6799,12,4,1,19964,15324,30.28,400.76,11,90,3,1
709,1,656,5600,11,2,4,132016,84751,55.77,15072.33,14,15,45,1
78,2,2051,3395,3,3,3,140538,87105,61.34,1391.02,3,730,3,1
235,1,1242,1436,7,2,2,46980,47784,-1.68,1341.25,8,30,45,1
923,2,2070,2829,11,5,2,49028,47784,2.6,2223.79,9,15,90,1
345,2,2857,3555,4,5,3,116189,87105,33.39,5476.99,11,15,3,0
639,3,1997,5508,9,2,3,68598,87105,-21.25,6501.89,3,7,30,1
4,1,1352,2366,7,4,2,54785,47784,14.65,5863.43,5,60,3,0
83,1,163,3294,4,4,2,57511,47784,20.36,503.97,12,90,30,1
314,1,2991,5900,4,5,5,35384,73230,-51.68,1761.64,8,30,45,0
287,2,2891,1403,6,5,4,117158,84751,38.24,1044.17,12,180,30,1
654,2,1410,373,3,4,2,42104,47784,-11.89,123.68,4,90,30,0
549,1,843,7725,2,4,2,78605,47784,64.5,7669.78,8,0,3,0
282,3,2286,6483,2,3,2,14356,47784,-69.96,1363.69,5,30,3,0
102,3,2967,677,11,5,3,80664,87105,-7.39,3834.89,8,7,45,1
675,2,2277,7165,1,5,3,82056,87105,-5.8,361.16,3,365,3,0
195,1,103,9236,8,5,3,71259,87105,-18.19,3438.02,9,7,7,1
711,1,2137,8988,4,5,2,33337,47784,-30.23,1881.2,8,15,7,0
74,2,2896,4927,6,4,5,64512,73230,-11.9,1701.87,4,0,7,1
30,1,1536,2248,1,4,4,120113,84751,41.72,10857.47,11,0,3,1
392,1,287,3464,6,3,4,138332,84751,63.22,14154.93,7,90,3,0
185,1,2671,7273,3,3,3,114820,87105,31.82,8511.96,8,0,45,1
814,1,351,4022,9,3,4,114413,84751,35.0,6671.39,11,0,45,1
703,3,68,7977,10,3,2,79919,47784,67.25,2063.87,9,60,45,1
324,1,2682,1511,10,5,1,8262,15324,-46.08,38.99,8,30,14,1
492,3,488,285,1,5,5,37787,73230,-48.4,4331.87,14,60,90,0
514,2,2956,7044,6,2,4,47693,84751,-43.73,1852.26,2,7,3,0
126,3,2244,4941,6,2,2,42084,47784,-11.93,1672.65,3,30,7,1
357,3,1421,9804,5,2,5,113023,73230,54.34,10328.58,4,365,7,1
745,2,1938,9187,4,3,5,91980,73230,25.6,4672.85,12,30,3,1
16,2,2551,3796,8,5,5,53927,73230,-26.36,1148.56,7,60,60,0
495,2,2106,7789,8,4,5,112978,73230,54.28,12295.64,3,90,3,1
244,2,412,6190,12,4,4,121067,84751,42.85,2259.7,8,60,90,0
506,2,1684,6733,10,3,2,66566,47784,39.31,845.38,3,0,60,0
287,2,300,6747,5,5,5,112394,73230,53.48,6208.12,5,15,14,1
665,3,583,7858,2,3,1,25231,15324,64.65,714.44,8,90,3,0
355,1,1654,8474,11,3,4,119065,84751,40.49,4859.41,7,0,7,1
785,2,1953,3059,10,2,4,130970,84751,54.54,783.0,5,90,60,0
705,2,1314,5394,2,5,1,6214,15324,-59.45,342.74,14,60,60,0
233,2,2230,1806,3,5,3,30299,87105,-65.22,1490.38,2,60,90,1
616,2,1377,3260,8,2,1,22223,15324,45.02,517.39,7,365,30,0
198,2,2065,9903,1,4,4,133073,84751,57.02,1179.84,3,180,90,0
763,3,170,6878,3,5,4,80655,84751,-4.83,3500.21,6,60,60,0
15,3,1542,1554,4,3,5,105465,73230,44.02,6834.67,12,180,90,1
267,1,589,3639,5,2,4,29895,84751,-64.73,207.33,4,15,45,0
961,1,1421,6457,8,4,4,45305,84751,-46.54,3550.84,14,365,60,1
120,1,1045,9467,9,2,5,39150,73230,-46.54,4104.49,5,180,7,1
66,2,878,5179,4,4,1,14594,15324,-4.76,735.77,13,0,14,0
833,1,1863,7614,8,3,3,81106,87105,-6.89,595.12,10,365,3,1
626,2,2477,2434,1,4,5,74472,73230,1.7,940.87,12,30,3,0
976,3,1938,1476,2,2,2,17028,47784,-64.36,373.28,7,365,7,1
94,1,1384,4081,1,4,2,30494,47784,-36.18,32.01,4,60,45,0
893,3,2911,3050,6,2,4,107801,84751,27.2,2025.71,2,730,3,1
907,3,305,1122,4,3,4,69085,84751,-18.48,3731.8,10,0,60,1
324,2,2171,8630,10,5,3,104142,87105,19.56,7531.69,6,730,3,0
641,3,1193,9810,9,3,1,6227,15324,-59.36,620.73,12,365,30,1
188,3,1067,455,2,3,1,24008,15324,56.67,1818.9,14,180,90,0
248,3,2795,4327,10,5,1,21349,15324,39.32,348.65,8,30,60,1
579,2,747,4600,5,4,3,132129,87105,51.69,5288.49,10,90,60,0
958,2,2910,396,7,2,4,94028,84751,10.95,2042.81,7,90,45,1
404,1,1308,6555,12,5,1,17157,15324,11.96,11.95,2,365,14,0
618,3,1633,6463,10,2,1,22391,15324,46.12,414.5,12,15,7,0
768,2,2099,6345,9,2,5,35047,73230,-52.14,3001.81,11,730,90,0
13,1,1698,4688,2,4,5,102410,73230,39.85,7931.47,14,30,30,1
366,1,825,9827,2,5,4,77707,84751,-8.31,3493.5,3,15,45,1
851,2,644,3018,8,2,5,23051,73230,-68.52,383.42,14,180,3,1
565,1,834,2557,12,5,3,104271,87105,19.71,6423.16,11,60,3,0
93,1,2565,9654,4,4,2,67323,47784,40.89,4989.09,9,60,3,0
978,3,1709,9195,1,5,4,53516,84751,-36.86,28.07,6,90,14,1
361,2,1168,9433,4,2,4,131868,84751,55.59,11712.57,13,60,30,1
520,2,2744,839,2,2,3,118294,87105,35.81,9495.73,5,15,60,1
264,3,2724,7263,2,4,3,129395,87105,48.55,12738.86,5,365,45,0
738,3,758,8748,5,5,4,59788,84751,-29.45,2015.38,10,0,45,1
114,2,1260,2630,1,3,3,96485,87105,10.77,3065.62,13,90,3,1
751,1,1426,6936,5,3,2,36160,47784,-24.33,2472.73,10,180,7,1
225,1,1957,8154,9,4,3,97319,87105,11.73,1937.47,14,7,14,1
4,1,365,1537,4,3,4,120822,84751,42.56,10144.23,6,15,90,1
575,1,773,9326,11,2,2,34375,47784,-28.06,2554.44,9,0,60,1
925,1,770,2054,4,4,5,75118,73230,2.58,524.02,4,90,7,0
829,2,2112,7579,5,4,3,47893,87105,-45.02,80.4,13,30,7,1
885,1,2759,2825,6,4,1,5296,15324,-65.44,418.02,8,730,30,1
564,2,638,3256,2,2,3,98580,87105,13.17,1500.58,13,60,90,0
775,3,2259,8280,2,2,2,51142,47784,7.03,5182.66,5,30,30,0
358,2,283,7757,12,3,4,76699,84751,-9.5,5819.37,9,30,14,1
668,3,2839,860,10,3,4,34598,84751,-59.18,3057.39,11,365,60,0
251,3,1872,3385,5,4,5,80392,73230,9.78,2998.79,7,15,3,1
187,2,2786,9901,6,3,3,112429,87105,29.07,10250.45,8,7,45,1
235,1,99,2677,11,2,3,118099,87105,35.58,10464.74,2,30,45,1
725,1,2900,5341,10,4,2,17020,47784,-64.38,29.02,4,90,90,1
283,1,423,7107,2,4,1,21064,15324,37.46,39.51,9,7,3,0
193,2,1871,9549,6,4,4,116546,84751,37.52,2323.89,14,15,60,1
778,1,161,4351,4,4,3,109783,87105,26.04,5325.97,14,30,7,1
100,2,1555,834,6,4,3,85473,87105,-1.87,7065.14,4,365,7,1
468,2,1680,9016,10,5,5,38908,73230,-46.87,2141.09,4,30,7,1
184,1,1414,321,10,5,2,61268,47784,28.22,7219.2,14,60,30,1
209,3,2483,632,2,2,4,105177,84751,24.1,10833.08,7,90,30,0
681,1,2821,3108,9,3,5,39940,73230,-45.46,4055.93,2,730,3,0
741,1,2378,7793,9,4,2,62205,47784,30.18,3119.23,14,0,60,1
193,3,1398,5647,4,3,2,28518,47784,-40.32,618.51,12,90,3,1
189,2,2474,9985,5,5,5,52915,73230,-27.74,6274.31,3,730,14,0
56,2,917,6602,1,3,1,25562,15324,66.81,1720.39,9,365,3,0
568,3,2810,8518,5,4,4,92166,84751,8.75,3218.99,7,15,45,1
434,3,702,2325,4,3,4,61158,84751,-27.84,2529.57,9,0,7,0
395,1,2268,6293,1,2,4,42831,84751,-49.46,3269.79,9,0,14,1
934,1,1423,2218,2,4,5,38869,73230,-46.92,1314.74,8,90,90,1
863,3,1621,8330,3,2,5,62169,73230,-15.1,6838.95,14,0,3,1
703,1,2063,1049,12,4,5,113909,73230,55.55,7327.39,8,90,60,1
285,3,45,4958,8,3,4,110517,84751,30.4,2264.0,3,90,14,0
23,3,1359,5629,4,5,2,67967,47784,42.24,7047.61,7,365,3,0
386,3,1823,4530,11,2,1,5432,15324,-64.55,611.3,4,0,7,0
930,1,2189,7795,1,4,2,75456,47784,57.91,7745.22,9,730,30,1
730,2,305,1046,10,4,2,27850,47784,-41.72,2303.94,6,0,7,1
739,2,718,166,1,5,4,126926,84751,49.76,319.72,5,7,45,1
173,3,1897,4213,10,3,3,39202,87105,-54.99,4162.01,5,90,14,1
737,1,1168,4617,8,3,1,11553,15324,-24.61,121.59,3,180,7,0
187,3,1797,4022,10,2,2,25929,47784,-45.74,2041.45,2,180,3,1
459,2,1566,9737,10,4,4,78439,84751,-7.45,1648.65,7,30,3,0
783,2,1928,696,7,3,3,124522,87105,42.96,2074.99,9,30,30,1
751,3,1396,3113,2,2,4,87641,84751,3.41,10420.45,8,0,90,1
245,1,2294,5716,11,4,4,117673,84751,38.85,11285.25,3,15,3,0
704,1,317,32,3,2,2,42080,47784,-11.94,881.85,10,15,60,0
533,2,445,7724,6,3,1,18406,15324,20.11,1.92,2,180,14,0
413,2,586,4462,1,3,2,75223,47784,57.42,6273.03,6,30,90,1
20,2,1685,4418,2,3,1,5673,15324,-62.98,237.6,4,0,60,1
997,3,650,6025,7,3,1,7062,15324,-53.92,793.36,4,0,14,0
137,1,2756,6044,3,2,5,74694,73230,2.0,2305.16,5,730,90,1
113,3,709,4675,9,4,5,27220,73230,-62.83,2695.54,13,60,7,1
11,2,661,6316,11,4,5,77367,73230,5.65,2060.88,12,90,3,1
42,3,2336,7469,1,5,2,53772,47784,12.53,4912.54,4,730,14,0
564,2,2041,6030,10,3,5,86368,73230,17.94,4931.73,9,90,14,1
629,2,2846,8088,7,5,1,15809,15324,3.16,562.65,14,60,60,0
65,3,2788,9199,8,5,4,83841,84751,-1.07,5199.13,9,0,60,0
238,3,2082,6029,8,3,4,90489,84751,6.77,8434.33,4,730,30,0
106,1,290,4419,1,2,3,111112,87105,27.56,2755.31,5,30,14,1
601,2,1382,7236,12,3,4,71039,84751,-16.18,2930.7,4,30,14,1
767,2,1576,6965,12,3,4,46471,84751,-45.17,5540.11,4,180,30,0
971,2,319,2044,11,5,3,123756,87105,42.08,4698.66,5,0,7,0
419,1,2862,1013,3,5,1,24745,15324,61.48,1894.72,13,7,3,0
61,3,2191,9462,9,5,4,89026,84751,5.04,6065.08,10,60,30,0
390,2,633,2030,4,4,4,54275,84751,-35.96,2940.22,12,7,3,0
699,1,1629,5433,8,3,4,53540,84751,-36.83,848.52,3,0,30,0
612,3,797,3085,11,5,1,11714,15324,-23.56,157.88,9,0,7,0
256,2,2724,1654,8,5,1,5000,15324,-67.37,13.78,10,30,3,1
555,3,1803,3994,9,5,2,27628,47784,-42.18,886.14,12,60,90,0
431,3,90,9916,2,5,2,40632,47784,-14.97,1840.26,2,365,30,1
352,1,1159,7393,9,3,1,5000,15324,-67.37,70.01,4,365,30,1
42,1,881,7684,7,2,3,49701,87105,-42.94,5392.04,11,180,3,1
99,3,2434,7729,4,2,5,112362,73230,53.44,11667.81,12,180,3,0
974,3,1643,8973,5,3,1,7560,15324,-50.67,275.09,10,90,3,1
344,3,2803,6923,6,4,5,31932,73230,-56.39,498.82,9,30,14,0
301,3,463,7351,10,4,5,82912,73230,13.22,7135.0,12,60,3,0
988,1,679,5220,10,2,3,95230,87105,9.33,8481.61,7,365,30,1
52,1,2238,7382,3,5,1,16360,15324,6.76,1961.75,7,60,14,0
98,1,2623,4745,2,2,4,133076,84751,57.02,15555.62,11,365,3,1
238,3,820,4138,11,3,1,11825,15324,-22.83,665.79,2,365,90,1
514,1,393,2985,12,2,2,72580,47784,51.89,6022.14,14,365,90,1
753,3,161,4533,3,5,4,107329,84751,26.64,5482.75,7,180,60,1
507,2,1544,8428,10,4,2,32611,47784,-31.75,2146.42,6,15,90,0
7,3,1061,2202,12,2,3,72664,87105,-16.58,1629.0,2,7,30,0
472,2,2254,799,7,5,3,53502,87105,-38.58,5858.23,13,60,60,0
855,1,2042,454,6,3,2,35915,47784,-24.84,1319.94,14,90,90,0
903,1,1922,7309,10,5,1,15600,15324,1.8,1838.52,9,180,60,1
735,2,2448,729,3,2,5,58751,73230,-19.77,1657.06,2,730,45,0
523,1,229,3407,11,4,5,111961,73230,52.89,1002.2,11,7,3,1
583,2,2072,7176,9,5,2,47914,47784,0.27,1640.98,8,60,90,1
83,1,366,3640,11,3,5,111133,73230,51.76,13205.6,3,15,90,0
335,1,1593,9330,12,4,2,36857,47784,-22.87,3856.59,14,730,30,0
781,1,1149,4586,10,5,2,30891,47784,-35.35,994.24,6,60,45,0
571,1,2128,2758,12,5,4,80723,84751,-4.75,5706.68,12,365,3,0
301,1,1374,1072,12,3,2,53039,47784,11.0,5271.57,9,90,60,0
136,2,1883,8331,7,4,4,87832,84751,3.64,3810.09,5,0,60,0
295,2,1761,7464,6,3,1,23682,15324,54.54,1156.65,7,7,30,0
985,2,241,3574,7,4,4,69768,84751,-17.68,1312.1,5,30,60,1
288,1,2731,7932,4,2,1,17626,15324,15.02,2094.31,9,15,30,0
259,3,1992,2048,11,3,2,34143,47784,-28.55,3412.47,14,180,3,0
302,2,1341,782,1,4,3,123519,87105,41.8,8253.29,7,15,30,1
392,1,1197,2917,2,2,3,76870,87105,-11.75,2497.04,12,730,60,0
250,3,1202,1380,11,5,4,129862,84751,53.23,11729.4,6,30,45,0
644,3,874,3647,6,4,4,42027,84751,-50.41,2845.57,7,90,60,0
133,1,806,3292,2,5,2,48196,47784,0.86,924.57,5,60,14,0
69,3,2699,2685,5,4,5,22178,73230,-69.71,1512.45,10,15,30,1
417,3,2195,5912,7,5,4,98429,84751,16.14,8247.54,6,15,7,1
615,3,2191,734,12,4,5,101489,73230,38.59,32.02,6,730,14,0
806,2,638,4136,8,4,5,86964,73230,18.75,2821.71,12,90,3,1
722,2,2971,2326,5,4,2,66872,47784,39.95,3394.35,2,60,14,0
362,1,1761,7521,2,2,1,15525,15324,1.31,1850.73,6,0,14,0
138,1,150,513,10,2,3,62371,87105,-28.4,3935.66,3,180,7,0
649,3,2484,4750,12,2,2,72174,47784,51.04,5347.75,4,365,60,1
347,2,1963,3210,6,5,1,20940,15324,36.65,2196.69,8,15,90,1
316,1,2059,7150,4,3,5,33983,73230,-53.59,3499.39,8,90,7,1
223,3,132,5485,6,4,5,29064,73230,-60.31,2440.79,7,0,30,0
130,2,2896,9557,11,4,5,37637,73230,-48.6,2831.69,6,30,30,0
183,3,2858,5241,11,5,2,62552,47784,30.91,4398.13,12,15,7,1
755,3,2425,7889,3,4,3,126034,87105,44.69,12741.24,7,0,60,0
196,1,167,6687,6,5,5,112764,73230,53.99,5315.19,9,90,90,0
551,1,1434,8568,12,4,5,52122,73230,-28.82,3171.38,8,15,3,1
930,2,2954,6284,7,5,4,52229,84751,-38.37,4571.87,14,60,60,0
562,1,170,7064,5,4,3,122430,87105,40.55,5604.63,12,15,60,1
517,3,396,5293,8,2,4,44921,84751,-47.0,2527.13,13,30,14,1
382,1,296,1197,7,5,4,89944,84751,6.13,8383.8,2,365,90,1
730,2,1646,4942,9,4,4,31024,84751,-63.39,1629.89,5,90,3,0
646,1,2500,3094,2,4,4,79017,84751,-6.77,981.02,2,365,90,1
775,1,215,1038,5,3,5,40830,73230,-44.24,3077.11,6,730,30,1
979,2,374,4074,5,3,2,43290,47784,-9.4,1808.99,6,90,14,1
437,2,2003,2563,4,2,2,77638,47784,62.48,4727.38,6,730,45,0
586,1,885,8024,7,5,2,15669,47784,-67.21,58.47,3,30,7,0
175,3,448,3436,11,3,1,11610,15324,-24.24,780.77,12,30,3,0
259,2,1701,1259,12,3,5,113949,73230,55.6,9416.6,3,15,30,1
117,1,1769,4530,1,5,5,101647,73230,38.81,2686.42,6,365,45,0
975,2,1280,880,9,5,5,30562,73230,-58.27,1460.95,5,60,60,1
414,1,50,2308,11,4,4,49713,84751,-41.34,3516.02,5,60,14,1
890,1,1776,2844,1,3,5,100354,73230,37.04,11096.57,13,180,30,1
44,1,920,3611,6,2,3,51411,87105,-40.98,3625.79,14,7,7,0
854,1,2493,683,9,3,2,67973,47784,42.25,2542.18,6,7,14,0
434,1,1682,870,10,3,1,25286,15324,65.01,1747.67,4,90,90,0
370,3,2233,6492,1,2,3,77642,87105,-10.86,5305.89,10,365,60,0
872,1,1780,7682,12,4,5,81279,73230,10.99,5229.91,14,30,60,1
378,1,1121,4084,11,5,2,34043,47784,-28.76,510.09,13,365,7,0
629,3,493,9802,6,2,5,91431,73230,24.85,1278.94,3,30,7,1
90,3,1593,508,12,3,5,100456,73230,37.18,3322.63,2,180,90,1
920,3,1814,9618,8,3,1,20141,15324,31.43,2016.81,3,30,45,0
509,3,1747,6619,2,5,3,101887,87105,16.97,3568.88,12,30,3,1
45,2,2285,4161,11,5,5,109542,73230,49.59,12857.7,8,180,3,0
285,3,2021,2946,6,5,3,141119,87105,62.01,550.56,8,90,14,0
997,2,708,7680,9,3,2,78034,47784,63.31,2880.03,3,90,45,1
946,2,1952,2568,1,3,1,16728,15324,9.16,343.81,6,90,45,1
690,3,2312,4647,10,2,5,89825,73230,22.66,10744.59,7,15,90,0
563,1,442,7193,4,2,1,5123,15324,-66.57,89.48,13,60,45,1
205,3,2931,4511,7,5,1,19378,15324,26.46,1177.41,7,180,45,1
751,2,1095,6323,10,3,5,39491,73230,-46.07,1646.99,11,7,30,1
553,2,1481,1638,3,4,5,95893,73230,30.95,8154.98,11,60,30,1
357,3,2082,1940,3,5,3,128071,87105,47.03,6056.95,4,180,7,0
978,1,84,3595,11,4,2,38428,47784,-19.58,4267.84,5,90,45,1
136,1,1380,6763,7,3,2,38898,47784,-18.6,955.46,4,180,3,0
480,1,2986,1982,9,4,5,28276,73230,-61.39,3370.01,12,365,30,0
227,3,1363,838,4,5,4,138374,84751,63.27,9238.41,6,730,3,1
747,3,1029,4398,9,2,1,24602,15324,60.55,1306.6,14,0,60,0
257,2,94,7652,9,2,5,88986,73230,21.52,4375.58,13,730,30,0
790,2,819,2153,3,5,3,76548,87105,-12.12,525.48,6,15,45,1
388,1,626,9986,11,5,1,15700,15324,2.45,1321.28,6,0,14,0
927,1,1230,8604,11,3,2,46725,47784,-2.22,1495.23,9,7,90,1
741,1,2674,8646,4,2,1,25342,15324,65.37,1518.12,6,90,30,1
966,1,271,7296,11,2,2,27021,47784,-43.45,352.5,5,30,14,1
651,3,1292,3941,3,4,2,73275,47784,53.35,7191.45,7,365,3,0
889,1,2827,9824,10,2,4,78924,84751,-6.88,5998.87,7,180,3,0
764,1,2509,5245,10,3,1,7587,15324,-50.49,844.79,9,15,30,1
56,1,1046,9710,6,4,4,54965,84751,-35.15,516.06,5,60,45,0
192,3,1511,8953,11,3,3,80154,87105,-7.98,8892.31,4,7,3,1
877,2,2529,3943,6,4,5,70858,73230,-3.24,6691.07,12,365,90,1
970,1,850,4187,7,5,3,48130,87105,-44.74,4126.18,2,15,3,0
231,3,260,2360,4,4,4,122729,84751,44.81,4785.37,9,180,3,0
123,1,1499,6983,9,2,5,114424,73230,56.25,6631.71,7,60,3,1
555,1,2089,7141,11,4,1,16916,15324,10.39,1313.84,3,0,30,0
120,3,2446,9086,8,5,2,39738,47784,-16.84,707.44,7,7,45,1
975,2,2816,6145,1,3,1,22540,15324,47.09,1854.83,14,90,30,1
73,1,1440,3134,11,5,2,20451,47784,-57.2,648.38,7,90,3,0
114,2,2231,7654,12,5,5,29041,73230,-60.34,749.47,10,90,7,0
611,2,2192,151,6,3,5,42803,73230,-41.55,4956.54,8,15,30,1
933,1,1135,2668,5,4,1,5000,15324,-67.37,298.58,9,730,90,0
431,1,1632,9729,6,2,5,42374,73230,-42.14,3173.85,9,60,60,0
143,3,597,7791,11,5,5,42636,73230,-41.78,4962.01,12,0,14,1
599,3,1180,9991,11,2,2,30721,47784,-35.71,1427.8,13,15,90,1
454,3,2574,8983,6,2,5,97955,73230,33.76,8515.42,6,7,14,0
411,1,2914,4708,1,3,3,75414,87105,-13.42,689.73,14,7,90,1
296,1,519,1385,2,5,2,22413,47784,-53.1,662.15,8,30,7,1
297,2,902,6495,5,2,3,29269,87105,-66.4,2216.33,5,180,14,0
202,1,2848,7879,7,2,4,69398,84751,-18.12,3366.23,7,30,60,1
1000,3,490,8125,2,3,3,46919,87105,-46.14,439.89,9,60,90,0
855,3,523,464,10,3,5,81090,73230,10.73,279.42,7,365,30,1
160,3,1834,2329,8,4,2,59938,47784,25.44,6966.46,3,30,30,1
523,1,2843,7999,2,4,4,46985,84751,-44.56,1947.43,10,365,3,1
695,2,2359,5886,1,2,3,146087,87105,67.71,16842.02,5,180,3,1
607,2,2683,298,2,5,2,56248,47784,17.71,2204.02,4,730,60,1
859,1,446,263,8,2,3,61734,87105,-29.13,7326.53,3,730,30,1
718,3,2393,7424,6,3,4,83670,84751,-1.28,8756.32,3,7,14,0
764,1,2269,1795,7,5,4,78513,84751,-7.36,6633.95,10,730,7,1
264,1,498,1492,6,3,2,74843,47784,56.63,8105.98,12,365,90,1
283,2,1223,4223,9,5,4,62325,84751,-26.46,7287.74,8,60,7,1
222,1,412,7142,2,2,1,14802,15324,-3.41,1223.22,14,60,30,1
86,1,1402,6777,11,3,1,20141,15324,31.43,1422.9,5,730,14,0
413,3,2369,9508,2,3,5,28646,73230,-60.88,1557.43,11,730,7,1
521,1,1273,2397,8,2,1,12134,15324,-20.82,348.09,3,0,30,1
926,3,2285,5175,12,3,1,16703,15324,9.0,854.79,6,90,30,0
611,3,1788,7602,4,5,1,18108,15324,18.17,455.99,5,30,14,1
670,3,914,2512,7,5,1,14838,15324,-3.17,175.84,11,180,60,1
803,1,1083,4523,6,2,4,101294,84751,19.52,638.12,6,15,60,0
131,2,2068,5612,10,4,5,49835,73230,-31.95,4266.25,12,7,7,0
596,2,685,9314,4,3,3,90737,87105,4.17,4405.5,14,60,60,1
797,1,558,731,7,2,1,6649,15324,-56.61,331.91,9,60,7,0
641,2,582,1756,9,4,3,65158,87105,-25.2,1561.55,9,0,3,1
339,3,2613,4384,8,3,3,78371,87105,-10.03,5276.31,7,365,14,1
519,3,1747,6720,3,4,1,7639,15324,-50.15,416.75,3,60,30,1
947,2,2486,865,11,4,1,22009,15324,43.62,2097.68,2,60,45,0
814,1,1676,9795,3,4,3,50309,87105,-42.24,2836.78,12,90,45,0
440,3,1406,7793,9,5,1,19984,15324,30.41,1351.81,2,365,45,0
542,2,2797,6458,6,5,4,134387,84751,58.57,6281.81,8,180,14,1
66,2,686,9768,9,3,3,90045,87105,3.38,1763.25,7,7,60,0
864,1,2348,5534,7,5,5,39244,73230,-46.41,2021.45,7,7,45,0
614,2,60,3551,4,4,1,17450,15324,13.87,1033.32,5,365,30,1
553,1,1702,6245,7,5,1,6028,15324,-60.66,11.36,13,365,60,1
990,1,471,8833,2,3,4,49793,84751,-41.25,1136.84,10,60,3,0
90,2,1049,3529,11,3,4,76735,84751,-9.46,2094.4,5,730,14,1
64,3,835,9423,3,4,2,74895,47784,56.74,5575.26,14,7,3,0
447,2,1063,1109,6,3,3,63154,87105,-27.5,1961.45,10,30,30,0
625,3,2243,2870,9,3,1,23265,15324,51.82,235.3,10,90,30,0
