seller_id,seller_scale,product_name,model_id,seller_txn_count,txn_last_30d,seller_account_age_months,order_success_rate_pct,refund_rate_pct,late_delivery_rate_pct,avg_response_time_hours,complaint_report_count,cod_order_share_pct,seller_verified,authorized_dealer,product_condition,warranty_months,listing_age_days,stock_quantity,product_issue_rate_pct,review_count_all_time,review_count_last_30d,product_rating_all_time,product_rating_last_30d,recommend_to_others,verified_purchase_review_pct,early_review_burst_pct,model_avg_price_bdt,price_deviation_pct,product_price_bdt,price_percentile_within_model
S00489,small,Laptop,LAP-M4,55,17,47,90.74,5.85,5.2,4.7,0,51.9,1,0,new,12,124,12,7.53,4,3,4.04,3.95,Yes,64.39,29.75,120000,-14.62,102450,23.6
S00493,small,Wi-Fi Router,RTR-M3,59,15,5,96.84,1.39,3.42,1.6,0,37.6,1,0,new,12,150,3,2.72,1,1,4.28,3.98,Yes,80.91,7.27,5500,-6.55,5140,39.1
S00158,medium,Mobile Phone,MOB-M2,1989,555,22,98.47,1.14,1.67,1.7,0,34.5,1,0,new,6,360,72,3.26,40,31,4.69,4.64,Yes,100,5.8,22000,-2.27,21500,60.0
S00313,big,Bluetooth Speaker,SPK-M4,38276,4207,64,99.32,0.56,1.07,1.2,19,34.8,1,0,new,12,168,248,4.62,345,100,4.65,4.53,Yes,81.03,2.73,14000,-12.14,12300,21.2
S00250,medium,Bluetooth Speaker,SPK-M2,1595,394,40,97.22,1.8,2.76,1.6,0,19.1,1,0,new,12,28,43,4.3,90,59,4.49,4.33,Yes,94.31,39.53,3500,-1.71,3440,58.6
S00257,big,Gaming Console,CON-M4,11676,785,101,98.83,0.95,1.34,1.4,4,16.3,1,1,new,3,68,149,2.36,108,26,4.42,4.31,Yes,87.55,8.57,78000,-6.86,72650,52.1
S00460,small,Wireless Earbuds,EAR-M4,38,4,24,99.69,0.1,2.12,2.0,0,24.0,0,0,new,12,135,5,4.9,2,1,4.02,3.88,Yes,83.35,31.24,12000,-10.42,10750,32.6
S00115,small,Desktop Computer,PC-M4,52,23,14,91.16,4.81,7.0,4.7,0,37.1,0,0,new,12,356,15,5.03,1,1,3.71,3.8,Yes,55.94,48.62,95000,17.0,111150,94.3
S00543,big,Mobile Phone,MOB-M5,12131,2576,57,99.31,0.67,1.16,1.8,7,39.7,1,1,new,12,109,252,4.36,127,55,4.71,4.23,Yes,86.23,5.61,140000,2.43,143400,86.2
S00236,small,Wi-Fi Router,RTR-M4,64,42,4,80.74,12.03,14.57,16.2,0,35.9,0,0,new,0,120,8,11.14,4,4,2.09,1.81,No,45.92,79.53,9500,8.63,10320,98.4
S00361,small,Digital Camera,CAM-M2,60,16,18,94.79,1.76,2.08,2.1,0,36.2,0,0,new,12,213,8,3.31,3,3,4.36,4.02,Yes,90.93,22.34,55000,2.45,56350,77.2
S00429,big,Smart TV,TV-M4,18008,3471,109,99.1,0.74,1.31,0.7,10,13.7,1,1,new,6,92,88,1.68,224,89,4.87,5,Yes,81.13,17.64,90000,-15.28,76250,19.6
S00398,big,Wireless Earbuds,EAR-M2,11064,3893,108,93.84,4.17,5.17,4.1,22,66.6,1,1,new,3,207,201,5.46,60,60,3.89,3.91,Yes,76.36,31.8,2500,-2.4,2440,67.4
S00181,small,Smart TV,TV-M1,58,36,15,86.85,10.35,12.25,6.3,0,39.2,0,0,refurbished,3,57,4,10.13,13,13,2.67,2.16,No,56.72,64.12,22000,-39.77,13250,1.7
S00302,small,Gaming Console,CON-M1,416,53,7,96.21,2.58,3.41,1.9,2,32.3,1,0,new,12,95,11,3.66,11,4,4.5,4.14,Yes,100,4.89,38000,-3.68,36600,57.1
S00504,small,Digital Camera,CAM-M3,114,26,33,98.24,2.4,2.38,1.1,0,32.9,1,0,new,0,242,11,3.08,2,1,4.72,4.57,Yes,77.89,2.96,80000,-1.06,79150,67.9
S00261,small,Digital Camera,CAM-M3,172,74,18,92.34,5.15,4.77,3.4,2,18.4,0,0,new,0,116,10,5.56,3,3,3.92,3.56,Yes,70.68,21.94,80000,-11.5,70800,26.8
S00541,medium,Mobile Phone,MOB-M1,2360,1111,47,92.09,5.24,6.5,6.5,4,50.8,0,0,new,12,691,17,4.91,38,38,3.24,3.02,No,72.21,38.08,12000,6.25,12750,90.2
S00484,small,Mobile Phone,MOB-M2,61,23,11,92.0,6.31,6.39,11.0,0,29.6,0,0,new,6,71,9,5.51,5,5,3.81,3.67,Yes,70.5,50.2,22000,0.23,22050,72.7
S00429,big,Smartwatch,WCH-M5,18008,3471,109,99.1,0.74,1.31,0.7,10,13.7,1,1,new,3,166,102,4.25,177,85,4.69,4.55,Yes,100,22.29,45000,2.56,46150,73.2
S00067,medium,Wireless Earbuds,EAR-M3,1436,281,49,99.93,0.65,0.92,0.8,1,21.1,1,0,new,12,155,53,4.19,12,7,4.85,4.64,Yes,86.56,26.08,5500,12.36,6180,92.5
S00377,small,Laptop,LAP-M3,103,81,13,78.27,13.1,16.08,9.7,1,61.0,0,0,new,0,79,4,14.64,3,3,1.52,1.03,No,47.91,72.87,80000,-37.88,49700,1.7
S00028,small,Power Bank,PWR-M2,18,10,17,90.11,5.46,10.18,4.9,0,40.2,0,0,new,12,302,4,10.91,0,0,,,No,,,1800,-9.44,1630,45.6
S00127,small,Digital Camera,CAM-M1,58,12,30,100,0.49,2.03,1.4,0,48.5,0,0,new,6,30,6,2.95,2,1,4.43,4.1,Yes,94.79,8.18,35000,-3.71,33700,59.7
S00499,small,Desktop Computer,PC-M5,172,8,4,98.57,1.61,1.49,3.5,0,38.9,1,0,new,6,79,8,2.02,14,1,4.86,4.5,Yes,93.83,13.47,160000,-11.34,141850,23.2
S00408,big,Power Bank,PWR-M4,13087,2037,52,99.32,0.57,1.07,1.1,2,45.1,1,1,new,0,36,65,6.43,198,97,4.79,5,Yes,82.14,4.11,4800,-18.75,3900,14.0
S00032,small,Smartwatch,WCH-M1,45,12,34,98.76,1.33,4.02,1.6,0,62.9,0,0,new,6,67,6,3.17,1,1,4.67,4.74,Yes,88.07,32.61,2000,-1.0,1980,62.5
S00368,small,Laptop,LAP-M5,114,20,47,98.72,1.19,2.73,1.4,0,33.1,0,0,new,6,741,19,5.87,8,5,4.34,3.98,Yes,85.35,34.14,190000,-1.63,186900,53.2
S00099,medium,Digital Camera,CAM-M3,845,105,56,96.75,1.95,2.4,1.8,0,46.5,0,0,new,0,78,24,5.08,25,6,4.23,4.02,Yes,75.1,13.21,80000,-17.37,66100,14.3
S00175,medium,Wi-Fi Router,RTR-M1,929,177,30,96.62,2.63,3.07,2.2,0,32.3,1,1,new,12,515,12,3.54,36,13,4.32,4.2,Yes,96.43,8.26,1800,-6.67,1680,53.1
S00338,medium,Bluetooth Speaker,SPK-M2,2583,638,47,97.17,1.47,2.26,3.0,1,36.4,1,0,new,12,18,43,4.68,143,93,4.37,4.21,Yes,79.98,12.54,3500,7.43,3760,91.4
S00397,small,Digital Camera,CAM-M4,99,45,23,90.33,7.14,7.98,5.0,0,50.0,0,0,new,3,138,10,6.01,7,7,3.53,3.47,No,55.7,55.4,100000,-17.3,82700,19.0
S00231,medium,Smart TV,TV-M4,2047,612,22,97.15,1.33,2.2,1.8,1,50.4,1,0,refurbished,12,34,21,2.33,45,28,3.97,3.91,Yes,90.91,17.39,90000,-14.78,76700,23.5
S00292,small,Digital Camera,CAM-M5,67,7,13,96.2,0.1,2.19,1.6,0,49.6,0,0,new,12,348,6,2.72,1,0,4.33,,Yes,79.61,27.29,180000,0.89,181600,82.0
S00294,small,Mobile Phone,MOB-M5,244,59,12,98.16,0.61,1.73,0.8,0,27.1,0,0,new,6,62,10,5.28,26,11,4.55,4.26,Yes,100,9.81,140000,3.39,144750,87.9
S00460,small,Desktop Computer,PC-M1,38,4,24,99.69,0.1,2.12,2.0,0,24.0,0,0,used,12,47,18,6.12,1,0,4.09,,Yes,100,16.67,30000,-6.5,28050,37.1
S00077,medium,Laptop,LAP-M4,1056,191,33,94.62,3.03,3.81,2.9,1,41.3,1,0,new,0,358,24,5.63,21,8,3.9,3.21,Yes,81.04,30.27,120000,-19.75,96300,10.9
S00101,big,Bluetooth Speaker,SPK-M3,10178,1192,106,98.66,0.9,1.45,1.3,8,28.4,1,1,new,12,213,94,5.6,116,50,4.68,4.34,Yes,84.14,27.94,7000,-0.57,6960,70.4
S00527,small,Mobile Phone,MOB-M2,45,5,21,95.12,2.94,2.46,1.4,0,27.4,0,0,new,0,80,8,2.98,5,2,4.0,4.21,Yes,66.54,15.15,22000,-8.41,20150,41.8
S00360,small,Mobile Phone,MOB-M5,111,35,16,94.26,3.19,3.92,2.2,0,52.1,0,0,new,6,480,13,7.39,7,5,4.14,3.84,Yes,69.24,18.69,140000,-0.86,138800,72.4
S00345,medium,Wi-Fi Router,RTR-M3,1751,507,25,94.19,3.6,4.7,4.4,2,43.3,1,0,new,12,746,164,5.08,30,28,3.63,3.3,Yes,58.96,51.94,5500,-26.0,4070,4.3
S00243,small,Smartwatch,WCH-M2,21,15,16,79.72,14.68,16.07,14.8,0,62.8,0,0,new,6,6,8,13.23,2,2,1.54,1,No,41.03,75.87,4500,-49.78,2260,3.3
S00041,medium,Bluetooth Speaker,SPK-M1,2253,675,30,94.38,3.76,4.41,4.1,2,49.4,1,0,new,12,876,5,6.5,46,33,3.75,3.61,Yes,86.91,35.39,1500,-15.33,1270,16.4
S00364,small,Desktop Computer,PC-M3,25,3,4,96.83,3.2,3.33,3.9,0,38.5,0,0,new,6,120,8,5.3,3,1,4.31,3.87,Yes,88.74,41.12,65000,3.77,67450,88.3
S00539,small,Wi-Fi Router,RTR-M1,43,8,11,100,2.84,3.73,1.5,0,53.7,0,0,new,0,301,10,3.67,0,0,,,No,,,1800,-23.33,1380,7.8
S00522,small,Desktop Computer,PC-M2,79,34,3,95.35,4.67,5.28,2.6,0,51.3,1,0,new,6,63,14,6.37,1,1,3.66,3.25,Yes,59.08,25.58,45000,3.67,46650,72.7
S00121,small,Power Bank,PWR-M1,82,30,33,97.98,2.88,4.38,3.6,0,58.0,0,0,refurbished,12,262,4,5.32,2,1,3.94,3.5,Yes,72.28,18.69,1100,-14.55,940,26.8
S00072,small,Digital Camera,CAM-M2,74,36,6,87.76,8.22,10.79,6.2,1,44.0,0,0,new,0,180,10,8.46,4,4,2.76,2.57,No,61.03,60.7,55000,-9.73,49650,24.6
S00276,small,Wireless Earbuds,EAR-M3,58,4,5,97.59,0.1,1.19,1.0,0,22.1,1,0,new,12,72,5,4.17,5,1,4.67,4.75,Yes,85.36,10.24,5500,-2.18,5380,53.7
S00223,small,Power Bank,PWR-M1,40,22,3,86.56,5.19,10.02,6.2,0,57.6,1,0,new,3,90,6,9.56,0,0,,,No,,,1100,-25.45,820,8.9
S00509,small,Desktop Computer,PC-M3,155,9,7,99.18,1.18,2.25,2.4,0,33.1,1,1,new,0,75,5,4.27,7,1,4.44,4.25,Yes,82.85,22.05,65000,-9.31,58950,28.3
S00357,medium,Wi-Fi Router,RTR-M1,2759,451,21,99.79,0.61,1.07,0.8,1,55.4,1,1,new,6,191,26,3.96,72,32,4.9,4.68,Yes,85.36,11.91,1800,2.22,1840,81.2
S00151,medium,Smartwatch,WCH-M1,2106,679,25,97.27,1.46,2.47,2.2,1,48.6,1,0,new,3,742,42,5.18,44,21,4.57,4.82,Yes,82.67,9.32,2000,-4.5,1910,37.5
S00148,medium,Gaming Console,CON-M3,3985,993,53,97.26,1.83,2.46,1.5,3,42.2,1,0,new,12,215,39,4.91,76,34,4.57,4.75,Yes,82.02,3.65,62000,-9.03,56400,36.0
S00374,small,Smart TV,TV-M3,181,29,14,99.67,1.61,1.74,0.7,0,33.8,0,0,new,0,53,9,1.52,7,3,4.77,4.54,Yes,100,0,55000,-18.73,44700,10.0
S00136,small,Wireless Earbuds,EAR-M2,21,7,21,87.28,4.72,4.06,3.7,0,34.5,0,0,new,6,259,7,6.19,1,1,3.75,3.15,Yes,93.59,39.32,2500,-12.8,2180,26.1
S00447,small,Wi-Fi Router,RTR-M4,20,8,5,87.41,6.6,8.57,5.8,0,16.9,1,0,new,3,78,8,4.78,2,2,3.94,3.51,Yes,76.01,47.37,9500,-33.05,6360,6.5
S00142,small,Wi-Fi Router,RTR-M2,30,4,14,94.3,4.11,3.27,2.2,0,44.2,0,0,refurbished,12,158,7,6.65,0,0,,,No,,,3200,-26.56,2350,4.4
S00368,small,Bluetooth Speaker,SPK-M5,114,20,47,98.72,1.19,2.73,1.4,0,33.1,0,0,new,6,22,5,4.62,3,2,4.19,4.4,Yes,87.42,26.21,30000,0.67,30200,68.7
S00387,big,Bluetooth Speaker,SPK-M4,21188,2382,60,99.12,0.69,1.3,0.8,9,32.2,1,1,new,3,57,66,3.66,226,47,4.88,4.65,Yes,87.85,20.84,14000,-5.36,13250,36.5
S00112,small,Laptop,LAP-M1,185,26,4,95.88,1.09,3.36,1.7,1,38.1,0,0,used,0,48,6,7.13,9,3,4.63,4.85,Yes,88.22,24.53,38000,-9.08,34550,36.0
S00338,medium,Laptop,LAP-M3,2583,638,47,97.17,1.47,2.26,3.0,1,36.4,1,0,new,3,28,24,5.2,32,23,4.01,3.75,Yes,100,18.43,80000,-1.69,78650,75.9
S00048,small,Desktop Computer,PC-M2,24,6,24,94.78,7.5,2.58,1.7,0,24.9,0,0,new,6,9,10,3.39,1,1,3.93,3.57,Yes,82.01,8.73,45000,2.78,46250,70.9
S00097,small,Laptop,LAP-M3,42,25,12,85.86,7.63,12.18,8.9,0,42.3,0,0,new,6,96,9,13.68,2,2,2.56,2.33,No,64.31,44.64,80000,-27.19,58250,5.2
S00355,small,Wireless Earbuds,EAR-M2,83,61,5,79.59,12.15,15.65,4.3,1,66.7,0,0,new,6,35,3,12.85,13,13,1.63,1,No,43.78,62.59,2500,-23.2,1920,8.7
S00126,small,Desktop Computer,PC-M4,57,15,13,97.5,1.65,3.22,4.8,0,39.5,1,0,refurbished,12,41,14,3.56,2,1,4.14,3.87,Yes,90.69,42.49,95000,-6.95,88400,35.8
S00046,small,Smart TV,TV-M1,161,83,11,86.8,10.69,11.91,6.4,1,45.0,0,0,new,12,35,5,11.01,21,21,2.26,1.6,No,55.4,59.43,22000,18.86,26150,100.0
S00075,medium,Wireless Earbuds,EAR-M4,1920,765,57,94.16,3.97,4.6,3.8,1,42.7,0,0,refurbished,12,77,18,5.61,114,89,3.83,3.64,Yes,86.22,27.03,12000,2.08,12250,88.4
S00534,small,Laptop,LAP-M5,16,1,4,98.73,2.8,3.17,5.6,0,40.3,1,0,new,12,120,10,3.94,0,0,,,No,,,190000,0.37,190700,66.1
S00394,small,Mobile Phone,MOB-M3,19,11,8,88.93,10.47,15.68,6.3,0,71.3,1,0,new,0,47,23,11.1,4,4,2.01,1.95,No,55.97,32.66,38000,-18.95,30800,11.1
S00358,medium,Bluetooth Speaker,SPK-M3,1591,121,63,98.09,0.93,1.85,2.4,0,30.0,1,0,new,12,376,11,3.82,51,9,4.86,4.56,Yes,92.63,21.69,7000,-2.29,6840,61.1
S00092,small,Wireless Earbuds,EAR-M3,155,21,1,100,1.7,1.26,0.7,0,33.4,0,0,new,12,30,4,5.06,7,3,4.95,4.58,Yes,100,16.78,5500,-12.73,4800,26.9
S00287,small,Wi-Fi Router,RTR-M3,143,56,16,95.61,2.56,4.32,3.0,1,47.2,0,0,new,12,145,4,5.55,5,4,3.72,3.62,Yes,94.38,6.46,5500,-10.73,4910,23.9
S00061,small,Smart TV,TV-M3,212,44,18,96.82,2.95,2.68,1.7,1,41.6,1,1,new,0,341,10,1.93,4,2,4.68,4.83,Yes,84.16,14.45,55000,-4.36,52600,44.0
S00167,small,Mobile Phone,MOB-M1,116,25,24,98.33,0.95,1.61,4.9,0,40.5,1,0,new,12,163,7,2.7,10,9,4.41,4.31,Yes,96.41,12.57,12000,2.5,12300,76.5
S00280,small,Gaming Console,CON-M2,46,10,4,96.6,0.65,1.97,0.8,0,49.9,0,0,new,3,120,14,1.65,9,5,4.84,4.49,Yes,78.57,17.63,52000,11.54,58000,98.0
S00370,small,Bluetooth Speaker,SPK-M1,92,42,7,90.08,5.28,6.16,5.1,0,36.7,0,0,new,0,155,10,7.89,5,5,3.37,2.78,No,61.1,56.18,1500,-14.67,1280,23.6
S00348,small,Laptop,LAP-M2,53,23,27,93.79,3.69,6.19,3.1,0,38.9,1,0,new,12,185,7,5.41,6,6,4.01,3.96,Yes,76.58,35.38,55000,11.27,61200,96.5
S00101,big,Smart TV,TV-M5,10178,1192,106,98.66,0.9,1.45,1.3,8,28.4,1,1,new,6,143,172,6.14,148,42,4.41,4.14,Yes,89.69,0,180000,-1.08,178050,64.3
S00307,medium,Digital Camera,CAM-M1,583,94,31,96.85,2.48,3.04,2.4,1,23.7,1,1,new,12,181,30,2.95,9,4,4.88,4.65,Yes,100,13.04,35000,2.29,35800,87.1
S00116,big,Power Bank,PWR-M3,50189,14179,123,96.13,2.57,3.34,1.3,47,34.4,1,1,new,12,117,119,6.54,829,628,3.66,3.48,Yes,100,31.88,3000,-19.67,2410,5.8
S00348,small,Laptop,LAP-M4,53,23,27,93.79,3.69,6.19,3.1,0,38.9,1,0,new,3,83,4,9.15,1,1,3.57,3.14,No,82.31,38.94,120000,-15.92,100900,20.0
S00001,small,Mobile Phone,MOB-M5,252,178,28,83.21,11.68,12.93,10.6,4,47.3,0,0,new,6,84,10,11.02,22,22,2.6,2.45,No,84.63,65.62,140000,3.71,145200,89.7
S00281,small,Gaming Console,CON-M2,423,34,18,98.77,0.1,1.53,0.7,0,15.4,1,0,used,3,78,26,1.46,12,2,5,4.97,Yes,98.59,19.67,52000,5.96,55100,86.0
S00315,medium,Digital Camera,CAM-M5,1511,439,48,93.56,4.15,5.57,9.3,3,61.5,1,1,new,3,730,35,5.58,27,18,3.86,3.57,Yes,67.51,39.21,180000,-3.03,174550,65.6
S00091,small,Desktop Computer,PC-M2,66,15,25,98.05,3.56,3.83,5.7,0,36.6,0,0,new,12,56,2,4.57,1,1,4.08,3.93,Yes,76.57,32.39,45000,-17.33,37200,10.9
S00328,medium,Mobile Phone,MOB-M5,1578,201,58,99.26,0.91,1.21,0.4,0,30.3,1,0,new,0,151,33,6.51,49,12,4.88,4.77,Yes,100,8.79,140000,-13.57,121000,24.1
S00482,small,Laptop,LAP-M1,40,16,34,86.96,8.61,8.7,6.4,0,30.5,1,0,new,0,56,4,9.34,0,0,,,No,,,38000,-22.89,29300,12.0
S00178,small,Digital Camera,CAM-M5,33,15,4,88.11,10.57,9.93,3.8,0,15.1,1,0,new,3,90,6,7.5,2,2,2.82,2.64,No,62.51,36.5,180000,-5.97,169250,49.2
S00263,small,Wi-Fi Router,RTR-M2,55,24,6,94.07,2.04,1.75,2.7,0,57.2,0,0,new,6,180,2,7.19,1,1,3.79,3.5,Yes,70.23,46.49,3200,-20.94,2530,11.1
S00071,big,Desktop Computer,PC-M2,19291,4612,63,98.68,0.86,1.46,1.1,15,18.4,1,1,new,6,102,45,3.23,335,260,4.34,4.42,Yes,89.33,20.36,45000,-1.22,44450,52.7
S00458,big,Wi-Fi Router,RTR-M5,19893,8155,45,94.84,3.46,4.36,1.3,24,32.2,1,0,new,0,65,60,4.42,120,120,4.22,3.98,Yes,82.51,34.41,16000,-7.5,14800,29.8
S00438,medium,Digital Camera,CAM-M2,593,110,39,99.12,0.67,0.93,1.0,0,13.5,1,0,new,12,324,24,3.07,26,12,4.54,4.54,Yes,100,0,55000,-13.36,47650,19.3
S00518,big,Wireless Earbuds,EAR-M4,8523,2007,89,98.21,1.38,1.87,1.2,2,44.8,1,1,new,6,94,36,6.09,61,30,4.41,4.18,Yes,81.47,2.81,12000,-2.92,11650,67.4
S00039,medium,Digital Camera,CAM-M4,1152,346,34,95.13,3.07,3.8,2.4,5,38.5,1,0,refurbished,6,54,36,4.69,30,29,4.24,3.77,Yes,78.83,39.99,100000,0.45,100450,74.1
S00065,medium,Gaming Console,CON-M4,1584,273,17,98.99,0.84,1.6,2.3,0,53.3,1,0,new,3,207,14,2.87,64,27,4.82,4.56,Yes,90.98,1.18,78000,-6.86,72650,52.1
S00293,medium,Wi-Fi Router,RTR-M5,862,53,56,98.33,1.07,1.27,1.9,0,20.7,1,0,new,3,42,22,4.19,21,3,5,4.78,Yes,100,38.81,16000,8.75,17400,89.4
S00519,small,Digital Camera,CAM-M1,95,24,30,99.62,1.46,2.08,3.5,0,42.4,0,0,new,12,246,4,2.13,1,1,4.29,3.92,Yes,95.05,22.14,35000,-4.57,33400,53.2
S00516,small,Wireless Earbuds,EAR-M5,378,161,8,92.35,5.43,7.12,6.9,2,61.3,1,0,new,6,232,8,9.1,8,6,3.37,2.89,No,71.44,38.93,28000,-17.5,23100,15.1
S00264,medium,Bluetooth Speaker,SPK-M1,1677,234,10,97.41,1.43,2.4,1.4,0,34.3,1,0,new,6,300,57,6.47,56,26,4.58,4.53,Yes,100,0,1500,-4.67,1430,52.7
S00074,medium,Laptop,LAP-M2,1675,358,24,97.76,1.44,2.2,2.3,2,25.7,1,0,used,12,88,25,1.6,13,6,4.37,3.98,Yes,88.82,9.36,55000,5.82,58200,89.5
S00205,big,Desktop Computer,PC-M2,16429,2409,121,98.29,1.26,1.82,2.5,11,3.7,1,1,new,6,166,118,3.02,435,165,4.76,4.46,Yes,91.71,15.08,45000,-14.89,38300,14.5
S00465,small,Laptop,LAP-M4,95,30,12,93.95,5.62,6.63,4.5,1,15.1,0,0,new,0,360,7,7.1,12,10,3.41,3.25,No,83.8,47.57,120000,-10.0,108000,41.8
S00331,small,Wi-Fi Router,RTR-M4,85,33,10,90.82,6.07,8.56,7.7,0,39.5,0,0,new,12,300,10,8.26,1,1,3.82,3.46,Yes,79.05,56.02,9500,-6.53,8880,51.6
S00018,medium,Mobile Phone,MOB-M4,500,142,32,98.05,2.27,3.51,5.9,0,26.9,1,0,new,12,29,25,4.31,13,8,4.14,3.99,Yes,78.72,13.95,65000,6.23,69050,90.5
S00198,small,Smart TV,TV-M4,137,30,10,95.29,1.61,3.62,1.6,0,37.2,0,0,new,12,263,12,4.42,6,3,4.61,4.45,Yes,79.75,10.37,90000,-7.44,83300,43.1
S00222,big,Mobile Phone,MOB-M2,17934,2698,30,99.03,0.77,1.29,0.9,7,21.7,1,1,new,12,195,40,2.46,126,61,4.68,4.76,Yes,93.82,8.95,22000,4.77,23050,90.9
S00107,small,Smart TV,TV-M5,86,13,30,98.19,1.69,1.44,1.2,0,44.8,1,0,new,12,42,7,4.68,9,5,4.8,4.78,Yes,88.69,7.31,180000,4.25,187650,82.1
S00116,big,Wireless Earbuds,EAR-M1,50189,14179,123,96.13,2.57,3.34,1.3,47,34.4,1,1,new,3,183,28,6.91,591,534,4.03,3.76,Yes,81.74,31.73,1200,2.5,1230,81.0
S00180,small,Bluetooth Speaker,SPK-M3,50,18,33,95.4,3.81,3.52,2.1,0,47.3,1,0,new,3,29,5,5.69,7,5,4.15,4.23,Yes,72.79,19.31,7000,-5.86,6590,42.6
S00069,small,Mobile Phone,MOB-M3,27,7,20,94.93,3.96,3.58,2.0,0,31.1,0,0,refurbished,12,211,7,3.95,1,1,4.24,4.1,Yes,73.51,27.87,38000,5.79,40200,87.0
S00071,big,Bluetooth Speaker,SPK-M2,19291,4612,63,98.68,0.86,1.46,1.1,15,18.4,1,1,new,3,46,120,1.57,298,169,5,4.71,Yes,87.39,29.19,3500,-11.71,3090,19.0
S00237,medium,Wireless Earbuds,EAR-M5,924,137,48,99.82,0.66,1.45,1.2,0,49.7,1,1,new,6,298,56,4.35,14,5,5,4.77,Yes,94.58,19.59,28000,-3.93,26900,50.9
S00316,small,Digital Camera,CAM-M5,41,10,8,100,1.54,1.0,2.3,0,30.0,1,0,new,6,82,13,3.76,5,3,4.05,3.95,Yes,85.69,3.61,180000,1.69,183050,85.2
S00205,big,Smart TV,TV-M2,16429,2409,121,98.29,1.26,1.82,2.5,11,3.7,1,1,new,12,176,99,3.08,442,178,4.6,4.5,Yes,76.88,28.42,35000,5.43,36900,88.9
S00427,small,Laptop,LAP-M3,88,20,17,99.51,2.0,1.68,0.8,0,29.1,0,0,new,12,59,5,4.9,11,7,4.64,4.3,Yes,87.16,10.02,80000,-5.94,75250,63.8
S00440,medium,Smart TV,TV-M5,2112,454,46,98.34,0.73,1.64,1.1,1,36.0,1,0,new,12,379,24,5.44,53,26,4.58,4.22,Yes,78.2,19.78,180000,-2.75,175050,53.6
S00230,small,Laptop,LAP-M3,180,35,8,93.27,4.52,5.08,3.9,0,40.8,1,0,new,12,164,8,7.38,5,2,3.86,3.6,Yes,85.89,18.58,80000,-9.0,72800,51.7
S00545,medium,Mobile Phone,MOB-M1,1302,151,52,98.31,1.44,1.7,1.8,0,39.9,1,0,new,12,162,89,3.9,60,18,4.38,4.01,Yes,95.78,5.01,12000,-3.33,11600,47.1
S00484,small,Power Bank,PWR-M1,61,23,11,92.0,6.31,6.39,11.0,0,29.6,0,0,new,12,330,5,7.39,0,0,,,No,,,1100,-15.45,930,23.2
S00329,medium,Desktop Computer,PC-M1,1239,61,35,99.02,0.78,0.98,0.6,1,27.7,1,0,new,12,49,29,4.71,24,4,4.16,3.81,Yes,98.16,0,30000,-12.67,26200,14.5
S00272,small,Gaming Console,CON-M3,257,37,15,97.53,2.97,2.36,3.4,0,64.2,0,0,refurbished,6,76,2,5.61,5,2,4.45,4.5,Yes,92.47,17.71,62000,-4.76,59050,50.0
S00067,medium,Wi-Fi Router,RTR-M5,1436,281,49,99.93,0.65,0.92,0.8,1,21.1,1,0,refurbished,3,422,9,4.25,17,9,4.97,5,Yes,90.12,11.7,16000,3.12,16500,76.6
S00498,small,Smartwatch,WCH-M4,57,10,9,94.88,1.98,0.5,0.5,0,29.7,0,0,new,12,270,3,7.11,2,1,4.71,4.65,Yes,93.8,4.24,22000,1.14,22250,59.1
S00286,small,Smart TV,TV-M1,94,14,3,100,0.85,0.34,0.7,0,32.3,0,0,new,3,80,16,3.71,3,1,5,5,Yes,99.26,9.33,22000,4.32,22950,82.8
S00319,small,Power Bank,PWR-M4,147,70,26,91.98,4.11,6.93,4.6,0,49.7,1,0,new,12,73,25,6.7,5,5,3.49,3.62,No,63.38,28.5,4800,1.67,4880,77.2
S00244,medium,Smartwatch,WCH-M5,3636,703,56,98.6,0.84,1.45,1.2,3,40.4,1,1,new,12,126,29,4.12,52,32,4.67,4.36,Yes,88.1,18.06,45000,4.11,46850,78.6
S00201,small,Gaming Console,CON-M4,265,146,28,91.26,5.56,6.2,6.3,0,57.2,0,0,new,12,87,2,6.07,8,8,3.73,3.45,Yes,57.94,67.51,78000,-26.92,57000,6.2
S00404,small,Laptop,LAP-M2,498,234,21,87.97,8.56,9.87,18.0,5,60.4,1,0,new,6,31,5,7.94,18,18,2.6,2.36,No,62.19,41.31,55000,-18.0,45100,10.5
S00014,medium,Digital Camera,CAM-M4,1814,557,47,96.61,1.93,2.81,3.1,0,44.5,1,0,new,3,368,17,4.31,90,55,4.25,4.24,Yes,96.11,16.58,100000,3.95,103950,87.9
S00204,small,Bluetooth Speaker,SPK-M1,66,12,46,97.22,0.1,0.58,0.9,0,48.8,0,0,used,12,334,10,4.61,1,0,4.67,,Yes,88.7,11.09,1500,-8.67,1370,41.8
S00322,small,Power Bank,PWR-M5,54,23,12,95.07,2.93,2.85,3.0,0,41.0,1,0,refurbished,3,235,4,5.59,0,0,,,No,,,8500,-8.59,7770,27.3
S00387,big,Digital Camera,CAM-M5,21188,2382,60,99.12,0.69,1.3,0.8,9,32.2,1,1,new,0,221,264,4.1,488,118,4.63,4.84,Yes,87.94,8.89,180000,-6.44,168400,45.9
S00361,small,Digital Camera,CAM-M4,60,16,18,94.79,1.76,2.08,2.1,0,36.2,0,0,new,6,283,3,3.0,3,2,4.51,4.17,Yes,90.94,12.76,100000,-14.35,85650,27.6
S00283,small,Wi-Fi Router,RTR-M2,310,143,16,93.51,6.33,6.51,3.9,1,39.9,1,0,new,0,19,6,9.06,2,2,2.99,2.86,No,83.1,31.14,3200,-6.56,2990,40.0
S00141,small,Gaming Console,CON-M4,76,42,34,87.71,7.33,9.65,7.0,1,61.8,0,0,new,0,111,8,6.9,7,7,2.96,2.67,No,59.67,67.48,78000,-18.21,63800,16.7
S00395,small,Wireless Earbuds,EAR-M2,49,16,18,95.35,4.13,5.88,2.4,0,33.0,1,0,new,3,236,3,5.62,3,3,4.23,3.7,Yes,78.64,25.97,2500,-26.4,1840,2.2
S00205,big,Wi-Fi Router,RTR-M3,16429,2409,121,98.29,1.26,1.82,2.5,11,3.7,1,1,new,12,234,139,3.06,439,235,4.42,4.53,Yes,77.16,0,5500,-15.45,4650,10.9
S00326,small,Smartwatch,WCH-M4,59,40,7,78.31,12.82,17.06,9.1,0,61.7,0,0,new,0,210,5,13.15,5,5,1.58,1.29,No,32.06,57.38,22000,-44.77,12150,2.3
S00444,small,Bluetooth Speaker,SPK-M4,47,21,10,94.17,5.81,5.67,7.7,0,58.4,0,0,new,6,100,12,7.04,2,2,3.31,2.71,No,74.42,32.39,14000,-31.43,9600,1.9
S00171,small,Smartwatch,WCH-M5,93,62,6,82.78,12.82,14.77,8.2,2,61.0,0,0,new,0,180,7,11.1,2,2,1.87,1.33,No,42.15,75.44,45000,-37.33,28200,1.8
S00250,medium,Wireless Earbuds,EAR-M4,1595,394,40,97.22,1.8,2.76,1.6,0,19.1,1,0,new,6,96,26,5.93,56,43,4.12,4.03,Yes,94.66,2.87,12000,4.58,12550,93.0
S00206,small,Wi-Fi Router,RTR-M1,46,19,8,92.19,6.67,5.84,4.9,0,45.1,0,0,new,0,156,7,5.37,1,1,3.76,3.49,Yes,77.41,38.42,1800,-16.67,1500,15.6
S00485,medium,Gaming Console,CON-M4,2484,588,30,98.91,0.64,1.45,1.2,1,37.7,1,1,new,12,199,58,3.25,64,40,4.62,4.49,Yes,79.4,9.37,78000,-10.51,69800,37.5
S00056,small,Wi-Fi Router,RTR-M1,341,116,13,92.81,4.07,5.13,2.2,0,25.8,1,0,new,12,178,7,4.89,15,13,3.81,3.88,Yes,63.89,41.34,1800,-31.11,1240,3.1
S00412,big,Smartwatch,WCH-M2,22291,5838,77,97.25,1.78,2.4,1.4,15,30.0,1,0,new,12,1601,161,5.32,130,84,4.36,4.65,Yes,79.01,20.97,4500,1.33,4560,83.3
S00349,medium,Power Bank,PWR-M3,2129,647,38,96.2,2.45,3.13,2.5,2,55.9,0,0,new,3,96,13,4.93,45,32,3.68,3.39,Yes,89.97,32.65,3000,-0.67,2980,55.8
S00144,medium,Wireless Earbuds,EAR-M5,3085,1463,51,92.82,4.43,5.6,3.7,8,44.3,0,0,new,12,91,35,7.5,105,105,3.46,3.24,No,71.99,29.12,28000,-8.04,25750,35.8
S00083,big,Wi-Fi Router,RTR-M1,16028,2954,75,97.99,1.46,2.02,1.4,7,38.8,1,0,new,12,311,118,3.62,106,48,4.03,3.98,Yes,76.12,20.58,1800,-4.44,1720,62.5
S00311,medium,Desktop Computer,PC-M1,1632,438,32,98.47,1.54,2.12,1.3,1,56.1,1,1,new,0,196,20,5.71,71,49,4.17,4.33,Yes,86.3,32.92,30000,-13.83,25850,12.9
S00355,small,Wireless Earbuds,EAR-M1,83,61,5,79.59,12.15,15.65,4.3,1,66.7,0,0,new,0,89,9,10.73,8,8,2.56,2.2,No,51.08,57.65,1200,-19.17,970,8.6
S00541,medium,Mobile Phone,MOB-M5,2360,1111,47,92.09,5.24,6.5,6.5,4,50.8,0,0,new,6,239,32,8.83,72,72,3.0,2.77,No,71.78,24.38,140000,-10.82,124850,32.8
S00017,medium,Smart TV,TV-M1,1598,565,56,94.05,3.02,4.31,1.8,5,60.3,1,0,new,12,25,41,2.97,36,36,4.25,3.77,Yes,69.85,28.87,22000,-4.77,20950,55.2
S00029,medium,Power Bank,PWR-M4,952,190,68,98.38,0.89,1.61,1.3,0,26.4,1,0,used,12,207,54,3.78,35,17,4.75,4.86,Yes,68.61,27.18,4800,-12.71,4190,29.8
S00248,small,Wi-Fi Router,RTR-M3,52,15,17,94.11,4.05,5.84,3.1,0,33.1,1,0,used,12,38,11,6.82,3,2,3.96,3.86,Yes,67.75,51.43,5500,-18.18,4500,6.5
S00077,medium,Gaming Console,CON-M4,1056,191,33,94.62,3.03,3.81,2.9,1,41.3,1,0,new,12,21,41,4.76,26,16,4.35,3.98,Yes,75.85,27.71,78000,-23.08,60000,12.5
S00505,small,Laptop,LAP-M1,209,60,4,96.93,2.43,2.74,2.8,0,24.8,1,0,new,6,120,3,7.56,12,7,4.18,3.96,Yes,78.86,13.84,38000,-0.13,37950,74.0
S00216,big,Bluetooth Speaker,SPK-M4,25438,8397,94,94.36,3.7,4.75,3.5,37,54.8,1,1,new,12,112,174,5.54,441,441,3.87,3.73,Yes,82.3,36.85,14000,-12.5,12250,19.2
S00307,medium,Gaming Console,CON-M2,583,94,31,96.85,2.48,3.04,2.4,1,23.7,1,1,new,6,249,17,4.12,9,3,4.21,4.46,Yes,84.52,22.03,52000,3.27,53700,82.0
S00394,small,Laptop,LAP-M1,19,11,8,88.93,10.47,15.68,6.3,0,71.3,1,0,new,0,145,4,14.35,1,1,1.64,1.34,No,68.41,74.09,38000,-30.66,26350,4.0
S00184,small,Wi-Fi Router,RTR-M3,21,10,31,88.08,5.69,5.11,5.6,0,31.6,0,0,new,6,81,4,6.13,0,0,,,No,,,5500,-0.18,5490,82.6
S00116,big,Wireless Earbuds,EAR-M2,50189,14179,123,96.13,2.57,3.34,1.3,47,34.4,1,1,new,0,62,36,2.87,875,547,3.78,3.38,Yes,96.45,34.03,2500,-15.2,2120,19.6
S00297,small,Wireless Earbuds,EAR-M5,112,34,18,93.57,5.99,6.38,1.7,0,51.1,0,0,new,0,106,5,9.32,6,6,2.93,3.13,No,83.91,27.77,28000,-19.11,22650,9.4
S00333,medium,Power Bank,PWR-M2,1444,222,59,98.93,0.57,1.07,1.2,0,41.7,0,0,new,12,134,29,6.4,44,20,4.73,4.69,Yes,91.26,16.06,1800,9.44,1970,96.5
S00498,small,Bluetooth Speaker,SPK-M5,57,10,9,94.88,1.98,0.5,0.5,0,29.7,0,0,new,12,63,10,4.8,4,2,4.74,4.72,Yes,80.61,15.72,30000,9.33,32800,97.0
S00029,medium,Smartwatch,WCH-M4,952,190,68,98.38,0.89,1.61,1.3,0,26.4,1,0,new,3,273,17,5.91,26,16,4.7,4.73,Yes,79.81,31.16,22000,-12.5,19250,13.6
S00133,small,Smartwatch,WCH-M1,75,18,7,98.59,0.68,1.97,2.8,0,52.1,1,0,new,12,103,11,3.58,5,3,4.8,4.82,Yes,91.94,31.4,2000,-0.5,1990,67.5
S00033,small,Desktop Computer,PC-M2,54,34,4,84.52,12.55,11.12,6.6,0,51.7,0,0,new,12,41,2,11.61,0,0,,,No,,,45000,-16.33,37650,12.7
S00076,small,Wireless Earbuds,EAR-M2,105,62,20,85.71,9.59,12.11,7.1,1,58.2,0,0,new,0,270,4,7.66,2,2,2.77,2.39,No,64.37,52.44,2500,-18.4,2040,15.2
S00028,small,Wi-Fi Router,RTR-M4,18,10,17,90.11,5.46,10.18,4.9,0,40.2,0,0,new,3,172,6,7.77,0,0,,,No,,,9500,-30.63,6590,8.1
S00019,medium,Laptop,LAP-M4,2817,227,56,97.34,1.57,2.45,1.8,1,45.0,1,1,new,0,64,20,5.12,40,11,4.17,4.14,Yes,86.58,8.79,120000,1.79,122150,83.6
S00020,small,Gaming Console,CON-M4,121,18,25,99.03,0.1,2.03,0.5,0,44.3,1,0,new,6,157,3,0.91,5,1,4.48,4.78,Yes,85.44,6.36,78000,-9.81,70350,39.6
S00219,small,Mobile Phone,MOB-M1,174,31,24,96.09,2.69,2.92,1.8,0,53.2,1,0,new,6,189,5,3.89,8,3,3.94,3.32,Yes,94.75,22.78,12000,6.25,12750,90.2
S00122,big,Desktop Computer,PC-M5,8629,1777,66,95.64,2.74,3.64,3.8,12,38.2,1,0,used,0,369,53,3.65,199,145,4.21,3.89,Yes,83.87,35.72,160000,-8.59,146250,30.4
S00026,small,Gaming Console,CON-M3,64,15,4,97.85,0.1,0.61,2.7,0,50.4,1,0,new,12,120,8,3.22,3,1,4.52,4.38,Yes,76.67,17.94,62000,-0.97,61400,72.0
S00370,small,Desktop Computer,PC-M4,92,42,7,90.08,5.28,6.16,5.1,0,36.7,0,0,new,12,210,8,6.73,4,4,3.35,3.14,No,65.7,33.02,95000,-25.32,70950,1.9
S00014,medium,Digital Camera,CAM-M5,1814,557,47,96.61,1.93,2.81,3.1,0,44.5,1,0,new,3,111,59,4.93,125,95,4.53,4.38,Yes,93.43,20.8,180000,-7.42,166650,42.6
S00418,small,Bluetooth Speaker,SPK-M1,39,5,17,96.38,0.1,2.03,1.4,0,54.5,1,0,new,12,161,9,4.84,1,0,5,,Yes,84.33,22.5,1500,-18.0,1230,12.7
S00411,small,Wi-Fi Router,RTR-M2,39,4,14,99.51,0.86,4.13,1.9,0,49.3,1,0,new,12,50,11,5.37,1,0,4.28,,Yes,81.19,19.39,3200,4.37,3340,86.7
S00408,big,Laptop,LAP-M3,13087,2037,52,99.32,0.57,1.07,1.1,2,45.1,1,1,new,12,133,193,4.71,173,40,4.9,5,Yes,100,20.87,80000,-11.38,70900,36.2
S00542,small,Smart TV,TV-M1,287,72,22,95.67,4.16,4.15,3.0,0,25.8,0,0,new,12,82,20,6.48,10,6,4.32,4.3,Yes,67.7,31.05,22000,-7.95,20250,39.7
S00017,medium,Digital Camera,CAM-M2,1598,565,56,94.05,3.02,4.31,1.8,5,60.3,1,0,used,0,199,21,5.78,29,24,3.43,3.49,No,82.94,18.52,55000,-18.09,45050,14.0
S00393,small,Wireless Earbuds,EAR-M5,67,13,27,98.27,2.66,2.51,1.8,0,40.9,0,0,new,12,549,2,4.63,3,1,4.5,4.39,Yes,100,19.5,28000,-2.68,27250,62.3
S00101,big,Gaming Console,CON-M1,10178,1192,106,98.66,0.9,1.45,1.3,8,28.4,1,1,new,12,196,77,3.81,122,32,4.44,4.32,Yes,100,17.03,38000,2.89,39100,73.8
S00150,big,Smart TV,TV-M3,16547,2862,75,98.1,1.2,1.87,1.4,11,32.1,1,0,new,0,85,120,4.5,234,75,4.57,4.74,Yes,89.96,26.82,55000,7.64,59200,86.0
S00152,small,Bluetooth Speaker,SPK-M2,118,31,6,97.1,0.84,1.04,1.0,0,32.6,1,0,used,6,180,3,3.41,10,5,4.54,3.93,Yes,100,23.94,3500,4.57,3660,79.3
S00310,small,Desktop Computer,PC-M1,50,27,17,87.69,7.05,9.39,3.8,0,46.6,0,0,refurbished,12,260,9,8.98,10,10,2.69,2.24,No,59.09,62.17,30000,-12.5,26250,16.1
S00487,small,Mobile Phone,MOB-M4,75,20,2,98.74,1.96,1.1,4.2,0,27.9,0,0,new,12,60,3,3.47,7,3,4.45,4.12,Yes,84.76,21.06,65000,-2.62,63300,57.1
S00387,big,Smart TV,TV-M4,21188,2382,60,99.12,0.69,1.3,0.8,9,32.2,1,1,new,12,340,85,2.75,272,66,4.78,4.12,Yes,100,14.23,90000,7.06,96350,98.0
S00261,small,Smartwatch,WCH-M3,172,74,18,92.34,5.15,4.77,3.4,2,18.4,0,0,new,0,45,3,10.31,8,8,3.38,3.12,No,85.9,33.62,9000,-13.33,7800,27.4
S00384,medium,Gaming Console,CON-M5,1381,574,43,91.81,5.02,6.37,4.3,3,48.3,0,0,new,0,43,49,5.45,16,16,4.21,3.98,Yes,75.72,51.71,95000,-10.47,85050,28.0
S00333,medium,Power Bank,PWR-M4,1444,222,59,98.93,0.57,1.07,1.2,0,41.7,0,0,new,3,179,35,2.35,58,22,4.6,4.78,Yes,83.29,11.37,4800,-0.62,4770,71.9
S00257,big,Bluetooth Speaker,SPK-M1,11676,785,101,98.83,0.95,1.34,1.4,4,16.3,1,1,new,3,94,162,5.37,115,19,4.49,4.54,Yes,100,17.56,1500,2.67,1540,76.4
S00457,small,Mobile Phone,MOB-M3,83,39,20,93.56,4.16,5.41,5.0,0,47.9,0,0,new,12,234,2,4.56,6,6,3.82,3.7,Yes,76.33,43.28,38000,-10.79,33900,29.6
S00398,big,Digital Camera,CAM-M3,11064,3893,108,93.84,4.17,5.17,4.1,22,66.6,1,1,new,12,139,115,6.15,167,167,3.62,3.53,Yes,90.98,45.07,80000,-2.38,78100,58.9
S00407,small,Digital Camera,CAM-M4,47,9,44,98.04,2.72,0.66,1.6,0,43.0,0,0,new,12,219,5,2.91,2,1,4.31,4.51,Yes,90.84,29.37,100000,0.1,100100,70.7
S00344,small,Desktop Computer,PC-M1,45,15,7,94.79,1.98,3.53,2.0,0,46.7,0,0,new,12,21,5,5.01,4,4,4.1,3.69,Yes,75.37,31.38,30000,-0.33,29900,66.1
S00269,small,Smart TV,TV-M3,50,3,25,97.54,2.01,1.99,2.6,0,44.1,0,0,new,6,750,8,1.69,14,2,4.39,4.36,Yes,92.76,21.03,55000,-2.0,53900,58.0
S00503,small,Smartwatch,WCH-M2,221,88,6,91.27,4.9,6.2,3.4,0,63.9,1,0,new,12,92,7,5.47,3,3,3.58,3.43,No,93.98,5.8,4500,-15.11,3820,23.3
S00377,small,Laptop,LAP-M5,103,81,13,78.27,13.1,16.08,9.7,1,61.0,0,0,new,0,202,15,11.73,13,13,1.81,1.08,No,38.7,73.21,190000,-0.74,188600,61.3
S00274,small,Power Bank,PWR-M3,110,28,12,95.08,2.6,4.4,2.5,1,44.9,1,0,used,12,360,4,4.27,7,4,3.98,3.91,Yes,86.79,28.57,3000,-1.0,2970,53.8
S00252,small,Digital Camera,CAM-M5,65,10,11,96.86,0.1,1.63,1.0,0,25.6,0,0,refurbished,3,21,3,5.98,1,0,4.31,,Yes,93.84,23.51,180000,-11.0,160200,31.1
S00223,small,Power Bank,PWR-M2,40,22,3,86.56,5.19,10.02,6.2,0,57.6,1,0,new,12,54,10,11.55,1,1,3.06,3.08,No,76.0,54.59,1800,-41.67,1050,1.8
S00538,big,Desktop Computer,PC-M4,21530,8371,76,95.25,3.2,4.03,3.2,31,65.0,1,0,refurbished,12,471,407,4.07,192,142,4.0,4.01,Yes,91.16,31.49,95000,-8.0,87400,34.0
S00358,medium,Mobile Phone,MOB-M4,1591,121,63,98.09,0.93,1.85,2.4,0,30.0,1,0,new,0,192,26,4.73,22,5,4.53,4.39,Yes,99.17,6.08,65000,5.38,68500,88.1
S00085,small,Mobile Phone,MOB-M1,39,11,20,95.33,0.1,2.32,1.3,0,46.9,0,0,new,6,61,5,4.17,4,3,4.75,4.74,Yes,95.65,12.09,12000,-6.25,11250,37.3
S00408,big,Smartwatch,WCH-M5,13087,2037,52,99.32,0.57,1.07,1.1,2,45.1,1,1,new,12,171,102,4.65,260,92,4.98,4.95,Yes,78.58,22.03,45000,13.78,51200,96.4
S00271,medium,Laptop,LAP-M3,2509,755,56,94.17,3.62,4.7,6.3,2,47.2,1,0,new,12,15,28,5.77,32,22,4.15,4.08,Yes,95.76,14.34,80000,-7.44,74050,55.2
S00217,small,Laptop,LAP-M2,37,16,17,93.83,4.96,6.4,2.9,0,27.6,0,0,new,12,510,7,5.15,3,2,4.11,4.14,Yes,68.4,57.32,55000,-37.0,34650,1.8
S00032,small,Bluetooth Speaker,SPK-M4,45,12,34,98.76,1.33,4.02,1.6,0,62.9,0,0,new,0,82,11,5.59,0,0,,,No,,,14000,13.93,15950,94.2
S00267,small,Desktop Computer,PC-M5,86,73,11,83.24,12.71,14.45,9.1,1,71.6,0,0,new,12,105,20,9.68,2,2,2.3,1.68,No,37.36,68.96,160000,-14.81,136300,14.5
S00402,small,Power Bank,PWR-M3,140,62,13,90.46,4.79,7.51,3.7,0,51.0,0,0,new,6,63,11,7.84,4,4,3.13,2.82,No,49.11,16.49,3000,4.33,3130,75.0
S00116,big,Laptop,LAP-M4,50189,14179,123,96.13,2.57,3.34,1.3,47,34.4,1,1,new,0,322,180,6.66,546,328,4.13,3.76,Yes,79.64,35.07,120000,-7.92,110500,49.1
S00309,small,Desktop Computer,PC-M4,112,26,33,98.09,1.45,1.71,1.8,0,42.4,0,1,new,12,8,8,2.62,2,1,4.49,4.42,Yes,73.35,2.2,95000,-4.74,90500,52.8
S00048,small,Desktop Computer,PC-M1,24,6,24,94.78,7.5,2.58,1.7,0,24.9,0,0,new,12,180,7,4.38,1,1,3.91,4.01,Yes,73.56,22.95,30000,-3.67,28900,51.6
S00494,medium,Smartwatch,WCH-M2,1542,549,43,95.36,2.69,4.23,5.0,2,27.5,1,0,new,12,46,17,7.67,55,55,4.25,4.23,Yes,89.84,18.55,4500,6.67,4800,95.0
S00212,small,Power Bank,PWR-M3,352,63,11,99.42,0.48,0.85,1.1,1,56.8,0,1,new,6,124,5,3.38,21,8,5,4.89,Yes,97.15,25.91,3000,2.0,3060,67.3
S00086,medium,Wi-Fi Router,RTR-M1,3263,961,25,97.61,1.74,2.35,1.1,1,51.9,1,0,used,0,43,35,4.2,34,24,4.49,4.21,Yes,82.14,38.11,1800,4.44,1880,85.9
S00301,small,Bluetooth Speaker,SPK-M5,77,11,37,92.05,3.3,3.86,1.7,0,48.3,0,0,new,12,71,2,7.27,3,1,3.68,3.74,Yes,90.3,9.29,30000,-4.0,28800,52.2
S00199,medium,Laptop,LAP-M5,1247,153,39,97.1,1.54,2.13,3.5,3,38.7,0,0,refurbished,6,153,17,4.27,43,18,4.7,4.96,Yes,88.98,32.06,190000,-5.63,179300,40.3
S00345,medium,Digital Camera,CAM-M1,1751,507,25,94.19,3.6,4.7,4.4,2,43.3,1,0,new,12,212,11,5.94,46,39,3.63,3.59,Yes,68.95,49.98,35000,-8.43,32050,38.7
S00298,small,Power Bank,PWR-M5,57,16,6,92.31,6.37,7.77,8.1,0,41.1,0,1,new,12,180,9,7.03,8,6,3.19,3.13,No,79.08,36.77,8500,-16.24,7120,14.5
S00345,medium,Gaming Console,CON-M1,1751,507,25,94.19,3.6,4.7,4.4,2,43.3,1,0,new,3,136,79,3.6,21,14,3.78,3.61,Yes,67.76,39.98,38000,0.26,38100,69.0
S00013,big,Wireless Earbuds,EAR-M5,15432,3591,35,95.68,2.86,3.7,2.5,27,30.3,1,1,new,12,270,120,6.06,462,309,4.35,4.19,Yes,83.46,30.32,28000,0.18,28050,69.8
S00138,small,Wireless Earbuds,EAR-M4,238,50,15,94.24,3.4,4.92,6.6,1,41.5,0,0,new,12,274,13,9.41,14,8,3.76,4.07,Yes,63.63,40.46,12000,-6.67,11200,46.5
S00228,big,Mobile Phone,MOB-M2,15923,2418,65,97.98,1.25,2.01,2.0,14,53.5,1,1,new,12,206,87,3.43,448,215,4.66,4.34,Yes,97.57,14.19,22000,-10.68,19650,34.5
S00268,small,Power Bank,PWR-M2,75,17,15,96.08,0.1,1.46,1.6,0,38.1,1,0,new,0,80,6,5.93,1,1,4.64,4.61,Yes,91.87,12.34,1800,-8.89,1640,50.9
S00097,small,Smartwatch,WCH-M4,42,25,12,85.86,7.63,12.18,8.9,0,42.3,0,0,new,12,360,15,11.42,2,2,2.24,2.15,No,44.07,58.79,22000,11.14,24450,95.5
S00226,medium,Desktop Computer,PC-M5,1764,385,55,98.72,0.44,1.02,0.9,1,34.8,1,0,new,12,903,45,2.82,53,26,4.69,4.77,Yes,100,0,160000,-7.28,148350,36.2
S00408,big,Digital Camera,CAM-M4,13087,2037,52,99.32,0.57,1.07,1.1,2,45.1,1,1,new,6,130,135,0.27,245,93,5,5,Yes,68.75,14.26,100000,-4.7,95300,58.6
S00351,small,Desktop Computer,PC-M5,379,51,2,99.06,1.17,1.09,1.3,1,23.6,1,0,new,12,60,2,3.59,14,5,4.89,4.59,Yes,95.22,0,160000,-2.09,156650,58.0
S00381,medium,Desktop Computer,PC-M1,876,177,30,99.93,0.75,1.78,0.6,1,14.0,1,0,new,6,520,34,4.09,50,21,4.79,4.38,Yes,99.93,23.16,30000,5.0,31500,87.1
S00101,big,Desktop Computer,PC-M1,10178,1192,106,98.66,0.9,1.45,1.3,8,28.4,1,1,new,3,690,131,4.55,141,34,4.89,4.79,Yes,83.42,0,30000,1.33,30400,72.6
S00188,small,Wireless Earbuds,EAR-M2,123,73,16,86.44,10.55,11.07,6.7,0,52.0,0,0,new,6,257,8,8.56,19,19,2.57,2.29,No,40.93,54.14,2500,-1.6,2460,69.6
S00384,medium,Desktop Computer,PC-M2,1381,574,43,91.81,5.02,6.37,4.3,3,48.3,0,0,new,6,1136,37,5.99,25,23,3.51,3.47,No,66.71,43.77,45000,15.0,51750,98.2
S00518,big,Power Bank,PWR-M4,8523,2007,89,98.21,1.38,1.87,1.2,2,44.8,1,1,new,12,381,137,3.2,128,95,4.94,4.65,Yes,98.94,13.3,4800,-3.75,4620,61.4
S00445,small,Smartwatch,WCH-M3,73,8,13,99.54,0.11,2.29,3.3,0,27.3,1,0,new,12,390,9,6.89,1,0,4.72,,Yes,77.39,27.48,9000,-1.0,8910,67.7
S00284,small,Smart TV,TV-M4,62,13,25,94.84,1.91,4.28,1.5,0,21.3,0,0,new,3,21,6,4.43,0,0,,,No,,,90000,-12.72,78550,31.4
S00226,medium,Wi-Fi Router,RTR-M5,1764,385,55,98.72,0.44,1.02,0.9,1,34.8,1,0,new,12,186,40,2.28,47,26,4.76,4.95,Yes,95.32,15.06,16000,19.38,19100,97.9
S00264,medium,Smart TV,TV-M1,1677,234,10,97.41,1.43,2.4,1.4,0,34.3,1,0,new,3,79,35,4.41,29,10,4.69,4.45,Yes,98.61,3.71,22000,-2.27,21500,67.2
S00296,small,Bluetooth Speaker,SPK-M4,29,11,12,94.47,3.24,3.07,2.9,0,33.8,1,0,new,3,114,5,7.83,0,0,,,No,,,14000,4.64,14650,84.6
S00286,small,Wireless Earbuds,EAR-M1,94,14,3,100,0.85,0.34,0.7,0,32.3,0,0,new,12,90,11,4.17,5,2,5,4.98,Yes,80.38,0.98,1200,2.5,1230,81.0
S00398,big,Bluetooth Speaker,SPK-M3,11064,3893,108,93.84,4.17,5.17,4.1,22,66.6,1,1,new,3,41,93,8.55,83,51,3.33,2.73,No,82.44,35.89,7000,17.71,8240,100.0
S00458,big,Laptop,LAP-M5,19893,8155,45,94.84,3.46,4.36,1.3,24,32.2,1,0,new,3,37,73,6.19,171,171,3.73,3.38,Yes,73.25,23.63,190000,11.74,212300,96.8
S00086,medium,Wireless Earbuds,EAR-M2,3263,961,25,97.61,1.74,2.35,1.1,1,51.9,1,0,used,12,47,38,4.14,33,26,4.87,5,Yes,94.0,24.46,2500,-9.2,2270,39.1
S00194,small,Gaming Console,CON-M5,171,57,9,96.79,3.36,3.76,2.3,0,39.9,0,0,new,12,68,11,4.52,13,13,3.63,3.53,Yes,83.77,39.22,95000,2.63,97500,84.0
S00491,small,Power Bank,PWR-M4,45,6,27,99.4,0.7,2.24,1.6,0,44.0,0,0,refurbished,3,164,6,3.36,0,0,,,No,,,4800,8.13,5190,93.0
S00432,small,Mobile Phone,MOB-M3,198,33,27,94.33,2.3,4.27,1.2,0,44.5,1,0,new,12,459,9,4.34,6,3,3.82,3.17,Yes,91.83,22.73,38000,-15.66,32050,13.0
S00536,small,Gaming Console,CON-M1,25,1,20,92.89,0.1,1.39,1.2,0,24.6,1,0,new,12,242,2,1.0,3,0,4.56,,Yes,92.61,19.5,38000,-9.34,34450,33.3
S00363,big,Digital Camera,CAM-M2,11473,3227,34,98.05,1.24,1.88,1.6,3,40.7,1,0,new,0,477,134,5.56,237,118,4.4,3.97,Yes,83.4,2.89,55000,-0.55,54700,64.9
S00114,small,Laptop,LAP-M3,99,28,15,96.32,0.81,3.44,2.1,0,48.2,0,0,new,0,384,2,6.58,4,3,4.5,4.65,Yes,93.66,21.8,80000,-17.69,65850,17.2
S00534,small,Digital Camera,CAM-M5,16,1,4,98.73,2.8,3.17,5.6,0,40.3,1,0,new,12,95,13,3.23,0,0,,,No,,,180000,-17.75,148050,16.4
S00416,small,Wireless Earbuds,EAR-M1,131,40,43,100,1.53,2.05,1.5,0,25.0,1,0,new,3,93,3,5.96,6,5,4.7,4.32,Yes,92.68,30.72,1200,17.5,1410,100.0
S00518,big,Desktop Computer,PC-M2,8523,2007,89,98.21,1.38,1.87,1.2,2,44.8,1,1,new,12,399,193,5.21,125,61,4.65,4.15,Yes,90.79,8.37,45000,2.22,46000,69.1
S00517,medium,Power Bank,PWR-M2,950,170,39,99.25,0.76,1.19,1.5,1,22.3,1,1,new,3,1170,41,4.57,22,8,4.92,4.59,Yes,99.75,32.86,1800,-5.56,1700,63.2
S00495,big,Digital Camera,CAM-M4,10614,3105,84,97.15,1.88,2.6,1.8,11,9.7,1,0,used,12,142,71,2.12,307,187,4.72,4.84,Yes,89.71,17.32,100000,-18.75,81250,13.8
S00058,small,Laptop,LAP-M2,52,25,8,85.48,9.91,9.48,5.1,0,49.6,0,0,new,0,212,8,9.01,3,3,2.61,2.64,No,64.45,54.74,55000,-26.91,40200,5.3
S00297,small,Power Bank,PWR-M3,112,34,18,93.57,5.99,6.38,1.7,0,51.1,0,0,new,12,243,6,6.98,4,4,3.17,3.01,No,78.13,56.39,3000,6.0,3180,84.6
S00463,small,Laptop,LAP-M1,274,23,13,96.93,1.64,2.34,3.0,0,39.1,1,0,new,3,238,7,7.16,25,5,3.98,3.75,Yes,87.55,0,38000,0.39,38150,78.0
S00313,big,Wireless Earbuds,EAR-M1,38276,4207,64,99.32,0.56,1.07,1.2,19,34.8,1,0,new,12,67,38,5.3,471,114,4.21,3.83,Yes,96.29,0,1200,-7.5,1110,41.4
S00011,small,Wireless Earbuds,EAR-M1,152,59,14,92.52,4.19,6.41,4.9,0,35.6,0,0,new,6,123,8,8.25,8,8,3.54,3.51,No,80.6,63.36,1200,-25.83,890,6.9
S00275,medium,Power Bank,PWR-M1,1828,658,74,94.04,4.01,4.82,4.9,3,34.7,0,0,new,6,270,20,4.77,67,61,3.65,3.4,Yes,76.34,30.18,1100,-8.18,1010,42.9
S00194,small,Gaming Console,CON-M3,171,57,9,96.79,3.36,3.76,2.3,0,39.9,0,0,new,12,255,14,3.22,18,12,4.22,4.22,Yes,95.45,17.95,62000,-12.26,54400,24.0
S00234,medium,Gaming Console,CON-M3,563,55,40,97.21,1.12,2.15,1.1,0,36.1,1,0,new,3,125,27,4.24,28,7,4.73,4.72,Yes,93.9,37.14,62000,13.23,70200,100.0
S00518,big,Gaming Console,CON-M4,8523,2007,89,98.21,1.38,1.87,1.2,2,44.8,1,1,new,0,292,185,3.67,31,15,4.61,4.34,Yes,93.66,15.43,78000,-4.1,74800,66.7
S00548,medium,Digital Camera,CAM-M5,1113,528,41,93.83,4.14,5.38,3.7,0,39.0,0,1,new,12,437,54,6.67,40,40,3.37,3.14,No,71.13,15.13,180000,-13.5,155700,23.0
S00138,small,Wi-Fi Router,RTR-M5,238,50,15,94.24,3.4,4.92,6.6,1,41.5,0,0,refurbished,12,196,10,6.01,20,12,4.07,3.9,Yes,83.02,28.42,16000,-5.0,15200,34.0
S00469,big,Desktop Computer,PC-M4,11377,1954,82,97.08,2.01,2.85,1.5,5,43.1,1,0,new,6,31,87,2.36,145,82,4.71,4.56,Yes,90.47,14.14,95000,-11.53,84050,17.0
S00495,big,Digital Camera,CAM-M1,10614,3105,84,97.15,1.88,2.6,1.8,11,9.7,1,0,new,0,1672,71,2.39,170,170,4.53,4.7,Yes,80.42,24.01,35000,-12.29,30700,25.8
S00083,big,Power Bank,PWR-M4,16028,2954,75,97.99,1.46,2.02,1.4,7,38.8,1,0,new,12,124,82,5.69,219,98,4.38,4.47,Yes,78.26,14.81,4800,-13.12,4170,28.1
S00093,small,Wi-Fi Router,RTR-M1,169,15,9,100,0.86,0.52,1.4,0,35.5,1,0,new,12,60,8,3.55,10,3,4.91,4.99,Yes,91.11,6.5,1800,-7.22,1670,46.9
S00492,small,Wi-Fi Router,RTR-M3,38,20,5,87.48,8.89,9.53,6.4,0,32.3,1,0,new,12,150,8,8.19,1,1,2.65,2.39,No,64.26,44.09,5500,-13.64,4750,17.4
S00288,small,Digital Camera,CAM-M4,60,11,12,97.84,1.47,1.19,1.9,0,8.8,0,0,new,3,125,2,1.15,2,1,4.67,4.42,Yes,100,37.19,100000,2.95,102950,86.2
S00378,small,Laptop,LAP-M2,357,94,6,95.28,3.61,3.58,4.3,0,58.8,1,0,new,12,123,5,5.18,26,15,3.87,3.81,Yes,89.58,41.14,55000,-12.0,48400,24.6
S00170,medium,Mobile Phone,MOB-M3,2546,222,25,98.82,0.39,1.17,0.7,2,27.9,1,0,new,6,79,72,3.28,189,51,5,5,Yes,100,30.0,38000,2.76,39050,79.6
S00412,big,Power Bank,PWR-M5,22291,5838,77,97.25,1.78,2.4,1.4,15,30.0,1,0,used,12,266,67,6.04,252,90,4.19,4.12,Yes,83.74,21.25,8500,4.0,8840,78.2
S00130,small,Power Bank,PWR-M5,102,44,4,86.58,7.9,10.31,6.0,1,31.3,0,0,new,6,120,4,9.5,11,11,2.97,2.95,No,58.19,54.96,8500,-28.47,6080,9.1
S00303,big,Digital Camera,CAM-M5,24007,4159,86,97.46,1.67,2.38,1.6,15,41.0,1,0,refurbished,6,71,121,4.52,183,96,4.3,4.03,Yes,80.59,33.26,180000,-8.17,165300,39.3
S00271,medium,Smart TV,TV-M4,2509,755,56,94.17,3.62,4.7,6.3,2,47.2,1,0,new,0,358,15,1.9,99,60,3.99,4.29,Yes,73.3,14.63,90000,-4.89,85600,58.8
S00307,medium,Wi-Fi Router,RTR-M2,583,94,31,96.85,2.48,3.04,2.4,1,23.7,1,1,new,12,116,28,5.15,13,5,4.46,4.43,Yes,92.92,16.03,3200,-2.19,3130,57.8
S00389,small,Digital Camera,CAM-M1,16,3,38,100,1.82,1.44,2.8,0,42.0,1,0,new,6,825,15,2.62,0,0,,,No,,,35000,-19.57,28150,12.9
S00141,small,Gaming Console,CON-M1,76,42,34,87.71,7.33,9.65,7.0,1,61.8,0,0,new,0,175,2,6.43,9,9,3.18,2.99,No,55.95,63.77,38000,-6.84,35400,45.2
S00099,medium,Mobile Phone,MOB-M3,845,105,56,96.75,1.95,2.4,1.8,0,46.5,0,0,new,6,238,37,2.62,14,5,4.73,4.18,Yes,85.7,26.18,38000,-12.89,33100,22.2
S00216,big,Digital Camera,CAM-M3,25438,8397,94,94.36,3.7,4.75,3.5,37,54.8,1,1,new,6,266,161,5.86,160,114,3.68,3.1,Yes,66.3,41.64,80000,-16.87,66500,17.9
S00235,small,Mobile Phone,MOB-M2,22,3,4,100,2.24,0,1.0,0,9.5,1,0,new,12,39,10,3.4,3,1,4.68,4.71,Yes,91.93,10.62,22000,8.18,23800,96.4
S00175,medium,Bluetooth Speaker,SPK-M2,929,177,30,96.62,2.63,3.07,2.2,0,32.3,1,1,new,12,900,17,4.59,9,3,4.14,4.01,Yes,85.05,23.62,3500,5.14,3680,82.8
S00502,small,Wireless Earbuds,EAR-M1,65,25,14,95.12,4.3,4.86,2.1,0,31.5,0,0,new,6,420,2,7.08,2,2,4.01,4.12,Yes,75.03,32.98,1200,2.5,1230,81.0
S00144,medium,Wireless Earbuds,EAR-M1,3085,1463,51,92.82,4.43,5.6,3.7,8,44.3,0,0,used,3,76,10,7.93,86,86,3.52,3.47,No,87.09,37.05,1200,-5.0,1140,51.7
S00463,small,Laptop,LAP-M5,274,23,13,96.93,1.64,2.34,3.0,0,39.1,1,0,new,0,95,10,3.29,36,8,4.27,3.77,Yes,87.49,19.26,190000,-6.0,178600,37.1
S00246,medium,Gaming Console,CON-M1,1860,559,29,95.99,2.58,2.99,2.6,2,45.8,1,0,refurbished,3,870,52,2.1,44,33,4.36,3.92,Yes,95.09,40.21,38000,-8.42,34800,38.1
S00177,medium,Wireless Earbuds,EAR-M4,2784,918,85,92.94,4.26,5.47,6.0,4,48.3,0,0,new,12,136,20,8.58,68,65,3.67,3.17,Yes,64.7,38.66,12000,-8.75,10950,34.9
S00378,small,Laptop,LAP-M3,357,94,6,95.28,3.61,3.58,4.3,0,58.8,1,0,new,0,15,6,9.29,17,7,3.4,3.48,No,79.37,0.09,80000,-22.12,62300,12.1
S00259,small,Smartwatch,WCH-M5,290,110,42,92.18,5.09,5.69,6.7,0,34.9,0,0,refurbished,6,147,2,6.36,13,12,3.69,3.32,Yes,81.88,50.87,45000,-6.44,42100,39.3
S00019,medium,Desktop Computer,PC-M4,2817,227,56,97.34,1.57,2.45,1.8,1,45.0,1,1,new,12,243,140,3.1,29,5,4.03,3.84,Yes,100,21.04,95000,-5.95,89350,37.7
S00532,small,Digital Camera,CAM-M5,39,24,19,85.28,8.69,9.75,8.2,0,66.6,0,0,new,3,47,14,8.99,2,2,2.89,2.79,No,69.78,45.12,180000,-36.94,113500,3.3
S00144,medium,Smart TV,TV-M4,3085,1463,51,92.82,4.43,5.6,3.7,8,44.3,0,0,new,6,48,17,3.16,46,46,3.96,3.82,Yes,83.91,21.23,90000,-7.17,83550,47.1
S00325,small,Wireless Earbuds,EAR-M1,80,7,10,98.45,1.57,1.45,1.4,0,24.6,0,1,new,12,35,8,4.6,5,1,4.6,5,Yes,100,0,1200,-6.67,1120,46.6
S00148,medium,Gaming Console,CON-M5,3985,993,53,97.26,1.83,2.46,1.5,3,42.2,1,0,new,12,132,7,2.27,93,52,4.54,4.47,Yes,90.04,26.83,95000,-25.32,70950,8.0
S00135,small,Power Bank,PWR-M3,40,9,22,94.11,0.1,2.3,4.1,0,51.7,0,0,new,0,153,7,2.49,10,7,4.27,4.03,Yes,74.32,16.69,3000,7.67,3230,90.4
S00514,small,Digital Camera,CAM-M5,58,8,9,97.22,1.84,1.32,2.9,0,27.4,0,0,new,12,270,7,4.09,2,1,4.55,4.6,Yes,90.41,14.61,180000,2.28,184100,86.9
S00504,small,Mobile Phone,MOB-M2,114,26,33,98.24,2.4,2.38,1.1,0,32.9,1,0,new,6,125,3,2.81,4,2,4.65,4.86,Yes,94.21,23.85,22000,-1.14,21750,69.1
S00523,small,Wi-Fi Router,RTR-M3,70,29,15,94.32,3.32,4.49,2.6,1,57.9,1,1,new,12,450,2,4.47,2,2,3.61,3.63,Yes,79.09,27.16,5500,-10.18,4940,28.3
S00478,small,Smart TV,TV-M3,100,10,16,98.39,2.16,1.8,2.7,0,33.9,1,0,new,6,170,9,1.07,4,1,4.67,4.22,Yes,85.14,11.84,55000,-20.27,43850,8.0
S00148,medium,Mobile Phone,MOB-M2,3985,993,53,97.26,1.83,2.46,1.5,3,42.2,1,0,new,12,261,28,3.73,44,34,4.34,4.11,Yes,86.76,22.99,22000,-16.82,18300,18.2
S00470,small,Wireless Earbuds,EAR-M4,104,13,6,97.65,0.98,2.31,4.1,0,26.6,0,0,new,12,180,5,5.07,4,1,4.48,4.55,Yes,95.51,2.15,12000,-1.67,11800,79.1
S00228,big,Mobile Phone,MOB-M1,15923,2418,65,97.98,1.25,2.01,2.0,14,53.5,1,1,new,6,37,295,5.77,188,74,4.33,4.12,Yes,85.21,20.0,12000,-9.17,10900,27.5
S00291,small,Smartwatch,WCH-M2,23,9,15,91.82,5.18,7.58,4.8,0,39.1,0,0,new,12,283,2,9.34,0,0,,,No,,,4500,-18.22,3680,16.7
S00419,small,Digital Camera,CAM-M1,113,39,22,96.97,2.03,3.59,2.6,0,41.6,0,0,new,0,119,7,3.27,1,1,4.46,4.18,Yes,90.05,24.5,35000,1.86,35650,83.9
S00514,small,Wireless Earbuds,EAR-M4,58,8,9,97.22,1.84,1.32,2.9,0,27.4,0,0,new,3,29,8,7.55,3,1,4.33,4.19,Yes,84.5,14.56,12000,-6.25,11250,55.8
S00229,small,Desktop Computer,PC-M2,195,37,17,97.95,2.25,3.24,2.3,1,46.3,0,0,new,12,210,4,4.87,19,10,4.65,4.58,Yes,92.33,17.05,45000,-7.67,41550,32.7
S00156,small,Digital Camera,CAM-M1,284,55,25,99.34,0.45,0.8,0.9,0,25.8,1,0,new,0,118,11,0.98,19,9,4.79,4.39,Yes,100,7.58,35000,5.71,37000,93.5
S00495,big,Mobile Phone,MOB-M5,10614,3105,84,97.15,1.88,2.6,1.8,11,9.7,1,0,new,12,72,48,6.32,102,77,4.22,4.16,Yes,73.58,0,140000,-12.39,122650,25.9
S00140,small,Smart TV,TV-M5,304,175,32,90.06,6.83,8.39,4.8,0,50.1,0,0,new,12,145,3,7.82,9,9,3.8,3.6,Yes,70.02,46.85,180000,10.81,199450,98.2
S00266,small,Digital Camera,CAM-M1,48,23,11,87.33,7.99,11.59,7.1,0,61.7,0,0,new,0,128,5,6.48,4,4,3.06,3.37,No,45.94,45.82,35000,-10.29,31400,29.0
S00208,small,Power Bank,PWR-M4,122,11,11,96.54,0.22,1.29,2.8,0,20.4,1,0,new,12,330,5,5.58,6,2,4.64,4.33,Yes,89.98,16.47,4800,-4.58,4580,57.9
S00161,small,Digital Camera,CAM-M2,80,25,6,95.75,6.26,4.62,5.9,0,37.4,0,0,new,12,180,11,5.66,6,3,3.93,3.98,Yes,83.13,23.6,55000,-7.55,50850,31.6
S00320,small,Digital Camera,CAM-M5,106,41,27,94.22,2.98,5.9,4.3,0,17.8,1,0,refurbished,12,381,2,4.8,8,8,4.02,3.96,Yes,67.62,46.05,180000,-16.19,150850,19.7
S00123,small,Desktop Computer,PC-M1,700,213,59,94.18,3.77,5.1,2.6,1,34.5,0,0,new,0,321,5,5.3,27,18,4.13,4.12,Yes,72.7,28.23,30000,-17.17,24850,6.5
S00095,small,Smart TV,TV-M2,63,15,25,95.15,2.27,2.81,4.1,0,37.9,1,0,new,12,69,7,3.96,1,1,4.16,3.83,Yes,74.55,31.31,35000,-6.43,32750,35.2
S00282,small,Laptop,LAP-M3,58,13,3,97.96,1.15,2.57,1.4,0,41.9,0,0,refurbished,6,90,3,6.85,4,3,4.15,4.19,Yes,89.19,35.43,80000,-9.75,72200,48.3
S00170,medium,Mobile Phone,MOB-M5,2546,222,25,98.82,0.39,1.17,0.7,2,27.9,1,0,new,12,569,25,5.07,128,22,4.63,4.48,Yes,100,15.59,140000,1.04,141450,75.9
S00421,small,Desktop Computer,PC-M1,25,8,13,86.14,7.61,6.86,6.9,0,48.5,0,0,refurbished,12,12,4,7.97,0,0,,,No,,,30000,-2.5,29250,53.2
S00401,medium,Smart TV,TV-M3,1499,492,47,97.22,1.52,2.51,1.9,1,35.8,1,0,new,6,92,15,2.82,40,37,4.77,4.66,Yes,82.89,3.58,55000,12.91,62100,98.0
S00031,small,Smartwatch,WCH-M3,146,32,8,95.79,2.17,3.01,2.6,0,30.4,0,0,new,12,240,6,8.12,14,6,3.95,3.85,Yes,80.52,32.87,9000,4.11,9370,85.5
S00228,big,Power Bank,PWR-M3,15923,2418,65,97.98,1.25,2.01,2.0,14,53.5,1,1,new,12,191,61,4.17,208,89,4.51,3.86,Yes,98.25,12.33,3000,-10.33,2690,26.9
S00237,medium,Mobile Phone,MOB-M1,924,137,48,99.82,0.66,1.45,1.2,0,49.7,1,1,new,6,23,11,2.44,5,2,5,4.59,Yes,86.67,4.3,12000,-6.67,11200,35.3
S00062,medium,Wireless Earbuds,EAR-M2,2241,619,33,98.4,1.06,1.41,1.4,1,49.6,1,0,new,12,248,21,4.05,76,48,4.25,3.66,Yes,93.38,19.83,2500,-8.8,2280,41.3
S00222,big,Digital Camera,CAM-M1,17934,2698,30,99.03,0.77,1.29,0.9,7,21.7,1,1,new,12,235,121,0.96,418,113,4.98,4.85,Yes,100,8.06,35000,-18.71,28450,16.1
S00083,big,Smartwatch,WCH-M3,16028,2954,75,97.99,1.46,2.02,1.4,7,38.8,1,0,new,0,157,44,6.2,137,63,4.52,4.48,Yes,87.44,16.89,9000,5.22,9470,90.3
S00464,small,Bluetooth Speaker,SPK-M5,32,8,16,94.78,2.21,1.09,2.1,0,52.6,1,0,used,12,480,3,4.99,4,3,4.67,4.55,Yes,98.15,10.03,30000,-6.0,28200,44.8
S00273,small,Power Bank,PWR-M4,199,66,14,94.93,2.68,3.26,5.6,0,54.7,0,0,new,12,62,5,5.53,10,10,4.27,4.07,Yes,72.07,18.81,4800,-0.62,4770,71.9
S00289,small,Wi-Fi Router,RTR-M3,17,12,6,80.58,12.49,18.21,12.8,0,56.0,0,0,new,6,81,6,10.48,0,0,,,No,,,5500,-49.09,2800,2.2
S00146,medium,Desktop Computer,PC-M5,817,198,35,97.8,1.17,2.17,4.6,1,42.2,1,0,new,6,181,35,1.63,35,23,4.32,4.24,Yes,80.32,26.55,160000,-0.75,158800,62.3
S00205,big,Gaming Console,CON-M3,16429,2409,121,98.29,1.26,1.82,2.5,11,3.7,1,1,new,6,280,117,2.98,305,87,4.77,4.55,Yes,93.61,19.16,62000,0.89,62550,80.0
S00086,medium,Mobile Phone,MOB-M1,3263,961,25,97.61,1.74,2.35,1.1,1,51.9,1,0,new,6,61,20,3.83,44,34,4.29,4.38,Yes,86.65,34.57,12000,-0.83,11900,70.6
S00224,small,Desktop Computer,PC-M2,363,72,10,96.65,2.78,4.18,3.1,0,28.3,0,0,new,6,171,4,5.9,16,7,3.62,3.64,Yes,89.65,29.86,45000,-12.33,39450,18.2
S00173,small,Power Bank,PWR-M5,20,16,9,80.38,13.11,13.98,4.3,0,64.8,0,0,new,0,229,6,10.56,3,3,2.13,1.84,No,54.04,69.24,8500,-45.88,4600,3.6
S00186,small,Digital Camera,CAM-M5,27,13,5,88.78,6.08,8.03,4.5,0,60.0,0,0,new,6,35,5,7.05,0,0,,,No,,,180000,-30.89,124400,6.6
S00048,small,Gaming Console,CON-M2,24,6,24,94.78,7.5,2.58,1.7,0,24.9,0,0,new,0,98,2,1.85,0,0,,,No,,,52000,1.25,52650,76.0
S00271,medium,Smartwatch,WCH-M5,2509,755,56,94.17,3.62,4.7,6.3,2,47.2,1,0,new,12,161,46,5.34,66,54,3.87,3.73,Yes,84.42,11.2,45000,-3.56,43400,50.0
S00219,small,Mobile Phone,MOB-M3,174,31,24,96.09,2.69,2.92,1.8,0,53.2,1,0,new,12,60,4,3.93,9,4,4.29,4.8,Yes,76.11,19.85,38000,-3.42,36700,51.9
S00158,medium,Gaming Console,CON-M5,1989,555,22,98.47,1.14,1.67,1.7,0,34.5,1,0,new,12,92,19,0.67,25,23,4.71,4.7,Yes,93.99,0,95000,-3.21,91950,62.0
S00451,small,Power Bank,PWR-M5,59,12,15,96.89,3.25,1.36,2.0,0,41.9,1,0,new,6,175,5,7.01,3,2,4.18,3.99,Yes,84.42,15.4,8500,-4.12,8150,49.1
S00342,medium,Digital Camera,CAM-M5,1844,718,27,97.94,1.49,2.51,2.4,2,39.2,1,1,new,0,117,10,3.67,14,14,4.79,4.34,Yes,86.16,32.0,180000,-8.56,164600,37.7
S00160,small,Laptop,LAP-M1,418,258,22,85.84,10.07,11.54,8.0,4,54.8,0,0,refurbished,0,370,4,11.46,16,16,2.44,2.27,No,62.44,59.55,38000,-19.34,30650,20.0
S00330,small,Mobile Phone,MOB-M5,98,41,12,93.34,4.8,5.72,2.6,0,55.7,0,0,refurbished,12,42,9,6.61,0,0,,,No,,,140000,1.07,141500,79.3
S00357,medium,Power Bank,PWR-M3,2759,451,21,99.79,0.61,1.07,0.8,1,55.4,1,1,new,0,238,21,3.89,37,15,4.69,4.31,Yes,87.52,8.63,3000,-3.33,2900,50.0
S00470,small,Wireless Earbuds,EAR-M1,104,13,6,97.65,0.98,2.31,4.1,0,26.6,0,0,new,3,178,4,5.0,7,3,4.07,3.78,Yes,79.15,13.2,1200,2.5,1230,81.0
S00507,small,Desktop Computer,PC-M1,311,28,8,98.49,0.42,2.25,2.0,0,57.9,1,0,new,3,50,6,5.28,5,1,4.79,4.67,Yes,96.41,11.82,30000,9.67,32900,95.2
S00411,small,Smart TV,TV-M5,39,4,14,99.51,0.86,4.13,1.9,0,49.3,1,0,new,12,121,5,5.31,0,0,,,No,,,180000,-8.94,163900,35.7
S00222,big,Power Bank,PWR-M1,17934,2698,30,99.03,0.77,1.29,0.9,7,21.7,1,1,new,6,77,128,4.9,361,185,4.49,4.09,Yes,85.09,24.49,1100,3.64,1140,80.4
S00026,small,Gaming Console,CON-M2,64,15,4,97.85,0.1,0.61,2.7,0,50.4,1,0,new,12,63,10,0.34,5,4,4.88,4.76,Yes,93.15,14.37,52000,-7.98,47850,34.0
S00216,big,Wireless Earbuds,EAR-M5,25438,8397,94,94.36,3.7,4.75,3.5,37,54.8,1,1,new,12,432,39,7.45,238,176,3.86,3.54,Yes,72.86,29.92,28000,7.68,30150,90.6
S00472,small,Smart TV,TV-M5,203,48,18,96.56,2.75,4.68,2.8,0,36.8,1,0,new,12,323,15,7.4,35,26,4.07,4.12,Yes,82.25,32.73,180000,-9.11,163600,33.9
S00122,big,Desktop Computer,PC-M1,8629,1777,66,95.64,2.74,3.64,3.8,12,38.2,1,0,new,6,314,191,4.84,88,56,3.96,3.72,Yes,87.27,40.95,30000,1.83,30550,75.8
S00264,medium,Bluetooth Speaker,SPK-M2,1677,234,10,97.41,1.43,2.4,1.4,0,34.3,1,0,new,12,58,10,3.17,42,12,4.25,4.26,Yes,100,33.19,3500,-4.29,3350,44.8
S00311,medium,Desktop Computer,PC-M5,1632,438,32,98.47,1.54,2.12,1.3,1,56.1,1,1,new,6,363,12,3.26,50,37,4.76,4.64,Yes,100,23.65,160000,-6.25,150000,43.5
S00430,small,Power Bank,PWR-M4,28,12,19,93.84,6.11,9.02,12.3,0,34.6,0,0,new,0,570,5,8.59,3,3,3.42,2.84,No,86.8,55.49,4800,-14.79,4090,21.1
S00268,small,Wi-Fi Router,RTR-M2,75,17,15,96.08,0.1,1.46,1.6,0,38.1,1,0,new,12,127,7,3.08,4,2,4.65,4.43,Yes,89.52,3.64,3200,8.75,3480,97.8
S00081,medium,Wireless Earbuds,EAR-M5,1647,261,53,99.74,1.05,1.49,0.8,2,51.9,1,0,new,6,109,37,5.66,45,17,4.79,4.79,Yes,86.46,28.19,28000,-6.79,26100,39.6
S00485,medium,Mobile Phone,MOB-M5,2484,588,30,98.91,0.64,1.45,1.2,1,37.7,1,1,new,3,143,22,4.01,45,24,4.83,5,Yes,91.31,16.35,140000,-23.64,106900,8.6
S00313,big,Power Bank,PWR-M3,38276,4207,64,99.32,0.56,1.07,1.2,19,34.8,1,0,new,12,386,107,3.41,576,164,5,5,Yes,90.27,16.52,3000,5.67,3170,82.7
S00146,medium,Power Bank,PWR-M2,817,198,35,97.8,1.17,2.17,4.6,1,42.2,1,0,new,3,601,30,6.27,6,3,4.3,4.23,Yes,73.74,2.24,1800,10.56,1990,98.2
S00415,small,Digital Camera,CAM-M4,134,50,3,92.77,4.16,6.78,3.8,0,36.0,1,0,new,3,54,4,5.12,7,7,3.26,2.98,No,69.68,28.19,100000,-8.05,91950,41.4
S00346,small,Laptop,LAP-M5,117,25,17,95.4,0.25,3.18,2.0,0,48.0,0,0,new,0,510,8,5.94,2,1,3.83,3.82,Yes,75.57,24.61,190000,6.97,203250,85.5
S00541,medium,Wireless Earbuds,EAR-M3,2360,1111,47,92.09,5.24,6.5,6.5,4,50.8,0,0,new,6,49,17,8.15,50,50,3.96,3.72,Yes,75.01,27.64,5500,-14.73,4690,17.9
S00157,small,Smart TV,TV-M3,201,76,2,93.66,4.27,4.85,2.9,0,31.1,1,0,new,12,60,4,5.0,23,19,3.67,3.45,Yes,79.23,31.52,55000,-18.18,45000,12.0
S00123,small,Smart TV,TV-M1,700,213,59,94.18,3.77,5.1,2.6,1,34.5,0,0,new,12,45,3,3.55,12,8,4.07,3.69,Yes,69.45,13.26,22000,-2.5,21450,65.5
S00415,small,Digital Camera,CAM-M1,134,50,3,92.77,4.16,6.78,3.8,0,36.0,1,0,new,12,90,8,4.31,9,9,3.93,3.62,Yes,75.76,22.68,35000,-14.86,29800,21.0
S00156,small,Smart TV,TV-M5,284,55,25,99.34,0.45,0.8,0.9,0,25.8,1,0,new,3,48,11,4.76,20,14,4.59,4.43,Yes,76.25,18.53,180000,-2.42,175650,58.9
S00039,medium,Smart TV,TV-M4,1152,346,34,95.13,3.07,3.8,2.4,5,38.5,1,0,new,12,168,10,2.23,17,13,4.29,3.67,Yes,84.51,27.93,90000,-2.39,87850,72.5
S00237,medium,Smartwatch,WCH-M3,924,137,48,99.82,0.66,1.45,1.2,0,49.7,1,1,new,12,50,32,5.55,27,10,4.85,4.79,Yes,96.83,2.44,9000,8.22,9740,98.4
S00518,big,Desktop Computer,PC-M1,8523,2007,89,98.21,1.38,1.87,1.2,2,44.8,1,1,new,3,263,37,4.0,114,86,4.79,4.82,Yes,89.49,23.23,30000,9.33,32800,93.5
S00481,small,Gaming Console,CON-M4,516,114,52,98.4,1.06,2.32,1.1,1,46.4,1,0,new,12,11,9,4.46,42,19,4.42,3.89,Yes,88.5,2.75,78000,-8.91,71050,41.7
S00408,big,Power Bank,PWR-M1,13087,2037,52,99.32,0.57,1.07,1.1,2,45.1,1,1,new,6,145,77,4.6,152,60,4.63,4.43,Yes,87.55,9.29,1100,0.0,1100,67.9
S00175,medium,Wireless Earbuds,EAR-M1,929,177,30,96.62,2.63,3.07,2.2,0,32.3,1,1,new,12,372,71,6.3,29,13,3.88,3.75,Yes,76.9,24.32,1200,-4.17,1150,53.4
S00462,medium,Smartwatch,WCH-M5,1120,123,39,99.17,0.83,1.34,0.8,1,43.7,1,0,new,6,135,10,4.38,40,10,4.79,4.51,Yes,93.72,29.45,45000,-0.33,44850,62.5
S00357,medium,Mobile Phone,MOB-M1,2759,451,21,99.79,0.61,1.07,0.8,1,55.4,1,1,new,0,304,9,2.3,59,31,5,5,Yes,100,10.53,12000,-7.5,11100,33.3
S00475,small,Digital Camera,CAM-M5,143,34,14,100,0.1,0.62,1.1,0,54.1,1,0,new,3,64,11,4.31,8,4,5,4.8,Yes,100,3.72,180000,14.75,206550,100.0
S00479,small,Bluetooth Speaker,SPK-M2,305,49,22,96.49,1.68,2.41,1.3,1,58.8,1,0,new,12,559,8,4.39,15,5,4.82,4.55,Yes,72.34,20.98,3500,-2.86,3400,50.0
S00212,small,Wi-Fi Router,RTR-M1,352,63,11,99.42,0.48,0.85,1.1,1,56.8,0,1,new,12,149,9,2.43,13,9,4.82,4.7,Yes,95.45,1.46,1800,-3.33,1740,67.2
S00543,big,Power Bank,PWR-M5,12131,2576,57,99.31,0.67,1.16,1.8,7,39.7,1,1,new,3,64,79,2.6,196,99,4.75,4.41,Yes,82.25,13.1,8500,-4.59,8110,47.3
S00345,medium,Power Bank,PWR-M2,1751,507,25,94.19,3.6,4.7,4.4,2,43.3,1,0,new,3,17,22,6.51,47,37,4.02,3.89,Yes,71.18,40.45,1800,-12.22,1580,35.1
S00513,small,Wireless Earbuds,EAR-M4,36,12,13,94.45,4.91,5.4,2.6,0,19.4,0,0,new,12,55,7,7.04,2,2,3.73,3.85,Yes,88.94,39.9,12000,11.25,13350,97.7
S00509,small,Bluetooth Speaker,SPK-M2,155,9,7,99.18,1.18,2.25,2.4,0,33.1,1,1,new,6,157,11,2.92,11,1,4.77,4.37,Yes,90.04,1.1,3500,-9.14,3180,24.1
S00071,big,Desktop Computer,PC-M5,19291,4612,63,98.68,0.86,1.46,1.1,15,18.4,1,1,new,12,229,95,1.62,306,144,4.53,4.21,Yes,73.51,2.99,160000,-12.44,140100,20.3
S00307,medium,Smartwatch,WCH-M4,583,94,31,96.85,2.48,3.04,2.4,1,23.7,1,1,new,0,162,12,6.62,8,4,4.56,4.29,Yes,90.93,0,22000,0.0,22000,54.5
S00331,small,Desktop Computer,PC-M1,85,33,10,90.82,6.07,8.56,7.7,0,39.5,0,0,new,12,131,7,8.69,0,0,,,No,,,30000,-8.33,27500,25.8
S00023,small,Smart TV,TV-M2,91,39,4,95.57,3.86,4.81,3.2,0,27.4,0,0,new,0,120,3,6.41,4,3,3.55,3.37,No,71.83,32.34,35000,-15.29,29650,7.4
S00543,big,Wireless Earbuds,EAR-M4,12131,2576,57,99.31,0.67,1.16,1.8,7,39.7,1,1,new,6,136,39,5.86,137,69,4.34,4.33,Yes,89.29,4.73,12000,-7.5,11100,44.2
S00403,medium,Smart TV,TV-M1,1752,382,31,96.66,2.37,3.16,1.7,1,41.5,1,0,new,6,35,17,5.42,47,28,4.06,3.6,Yes,83.83,27.52,22000,3.41,22750,81.0
S00211,small,Mobile Phone,MOB-M3,50,6,6,96.16,0.24,3.24,2.7,0,31.7,0,0,new,6,180,25,3.57,12,4,4.79,4.65,Yes,87.97,10.46,38000,-3.29,36750,55.6
S00248,small,Gaming Console,CON-M1,52,15,17,94.11,4.05,5.84,3.1,0,33.1,1,0,new,0,510,10,3.68,2,1,3.67,3.35,Yes,74.03,32.37,38000,-23.82,28950,7.1
S00412,big,Wireless Earbuds,EAR-M3,22291,5838,77,97.25,1.78,2.4,1.4,15,30.0,1,0,new,12,68,142,5.51,475,200,4.43,4.17,Yes,88.59,25.24,5500,-18.55,4480,13.4
S00499,small,Desktop Computer,PC-M3,172,8,4,98.57,1.61,1.49,3.5,0,38.9,1,0,new,6,120,9,2.59,10,1,4.87,4.77,Yes,100,18.38,65000,-4.77,61900,48.3
S00017,medium,Smartwatch,WCH-M3,1598,565,56,94.05,3.02,4.31,1.8,5,60.3,1,0,refurbished,12,127,24,7.16,46,34,3.51,2.94,No,85.45,20.38,9000,12.89,10160,100.0
S00074,medium,Digital Camera,CAM-M2,1675,358,24,97.76,1.44,2.2,2.3,2,25.7,1,0,new,3,17,24,3.44,14,7,4.42,4.07,Yes,99.81,13.79,55000,-7.91,50650,29.8
S00037,big,Smartwatch,WCH-M2,13894,694,69,98.34,1.08,1.55,1.3,6,38.6,1,0,new,3,464,77,4.81,319,38,4.69,4.73,Yes,100,19.72,4500,-7.11,4180,58.3
S00442,small,Wi-Fi Router,RTR-M5,66,39,4,89.6,6.48,11.13,6.8,0,56.5,0,0,new,12,58,4,6.86,2,2,2.71,2.37,No,72.06,53.34,16000,-10.62,14300,19.1
S00501,small,Desktop Computer,PC-M2,80,5,61,100,0.6,3.55,1.2,0,48.4,0,0,new,12,90,17,4.29,12,2,4.95,4.79,Yes,100,30.86,45000,1.11,45500,67.3
S00137,small,Desktop Computer,PC-M5,42,13,25,94.33,3.86,4.89,4.0,0,65.4,1,1,new,12,300,2,4.89,5,4,3.67,3.43,Yes,74.31,63.54,160000,-0.88,158600,60.9
S00146,medium,Wi-Fi Router,RTR-M1,817,198,35,97.8,1.17,2.17,4.6,1,42.2,1,0,new,6,77,20,3.95,18,10,4.61,4.75,Yes,76.42,22.26,1800,-5.0,1710,57.8
S00469,big,Gaming Console,CON-M4,11377,1954,82,97.08,2.01,2.85,1.5,5,43.1,1,0,new,12,86,86,3.47,306,184,4.76,4.72,Yes,80.13,18.84,78000,1.15,78900,87.5
S00412,big,Digital Camera,CAM-M2,22291,5838,77,97.25,1.78,2.4,1.4,15,30.0,1,0,new,3,127,109,5.38,269,241,4.16,3.67,Yes,73.02,8.66,55000,-6.27,51550,36.8
S00545,medium,Mobile Phone,MOB-M4,1302,151,52,98.31,1.44,1.7,1.8,0,39.9,1,0,new,12,289,23,5.09,84,19,4.34,4.22,Yes,100,20.59,65000,1.77,66150,81.0
S00362,small,Power Bank,PWR-M4,246,118,15,89.49,5.69,6.98,4.9,0,34.5,0,0,new,6,283,2,8.14,6,6,3.59,3.1,No,58.57,46.78,4800,-3.54,4630,63.2
S00442,small,Desktop Computer,PC-M2,66,39,4,89.6,6.48,11.13,6.8,0,56.5,0,0,new,0,120,4,6.82,5,5,2.93,2.6,No,76.65,61.43,45000,-25.78,33400,3.6
S00151,medium,Wireless Earbuds,EAR-M4,2106,679,25,97.27,1.46,2.47,2.2,1,48.6,1,0,new,12,255,45,7.42,52,32,3.62,3.31,Yes,79.86,0.27,12000,-13.33,10400,20.9
S00431,small,Desktop Computer,PC-M4,18,11,5,94.65,5.34,8.49,7.7,0,29.2,1,0,new,0,108,13,8.6,0,0,,,No,,,95000,-24.16,72050,3.8
S00189,medium,Power Bank,PWR-M1,1742,113,52,97.81,1.34,1.55,2.0,0,44.4,1,1,new,12,128,40,4.48,47,9,4.45,4.63,Yes,97.36,7.4,1100,2.73,1130,75.0
S00006,medium,Mobile Phone,MOB-M1,2030,218,36,99.01,0.62,1.13,0.7,1,51.2,1,0,used,12,103,8,2.49,76,28,4.61,4.34,Yes,85.15,23.53,12000,-12.08,10550,15.7
S00303,big,Bluetooth Speaker,SPK-M5,24007,4159,86,97.46,1.67,2.38,1.6,15,41.0,1,0,refurbished,12,77,73,3.27,292,128,4.61,4.38,Yes,97.27,26.1,30000,-0.83,29750,64.2
S00089,small,Bluetooth Speaker,SPK-M4,335,197,2,87.89,7.71,9.52,14.4,0,42.7,1,0,new,12,60,3,9.35,7,7,2.48,2.31,No,54.12,65.73,14000,-20.36,11150,7.7
S00083,big,Mobile Phone,MOB-M2,16028,2954,75,97.99,1.46,2.02,1.4,7,38.8,1,0,new,3,761,107,3.11,185,76,4.68,4.59,Yes,77.88,0,22000,-4.55,21000,52.7
S00114,small,Gaming Console,CON-M5,99,28,15,96.32,0.81,3.44,2.1,0,48.2,0,0,new,6,51,10,2.78,2,2,4.29,4.02,Yes,86.91,30.18,95000,-4.63,90600,54.0
S00545,medium,Smart TV,TV-M4,1302,151,52,98.31,1.44,1.7,1.8,0,39.9,1,0,new,12,838,18,1.6,59,16,4.88,4.46,Yes,95.0,4.06,90000,-5.39,85150,56.9
S00492,small,Mobile Phone,MOB-M3,38,20,5,87.48,8.89,9.53,6.4,0,32.3,1,0,new,12,150,9,7.76,1,1,2.55,2.38,No,55.02,56.9,38000,-27.11,27700,3.7
S00110,small,Wi-Fi Router,RTR-M2,439,124,20,97.5,1.5,2.42,1.5,0,51.9,0,0,new,6,125,2,6.34,14,14,4.12,3.72,Yes,83.88,37.81,3200,4.06,3330,82.2
S00049,small,Desktop Computer,PC-M1,84,17,10,97.87,2.02,1.51,2.3,0,35.8,1,0,new,12,31,6,4.94,5,3,4.53,4.09,Yes,94.68,14.48,30000,-0.83,29750,62.9
S00458,big,Bluetooth Speaker,SPK-M2,19893,8155,45,94.84,3.46,4.36,1.3,24,32.2,1,0,new,12,72,64,6.36,267,267,3.74,3.39,Yes,85.7,22.0,3500,-1.71,3440,58.6
S00039,medium,Bluetooth Speaker,SPK-M5,1152,346,34,95.13,3.07,3.8,2.4,5,38.5,1,0,new,12,89,38,6.45,27,20,3.97,3.73,Yes,69.48,25.41,30000,4.33,31300,79.1
S00535,small,Smartwatch,WCH-M5,25,6,11,90.12,5.27,5.78,7.9,0,26.8,1,0,new,6,140,6,7.63,1,1,3.57,3.23,No,72.16,57.88,45000,-6.89,41900,37.5
S00255,small,Bluetooth Speaker,SPK-M2,17,8,10,93.77,5.48,7.69,3.5,0,30.8,1,0,refurbished,6,174,5,5.83,1,1,3.44,3.19,No,66.74,37.69,3500,6.29,3720,87.9
S00171,small,Wi-Fi Router,RTR-M1,93,62,6,82.78,12.82,14.77,8.2,2,61.0,0,0,new,0,93,25,9.77,3,3,1.6,1.38,No,33.46,68.84,1800,-52.78,850,1.6
S00186,small,Smartwatch,WCH-M3,27,13,5,88.78,6.08,8.03,4.5,0,60.0,0,0,new,3,113,3,9.16,0,0,,,No,,,9000,1.89,9170,82.3
S00397,small,Bluetooth Speaker,SPK-M5,99,45,23,90.33,7.14,7.98,5.0,0,50.0,0,0,refurbished,12,236,8,8.57,6,6,3.16,3.04,No,43.56,29.13,30000,-20.17,23950,11.9
S00172,small,Wi-Fi Router,RTR-M4,99,17,7,99.85,1.32,0.78,1.0,0,65.8,1,0,new,12,210,6,4.67,1,0,4.46,,Yes,74.77,19.25,9500,-3.58,9160,67.7
S00443,medium,Gaming Console,CON-M5,2892,687,69,97.5,1.89,2.93,1.2,0,33.4,1,0,new,12,941,19,2.56,87,69,4.19,3.94,Yes,84.33,36.22,95000,-6.47,88850,46.0
S00105,small,Gaming Console,CON-M2,267,37,41,96.39,1.78,2.72,3.2,0,20.5,1,0,new,6,430,4,1.17,8,3,4.6,4.44,Yes,82.07,9.83,52000,-15.58,43900,12.0
S00516,small,Mobile Phone,MOB-M5,378,161,8,92.35,5.43,7.12,6.9,2,61.3,1,0,new,0,112,9,7.63,9,8,3.33,3.19,No,84.58,37.51,140000,-15.39,118450,20.7
S00440,medium,Desktop Computer,PC-M1,2112,454,46,98.34,0.73,1.64,1.1,1,36.0,1,0,new,6,194,12,4.28,52,33,4.5,4.44,Yes,100,10.3,30000,-9.5,27150,24.2
S00458,big,Desktop Computer,PC-M3,19893,8155,45,94.84,3.46,4.36,1.3,24,32.2,1,0,new,12,1350,94,5.12,257,257,3.9,4.12,Yes,80.67,32.44,65000,-9.62,58750,26.7
S00371,medium,Power Bank,PWR-M1,723,70,66,99.34,0.88,0.99,1.0,0,19.2,1,1,new,0,200,8,3.44,11,2,5,4.88,Yes,87.68,10.22,1100,6.36,1170,85.7
S00067,medium,Wi-Fi Router,RTR-M3,1436,281,49,99.93,0.65,0.92,0.8,1,21.1,1,0,new,0,179,24,1.92,19,11,4.66,4.86,Yes,93.46,18.56,5500,-10.36,4930,26.1
S00142,small,Smart TV,TV-M1,30,4,14,94.3,4.11,3.27,2.2,0,44.2,0,0,refurbished,0,420,4,3.53,2,1,4.69,4.63,Yes,88.86,43.5,22000,-24.77,16550,6.9
S00078,small,Smart TV,TV-M4,61,21,19,93.81,7.47,8.19,3.2,2,55.6,0,0,new,6,275,7,6.95,2,1,2.59,2.26,No,73.35,52.05,90000,-23.61,68750,7.8
S00228,big,Digital Camera,CAM-M3,15923,2418,65,97.98,1.25,2.01,2.0,14,53.5,1,1,new,12,158,149,2.48,369,165,4.49,4.64,Yes,100,19.6,80000,5.56,84450,92.9
S00107,small,Power Bank,PWR-M2,86,13,30,98.19,1.69,1.44,1.2,0,44.8,1,0,new,6,900,3,5.97,6,2,5,4.6,Yes,100,11.29,1800,-2.78,1750,78.9
S00528,small,Digital Camera,CAM-M2,82,24,9,93.65,2.62,4.99,1.8,0,38.0,0,1,new,3,270,5,2.42,5,2,4.13,3.76,Yes,76.47,14.17,55000,-22.45,42650,8.8
S00313,big,Laptop,LAP-M3,38276,4207,64,99.32,0.56,1.07,1.2,19,34.8,1,0,new,6,107,65,4.77,674,230,4.6,4.81,Yes,100,18.23,80000,-1.62,78700,77.6
S00257,big,Digital Camera,CAM-M2,11676,785,101,98.83,0.95,1.34,1.4,4,16.3,1,1,new,12,81,185,3.97,137,26,4.68,4.66,Yes,98.38,0,55000,-0.91,54500,63.2
S00038,small,Wireless Earbuds,EAR-M4,128,52,12,92.23,3.38,5.93,5.8,0,46.8,1,0,new,12,125,9,8.03,7,7,3.58,3.15,No,81.36,51.26,12000,-22.5,9300,4.7
S00076,small,Power Bank,PWR-M4,105,62,20,85.71,9.59,12.11,7.1,1,58.2,0,0,new,0,27,7,9.4,5,5,2.39,2.18,No,64.82,57.82,4800,-21.04,3790,12.3
S00335,small,Mobile Phone,MOB-M2,76,47,36,87.2,11.1,10.8,6.6,1,28.5,0,0,used,3,238,3,9.9,4,4,2.58,2.25,No,58.05,47.75,22000,-34.32,14450,3.6
S00412,big,Smartwatch,WCH-M1,22291,5838,77,97.25,1.78,2.4,1.4,15,30.0,1,0,new,0,42,45,5.4,449,260,4.1,3.84,Yes,81.46,22.1,2000,-3.0,1940,45.0
S00357,medium,Wi-Fi Router,RTR-M5,2759,451,21,99.79,0.61,1.07,0.8,1,55.4,1,1,new,12,432,46,3.48,66,23,4.71,4.48,Yes,100,13.78,16000,0.31,16050,61.7
S00017,medium,Gaming Console,CON-M5,1598,565,56,94.05,3.02,4.31,1.8,5,60.3,1,0,new,6,298,23,3.95,58,42,3.81,3.46,Yes,72.02,20.08,95000,-15.32,80450,14.0
S00544,medium,Smartwatch,WCH-M5,5124,680,66,97.91,1.31,1.95,2.1,1,36.8,1,0,new,6,60,24,5.01,435,174,4.44,4.25,Yes,74.55,3.72,45000,-5.22,42650,46.4
S00216,big,Wi-Fi Router,RTR-M5,25438,8397,94,94.36,3.7,4.75,3.5,37,54.8,1,1,new,3,150,121,6.21,423,302,3.79,3.7,Yes,85.54,38.38,16000,-20.0,12800,6.4
S00335,small,Wireless Earbuds,EAR-M2,76,47,36,87.2,11.1,10.8,6.6,1,28.5,0,0,new,12,69,17,8.59,2,2,2.81,2.62,No,65.85,49.37,2500,-4.0,2400,58.7
S00377,small,Power Bank,PWR-M4,103,81,13,78.27,13.1,16.08,9.7,1,61.0,0,0,new,6,81,5,14.23,5,5,1.57,1.15,No,63.87,64.52,4800,-55.42,2140,1.8
S00125,medium,Power Bank,PWR-M3,1692,1017,70,88.87,7.66,8.8,3.7,16,45.3,1,0,new,0,100,41,7.02,31,31,3.36,3.25,No,58.5,57.1,3000,-18.33,2450,9.6
S00082,small,Wireless Earbuds,EAR-M5,33,10,9,100,1.18,3.46,3.5,0,43.7,1,0,new,12,105,6,6.8,0,0,,,No,,,28000,-11.61,24750,26.4
S00045,small,Power Bank,PWR-M1,106,13,24,97.73,2.76,2.57,1.8,0,61.3,1,0,new,6,122,5,3.99,14,4,4.36,4.41,Yes,89.9,17.86,1100,-34.55,720,5.4
S00232,small,Laptop,LAP-M5,331,132,9,89.98,6.56,8.14,6.9,1,47.3,1,0,new,12,77,5,7.25,22,19,2.89,2.62,No,61.11,27.05,190000,15.47,219400,100.0
S00518,big,Smartwatch,WCH-M5,8523,2007,89,98.21,1.38,1.87,1.2,2,44.8,1,1,new,6,934,99,4.75,92,57,4.17,4.04,Yes,86.59,13.54,45000,-3.67,43350,48.2
S00150,big,Power Bank,PWR-M5,16547,2862,75,98.1,1.2,1.87,1.4,11,32.1,1,0,refurbished,12,540,69,5.14,246,146,4.26,4.58,Yes,93.08,18.39,8500,-12.59,7430,21.8
S00264,medium,Power Bank,PWR-M4,1677,234,10,97.41,1.43,2.4,1.4,0,34.3,1,0,new,12,188,34,4.79,32,9,4.29,4.1,Yes,87.97,22.95,4800,11.87,5370,98.2
S00446,medium,Wireless Earbuds,EAR-M1,2221,955,62,93.19,4.28,5.35,2.7,5,54.7,1,1,new,6,75,29,8.92,40,40,3.34,3.01,No,72.23,29.83,1200,-12.5,1050,20.7
S00398,big,Mobile Phone,MOB-M3,11064,3893,108,93.84,4.17,5.17,4.1,22,66.6,1,1,new,3,377,153,4.63,47,47,3.96,3.86,Yes,76.63,40.8,38000,-3.03,36850,59.3
S00162,small,Bluetooth Speaker,SPK-M2,271,107,21,92.62,5.7,5.75,4.4,1,23.4,0,0,new,12,66,12,4.71,56,56,3.76,3.75,Yes,69.8,37.01,3500,0.29,3510,62.1
S00127,small,Digital Camera,CAM-M2,58,12,30,100,0.49,2.03,1.4,0,48.5,0,0,new,12,433,8,5.53,3,1,4.52,4.34,Yes,83.54,14.6,55000,7.27,59000,86.0
S00338,medium,Smart TV,TV-M1,2583,638,47,97.17,1.47,2.26,3.0,1,36.4,1,0,refurbished,6,92,8,6.11,86,50,4.58,4.59,Yes,89.48,13.51,22000,-15.91,18500,17.2
S00056,small,Smart TV,TV-M3,341,116,13,92.81,4.07,5.13,2.2,0,25.8,1,0,new,3,116,5,3.93,8,7,3.97,3.47,Yes,69.68,49.38,55000,-9.27,49900,32.0
S00270,small,Laptop,LAP-M3,131,27,2,95.6,1.65,3.13,2.0,0,19.6,1,0,new,6,60,6,6.18,6,3,4.09,4.18,Yes,100,23.06,80000,9.25,87400,94.8
S00219,small,Mobile Phone,MOB-M2,174,31,24,96.09,2.69,2.92,1.8,0,53.2,1,0,new,0,559,7,4.63,2,1,4.47,4.25,Yes,98.02,17.54,22000,5.45,23200,92.7
S00179,small,Laptop,LAP-M1,65,9,10,95.2,0.1,2.44,0.7,0,45.0,1,0,new,3,300,6,5.71,1,0,4.38,,Yes,93.6,34.69,38000,-4.21,36400,54.0
S00191,small,Bluetooth Speaker,SPK-M2,22,10,11,84.17,9.4,5.59,4.5,0,46.9,0,0,new,0,162,5,7.08,1,1,3.03,3.06,No,65.52,50.79,3500,-39.14,2130,1.7
S00266,small,Digital Camera,CAM-M3,48,23,11,87.33,7.99,11.59,7.1,0,61.7,0,0,new,6,330,6,8.17,6,6,3.02,2.54,No,48.11,29.23,80000,-21.5,62800,7.1
S00480,small,Smart TV,TV-M1,118,14,11,99.48,1.5,0.88,0.7,0,21.1,1,0,new,0,330,4,1.83,9,4,4.76,4.46,Yes,99.5,23.55,22000,-12.95,19150,24.1
S00214,medium,Gaming Console,CON-M1,3846,1192,73,92.2,4.85,6.09,3.9,9,41.0,0,0,new,12,309,40,4.23,220,137,3.71,3.53,Yes,59.43,44.66,38000,-7.11,35300,42.9
S00327,medium,Wireless Earbuds,EAR-M3,2408,754,63,96.65,1.72,2.73,1.5,0,31.8,1,0,new,3,117,48,5.74,54,30,4.41,4.26,Yes,74.99,18.01,5500,3.82,5710,82.1
S00520,small,Wi-Fi Router,RTR-M1,79,26,7,90.29,4.8,7.22,2.5,0,41.7,0,0,new,6,81,4,7.75,5,5,2.84,2.64,No,53.94,46.3,1800,-28.89,1280,4.7
S00198,small,Smart TV,TV-M3,137,30,10,95.29,1.61,3.62,1.6,0,37.2,0,0,new,3,128,7,1.62,21,11,4.14,3.95,Yes,66.21,33.4,55000,-8.64,50250,36.0
S00003,big,Mobile Phone,MOB-M5,18215,2451,45,97.19,1.81,2.54,2.6,9,44.6,1,0,refurbished,12,1275,35,5.79,171,80,4.27,4.17,Yes,76.4,12.62,140000,-6.57,130800,48.3
S00451,small,Power Bank,PWR-M3,59,12,15,96.89,3.25,1.36,2.0,0,41.9,1,0,new,12,224,2,6.04,2,1,3.71,3.66,Yes,89.55,20.76,3000,-6.0,2820,38.5
S00065,medium,Wireless Earbuds,EAR-M5,1584,273,17,98.99,0.84,1.6,2.3,0,53.3,1,0,new,12,64,20,5.32,40,20,4.85,4.63,Yes,84.16,30.16,28000,-4.46,26750,47.2
S00221,small,Bluetooth Speaker,SPK-M2,54,22,7,90.03,4.87,6.49,4.3,0,48.3,0,0,new,6,20,7,5.95,6,6,3.85,3.8,Yes,78.41,46.49,3500,-1.71,3440,58.6
S00337,small,Wireless Earbuds,EAR-M1,97,32,10,95.15,3.15,4.72,3.5,0,35.6,0,0,used,6,238,4,6.4,2,1,3.81,3.53,Yes,92.81,28.01,1200,5.0,1260,86.2
S00222,big,Wireless Earbuds,EAR-M5,17934,2698,30,99.03,0.77,1.29,0.9,7,21.7,1,1,new,3,31,23,8.15,179,49,4.29,3.74,Yes,77.84,32.96,28000,1.43,28400,77.4
S00155,small,Smartwatch,WCH-M5,48,7,21,92.12,3.76,3.54,2.9,0,50.0,0,0,new,12,84,5,7.36,2,1,4.02,4.01,Yes,97.89,1.02,45000,-12.56,39350,26.8
S00066,medium,Smartwatch,WCH-M4,1645,284,63,97.06,1.08,1.7,2.4,0,55.1,1,1,new,12,97,16,7.89,65,30,4.29,4.56,Yes,84.71,3.41,22000,10.68,24350,88.6
S00441,small,Mobile Phone,MOB-M1,9,4,17,94.12,7.15,9.89,6.8,0,31.6,0,0,new,12,160,6,7.01,0,0,,,No,,,12000,-5.83,11300,39.2
S00186,small,Gaming Console,CON-M3,27,13,5,88.78,6.08,8.03,4.5,0,60.0,0,0,refurbished,6,150,7,8.23,1,1,3.01,3.02,No,66.05,49.68,62000,-22.74,47900,2.0
S00012,small,Mobile Phone,MOB-M3,86,40,5,91.34,5.73,7.65,3.5,0,41.4,1,0,new,6,150,7,6.68,3,3,3.58,3.42,No,83.71,43.97,38000,-3.29,36750,55.6
S00400,small,Laptop,LAP-M4,589,100,13,96.82,2.36,2.29,4.6,0,47.6,0,0,new,6,156,5,5.61,48,25,3.81,3.58,Yes,81.09,26.63,120000,-9.79,108250,47.3
S00440,medium,Power Bank,PWR-M2,2112,454,46,98.34,0.73,1.64,1.1,1,36.0,1,0,new,3,118,22,5.88,29,12,4.85,4.81,Yes,82.06,14.77,1800,-6.11,1690,61.4
S00313,big,Gaming Console,CON-M4,38276,4207,64,99.32,0.56,1.07,1.2,19,34.8,1,0,new,12,147,199,1.2,729,223,4.88,4.91,Yes,96.33,18.52,78000,0.77,78600,83.3
S00469,big,Power Bank,PWR-M4,11377,1954,82,97.08,2.01,2.85,1.5,5,43.1,1,0,new,6,294,142,3.9,139,56,4.32,4.66,Yes,85.84,15.59,4800,-13.54,4150,24.6
S00179,small,Laptop,LAP-M4,65,9,10,95.2,0.1,2.44,0.7,0,45.0,1,0,new,12,63,1,5.66,4,1,4.45,4.06,Yes,100,0,120000,-3.63,115650,63.6
S00389,small,Smartwatch,WCH-M3,16,3,38,100,1.82,1.44,2.8,0,42.0,1,0,new,6,111,11,6.88,1,1,4.2,4.23,Yes,89.27,2.49,9000,-14.89,7660,24.2
S00440,medium,Laptop,LAP-M5,2112,454,46,98.34,0.73,1.64,1.1,1,36.0,1,0,new,12,194,19,5.71,72,25,4.86,4.58,Yes,95.74,40.76,190000,-16.03,159550,12.9
S00326,small,Bluetooth Speaker,SPK-M5,59,40,7,78.31,12.82,17.06,9.1,0,61.7,0,0,new,0,210,2,12.22,4,4,1.7,1.29,No,47.21,75.91,30000,-29.0,21300,4.5
S00339,small,Desktop Computer,PC-M1,200,53,28,95.93,1.91,3.55,2.9,0,22.7,0,0,new,3,143,8,7.08,9,6,4.29,4.08,Yes,85.84,18.55,30000,-7.17,27850,30.6
S00101,big,Desktop Computer,PC-M4,10178,1192,106,98.66,0.9,1.45,1.3,8,28.4,1,1,new,12,247,95,3.25,60,16,4.83,4.67,Yes,100,11.43,95000,8.95,103500,86.8
S00218,small,Wireless Earbuds,EAR-M1,14,3,34,100,0.1,3.03,0.8,0,34.5,0,0,new,6,121,6,4.44,0,0,,,No,,,1200,14.17,1370,98.3
S00333,medium,Bluetooth Speaker,SPK-M3,1444,222,59,98.93,0.57,1.07,1.2,0,41.7,0,0,new,6,40,28,5.51,20,7,4.63,4.32,Yes,92.55,26.44,7000,4.71,7330,83.3
S00335,small,Wi-Fi Router,RTR-M1,76,47,36,87.2,11.1,10.8,6.6,1,28.5,0,0,new,0,61,7,8.76,1,1,2.3,2.24,No,54.62,56.04,1800,1.67,1830,79.7
S00039,medium,Power Bank,PWR-M3,1152,346,34,95.13,3.07,3.8,2.4,5,38.5,1,0,new,12,69,29,5.61,18,18,4.0,3.48,Yes,81.57,18.61,3000,-5.33,2840,42.3
S00081,medium,Power Bank,PWR-M4,1647,261,53,99.74,1.05,1.49,0.8,2,51.9,1,0,new,12,16,39,5.11,38,14,5,4.89,Yes,93.76,31.24,4800,5.62,5070,84.2
S00440,medium,Smart TV,TV-M2,2112,454,46,98.34,0.73,1.64,1.1,1,36.0,1,0,new,12,8,23,3.4,33,27,4.57,4.87,Yes,94.8,19.68,35000,0.14,35050,70.4
S00160,small,Smart TV,TV-M2,418,258,22,85.84,10.07,11.54,8.0,4,54.8,0,0,new,0,563,13,9.29,27,27,2.42,1.96,No,55.2,71.99,35000,2.43,35850,77.8
S00251,small,Desktop Computer,PC-M3,40,15,12,90.1,6.81,7.41,7.2,0,41.6,0,0,new,6,43,4,6.61,3,3,3.51,3.09,No,47.93,46.06,65000,-26.38,47850,5.0
S00080,small,Desktop Computer,PC-M1,275,67,16,95.82,3.35,3.83,2.3,1,29.2,0,0,refurbished,3,17,7,7.32,27,12,4.05,4.0,Yes,90.59,25.0,30000,-25.83,22250,4.8
S00012,small,Mobile Phone,MOB-M2,86,40,5,91.34,5.73,7.65,3.5,0,41.4,1,0,new,12,150,3,5.75,7,7,3.62,3.6,Yes,71.34,26.38,22000,-6.14,20650,45.5
S00373,small,Smart TV,TV-M4,681,148,9,99.0,0.59,1.42,2.0,1,73.2,1,0,new,6,81,11,1.06,26,12,4.65,4.48,Yes,96.76,7.26,90000,-14.0,77400,25.5
S00448,small,Mobile Phone,MOB-M3,127,29,23,97.38,2.12,1.69,2.1,0,20.6,1,0,used,12,197,3,6.41,7,6,4.3,3.84,Yes,94.93,51.37,38000,-12.76,33150,24.1
S00285,small,Power Bank,PWR-M1,231,59,11,100,1.13,1.66,1.2,0,32.5,0,0,new,0,183,5,5.08,8,5,4.63,4.37,Yes,81.95,25.11,1100,-0.91,1090,64.3
S00116,big,Laptop,LAP-M2,50189,14179,123,96.13,2.57,3.34,1.3,47,34.4,1,1,new,0,252,174,3.03,290,194,4.28,4.09,Yes,82.51,36.65,55000,-12.36,48200,19.3
S00216,big,Smartwatch,WCH-M4,25438,8397,94,94.36,3.7,4.75,3.5,37,54.8,1,1,new,6,443,199,9.54,410,391,3.79,3.4,Yes,97.46,25.14,22000,-20.23,17550,6.8
S00432,small,Mobile Phone,MOB-M5,198,33,27,94.33,2.3,4.27,1.2,0,44.5,1,0,new,0,257,8,5.99,10,5,3.87,3.78,Yes,81.84,20.69,140000,-17.86,115000,15.5
S00237,medium,Gaming Console,CON-M3,924,137,48,99.82,0.66,1.45,1.2,0,49.7,1,1,new,12,202,15,2.37,23,7,4.93,5,Yes,97.23,0,62000,-4.6,59150,52.0
S00062,medium,Wireless Earbuds,EAR-M3,2241,619,33,98.4,1.06,1.41,1.4,1,49.6,1,0,new,12,487,9,4.5,78,55,4.56,4.5,Yes,86.15,2.84,5500,-14.36,4710,20.9
S00303,big,Power Bank,PWR-M2,24007,4159,86,97.46,1.67,2.38,1.6,15,41.0,1,0,new,3,164,141,4.94,258,198,4.58,4.45,Yes,88.89,12.64,1800,-3.89,1730,75.4
S00019,medium,Wireless Earbuds,EAR-M3,2817,227,56,97.34,1.57,2.45,1.8,1,45.0,1,1,new,0,75,10,5.96,47,9,4.35,4.28,Yes,77.84,19.04,5500,2.0,5610,74.6
S00247,small,Wireless Earbuds,EAR-M2,52,25,11,90.74,5.61,7.09,2.5,0,61.3,0,0,used,6,29,4,5.85,1,1,3.0,2.88,No,59.06,35.96,2500,-6.0,2350,54.3
S00149,small,Wi-Fi Router,RTR-M2,566,96,10,98.0,1.45,2.3,3.2,0,8.1,1,0,new,0,300,10,6.27,56,25,4.39,4.45,Yes,75.25,24.97,3200,-5.31,3030,42.2
S00189,medium,Wireless Earbuds,EAR-M5,1742,113,52,97.81,1.34,1.55,2.0,0,44.4,1,1,new,12,187,17,5.57,60,11,4.63,4.32,Yes,85.3,2.04,28000,1.25,28350,75.5
S00385,medium,Wi-Fi Router,RTR-M4,1924,220,37,97.31,1.33,2.43,2.5,1,32.2,1,0,new,12,131,6,3.9,43,11,3.94,3.44,Yes,100,16.09,9500,-9.58,8590,35.5
S00471,small,Smartwatch,WCH-M5,211,57,30,95.71,2.09,3.0,5.7,0,39.6,0,0,new,12,83,3,6.8,14,12,4.22,4.23,Yes,77.17,18.8,45000,4.0,46800,76.8
S00522,small,Wi-Fi Router,RTR-M4,79,34,3,95.35,4.67,5.28,2.6,0,51.3,1,0,new,6,90,4,6.17,6,6,3.36,3.05,No,66.17,47.55,9500,-23.26,7290,12.9
S00122,big,Digital Camera,CAM-M1,8629,1777,66,95.64,2.74,3.64,3.8,12,38.2,1,0,new,12,22,48,3.04,116,68,4.13,4.0,Yes,84.51,28.62,35000,-18.86,28400,14.5
S00098,small,Digital Camera,CAM-M1,47,5,6,95.81,0.8,2.74,2.1,0,35.7,0,0,new,6,180,9,1.37,0,0,,,No,,,35000,4.43,36550,90.3
S00522,small,Bluetooth Speaker,SPK-M1,79,34,3,95.35,4.67,5.28,2.6,0,51.3,1,0,new,0,90,10,4.77,2,2,4.12,3.56,Yes,69.5,47.46,1500,-12.0,1320,30.9
S00419,small,Desktop Computer,PC-M5,113,39,22,96.97,2.03,3.59,2.6,0,41.6,0,0,new,0,113,17,4.25,15,15,4.52,3.99,Yes,99.67,13.01,160000,7.84,172550,91.3
S00382,medium,Wi-Fi Router,RTR-M3,1331,268,45,97.49,1.32,1.76,2.5,1,60.4,1,0,new,0,74,10,3.47,18,11,4.89,4.41,Yes,92.94,13.9,5500,-0.55,5470,78.3
S00029,medium,Smartwatch,WCH-M3,952,190,68,98.38,0.89,1.61,1.3,0,26.4,1,0,new,12,46,20,5.64,31,13,4.3,3.95,Yes,88.87,1.76,9000,0.89,9080,80.6
S00315,medium,Mobile Phone,MOB-M5,1511,439,48,93.56,4.15,5.57,9.3,3,61.5,1,1,new,3,51,19,7.67,50,31,3.61,3.43,Yes,69.55,26.19,140000,1.82,142550,84.5
S00222,big,Smartwatch,WCH-M2,17934,2698,30,99.03,0.77,1.29,0.9,7,21.7,1,1,new,12,270,115,3.45,195,68,4.47,4.34,Yes,81.88,22.13,4500,-6.44,4210,61.7
S00412,big,Desktop Computer,PC-M1,22291,5838,77,97.25,1.78,2.4,1.4,15,30.0,1,0,new,12,95,98,3.89,132,86,4.3,4.2,Yes,80.22,34.33,30000,2.67,30800,80.6
S00140,small,Bluetooth Speaker,SPK-M1,304,175,32,90.06,6.83,8.39,4.8,0,50.1,0,0,new,3,26,4,9.93,12,12,2.68,2.72,No,70.87,49.33,1500,3.33,1550,80.0
S00271,medium,Gaming Console,CON-M5,2509,755,56,94.17,3.62,4.7,6.3,2,47.2,1,0,new,12,184,20,4.67,65,49,3.62,3.6,Yes,89.91,38.37,95000,8.47,103050,98.0
S00517,medium,Desktop Computer,PC-M3,950,170,39,99.25,0.76,1.19,1.5,1,22.3,1,1,new,6,119,33,2.73,14,6,4.85,4.5,Yes,85.41,13.43,65000,-1.92,63750,56.7
S00335,small,Wi-Fi Router,RTR-M4,76,47,36,87.2,11.1,10.8,6.6,1,28.5,0,0,new,12,95,8,6.91,3,3,2.65,2.61,No,65.3,68.68,9500,-7.05,8830,45.2
S00082,small,Smartwatch,WCH-M2,33,10,9,100,1.18,3.46,3.5,0,43.7,1,0,new,0,270,5,3.54,1,1,4.56,4.42,Yes,88.44,5.45,4500,-21.56,3530,10.0
S00480,small,Smart TV,TV-M3,118,14,11,99.48,1.5,0.88,0.7,0,21.1,1,0,new,0,305,2,3.4,6,2,4.68,4.71,Yes,91.83,12.39,55000,-3.18,53250,52.0
S00227,medium,Wi-Fi Router,RTR-M5,1685,573,57,97.46,1.47,1.83,1.4,1,49.3,1,1,new,6,118,52,5.57,61,40,4.44,4.29,Yes,96.1,23.16,16000,18.75,19000,95.7
S00199,medium,Smartwatch,WCH-M1,1247,153,39,97.1,1.54,2.13,3.5,3,38.7,0,0,new,6,1170,9,3.71,70,29,3.93,3.54,Yes,95.11,11.68,2000,-19.0,1620,12.5
S00209,medium,Digital Camera,CAM-M5,1626,329,14,98.69,0.77,1.14,1.4,1,25.5,1,0,new,12,54,37,2.33,15,6,5,4.76,Yes,81.05,14.55,180000,5.56,190000,96.7
S00127,small,Power Bank,PWR-M3,58,12,30,100,0.49,2.03,1.4,0,48.5,0,0,new,12,591,9,5.72,2,1,4.81,4.94,Yes,89.06,10.99,3000,5.0,3150,80.8
S00013,big,Digital Camera,CAM-M5,15432,3591,35,95.68,2.86,3.7,2.5,27,30.3,1,1,new,6,359,124,5.76,287,166,4.11,4.17,Yes,85.62,30.54,180000,-10.11,161800,32.8
S00294,small,Gaming Console,CON-M5,244,59,12,98.16,0.61,1.73,0.8,0,27.1,0,0,new,12,192,12,1.26,18,9,5,4.74,Yes,100,11.6,95000,-1.32,93750,66.0
S00239,small,Smartwatch,WCH-M3,69,20,21,92.94,2.85,3.39,4.2,0,48.7,0,0,new,6,60,15,7.73,8,5,4.05,4.15,Yes,87.27,17.99,9000,-4.44,8600,58.1
S00111,small,Power Bank,PWR-M2,223,53,9,99.56,1.01,1.17,1.3,0,46.7,1,0,new,12,247,8,5.01,22,14,4.9,4.78,Yes,100,7.62,1800,12.78,2030,100.0
S00484,small,Mobile Phone,MOB-M5,61,23,11,92.0,6.31,6.39,11.0,0,29.6,0,0,new,6,136,5,7.61,2,2,3.83,3.59,Yes,56.08,56.01,140000,-19.39,112850,13.8
S00013,big,Gaming Console,CON-M1,15432,3591,35,95.68,2.86,3.7,2.5,27,30.3,1,1,new,6,1050,57,2.61,321,157,4.18,4.04,Yes,85.7,22.51,38000,-5.66,35850,50.0
S00429,big,Wireless Earbuds,EAR-M2,18008,3471,109,99.1,0.74,1.31,0.7,10,13.7,1,1,new,12,353,61,2.79,210,151,4.9,4.3,Yes,100,23.69,2500,14.8,2870,95.7
S00228,big,Laptop,LAP-M5,15923,2418,65,97.98,1.25,2.01,2.0,14,53.5,1,1,new,12,61,38,5.67,329,126,4.65,4.59,Yes,88.53,23.24,190000,-11.42,168300,17.7
S00148,medium,Smartwatch,WCH-M2,3985,993,53,97.26,1.83,2.46,1.5,3,42.2,1,0,new,3,554,13,5.8,125,73,4.3,4.01,Yes,90.95,18.02,4500,-12.0,3960,36.7
S00336,medium,Laptop,LAP-M1,1172,433,32,94.15,3.71,5.1,3.8,2,17.5,1,0,new,0,72,17,9.01,21,19,3.82,3.46,Yes,90.16,13.73,38000,-22.5,29450,14.0
S00131,medium,Digital Camera,CAM-M3,2677,846,22,96.4,2.75,3.53,2.4,2,61.3,0,1,new,6,329,12,2.77,120,76,3.71,3.54,Yes,84.79,27.22,80000,-0.44,79650,76.8
S00140,small,Wi-Fi Router,RTR-M2,304,175,32,90.06,6.83,8.39,4.8,0,50.1,0,0,new,12,960,7,6.9,12,12,3.41,3.16,No,66.81,35.46,3200,-13.44,2770,28.9
S00403,medium,Wi-Fi Router,RTR-M2,1752,382,31,96.66,2.37,3.16,1.7,1,41.5,1,0,refurbished,12,89,33,6.12,55,30,3.93,3.78,Yes,84.97,4.11,3200,-10.0,2880,33.3
S00122,big,Laptop,LAP-M1,8629,1777,66,95.64,2.74,3.64,3.8,12,38.2,1,0,new,0,531,70,8.12,234,151,4.29,4.46,Yes,84.4,30.06,38000,-15.0,32300,24.0
S00385,medium,Gaming Console,CON-M3,1924,220,37,97.31,1.33,2.43,2.5,1,32.2,1,0,refurbished,0,50,17,3.52,43,15,4.58,4.61,Yes,77.6,11.57,62000,-9.35,56200,30.0
S00119,small,Wireless Earbuds,EAR-M4,9,4,8,86.44,12.27,9.8,5.7,0,58.3,0,0,refurbished,0,240,3,11.48,0,0,,,No,,,12000,-14.17,10300,16.3
S00313,big,Bluetooth Speaker,SPK-M5,38276,4207,64,99.32,0.56,1.07,1.2,19,34.8,1,0,refurbished,12,67,130,2.8,829,248,4.92,4.89,Yes,100,24.9,30000,-13.5,25950,19.4
S00543,big,Bluetooth Speaker,SPK-M5,12131,2576,57,99.31,0.67,1.16,1.8,7,39.7,1,1,new,6,219,90,6.4,81,31,4.96,4.99,Yes,99.36,19.17,30000,-1.67,29500,61.2
S00073,small,Digital Camera,CAM-M1,82,45,22,88.01,8.49,10.67,8.7,0,47.0,1,0,new,12,150,2,7.2,6,6,2.22,1.82,No,70.11,40.89,35000,-19.71,28100,11.3
S00303,big,Gaming Console,CON-M1,24007,4159,86,97.46,1.67,2.38,1.6,15,41.0,1,0,new,3,273,86,2.26,457,167,4.49,4.3,Yes,95.47,21.07,38000,-8.29,34850,40.5
S00342,medium,Wi-Fi Router,RTR-M4,1844,718,27,97.94,1.49,2.51,2.4,2,39.2,1,1,new,12,611,7,2.8,27,27,4.49,4.14,Yes,75.54,19.88,9500,-2.11,9300,71.0
S00102,small,Gaming Console,CON-M5,12,5,15,94.89,6.81,4.67,2.7,0,43.0,0,0,new,6,177,5,4.09,0,0,,,No,,,95000,-5.53,89750,50.0
S00186,small,Digital Camera,CAM-M2,27,13,5,88.78,6.08,8.03,4.5,0,60.0,0,0,new,0,57,9,6.42,3,3,3.08,2.96,No,70.21,40.85,55000,-6.09,51650,38.6
S00231,medium,Smart TV,TV-M3,2047,612,22,97.15,1.33,2.2,1.8,1,50.4,1,0,used,12,196,35,2.69,91,63,4.38,4.28,Yes,73.31,25.53,55000,-3.36,53150,50.0
S00013,big,Smartwatch,WCH-M4,15432,3591,35,95.68,2.86,3.7,2.5,27,30.3,1,1,new,3,44,135,5.21,159,56,4.26,3.97,Yes,75.97,25.22,22000,17.5,25850,100.0
S00101,big,Digital Camera,CAM-M4,10178,1192,106,98.66,0.9,1.45,1.3,8,28.4,1,1,new,12,3133,123,1.44,149,46,4.75,4.6,Yes,100,0.6,100000,-6.15,93850,53.4
S00086,medium,Smartwatch,WCH-M3,3263,961,25,97.61,1.74,2.35,1.1,1,51.9,1,0,new,3,343,22,6.13,51,34,3.96,4.22,Yes,94.74,21.32,9000,4.89,9440,88.7
S00272,small,Gaming Console,CON-M4,257,37,15,97.53,2.97,2.36,3.4,0,64.2,0,0,new,12,312,9,4.39,11,5,4.19,4.42,Yes,91.12,31.92,78000,-6.47,72950,54.2
S00275,medium,Digital Camera,CAM-M2,1828,658,74,94.04,4.01,4.82,4.9,3,34.7,0,0,new,12,617,16,4.38,69,57,3.79,3.65,Yes,85.81,35.23,55000,-29.45,38800,1.8
S00001,small,Smart TV,TV-M4,252,178,28,83.21,11.68,12.93,10.6,4,47.3,0,0,new,6,343,4,8.57,14,14,2.28,2.16,No,74.91,42.07,90000,-20.0,72000,11.8
S00531,medium,Digital Camera,CAM-M4,2453,341,29,98.57,1.31,2.11,2.0,1,25.8,0,0,used,12,116,53,3.75,84,23,4.36,4.59,Yes,75.24,17.44,100000,1.6,101600,82.8
S00420,small,Smart TV,TV-M4,30,1,18,100,0.1,0.98,0.7,0,27.2,0,0,new,12,231,3,0.2,2,0,4.78,,Yes,100,21.7,90000,3.89,93500,92.2
S00249,small,Desktop Computer,PC-M1,220,88,16,94.67,4.06,4.75,2.4,0,42.0,0,0,new,12,250,5,4.8,3,3,3.61,2.89,Yes,96.44,23.89,30000,-9.5,27150,24.2
S00193,small,Power Bank,PWR-M4,576,93,11,98.61,0.96,1.72,1.5,1,30.0,1,0,used,3,146,1,4.38,27,11,4.36,4.57,Yes,98.94,26.59,4800,5.62,5070,84.2
S00334,small,Smartwatch,WCH-M2,80,15,27,98.46,1.34,1.15,2.0,0,42.4,0,0,refurbished,12,44,9,3.93,6,3,4.72,4.53,Yes,100,22.16,4500,-10.0,4050,45.0
S00065,medium,Wireless Earbuds,EAR-M3,1584,273,17,98.99,0.84,1.6,2.3,0,53.3,1,0,new,0,37,26,3.71,96,37,4.72,4.44,Yes,88.17,22.47,5500,-4.0,5280,43.3
S00347,small,Wi-Fi Router,RTR-M1,130,27,14,95.26,2.52,3.58,2.1,0,28.6,1,0,new,0,181,7,5.63,18,9,4.17,3.82,Yes,82.13,29.05,1800,6.67,1920,93.8
S00040,medium,Gaming Console,CON-M4,1133,296,22,97.52,1.99,2.87,1.6,1,53.1,1,1,new,0,226,27,4.74,48,30,4.37,4.11,Yes,86.69,37.5,78000,-3.97,74900,68.8
S00003,big,Wireless Earbuds,EAR-M2,18215,2451,45,97.19,1.81,2.54,2.6,9,44.6,1,0,new,12,313,103,4.9,364,130,4.67,4.51,Yes,92.66,16.69,2500,13.6,2840,93.5
S00394,small,Mobile Phone,MOB-M2,19,11,8,88.93,10.47,15.68,6.3,0,71.3,1,0,new,6,76,6,11.68,0,0,,,No,,,22000,-26.82,16100,5.5
S00209,medium,Wi-Fi Router,RTR-M4,1626,329,14,98.69,0.77,1.14,1.4,1,25.5,1,0,new,3,420,32,2.05,43,18,4.8,4.62,Yes,100,7.55,9500,-14.63,8110,21.0
S00187,small,Digital Camera,CAM-M1,81,12,7,99.07,2.19,1.05,1.1,0,21.0,0,0,new,0,153,3,0.2,2,1,4.6,4.38,Yes,97.0,8.54,35000,-6.57,32700,48.4
S00124,medium,Digital Camera,CAM-M2,1200,129,53,99.59,0.72,1.19,1.0,0,25.6,1,0,new,12,65,23,5.17,48,13,4.91,4.7,Yes,65.35,17.03,55000,-16.91,45700,17.5
S00002,small,Digital Camera,CAM-M4,89,17,11,95.59,4.07,2.96,2.8,0,28.5,1,0,new,12,268,2,3.5,13,5,4.27,4.3,Yes,74.4,8.07,100000,-22.15,77850,6.9
S00446,medium,Wi-Fi Router,RTR-M1,2221,955,62,93.19,4.28,5.35,2.7,5,54.7,1,1,new,3,142,15,7.34,29,26,3.66,3.35,Yes,80.58,23.9,1800,29.44,2330,100.0
S00320,small,Digital Camera,CAM-M4,106,41,27,94.22,2.98,5.9,4.3,0,17.8,1,0,new,12,191,2,3.77,14,14,3.86,3.82,Yes,67.3,33.01,100000,-19.5,80500,12.1
S00308,small,Laptop,LAP-M2,267,66,16,98.73,1.18,1.85,2.3,2,32.9,1,0,new,3,118,3,3.85,16,11,4.72,4.68,Yes,80.56,22.12,55000,-2.73,53500,64.9
S00483,small,Bluetooth Speaker,SPK-M3,106,71,8,87.29,8.05,9.65,5.4,0,41.9,0,0,new,3,104,3,8.29,4,4,3.04,2.67,No,53.12,53.22,7000,-19.43,5640,13.0
S00385,medium,Gaming Console,CON-M2,1924,220,37,97.31,1.33,2.43,2.5,1,32.2,1,0,new,12,202,12,1.64,29,11,4.75,4.91,Yes,89.06,9.92,52000,-5.29,49250,46.0
S00311,medium,Smart TV,TV-M3,1632,438,32,98.47,1.54,2.12,1.3,1,56.1,1,1,new,12,203,56,0.8,53,36,4.64,4.31,Yes,72.58,15.86,55000,12.73,62000,96.0
S00144,medium,Smartwatch,WCH-M2,3085,1463,51,92.82,4.43,5.6,3.7,8,44.3,0,0,new,6,167,38,6.5,97,97,3.62,3.52,Yes,59.34,44.81,4500,-24.67,3390,6.7
S00436,small,Wireless Earbuds,EAR-M1,23,6,4,97.22,0.26,2.2,4.7,0,32.1,0,0,new,6,55,9,5.99,0,0,,,No,,,1200,-8.33,1100,37.9
S00350,small,Laptop,LAP-M5,90,18,25,97.11,1.02,2.13,0.9,0,34.5,1,0,new,12,31,7,4.63,8,3,4.6,4.65,Yes,96.25,28.29,190000,-22.53,147200,4.8
S00327,medium,Smart TV,TV-M3,2408,754,63,96.65,1.72,2.73,1.5,0,31.8,1,0,new,12,108,19,3.07,95,79,4.14,4.1,Yes,67.89,25.69,55000,16.55,64100,100.0
S00207,small,Desktop Computer,PC-M1,104,39,25,92.75,3.73,4.32,5.0,0,42.5,1,0,refurbished,12,419,9,5.57,14,14,3.83,3.58,Yes,72.04,37.72,30000,-3.83,28850,50.0
S00222,big,Desktop Computer,PC-M1,17934,2698,30,99.03,0.77,1.29,0.9,7,21.7,1,1,new,12,83,101,4.03,132,59,4.86,4.65,Yes,76.64,28.08,30000,-2.0,29400,58.1
S00270,small,Laptop,LAP-M1,131,27,2,95.6,1.65,3.13,2.0,0,19.6,1,0,new,0,60,6,6.34,7,4,4.45,4.15,Yes,81.85,14.78,38000,-1.18,37550,66.0
S00385,medium,Gaming Console,CON-M5,1924,220,37,97.31,1.33,2.43,2.5,1,32.2,1,0,new,12,111,67,1.29,32,10,4.73,4.22,Yes,100,4.5,95000,-4.05,91150,56.0
S00222,big,Desktop Computer,PC-M4,17934,2698,30,99.03,0.77,1.29,0.9,7,21.7,1,1,new,12,191,52,5.33,127,60,4.25,4.35,Yes,93.98,1.83,95000,18.32,112400,98.1
S00039,medium,Power Bank,PWR-M5,1152,346,34,95.13,3.07,3.8,2.4,5,38.5,1,0,new,0,227,16,4.19,6,4,4.19,3.86,Yes,87.48,17.13,8500,-5.88,8000,43.6
S00489,small,Laptop,LAP-M2,55,17,47,90.74,5.85,5.2,4.7,0,51.9,1,0,new,12,34,5,5.71,3,2,3.87,3.38,Yes,88.2,22.51,55000,-5.18,52150,59.6
S00275,medium,Power Bank,PWR-M4,1828,658,74,94.04,4.01,4.82,4.9,3,34.7,0,0,used,0,53,14,6.35,107,74,3.34,3.2,No,76.85,30.59,4800,-6.67,4480,50.9
S00183,small,Wireless Earbuds,EAR-M2,172,9,10,100,1.53,1.38,2.1,0,27.8,0,0,new,12,199,4,4.21,11,1,4.18,4.17,Yes,100,11.58,2500,-3.6,2410,63.0
S00455,small,Bluetooth Speaker,SPK-M2,53,21,3,89.27,7.17,9.04,9.1,0,53.6,0,0,new,3,90,5,9.76,4,4,2.92,2.67,No,62.63,52.75,3500,2.0,3570,74.1
S00425,small,Bluetooth Speaker,SPK-M2,127,26,2,94.94,1.96,4.72,4.8,0,41.0,0,0,new,12,60,19,4.47,7,3,3.93,3.67,Yes,75.14,14.11,3500,4.57,3660,79.3
S00307,medium,Smartwatch,WCH-M2,583,94,31,96.85,2.48,3.04,2.4,1,23.7,1,1,new,12,38,17,6.15,3,1,3.86,3.75,Yes,93.27,20.35,4500,-3.11,4360,71.7
S00325,small,Desktop Computer,PC-M2,80,7,10,98.45,1.57,1.45,1.4,0,24.6,0,1,new,0,300,3,3.33,0,0,,,No,,,45000,15.11,51800,100.0
S00410,small,Mobile Phone,MOB-M5,91,14,14,96.29,3.17,3.36,4.5,0,36.1,1,0,new,12,420,6,5.26,7,3,4.18,4.15,Yes,78.32,14.59,140000,-23.0,107800,12.1
S00538,big,Bluetooth Speaker,SPK-M4,21530,8371,76,95.25,3.2,4.03,3.2,31,65.0,1,0,new,0,209,71,4.16,175,132,4.49,4.19,Yes,99.86,21.16,14000,4.64,14650,84.6
S00205,big,Laptop,LAP-M1,16429,2409,121,98.29,1.26,1.82,2.5,11,3.7,1,1,new,6,153,55,5.46,351,94,4.5,4.44,Yes,76.59,11.32,38000,9.21,41500,96.0
S00294,small,Gaming Console,CON-M3,244,59,12,98.16,0.61,1.73,0.8,0,27.1,0,0,new,12,360,10,5.77,9,5,4.51,4.25,Yes,97.82,27.99,62000,-2.82,60250,62.0
S00384,medium,Laptop,LAP-M1,1381,574,43,91.81,5.02,6.37,4.3,3,48.3,0,0,new,0,79,37,8.78,37,37,3.6,3.29,Yes,87.86,35.62,38000,-8.95,34600,38.0
S00459,small,Desktop Computer,PC-M4,63,11,20,96.37,0.95,2.62,1.1,0,49.0,1,0,new,12,141,5,4.01,2,1,4.46,4.16,Yes,75.16,21.95,95000,-11.11,84450,18.9
S00036,small,Gaming Console,CON-M2,106,21,13,96.02,1.58,1.92,2.6,0,25.3,1,0,new,12,390,5,1.17,10,4,4.36,4.19,Yes,97.44,14.85,52000,-1.44,51250,64.0
S00393,small,Bluetooth Speaker,SPK-M1,67,13,27,98.27,2.66,2.51,1.8,0,40.9,0,0,new,12,131,4,5.36,4,2,4.6,4.63,Yes,100,14.29,1500,-1.33,1480,63.6
S00528,small,Smartwatch,WCH-M5,82,24,9,93.65,2.62,4.99,1.8,0,38.0,0,1,new,12,270,2,4.41,3,2,4.44,4.27,Yes,76.0,35.67,45000,-20.0,36000,10.7
S00057,small,Laptop,LAP-M1,52,25,13,83.4,6.97,9.94,6.3,0,67.5,1,0,new,6,34,4,9.55,1,1,3.06,2.77,No,56.77,72.3,38000,-20.79,30100,18.0
S00307,medium,Digital Camera,CAM-M4,583,94,31,96.85,2.48,3.04,2.4,1,23.7,1,1,new,6,17,36,0.49,17,6,4.72,4.54,Yes,74.85,17.19,100000,4.85,104850,91.4
S00408,big,Wireless Earbuds,EAR-M3,13087,2037,52,99.32,0.57,1.07,1.1,2,45.1,1,1,new,12,251,88,4.96,319,104,4.84,5,Yes,91.39,16.8,5500,0.36,5520,70.1
S00308,small,Wi-Fi Router,RTR-M1,267,66,16,98.73,1.18,1.85,2.3,2,32.9,1,0,refurbished,3,100,9,4.09,16,10,4.14,3.6,Yes,100,31.72,1800,0.56,1810,75.0
S00158,medium,Gaming Console,CON-M3,1989,555,22,98.47,1.14,1.67,1.7,0,34.5,1,0,new,12,660,14,3.14,22,15,4.68,4.6,Yes,85.59,26.98,62000,4.52,64800,86.0
S00388,small,Gaming Console,CON-M4,63,19,13,92.96,3.36,5.53,4.3,0,44.5,0,0,new,12,60,3,5.72,10,7,3.56,3.72,No,77.46,27.17,78000,-14.49,66700,25.0
S00523,small,Laptop,LAP-M1,70,29,15,94.32,3.32,4.49,2.6,1,57.9,1,1,new,6,55,2,9.47,3,2,3.36,3.1,No,80.03,15.07,38000,-6.32,35600,46.0
S00054,small,Wi-Fi Router,RTR-M5,74,33,17,95.22,5.35,7.58,6.0,0,39.4,0,0,new,12,335,6,6.37,3,3,3.05,3.15,No,75.78,22.05,16000,-10.31,14350,23.4
S00328,medium,Laptop,LAP-M1,1578,201,58,99.26,0.91,1.21,0.4,0,30.3,1,0,new,12,522,41,6.36,22,7,4.91,4.72,Yes,83.55,29.14,38000,-16.58,31700,22.0
S00534,small,Bluetooth Speaker,SPK-M1,16,1,4,98.73,2.8,3.17,5.6,0,40.3,1,0,new,12,120,3,5.82,1,0,4.15,,Yes,87.83,0,1500,2.67,1540,76.4
S00041,medium,Bluetooth Speaker,SPK-M2,2253,675,30,94.38,3.76,4.41,4.1,2,49.4,1,0,new,3,289,37,4.19,29,22,3.97,3.86,Yes,78.61,45.55,3500,11.71,3910,96.6
S00382,medium,Bluetooth Speaker,SPK-M1,1331,268,45,97.49,1.32,1.76,2.5,1,60.4,1,0,new,12,270,28,3.77,52,26,4.2,3.79,Yes,76.91,24.97,1500,9.33,1640,92.7
S00293,medium,Mobile Phone,MOB-M5,862,53,56,98.33,1.07,1.27,1.9,0,20.7,1,0,new,12,145,36,4.54,18,4,4.84,4.83,Yes,100,22.57,140000,-1.82,137450,69.0
S00063,medium,Power Bank,PWR-M2,4811,1185,24,96.22,2.64,3.43,3.5,4,47.6,0,1,new,12,153,38,7.04,127,87,4.07,3.9,Yes,83.51,2.06,1800,-1.67,1770,80.7
S00133,small,Smartwatch,WCH-M2,75,18,7,98.59,0.68,1.97,2.8,0,52.1,1,0,new,12,210,9,4.4,2,2,4.36,4.31,Yes,80.39,18.63,4500,-12.89,3920,30.0
S00186,small,Smartwatch,WCH-M2,27,13,5,88.78,6.08,8.03,4.5,0,60.0,0,0,new,3,150,6,8.66,0,0,,,No,,,4500,-10.44,4030,43.3
S00470,small,Power Bank,PWR-M1,104,13,6,97.65,0.98,2.31,4.1,0,26.6,0,0,new,0,58,3,4.09,0,0,,,No,,,1100,3.64,1140,80.4
S00442,small,Digital Camera,CAM-M5,66,39,4,89.6,6.48,11.13,6.8,0,56.5,0,0,new,0,120,3,8.62,4,4,3.33,3.05,No,66.13,50.37,180000,-27.31,130850,8.2
S00237,medium,Mobile Phone,MOB-M3,924,137,48,99.82,0.66,1.45,1.2,0,49.7,1,1,new,12,154,29,3.0,22,7,5,4.95,Yes,97.14,19.04,38000,-7.11,35300,44.4
S00163,small,Desktop Computer,PC-M5,128,50,12,91.22,5.27,7.15,11.3,0,27.3,1,0,new,6,26,6,7.29,17,16,3.01,2.6,No,72.5,24.96,160000,-26.59,117450,4.3
S00274,small,Power Bank,PWR-M1,110,28,12,95.08,2.6,4.4,2.5,1,44.9,1,0,new,12,187,5,4.71,6,5,4.11,3.35,Yes,87.26,25.08,1100,-19.09,890,19.6
S00386,small,Mobile Phone,MOB-M5,45,6,11,92.33,2.32,4.38,3.5,0,51.3,1,0,refurbished,6,66,5,6.42,5,2,4.14,4.11,Yes,74.42,24.83,140000,-8.57,128000,37.9
S00230,small,Laptop,LAP-M4,180,35,8,93.27,4.52,5.08,3.9,0,40.8,1,0,new,12,42,5,8.83,5,2,3.83,3.94,Yes,84.86,25.51,120000,1.83,122200,85.5
S00397,small,Digital Camera,CAM-M3,99,45,23,90.33,7.14,7.98,5.0,0,50.0,0,0,new,0,64,3,7.12,4,4,3.13,2.89,No,66.85,41.26,80000,-19.94,64050,10.7
S00056,small,Wi-Fi Router,RTR-M3,341,116,13,92.81,4.07,5.13,2.2,0,25.8,1,0,new,12,123,11,2.96,20,18,3.8,3.41,Yes,61.88,23.85,5500,-17.27,4550,8.7
S00013,big,Wireless Earbuds,EAR-M3,15432,3591,35,95.68,2.86,3.7,2.5,27,30.3,1,1,new,6,985,28,7.67,113,58,3.71,3.52,Yes,85.83,31.67,5500,13.09,6220,95.5
S00303,big,Smart TV,TV-M1,24007,4159,86,97.46,1.67,2.38,1.6,15,41.0,1,0,new,0,141,120,5.85,466,194,4.13,3.63,Yes,92.32,18.37,22000,4.77,23050,87.9
S00099,medium,Desktop Computer,PC-M5,845,105,56,96.75,1.95,2.4,1.8,0,46.5,0,0,new,12,308,17,1.98,26,9,4.81,4.4,Yes,79.63,1.89,160000,-4.59,152650,52.2
S00457,small,Wireless Earbuds,EAR-M4,83,39,20,93.56,4.16,5.41,5.0,0,47.9,0,0,new,12,136,6,7.78,3,3,3.48,3.03,No,75.03,39.63,12000,-17.92,9850,11.6
S00523,small,Laptop,LAP-M5,70,29,15,94.32,3.32,4.49,2.6,1,57.9,1,1,new,6,40,10,4.42,1,1,3.8,3.7,Yes,73.02,23.76,190000,-6.34,177950,35.5
S00306,small,Wi-Fi Router,RTR-M1,84,36,8,84.94,6.39,7.97,2.0,0,27.1,0,0,new,0,240,5,7.41,4,4,3.12,2.98,No,82.49,56.17,1800,5.56,1900,89.1
S00392,small,Desktop Computer,PC-M5,48,12,4,89.29,5.19,5.23,6.0,1,28.3,1,0,new,6,81,5,6.22,3,2,4.02,3.86,Yes,73.08,40.17,160000,-11.38,141800,21.7
S00452,small,Laptop,LAP-M1,150,37,53,96.57,3.05,4.55,3.2,0,53.4,0,0,new,12,116,6,7.02,12,7,3.99,3.85,Yes,68.62,23.01,38000,-9.21,34500,34.0
S00121,small,Gaming Console,CON-M3,82,30,33,97.98,2.88,4.38,3.6,0,58.0,0,0,new,3,285,8,4.31,10,10,3.9,3.81,Yes,79.04,37.46,62000,-7.26,57500,42.0
S00067,medium,Desktop Computer,PC-M5,1436,281,49,99.93,0.65,0.92,0.8,1,21.1,1,0,new,12,1353,44,2.52,34,14,4.68,4.68,Yes,85.44,31.63,160000,-6.5,149600,42.0
S00491,small,Bluetooth Speaker,SPK-M2,45,6,27,99.4,0.7,2.24,1.6,0,44.0,0,0,used,12,438,29,4.52,2,1,4.84,4.83,Yes,88.37,26.58,3500,6.57,3730,89.7
S00193,small,Digital Camera,CAM-M1,576,93,11,98.61,0.96,1.72,1.5,1,30.0,1,0,new,12,316,6,2.65,14,5,4.25,4.09,Yes,67.77,14.54,35000,1.43,35500,79.0
S00245,small,Smart TV,TV-M4,103,67,14,86.31,12.77,14.74,13.7,2,45.2,0,0,new,0,59,5,9.95,4,4,2.32,2.05,No,34.61,71.5,90000,-39.0,54900,2.0
S00328,medium,Wireless Earbuds,EAR-M5,1578,201,58,99.26,0.91,1.21,0.4,0,30.3,1,0,new,12,340,19,4.12,66,21,4.77,4.55,Yes,97.72,15.61,28000,0.0,28000,67.9
S00222,big,Smartwatch,WCH-M1,17934,2698,30,99.03,0.77,1.29,0.9,7,21.7,1,1,new,12,42,38,5.27,127,62,4.17,4.32,Yes,100,4.99,2000,-3.0,1940,45.0
S00102,small,Gaming Console,CON-M4,12,5,15,94.89,6.81,4.67,2.7,0,43.0,0,0,used,6,162,4,5.72,0,0,,,No,,,78000,-4.74,74300,62.5
S00483,small,Bluetooth Speaker,SPK-M5,106,71,8,87.29,8.05,9.65,5.4,0,41.9,0,0,new,0,240,6,8.08,5,5,3.17,2.91,No,44.06,55.71,30000,-25.17,22450,9.0
S00257,big,Smart TV,TV-M3,11676,785,101,98.83,0.95,1.34,1.4,4,16.3,1,1,new,3,254,180,1.33,141,24,4.69,4.46,Yes,87.93,16.06,55000,-1.27,54300,60.0
S00033,small,Laptop,LAP-M1,54,34,4,84.52,12.55,11.12,6.6,0,51.7,0,0,used,3,78,8,12.38,1,1,2.16,1.79,No,48.22,53.96,38000,-28.03,27350,6.0
S00127,small,Digital Camera,CAM-M3,58,12,30,100,0.49,2.03,1.4,0,48.5,0,0,new,6,44,7,3.77,3,1,4.89,4.65,Yes,90.54,24.01,80000,1.94,81550,83.9
S00387,big,Digital Camera,CAM-M4,21188,2382,60,99.12,0.69,1.3,0.8,9,32.2,1,1,new,12,109,76,2.94,367,130,4.85,4.75,Yes,95.63,12.99,100000,-4.55,95450,60.3
S00076,small,Smartwatch,WCH-M2,105,62,20,85.71,9.59,12.11,7.1,1,58.2,0,0,new,0,127,13,11.5,1,1,3.0,2.88,No,48.07,38.8,4500,-14.44,3850,26.7
S00205,big,Bluetooth Speaker,SPK-M2,16429,2409,121,98.29,1.26,1.82,2.5,11,3.7,1,1,new,12,56,200,3.72,236,89,4.39,4.03,Yes,100,17.58,3500,11.71,3910,96.6
S00467,medium,Gaming Console,CON-M3,956,112,30,96.85,2.57,3.53,1.9,0,54.5,1,0,refurbished,3,189,13,5.22,20,6,4.1,3.73,Yes,100,29.12,62000,6.61,66100,92.0
S00367,medium,Gaming Console,CON-M1,1298,195,10,98.21,1.52,1.83,2.6,1,47.4,1,0,new,12,30,29,2.37,36,16,4.16,3.97,Yes,89.43,18.04,38000,-17.5,31350,14.3
S00131,medium,Smartwatch,WCH-M1,2677,846,22,96.4,2.75,3.53,2.4,2,61.3,0,1,new,3,364,21,4.62,100,100,4.38,4.32,Yes,63.97,19.26,2000,-2.5,1950,50.0
S00284,small,Smartwatch,WCH-M5,62,13,25,94.84,1.91,4.28,1.5,0,21.3,0,0,new,3,25,3,6.24,3,2,4.25,3.98,Yes,86.63,20.75,45000,-9.67,40650,30.4
S00503,small,Smart TV,TV-M3,221,88,6,91.27,4.9,6.2,3.4,0,63.9,1,0,new,0,24,4,4.55,11,9,3.67,3.76,Yes,80.26,37.6,55000,-16.64,45850,16.0
S00495,big,Desktop Computer,PC-M4,10614,3105,84,97.15,1.88,2.6,1.8,11,9.7,1,0,new,12,134,120,4.71,275,157,4.18,4.08,Yes,74.54,8.68,95000,6.32,101000,83.0
S00207,small,Gaming Console,CON-M5,104,39,25,92.75,3.73,4.32,5.0,0,42.5,1,0,new,6,180,6,4.58,10,10,3.7,3.55,Yes,78.35,15.19,95000,5.63,100350,90.0
S00543,big,Smart TV,TV-M2,12131,2576,57,99.31,0.67,1.16,1.8,7,39.7,1,1,new,6,209,103,3.33,85,48,4.73,4.5,Yes,96.71,0,35000,6.86,37400,90.7
S00291,small,Smartwatch,WCH-M3,23,9,15,91.82,5.18,7.58,4.8,0,39.1,0,0,new,0,159,5,8.94,1,1,3.34,3.19,No,59.76,39.69,9000,-0.78,8930,74.2
S00216,big,Wi-Fi Router,RTR-M1,25438,8397,94,94.36,3.7,4.75,3.5,37,54.8,1,1,new,12,161,104,5.05,293,235,3.68,3.69,Yes,68.04,27.21,1800,-6.67,1680,53.1
S00422,small,Power Bank,PWR-M5,84,53,5,84.29,12.68,15.07,7.8,1,59.0,0,0,new,12,130,10,10.55,0,0,,,No,,,8500,-37.76,5290,5.5
S00508,medium,Smartwatch,WCH-M5,1567,427,46,99.29,0.64,1.36,1.3,1,44.0,1,1,new,6,104,10,3.42,77,48,4.89,5,Yes,94.15,0,45000,1.11,45500,64.3
S00297,small,Wireless Earbuds,EAR-M2,112,34,18,93.57,5.99,6.38,1.7,0,51.1,0,0,new,12,133,7,6.68,7,6,3.48,3.33,No,79.88,22.38,2500,-19.6,2010,13.0
S00267,small,Smart TV,TV-M2,86,73,11,83.24,12.71,14.45,9.1,1,71.6,0,0,new,12,178,6,11.01,2,2,1.99,1.85,No,45.25,70.16,35000,-15.57,29550,5.6
S00384,medium,Laptop,LAP-M2,1381,574,43,91.81,5.02,6.37,4.3,3,48.3,0,0,refurbished,0,453,25,6.69,34,34,3.81,3.54,Yes,82.6,23.5,55000,12.82,62050,98.2
S00117,small,Digital Camera,CAM-M1,224,49,6,94.61,4.01,3.93,4.0,0,22.1,1,0,used,0,90,11,2.58,14,6,3.84,3.37,Yes,77.85,26.94,35000,-7.29,32450,46.8
S00234,medium,Gaming Console,CON-M5,563,55,40,97.21,1.12,2.15,1.1,0,36.1,1,0,new,6,249,15,2.41,18,5,4.32,4.14,Yes,98.55,10.16,95000,2.0,96900,74.0
S00518,big,Smart TV,TV-M1,8523,2007,89,98.21,1.38,1.87,1.2,2,44.8,1,1,new,0,171,298,2.75,143,63,4.35,4.06,Yes,90.11,27.43,22000,4.77,23050,87.9
S00240,small,Smart TV,TV-M1,324,78,15,97.76,3.16,3.02,1.9,0,33.6,0,0,new,0,66,2,4.82,45,26,4.08,3.67,Yes,80.02,32.04,22000,-19.77,17650,13.8
S00244,medium,Bluetooth Speaker,SPK-M4,3636,703,56,98.6,0.84,1.45,1.2,3,40.4,1,1,new,12,184,13,2.95,47,25,4.49,4.39,Yes,83.38,27.78,14000,-6.79,13050,32.7
S00524,small,Bluetooth Speaker,SPK-M1,47,11,22,93.31,3.0,3.4,4.1,0,22.8,1,0,new,6,356,4,7.7,2,1,3.25,2.95,No,60.89,26.65,1500,-10.0,1350,36.4
S00040,medium,Gaming Console,CON-M3,1133,296,22,97.52,1.99,2.87,1.6,1,53.1,1,1,new,12,109,42,4.86,65,46,4.04,4.14,Yes,87.81,21.91,62000,-13.79,53450,18.0
S00268,small,Smart TV,TV-M1,75,17,15,96.08,0.1,1.46,1.6,0,38.1,1,0,new,0,414,4,4.4,3,1,4.8,4.75,Yes,94.18,12.88,22000,-0.91,21800,70.7
S00013,big,Digital Camera,CAM-M2,15432,3591,35,95.68,2.86,3.7,2.5,27,30.3,1,1,new,0,39,70,4.89,309,204,4.29,4.23,Yes,87.02,24.41,55000,-2.09,53850,52.6
S00219,small,Bluetooth Speaker,SPK-M2,174,31,24,96.09,2.69,2.92,1.8,0,53.2,1,0,refurbished,12,202,3,4.31,12,6,4.35,4.14,Yes,78.34,9.32,3500,1.71,3560,70.7
S00070,small,Smart TV,TV-M2,36,13,10,94.58,4.32,4.41,5.0,0,45.5,1,0,new,12,94,23,4.72,3,3,3.89,3.62,Yes,100,23.41,35000,2.57,35900,79.6
S00058,small,Digital Camera,CAM-M3,52,25,8,85.48,9.91,9.48,5.1,0,49.6,0,0,new,6,188,3,7.5,4,4,2.54,2.25,No,60.14,44.89,80000,0.0,80000,78.6
S00327,medium,Bluetooth Speaker,SPK-M2,2408,754,63,96.65,1.72,2.73,1.5,0,31.8,1,0,used,12,222,24,4.72,83,41,4.17,3.67,Yes,79.09,19.32,3500,-14.0,3010,17.2
S00511,small,Power Bank,PWR-M5,98,17,42,97.81,2.36,1.04,2.8,0,40.6,0,0,new,6,1260,3,5.73,5,2,4.49,4.82,Yes,86.76,33.58,8500,-6.35,7960,41.8
S00508,medium,Desktop Computer,PC-M4,1567,427,46,99.29,0.64,1.36,1.3,1,44.0,1,1,new,12,89,29,5.1,23,14,4.63,4.44,Yes,80.73,36.14,95000,-5.37,89900,45.3
S00264,medium,Power Bank,PWR-M2,1677,234,10,97.41,1.43,2.4,1.4,0,34.3,1,0,refurbished,12,64,22,6.36,46,15,4.11,3.79,Yes,80.94,21.96,1800,-0.56,1790,82.5
S00182,small,Smartwatch,WCH-M5,199,91,16,90.98,6.88,7.62,8.3,2,57.8,0,0,new,0,133,7,7.95,30,30,2.9,2.53,No,60.5,36.62,45000,-7.44,41650,35.7
S00485,medium,Desktop Computer,PC-M3,2484,588,30,98.91,0.64,1.45,1.2,1,37.7,1,1,new,6,194,7,4.06,74,51,5,4.42,Yes,87.72,0,65000,-7.38,60200,36.7
S00017,medium,Smart TV,TV-M2,1598,565,56,94.05,3.02,4.31,1.8,5,60.3,1,0,new,12,88,12,4.37,46,46,4.18,4.29,Yes,68.49,18.57,35000,-3.43,33800,44.4
S00175,medium,Bluetooth Speaker,SPK-M3,929,177,30,96.62,2.63,3.07,2.2,0,32.3,1,1,new,0,124,31,5.96,28,13,4.09,3.67,Yes,80.56,20.43,7000,-11.71,6180,24.1
S00017,medium,Desktop Computer,PC-M5,1598,565,56,94.05,3.02,4.31,1.8,5,60.3,1,0,new,6,39,18,5.05,36,31,3.8,3.47,Yes,90.57,28.01,160000,-14.22,137250,17.4
S00063,medium,Desktop Computer,PC-M2,4811,1185,24,96.22,2.64,3.43,3.5,4,47.6,0,1,new,0,316,15,2.67,100,51,4.16,4.12,Yes,100,26.3,45000,-12.0,39600,20.0
S00116,big,Digital Camera,CAM-M2,50189,14179,123,96.13,2.57,3.34,1.3,47,34.4,1,1,new,12,15,28,4.71,361,316,3.77,3.72,Yes,86.18,36.25,55000,-11.82,48500,21.1
S00517,medium,Wireless Earbuds,EAR-M1,950,170,39,99.25,0.76,1.19,1.5,1,22.3,1,1,new,12,97,25,5.93,16,7,4.52,4.16,Yes,82.68,10.6,1200,7.5,1290,93.1
S00147,small,Desktop Computer,PC-M2,57,6,10,100,0.1,1.37,1.2,0,30.9,1,0,new,6,130,4,3.1,1,0,4.89,,Yes,97.61,14.99,45000,0.78,45350,65.5
S00384,medium,Wi-Fi Router,RTR-M4,1381,574,43,91.81,5.02,6.37,4.3,3,48.3,0,0,new,0,499,27,4.44,23,21,3.32,3.03,No,65.96,35.45,9500,7.47,10210,96.8
S00293,medium,Power Bank,PWR-M4,862,53,56,98.33,1.07,1.27,1.9,0,20.7,1,0,new,12,569,35,2.77,14,2,4.77,4.23,Yes,97.49,28.52,4800,-4.37,4590,59.6
S00101,big,Laptop,LAP-M4,10178,1192,106,98.66,0.9,1.45,1.3,8,28.4,1,1,new,6,165,97,3.84,166,43,4.66,4.81,Yes,98.03,16.69,120000,-9.83,108200,45.5
S00019,medium,Laptop,LAP-M2,2817,227,56,97.34,1.57,2.45,1.8,1,45.0,1,1,new,12,19,25,4.73,63,12,4.61,4.88,Yes,84.03,3.37,55000,-6.45,51450,43.9
S00285,small,Wireless Earbuds,EAR-M3,231,59,11,100,1.13,1.66,1.2,0,32.5,0,0,new,0,165,18,5.42,5,3,4.94,4.81,Yes,90.88,8.5,5500,3.09,5670,79.1
S00473,small,Wi-Fi Router,RTR-M4,120,35,8,96.0,2.81,3.83,3.5,0,33.4,1,0,refurbished,3,61,4,3.27,5,4,4.17,4.14,Yes,75.16,20.9,9500,-33.16,6350,4.8
S00473,small,Wi-Fi Router,RTR-M3,120,35,8,96.0,2.81,3.83,3.5,0,33.4,1,0,new,12,36,7,3.96,16,15,4.08,3.92,Yes,94.65,32.38,5500,12.36,6180,100.0
S00136,small,Wi-Fi Router,RTR-M2,21,7,21,87.28,4.72,4.06,3.7,0,34.5,0,0,new,6,257,10,7.86,2,2,3.39,3.3,No,64.18,33.97,3200,-17.19,2650,20.0
S00482,small,Laptop,LAP-M5,40,16,34,86.96,8.61,8.7,6.4,0,30.5,1,0,new,3,101,3,8.03,0,0,,,No,,,190000,-16.55,158550,11.3
S00088,small,Desktop Computer,PC-M5,73,26,21,91.86,5.93,4.25,4.8,0,39.2,0,0,new,12,230,10,4.57,5,4,3.63,3.68,Yes,76.57,36.13,160000,3.41,165450,84.1
S00267,small,Desktop Computer,PC-M1,86,73,11,83.24,12.71,14.45,9.1,1,71.6,0,0,new,3,40,21,11.82,3,3,1.97,1.88,No,22.43,81.65,30000,-50.17,14950,1.6
S00370,small,Bluetooth Speaker,SPK-M4,92,42,7,90.08,5.28,6.16,5.1,0,36.7,0,0,new,12,112,13,7.68,1,1,3.55,3.11,No,64.22,22.6,14000,12.14,15700,92.3
S00037,big,Power Bank,PWR-M5,13894,694,69,98.34,1.08,1.55,1.3,6,38.6,1,0,new,12,118,76,5.61,157,14,4.2,4.2,Yes,80.66,10.2,8500,-8.0,7820,30.9
S00208,small,Smart TV,TV-M5,122,11,11,96.54,0.22,1.29,2.8,0,20.4,1,0,new,12,279,8,6.4,6,2,4.28,4.09,Yes,71.05,12.69,180000,7.06,192700,91.1
S00509,small,Bluetooth Speaker,SPK-M3,155,9,7,99.18,1.18,2.25,2.4,0,33.1,1,1,new,12,210,21,5.19,6,1,4.15,4.27,Yes,100,13.31,7000,4.57,7320,81.5
S00494,medium,Laptop,LAP-M4,1542,549,43,95.36,2.69,4.23,5.0,2,27.5,1,0,new,12,102,32,6.12,50,44,3.8,3.67,Yes,79.25,23.95,120000,-11.58,106100,32.7
S00222,big,Desktop Computer,PC-M2,17934,2698,30,99.03,0.77,1.29,0.9,7,21.7,1,1,new,12,95,151,3.57,223,62,4.72,4.99,Yes,88.72,18.72,45000,-11.78,39700,21.8
S00099,medium,Desktop Computer,PC-M2,845,105,56,96.75,1.95,2.4,1.8,0,46.5,0,0,new,12,473,6,5.35,20,5,4.45,4.21,Yes,77.46,21.83,45000,-9.33,40800,27.3
S00371,medium,Smartwatch,WCH-M1,723,70,66,99.34,0.88,0.99,1.0,0,19.2,1,1,new,12,1288,20,2.62,16,4,5,5,Yes,78.55,5.52,2000,7.5,2150,92.5
S00151,medium,Wi-Fi Router,RTR-M5,2106,679,25,97.27,1.46,2.47,2.2,1,48.6,1,0,new,0,48,127,2.32,62,36,4.25,4.15,Yes,86.29,35.31,16000,-4.69,15250,38.3
S00334,small,Bluetooth Speaker,SPK-M2,80,15,27,98.46,1.34,1.15,2.0,0,42.4,0,0,new,0,42,10,2.28,7,3,4.5,4.35,Yes,94.1,30.51,3500,-11.14,3110,22.4
S00287,small,Power Bank,PWR-M2,143,56,16,95.61,2.56,4.32,3.0,1,47.2,0,0,new,3,466,5,7.09,4,4,3.79,3.35,Yes,74.26,34.84,1800,-2.78,1750,78.9
S00313,big,Smart TV,TV-M1,38276,4207,64,99.32,0.56,1.07,1.2,19,34.8,1,0,new,0,57,52,4.49,733,187,5,4.87,Yes,93.89,10.3,22000,-4.55,21000,60.3
S00133,small,Wireless Earbuds,EAR-M3,75,18,7,98.59,0.68,1.97,2.8,0,52.1,1,0,new,12,210,16,4.11,3,2,4.56,4.49,Yes,83.63,19.09,5500,-20.73,4360,7.5
S00548,medium,Digital Camera,CAM-M3,1113,528,41,93.83,4.14,5.38,3.7,0,39.0,0,1,new,6,78,32,6.91,39,39,4.02,4.01,Yes,66.92,40.95,80000,-16.81,66550,19.6
S00107,small,Smart TV,TV-M1,86,13,30,98.19,1.69,1.44,1.2,0,44.8,1,0,new,12,146,7,4.55,2,1,4.59,4.33,Yes,95.42,16.01,22000,10.0,24200,98.3
S00514,small,Wireless Earbuds,EAR-M5,58,8,9,97.22,1.84,1.32,2.9,0,27.4,0,0,new,6,145,3,6.97,6,2,4.46,4.28,Yes,79.25,22.44,28000,13.39,31750,100.0
S00264,medium,Digital Camera,CAM-M4,1677,234,10,97.41,1.43,2.4,1.4,0,34.3,1,0,new,12,79,64,3.17,37,9,4.33,4.19,Yes,91.52,16.43,100000,-16.65,83350,20.7
S00303,big,Wireless Earbuds,EAR-M5,24007,4159,86,97.46,1.67,2.38,1.6,15,41.0,1,0,new,0,31,48,5.48,449,215,4.17,3.81,Yes,89.0,26.3,28000,-9.82,25250,32.1
S00013,big,Wi-Fi Router,RTR-M1,15432,3591,35,95.68,2.86,3.7,2.5,27,30.3,1,1,new,3,209,300,5.41,215,86,3.86,3.81,Yes,85.75,35.19,1800,-9.44,1630,35.9
S00419,small,Desktop Computer,PC-M2,113,39,22,96.97,2.03,3.59,2.6,0,41.6,0,0,new,6,223,5,5.17,5,3,4.98,4.65,Yes,85.4,19.15,45000,0.56,45250,61.8
S00077,medium,Laptop,LAP-M5,1056,191,33,94.62,3.03,3.81,2.9,1,41.3,1,0,new,3,301,15,8.42,24,10,3.79,3.88,Yes,70.71,36.1,190000,-0.97,188150,58.1
S00274,small,Laptop,LAP-M5,110,28,12,95.08,2.6,4.4,2.5,1,44.9,1,0,new,3,153,10,6.63,11,8,4.14,4.09,Yes,92.97,36.3,190000,10.03,209050,88.7
S00053,small,Smartwatch,WCH-M3,229,29,7,99.2,1.02,1.65,1.2,0,20.2,0,0,refurbished,12,35,6,5.77,26,13,4.8,4.63,Yes,91.69,20.61,9000,-0.78,8930,74.2
S00429,big,Smart TV,TV-M2,18008,3471,109,99.1,0.74,1.31,0.7,10,13.7,1,1,new,0,424,119,2.84,167,83,4.89,4.68,Yes,80.34,18.68,35000,-2.71,34050,57.4
S00290,medium,Laptop,LAP-M5,1924,337,63,98.49,1.54,1.37,1.8,0,38.1,1,1,new,3,854,15,3.0,47,27,4.72,4.5,Yes,81.29,13.15,190000,1.0,191900,67.7
S00425,small,Wi-Fi Router,RTR-M3,127,26,2,94.94,1.96,4.72,4.8,0,41.0,0,0,new,0,60,7,2.33,10,5,4.1,4.09,Yes,85.73,12.57,5500,0.18,5510,87.0
S00302,small,Gaming Console,CON-M5,416,53,7,96.21,2.58,3.41,1.9,2,32.3,1,0,new,0,150,1,3.02,19,6,4.47,4.53,Yes,78.75,21.7,95000,2.16,97050,76.0
S00291,small,Wireless Earbuds,EAR-M5,23,9,15,91.82,5.18,7.58,4.8,0,39.1,0,0,new,12,437,7,8.82,2,2,2.98,3.05,No,76.92,54.8,28000,-20.89,22150,5.7
S00407,small,Digital Camera,CAM-M3,47,9,44,98.04,2.72,0.66,1.6,0,43.0,0,0,new,3,413,12,4.91,4,2,4.47,4.24,Yes,85.88,19.56,80000,0.63,80500,80.4
S00018,medium,Smart TV,TV-M3,500,142,32,98.05,2.27,3.51,5.9,0,26.9,1,0,new,12,469,45,4.5,22,13,4.14,4.17,Yes,88.66,14.05,55000,-9.18,49950,34.0
S00260,small,Wi-Fi Router,RTR-M2,61,23,3,89.91,7.34,8.37,6.4,0,58.8,0,0,new,0,90,3,8.32,3,3,3.04,3.26,No,71.58,51.5,3200,-15.62,2700,22.2
S00262,small,Digital Camera,CAM-M1,346,110,21,96.95,1.34,2.42,2.3,0,31.6,1,0,new,12,380,7,3.04,27,17,4.7,4.62,Yes,79.0,17.19,35000,-21.29,27550,9.7
S00232,small,Smartwatch,WCH-M5,331,132,9,89.98,6.56,8.14,6.9,1,47.3,1,0,new,12,205,4,7.1,20,20,3.07,3.07,No,84.79,40.87,45000,4.56,47050,82.1
S00219,small,Wi-Fi Router,RTR-M2,174,31,24,96.09,2.69,2.92,1.8,0,53.2,1,0,refurbished,12,57,4,6.39,13,5,3.82,3.74,Yes,69.91,6.9,3200,0.94,3230,73.3
S00114,small,Gaming Console,CON-M1,99,28,15,96.32,0.81,3.44,2.1,0,48.2,0,0,new,6,117,5,2.16,3,2,4.55,4.52,Yes,72.31,23.13,38000,-14.08,32650,19.0
S00356,small,Smart TV,TV-M3,41,21,3,87.84,4.87,7.61,4.8,0,41.3,0,0,new,12,90,5,4.77,4,4,3.31,2.94,No,56.45,43.6,55000,12.36,61800,94.0
S00244,medium,Smartwatch,WCH-M4,3636,703,56,98.6,0.84,1.45,1.2,3,40.4,1,1,new,12,343,12,7.01,113,63,4.2,4.2,Yes,91.02,22.34,22000,5.23,23150,75.0
S00010,small,Wi-Fi Router,RTR-M3,40,7,25,93.48,3.74,4.0,4.3,0,43.9,0,0,new,12,90,4,4.85,2,1,3.92,3.59,Yes,81.67,21.82,5500,-10.73,4910,23.9
S00548,medium,Desktop Computer,PC-M1,1113,528,41,93.83,4.14,5.38,3.7,0,39.0,0,1,new,0,47,18,6.91,39,39,3.54,3.36,No,60.12,50.04,30000,-1.17,29650,61.3
S00517,medium,Smart TV,TV-M5,950,170,39,99.25,0.76,1.19,1.5,1,22.3,1,1,new,12,113,44,4.56,31,11,4.9,4.6,Yes,93.27,13.44,180000,-2.47,175550,55.4
S00028,small,Power Bank,PWR-M4,18,10,17,90.11,5.46,10.18,4.9,0,40.2,0,0,refurbished,6,55,5,9.23,1,1,2.73,2.38,No,60.54,47.46,4800,-43.54,2710,3.5
S00353,small,Mobile Phone,MOB-M5,93,21,10,97.54,1.57,3.44,2.3,0,43.4,0,0,new,12,97,8,6.48,9,4,4.18,4.1,Yes,100,26.72,140000,10.36,154500,100.0
S00478,small,Desktop Computer,PC-M3,100,10,16,98.39,2.16,1.8,2.7,0,33.9,1,0,new,12,175,10,5.01,3,1,4.18,4.23,Yes,98.56,31.76,65000,2.15,66400,81.7
S00074,medium,Wi-Fi Router,RTR-M2,1675,358,24,97.76,1.44,2.2,2.3,2,25.7,1,0,new,3,147,24,3.78,34,18,4.05,4.18,Yes,74.91,8.77,3200,2.81,3290,77.8
S00209,medium,Wi-Fi Router,RTR-M3,1626,329,14,98.69,0.77,1.14,1.4,1,25.5,1,0,new,12,83,7,2.23,22,12,4.84,5,Yes,100,12.81,5500,-5.82,5180,45.7
S00331,small,Wi-Fi Router,RTR-M2,85,33,10,90.82,6.07,8.56,7.7,0,39.5,0,0,new,12,154,10,9.13,5,4,3.34,3.27,No,75.94,39.43,3200,1.88,3260,75.6
S00272,small,Gaming Console,CON-M2,257,37,15,97.53,2.97,2.36,3.4,0,64.2,0,0,refurbished,12,366,6,2.34,5,2,4.66,4.7,Yes,90.93,54.32,52000,0.1,52050,72.0
S00244,medium,Wi-Fi Router,RTR-M2,3636,703,56,98.6,0.84,1.45,1.2,3,40.4,1,1,new,12,68,18,2.23,121,52,4.69,4.32,Yes,93.11,0,3200,4.37,3340,86.7
S00090,medium,Bluetooth Speaker,SPK-M2,1191,278,46,98.34,0.92,1.73,3.0,1,56.2,1,1,new,6,89,18,3.95,44,27,4.51,4.23,Yes,96.06,3.12,3500,-8.57,3200,25.9
S00283,small,Power Bank,PWR-M1,310,143,16,93.51,6.33,6.51,3.9,1,39.9,1,0,new,12,235,4,8.71,10,10,3.36,3.16,No,65.18,51.33,1100,7.27,1180,87.5
S00114,small,Wi-Fi Router,RTR-M4,99,28,15,96.32,0.81,3.44,2.1,0,48.2,0,0,new,12,283,8,3.97,4,3,4.42,4.21,Yes,76.92,26.67,9500,6.42,10110,93.5
S00209,medium,Bluetooth Speaker,SPK-M5,1626,329,14,98.69,0.77,1.14,1.4,1,25.5,1,0,new,12,420,63,4.8,40,22,4.55,4.22,Yes,85.14,23.66,30000,-2.5,29250,59.7
S00403,medium,Desktop Computer,PC-M1,1752,382,31,96.66,2.37,3.16,1.7,1,41.5,1,0,new,12,206,15,4.75,28,13,4.38,4.24,Yes,82.15,4.05,30000,-16.5,25050,9.7
S00363,big,Power Bank,PWR-M5,11473,3227,34,98.05,1.24,1.88,1.6,3,40.7,1,0,new,6,790,57,4.94,67,64,4.44,4.49,Yes,85.38,9.21,8500,2.82,8740,74.5
S00063,medium,Power Bank,PWR-M4,4811,1185,24,96.22,2.64,3.43,3.5,4,47.6,0,1,new,0,41,32,6.57,69,35,3.93,3.63,Yes,80.53,21.25,4800,-9.17,4360,36.8
S00383,small,Bluetooth Speaker,SPK-M2,87,48,14,86.94,8.66,9.2,9.7,0,36.0,1,0,new,0,420,8,9.29,0,0,,,No,,,3500,-36.86,2210,3.4
S00034,small,Desktop Computer,PC-M1,136,52,20,91.71,6.16,6.85,3.4,1,13.3,1,0,used,12,216,6,7.23,9,8,3.67,3.31,Yes,66.73,32.92,30000,-10.0,27000,21.0
S00299,small,Bluetooth Speaker,SPK-M5,34,7,17,98.28,2.81,3.79,1.4,0,44.8,0,0,new,6,77,2,4.11,0,0,,,No,,,30000,-0.17,29950,65.7
S00434,small,Digital Camera,CAM-M3,53,29,46,85.59,11.19,13.19,7.1,0,63.5,0,0,new,12,374,4,8.14,9,9,2.53,2.42,No,50.17,50.5,80000,-6.75,74600,33.9
S00222,big,Laptop,LAP-M1,17934,2698,30,99.03,0.77,1.29,0.9,7,21.7,1,1,new,6,563,169,4.96,405,158,4.58,4.35,Yes,85.08,13.77,38000,-8.03,34950,42.0
S00214,medium,Power Bank,PWR-M4,3846,1192,73,92.2,4.85,6.09,3.9,9,41.0,0,0,refurbished,12,166,21,7.71,168,118,3.61,3.52,Yes,78.03,24.19,4800,-0.62,4770,71.9
S00165,small,Desktop Computer,PC-M5,154,21,20,97.6,1.96,1.85,1.5,0,53.4,0,0,new,6,321,3,2.37,6,1,4.51,4.36,Yes,76.0,6.6,160000,-2.59,155850,53.6
S00528,small,Smartwatch,WCH-M4,82,24,9,93.65,2.62,4.99,1.8,0,38.0,0,1,new,12,270,9,5.55,2,2,3.72,3.73,Yes,82.32,21.52,22000,11.14,24450,95.5
S00136,small,Wireless Earbuds,EAR-M1,21,7,21,87.28,4.72,4.06,3.7,0,34.5,0,0,new,3,62,11,6.52,1,1,4.17,3.76,Yes,79.33,14.76,1200,7.5,1290,93.1
S00006,medium,Mobile Phone,MOB-M4,2030,218,36,99.01,0.62,1.13,0.7,1,51.2,1,0,new,6,136,31,4.28,153,54,5,4.82,Yes,92.71,31.94,65000,-2.54,63350,61.9
S00062,medium,Smart TV,TV-M5,2241,619,33,98.4,1.06,1.41,1.4,1,49.6,1,0,new,12,261,20,5.4,109,67,4.26,3.77,Yes,100,0,180000,12.36,202250,100.0
S00363,big,Smart TV,TV-M5,11473,3227,34,98.05,1.24,1.88,1.6,3,40.7,1,0,new,12,29,147,4.56,111,67,4.33,4.47,Yes,72.89,27.33,180000,-5.03,170950,46.4
S00089,small,Gaming Console,CON-M5,335,197,2,87.89,7.71,9.52,14.4,0,42.7,1,0,new,6,60,9,7.46,14,14,2.57,2.52,No,67.5,45.58,95000,-15.53,80250,12.0
S00543,big,Desktop Computer,PC-M4,12131,2576,57,99.31,0.67,1.16,1.8,7,39.7,1,1,new,3,684,47,2.29,101,50,4.51,4.56,Yes,92.71,0,95000,11.16,105600,88.7
S00363,big,Wi-Fi Router,RTR-M4,11473,3227,34,98.05,1.24,1.88,1.6,3,40.7,1,0,new,6,90,154,3.3,156,98,4.9,4.41,Yes,100,19.32,9500,0.0,9500,75.8
S00323,small,Gaming Console,CON-M3,11,1,19,97.15,0.1,1.68,2.3,0,26.9,0,0,new,0,77,12,1.99,1,0,5,,Yes,87.42,34.92,62000,-15.16,52600,14.0
S00096,small,Mobile Phone,MOB-M5,172,73,15,90.03,6.35,8.28,9.2,0,37.3,0,0,new,0,89,8,9.91,14,14,3.14,3.02,No,74.57,50.0,140000,-8.54,128050,41.4
S00370,small,Bluetooth Speaker,SPK-M3,92,42,7,90.08,5.28,6.16,5.1,0,36.7,0,0,new,3,37,10,7.72,6,5,3.22,2.97,No,83.65,43.11,7000,-21.86,5470,9.3
S00391,small,Desktop Computer,PC-M3,107,21,13,100,0.17,1.38,2.9,0,38.1,1,0,new,12,322,4,2.83,0,0,,,No,,,65000,3.54,67300,85.0
S00134,small,Mobile Phone,MOB-M4,72,20,37,93.16,3.86,5.74,3.9,0,36.4,0,0,new,12,156,5,7.18,4,3,3.71,3.35,Yes,76.91,18.95,65000,-4.54,62050,54.8
S00191,small,Bluetooth Speaker,SPK-M5,22,10,11,84.17,9.4,5.59,4.5,0,46.9,0,0,new,3,30,18,7.89,1,1,3.32,3.0,No,87.27,43.37,30000,-10.33,26900,31.3
S00165,small,Desktop Computer,PC-M2,154,21,20,97.6,1.96,1.85,1.5,0,53.4,0,0,new,3,260,16,5.24,0,0,,,No,,,45000,-8.22,41300,30.9
S00179,small,Mobile Phone,MOB-M2,65,9,10,95.2,0.1,2.44,0.7,0,45.0,1,0,new,12,42,6,3.91,2,1,4.62,4.62,Yes,83.65,4.51,22000,0.91,22200,78.2
S00301,small,Mobile Phone,MOB-M3,77,11,37,92.05,3.3,3.86,1.7,0,48.3,0,0,new,12,526,6,2.03,2,1,4.3,3.89,Yes,86.92,25.45,38000,-1.84,37300,66.7
S00107,small,Power Bank,PWR-M3,86,13,30,98.19,1.69,1.44,1.2,0,44.8,1,0,new,3,138,6,3.71,5,2,4.88,4.55,Yes,97.12,3.45,3000,0.0,3000,59.6
S00151,medium,Power Bank,PWR-M5,2106,679,25,97.27,1.46,2.47,2.2,1,48.6,1,0,new,12,84,9,2.54,73,59,4.15,3.96,Yes,92.25,21.36,8500,0.35,8530,61.8
S00256,small,Bluetooth Speaker,SPK-M5,188,28,12,98.85,1.17,1.84,1.7,0,15.7,1,0,refurbished,3,360,13,5.17,6,2,4.44,4.22,Yes,82.81,24.16,30000,6.0,31800,86.6
S00222,big,Laptop,LAP-M3,17934,2698,30,99.03,0.77,1.29,0.9,7,21.7,1,1,new,12,60,52,4.34,161,71,4.91,4.54,Yes,98.37,24.11,80000,-6.81,74550,56.9
S00143,small,Wireless Earbuds,EAR-M1,103,23,23,93.54,2.5,1.78,1.9,0,35.9,0,0,new,0,363,8,7.45,2,1,3.96,3.74,Yes,76.54,20.3,1200,-13.33,1040,17.2
S00261,small,Digital Camera,CAM-M5,172,74,18,92.34,5.15,4.77,3.4,2,18.4,0,0,new,12,118,4,4.82,4,4,4.02,3.8,Yes,74.3,22.72,180000,-17.83,147900,14.8
S00255,small,Bluetooth Speaker,SPK-M5,17,8,10,93.77,5.48,7.69,3.5,0,30.8,1,0,refurbished,0,300,8,6.1,0,0,,,No,,,30000,1.33,30400,71.6
S00308,small,Laptop,LAP-M5,267,66,16,98.73,1.18,1.85,2.3,2,32.9,1,0,new,12,448,5,3.01,12,8,4.6,4.73,Yes,92.53,32.13,190000,1.45,192750,72.6
S00022,small,Power Bank,PWR-M1,115,48,3,92.29,5.87,6.8,2.7,0,55.3,0,0,new,0,86,4,6.67,8,8,3.75,3.39,Yes,64.53,46.78,1100,-10.0,990,33.9
S00259,small,Smartwatch,WCH-M2,290,110,42,92.18,5.09,5.69,6.7,0,34.9,0,0,new,3,161,25,6.86,11,9,3.94,3.81,Yes,80.28,37.01,4500,-13.56,3890,28.3
S00199,medium,Laptop,LAP-M2,1247,153,39,97.1,1.54,2.13,3.5,3,38.7,0,0,new,12,215,17,4.62,30,8,4.08,3.99,Yes,100,22.36,55000,-2.55,53600,68.4
S00394,small,Laptop,LAP-M5,19,11,8,88.93,10.47,15.68,6.3,0,71.3,1,0,used,0,156,9,13.5,1,1,1.36,1,No,64.62,72.4,190000,-13.63,164100,16.1
S00518,big,Gaming Console,CON-M2,8523,2007,89,98.21,1.38,1.87,1.2,2,44.8,1,1,new,3,102,128,1.67,99,56,4.64,4.59,Yes,97.57,32.32,52000,0.29,52150,74.0
S00510,small,Gaming Console,CON-M1,94,29,5,91.92,3.78,5.51,4.6,0,62.6,0,0,new,3,142,2,4.44,2,2,3.49,3.62,No,72.62,32.55,38000,7.5,40850,92.9
S00328,medium,Laptop,LAP-M2,1578,201,58,99.26,0.91,1.21,0.4,0,30.3,1,0,new,6,131,45,3.31,47,12,5,4.58,Yes,94.98,25.7,55000,-3.27,53200,63.2
S00032,small,Laptop,LAP-M4,45,12,34,98.76,1.33,4.02,1.6,0,62.9,0,0,new,3,79,6,4.23,1,1,4.16,3.96,Yes,98.58,26.63,120000,-4.08,115100,61.8
S00049,small,Bluetooth Speaker,SPK-M3,84,17,10,97.87,2.02,1.51,2.3,0,35.8,1,0,used,12,119,9,5.45,3,1,4.3,3.95,Yes,93.61,23.24,7000,-8.0,6440,35.2
S00267,small,Smart TV,TV-M5,86,73,11,83.24,12.71,14.45,9.1,1,71.6,0,0,new,0,147,18,13.95,2,2,1.79,1.4,No,46.19,72.02,180000,-13.58,155550,32.1
S00452,small,Laptop,LAP-M2,150,37,53,96.57,3.05,4.55,3.2,0,53.4,0,0,new,3,72,3,6.46,3,2,3.81,3.84,Yes,77.48,16.93,55000,-8.64,50250,33.3
S00329,medium,Desktop Computer,PC-M3,1239,61,35,99.02,0.78,0.98,0.6,1,27.7,1,0,new,3,48,26,4.56,26,3,4.62,4.62,Yes,98.7,2.29,65000,-11.92,57250,23.3
S00074,medium,Laptop,LAP-M5,1675,358,24,97.76,1.44,2.2,2.3,2,25.7,1,0,new,12,70,17,2.91,21,10,4.68,4.75,Yes,82.1,29.12,190000,-18.24,155350,8.1
S00216,big,Smart TV,TV-M5,25438,8397,94,94.36,3.7,4.75,3.5,37,54.8,1,1,new,3,43,161,6.88,305,261,3.99,3.99,Yes,76.11,14.99,180000,1.83,183300,75.0
S00475,small,Digital Camera,CAM-M2,143,34,14,100,0.1,0.62,1.1,0,54.1,1,0,new,6,31,2,4.3,4,2,4.69,4.59,Yes,95.88,14.25,55000,-1.27,54300,57.9
S00178,small,Digital Camera,CAM-M4,33,15,4,88.11,10.57,9.93,3.8,0,15.1,1,0,new,0,92,16,6.84,1,1,2.72,2.62,No,42.36,57.8,100000,-37.9,62100,1.7
S00538,big,Smartwatch,WCH-M2,21530,8371,76,95.25,3.2,4.03,3.2,31,65.0,1,0,refurbished,0,76,74,5.72,278,278,3.96,4.02,Yes,67.47,34.81,4500,-2.89,4370,75.0
S00389,small,Digital Camera,CAM-M4,16,3,38,100,1.82,1.44,2.8,0,42.0,1,0,new,0,459,6,2.31,1,0,4.68,,Yes,80.33,15.01,100000,-1.75,98250,69.0
S00412,big,Desktop Computer,PC-M4,22291,5838,77,97.25,1.78,2.4,1.4,15,30.0,1,0,new,12,21,217,4.28,374,275,4.24,4.37,Yes,79.24,46.74,95000,-2.21,92900,67.9
S00398,big,Digital Camera,CAM-M4,11064,3893,108,93.84,4.17,5.17,4.1,22,66.6,1,1,new,3,35,59,3.95,145,145,3.81,3.53,Yes,89.15,23.72,100000,11.05,111050,100.0
S00097,small,Smartwatch,WCH-M1,42,25,12,85.86,7.63,12.18,8.9,0,42.3,0,0,new,0,360,10,11.9,4,4,2.28,2.26,No,61.24,64.26,2000,-24.5,1510,7.5
S00500,small,Laptop,LAP-M5,318,92,5,98.23,1.36,2.1,1.3,0,47.4,0,0,new,6,37,9,6.28,48,37,4.13,3.84,Yes,93.58,22.26,190000,-0.13,189750,62.9
S00288,small,Mobile Phone,MOB-M1,60,11,12,97.84,1.47,1.19,1.9,0,8.8,0,0,new,0,268,3,4.18,0,0,,,No,,,12000,1.67,12200,74.5
S00363,big,Laptop,LAP-M4,11473,3227,34,98.05,1.24,1.88,1.6,3,40.7,1,0,new,12,514,65,4.04,187,134,4.75,4.46,Yes,100,12.29,120000,7.58,129100,96.4
S00158,medium,Mobile Phone,MOB-M3,1989,555,22,98.47,1.14,1.67,1.7,0,34.5,1,0,new,12,235,14,2.85,52,39,4.74,4.46,Yes,95.48,35.56,38000,-1.32,37500,68.5
S00478,small,Smart TV,TV-M1,100,10,16,98.39,2.16,1.8,2.7,0,33.9,1,0,refurbished,6,182,5,4.2,2,1,4.67,4.41,Yes,94.99,25.43,22000,-13.64,19000,20.7
S00427,small,Laptop,LAP-M4,88,20,17,99.51,2.0,1.68,0.8,0,29.1,0,0,new,6,53,5,3.52,17,10,4.94,5,Yes,97.34,31.39,120000,-6.17,112600,52.7
S00494,medium,Wireless Earbuds,EAR-M3,1542,549,43,95.36,2.69,4.23,5.0,2,27.5,1,0,new,3,143,66,5.44,30,20,4.15,3.88,Yes,66.53,20.49,5500,-12.73,4800,26.9
S00148,medium,Wireless Earbuds,EAR-M5,3985,993,53,97.26,1.83,2.46,1.5,3,42.2,1,0,new,6,133,42,6.06,54,27,4.13,3.96,Yes,94.71,0,28000,3.75,29050,88.7
S00517,medium,Wireless Earbuds,EAR-M4,950,170,39,99.25,0.76,1.19,1.5,1,22.3,1,1,new,6,159,60,5.38,15,4,4.62,4.81,Yes,84.78,16.14,12000,-0.42,11950,83.7
S00230,small,Wi-Fi Router,RTR-M3,180,35,8,93.27,4.52,5.08,3.9,0,40.8,1,0,new,12,188,7,3.79,8,3,3.94,3.88,Yes,78.83,7.01,5500,3.27,5680,93.5
S00067,medium,Smart TV,TV-M5,1436,281,49,99.93,0.65,0.92,0.8,1,21.1,1,0,refurbished,0,93,18,4.82,32,17,4.41,4.38,Yes,100,14.95,180000,5.47,189850,83.9
S00443,medium,Power Bank,PWR-M4,2892,687,69,97.5,1.89,2.93,1.2,0,33.4,1,0,new,3,41,60,3.14,96,56,4.27,4.29,Yes,78.37,25.57,4800,-8.54,4390,40.4
S00061,small,Desktop Computer,PC-M4,212,44,18,96.82,2.95,2.68,1.7,1,41.6,1,1,new,6,128,9,3.2,8,4,4.59,4.63,Yes,80.05,6.16,95000,-13.32,82350,13.2
S00398,big,Wi-Fi Router,RTR-M4,11064,3893,108,93.84,4.17,5.17,4.1,22,66.6,1,1,new,0,55,160,5.73,141,141,3.75,4.01,Yes,84.15,38.93,9500,-9.68,8580,32.3
S00375,small,Smart TV,TV-M2,43,5,13,99.63,0.89,2.45,2.3,0,28.8,1,0,new,12,292,20,4.21,14,3,3.97,3.77,Yes,83.02,29.32,35000,5.0,36750,87.0
S00385,medium,Mobile Phone,MOB-M1,1924,220,37,97.31,1.33,2.43,2.5,1,32.2,1,0,refurbished,0,187,42,4.43,54,22,4.54,4.55,Yes,100,4.18,12000,10.42,13250,98.0
S00186,small,Gaming Console,CON-M1,27,13,5,88.78,6.08,8.03,4.5,0,60.0,0,0,new,12,57,4,5.84,0,0,,,No,,,38000,-26.97,27750,4.8
S00007,small,Desktop Computer,PC-M3,98,7,10,98.63,1.99,0.76,0.9,0,29.6,0,0,new,12,300,7,4.74,13,2,4.62,4.35,Yes,96.3,18.31,65000,0.62,65400,73.3
S00401,medium,Mobile Phone,MOB-M1,1499,492,47,97.22,1.52,2.51,1.9,1,35.8,1,0,new,12,269,46,4.91,46,33,4.64,4.41,Yes,86.5,23.55,12000,-9.58,10850,23.5
S00309,small,Digital Camera,CAM-M3,112,26,33,98.09,1.45,1.71,1.8,0,42.4,0,1,new,3,293,5,4.63,5,3,4.73,4.45,Yes,93.67,6.92,80000,-1.25,79000,64.3
S00503,small,Mobile Phone,MOB-M3,221,88,6,91.27,4.9,6.2,3.4,0,63.9,1,0,new,0,141,9,5.6,8,7,3.99,3.73,Yes,74.5,6.95,38000,-13.16,33000,18.5
S00411,small,Wi-Fi Router,RTR-M5,39,4,14,99.51,0.86,4.13,1.9,0,49.3,1,0,refurbished,12,30,6,3.0,1,0,4.4,,Yes,82.9,6.68,16000,-13.12,13900,17.0
S00189,medium,Gaming Console,CON-M1,1742,113,52,97.81,1.34,1.55,2.0,0,44.4,1,1,new,12,793,40,1.61,59,11,4.38,4.26,Yes,97.33,5.62,38000,4.61,39750,83.3
S00268,small,Power Bank,PWR-M1,75,17,15,96.08,0.1,1.46,1.6,0,38.1,1,0,new,0,67,8,5.15,5,4,4.0,3.81,Yes,80.84,16.97,1100,-1.82,1080,58.9
S00444,small,Mobile Phone,MOB-M2,47,21,10,94.17,5.81,5.67,7.7,0,58.4,0,0,used,0,111,10,7.16,3,3,3.55,3.12,No,64.63,45.9,22000,-9.09,20000,40.0
S00444,small,Bluetooth Speaker,SPK-M5,47,21,10,94.17,5.81,5.67,7.7,0,58.4,0,0,new,0,124,4,7.33,3,3,3.41,3.08,No,84.81,34.63,30000,-10.67,26800,29.9
S00101,big,Laptop,LAP-M1,10178,1192,106,98.66,0.9,1.45,1.3,8,28.4,1,1,new,12,368,179,5.98,163,50,4.67,4.56,Yes,100,4.14,38000,-3.68,36600,56.0
S00142,small,Smart TV,TV-M2,30,4,14,94.3,4.11,3.27,2.2,0,44.2,0,0,refurbished,3,156,4,4.26,4,1,3.53,3.27,No,82.09,10.44,35000,7.14,37500,94.4
S00041,medium,Laptop,LAP-M3,2253,675,30,94.38,3.76,4.41,4.1,2,49.4,1,0,new,12,638,34,7.7,52,37,3.96,3.73,Yes,67.68,23.88,80000,-4.25,76600,69.0
S00209,medium,Smart TV,TV-M1,1626,329,14,98.69,0.77,1.14,1.4,1,25.5,1,0,new,12,331,39,4.15,27,15,4.38,4.13,Yes,87.95,24.95,22000,-10.23,19750,31.0
S00537,medium,Gaming Console,CON-M4,1371,94,38,97.38,1.58,2.27,2.5,0,53.6,1,0,new,6,37,76,3.01,17,3,4.63,4.56,Yes,100,21.74,78000,-4.55,74450,64.6
S00203,small,Laptop,LAP-M1,96,38,34,94.59,4.17,4.11,2.3,0,36.5,1,0,new,12,211,8,7.52,7,6,3.77,3.62,Yes,72.73,9.31,38000,-10.66,33950,32.0
S00460,small,Wireless Earbuds,EAR-M3,38,4,24,99.69,0.1,2.12,2.0,0,24.0,0,0,new,3,115,10,5.02,3,1,4.52,4.48,Yes,82.52,6.03,5500,-0.18,5490,68.7
S00205,big,Desktop Computer,PC-M3,16429,2409,121,98.29,1.26,1.82,2.5,11,3.7,1,1,new,12,430,117,4.71,173,44,4.54,4.28,Yes,92.6,27.36,65000,4.15,67700,90.0
S00053,small,Smartwatch,WCH-M5,229,29,7,99.2,1.02,1.65,1.2,0,20.2,0,0,used,3,40,4,2.93,18,4,4.93,4.69,Yes,97.73,18.55,45000,-18.11,36850,16.1
S00259,small,Desktop Computer,PC-M5,290,110,42,92.18,5.09,5.69,6.7,0,34.9,0,0,new,6,649,3,5.65,15,12,3.31,2.61,No,80.68,27.29,160000,-25.25,119600,7.2
S00222,big,Digital Camera,CAM-M3,17934,2698,30,99.03,0.77,1.29,0.9,7,21.7,1,1,new,12,41,108,2.96,342,104,4.89,4.84,Yes,93.19,16.16,80000,-7.69,73850,28.6
S00304,small,Desktop Computer,PC-M3,56,21,6,93.23,2.95,4.55,8.9,0,53.3,1,0,refurbished,3,153,4,8.05,6,5,3.82,3.84,Yes,80.31,42.71,65000,-4.77,61900,48.3
S00013,big,Digital Camera,CAM-M1,15432,3591,35,95.68,2.86,3.7,2.5,27,30.3,1,1,new,6,36,93,2.79,191,107,4.27,3.78,Yes,84.64,36.36,35000,-11.29,31050,27.4
S00050,small,Wi-Fi Router,RTR-M2,161,39,12,100,0.79,1.32,0.7,0,54.5,1,0,new,12,193,8,4.36,8,5,4.65,4.26,Yes,91.89,2.73,3200,-1.88,3140,62.2
S00384,medium,Mobile Phone,MOB-M3,1381,574,43,91.81,5.02,6.37,4.3,3,48.3,0,0,new,6,38,14,3.38,30,30,3.77,3.67,Yes,70.36,43.53,38000,-20.92,30050,7.4
S00472,small,Smart TV,TV-M2,203,48,18,96.56,2.75,4.68,2.8,0,36.8,1,0,new,12,214,4,4.32,25,19,4.12,4.26,Yes,81.09,37.97,35000,1.86,35650,74.1
S00543,big,Digital Camera,CAM-M5,12131,2576,57,99.31,0.67,1.16,1.8,7,39.7,1,1,new,12,501,45,2.32,227,153,4.7,4.41,Yes,77.56,11.97,180000,-8.75,164250,34.4
S00339,small,Desktop Computer,PC-M5,200,53,28,95.93,1.91,3.55,2.9,0,22.7,0,0,new,12,544,12,3.04,15,8,4.27,4.0,Yes,84.17,36.42,160000,0.44,160700,69.6
S00313,big,Mobile Phone,MOB-M2,38276,4207,64,99.32,0.56,1.07,1.2,19,34.8,1,0,new,12,37,93,2.54,564,158,5,4.5,Yes,96.3,15.39,22000,-9.77,19850,38.2
S00419,small,Digital Camera,CAM-M3,113,39,22,96.97,2.03,3.59,2.6,0,41.6,0,0,new,6,26,2,3.88,11,11,4.06,3.98,Yes,86.3,39.79,80000,13.56,90850,100.0
S00518,big,Power Bank,PWR-M5,8523,2007,89,98.21,1.38,1.87,1.2,2,44.8,1,1,new,12,25,36,3.92,125,90,4.61,4.58,Yes,90.42,6.04,8500,-2.35,8300,52.7
S00234,medium,Gaming Console,CON-M4,563,55,40,97.21,1.12,2.15,1.1,0,36.1,1,0,new,6,141,15,3.2,9,2,4.62,4.85,Yes,94.73,9.47,78000,0.83,78650,85.4
S00543,big,Wi-Fi Router,RTR-M1,12131,2576,57,99.31,0.67,1.16,1.8,7,39.7,1,1,new,6,104,186,1.55,121,67,5,5,Yes,96.34,13.9,1800,-10.56,1610,32.8
S00032,small,Smartwatch,WCH-M4,45,12,34,98.76,1.33,4.02,1.6,0,62.9,0,0,used,3,80,14,7.81,1,1,4.53,4.46,Yes,87.05,16.82,22000,12.27,24700,97.7
S00497,small,Bluetooth Speaker,SPK-M5,15,6,44,91.42,3.24,7.65,8.3,0,39.4,0,0,new,3,758,7,5.13,1,1,3.78,3.56,Yes,68.26,28.15,30000,5.5,31650,80.6
S00511,small,Digital Camera,CAM-M1,98,17,42,97.81,2.36,1.04,2.8,0,40.6,0,0,new,12,47,2,2.85,5,2,4.44,4.53,Yes,96.72,6.37,35000,-2.86,34000,62.9
S00013,big,Gaming Console,CON-M3,15432,3591,35,95.68,2.86,3.7,2.5,27,30.3,1,1,new,0,216,159,2.8,492,302,4.48,4.38,Yes,95.41,12.81,62000,-2.58,60400,64.0
S00459,small,Digital Camera,CAM-M1,63,11,20,96.37,0.95,2.62,1.1,0,49.0,1,0,new,12,30,12,1.45,6,2,4.98,4.82,Yes,97.43,39.55,35000,-8.57,32000,37.1
S00200,small,Wi-Fi Router,RTR-M4,18,7,23,96.32,6.72,4.3,9.8,0,31.6,0,0,new,0,151,11,4.84,2,2,3.58,3.3,No,71.35,35.46,9500,5.47,10020,91.9
S00048,small,Smartwatch,WCH-M4,24,6,24,94.78,7.5,2.58,1.7,0,24.9,0,0,new,12,21,3,6.44,2,1,4.22,4.23,Yes,83.08,13.74,22000,-11.82,19400,15.9
S00447,small,Wi-Fi Router,RTR-M1,20,8,5,87.41,6.6,8.57,5.8,0,16.9,1,0,refurbished,12,139,4,5.54,4,4,3.35,3.11,No,73.69,29.64,1800,-3.89,1730,64.1
S00283,small,Power Bank,PWR-M2,310,143,16,93.51,6.33,6.51,3.9,1,39.9,1,0,new,0,111,8,7.86,4,4,3.59,3.19,No,53.73,30.85,1800,-17.22,1490,21.1
S00045,small,Wireless Earbuds,EAR-M2,106,13,24,97.73,2.76,2.57,1.8,0,61.3,1,0,new,3,271,7,4.45,6,2,4.03,3.87,Yes,88.61,35.79,2500,-14.0,2150,21.7
S00268,small,Smart TV,TV-M2,75,17,15,96.08,0.1,1.46,1.6,0,38.1,1,0,new,0,256,9,3.31,3,2,4.45,3.86,Yes,80.71,17.3,35000,-3.0,33950,51.9
S00519,small,Bluetooth Speaker,SPK-M5,95,24,30,99.62,1.46,2.08,3.5,0,42.4,0,0,new,12,75,3,2.77,1,1,4.58,4.43,Yes,100,14.33,30000,-3.17,29050,56.7
S00527,small,Mobile Phone,MOB-M4,45,5,21,95.12,2.94,2.46,1.4,0,27.4,0,0,new,12,61,5,5.95,6,1,4.61,4.41,Yes,79.43,8.96,65000,-13.31,56350,11.9
S00209,medium,Smart TV,TV-M5,1626,329,14,98.69,0.77,1.14,1.4,1,25.5,1,0,refurbished,6,420,216,4.53,45,21,4.53,4.31,Yes,92.46,14.48,180000,-20.0,144000,16.1
S00166,small,Laptop,LAP-M5,30,12,7,87.56,5.19,5.44,7.2,0,53.3,0,0,new,12,53,1,5.74,6,5,4.1,3.81,Yes,73.06,19.22,190000,-0.97,188150,58.1
S00328,medium,Mobile Phone,MOB-M1,1578,201,58,99.26,0.91,1.21,0.4,0,30.3,1,0,refurbished,12,203,7,2.74,38,16,4.79,4.69,Yes,83.75,13.77,12000,-10.83,10700,17.6
S00402,small,Power Bank,PWR-M1,140,62,13,90.46,4.79,7.51,3.7,0,51.0,0,0,refurbished,6,283,3,7.17,5,5,2.77,2.79,No,74.72,36.16,1100,-23.64,840,12.5
S00281,small,Gaming Console,CON-M4,423,34,18,98.77,0.1,1.53,0.7,0,15.4,1,0,refurbished,12,474,4,3.15,42,9,4.55,4.42,Yes,100,19.89,78000,11.47,86950,97.9
S00022,small,Power Bank,PWR-M2,115,48,3,92.29,5.87,6.8,2.7,0,55.3,0,0,new,12,90,11,7.35,20,20,3.47,3.48,No,76.0,40.95,1800,-15.56,1520,24.6
S00456,small,Bluetooth Speaker,SPK-M2,135,24,13,97.54,0.9,1.48,1.4,0,25.6,1,0,new,12,74,1,0.89,6,2,4.27,3.76,Yes,100,26.57,3500,-2.0,3430,53.4
S00049,small,Desktop Computer,PC-M3,84,17,10,97.87,2.02,1.51,2.3,0,35.8,1,0,new,12,150,4,4.16,2,2,4.37,4.31,Yes,78.72,0,65000,-18.69,52850,10.0
S00222,big,Gaming Console,CON-M1,17934,2698,30,99.03,0.77,1.29,0.9,7,21.7,1,1,new,12,133,45,2.39,291,89,4.58,4.47,Yes,85.26,15.1,38000,-16.05,31900,16.7
S00242,medium,Smart TV,TV-M5,2241,112,50,99.35,0.67,0.99,0.9,0,28.2,0,0,new,3,152,19,3.99,124,15,4.63,4.57,Yes,80.76,27.12,180000,1.0,181800,69.6
S00018,medium,Smart TV,TV-M2,500,142,32,98.05,2.27,3.51,5.9,0,26.9,1,0,new,12,239,40,3.66,18,15,4.13,3.74,Yes,70.04,15.35,35000,-10.57,31300,24.1
S00371,medium,Digital Camera,CAM-M1,723,70,66,99.34,0.88,0.99,1.0,0,19.2,1,1,new,3,739,38,0.97,8,2,4.77,4.77,Yes,84.02,19.81,35000,-1.71,34400,64.5
S00057,small,Digital Camera,CAM-M5,52,25,13,83.4,6.97,9.94,6.3,0,67.5,1,0,new,6,85,3,8.4,0,0,,,No,,,180000,-1.86,176650,68.9
S00308,small,Wi-Fi Router,RTR-M3,267,66,16,98.73,1.18,1.85,2.3,2,32.9,1,0,new,12,300,11,3.96,15,10,4.62,4.27,Yes,100,31.94,5500,-5.82,5180,45.7
S00403,medium,Bluetooth Speaker,SPK-M1,1752,382,31,96.66,2.37,3.16,1.7,1,41.5,1,0,new,0,112,8,7.71,32,23,4.07,3.81,Yes,83.4,20.79,1500,-8.67,1370,41.8
S00202,medium,Smart TV,TV-M1,1863,420,32,99.42,0.95,1.27,1.1,3,37.2,1,0,new,0,608,49,4.82,46,27,4.63,4.93,Yes,95.16,8.95,22000,2.27,22500,75.9
S00069,small,Digital Camera,CAM-M4,27,7,20,94.93,3.96,3.58,2.0,0,31.1,0,0,new,6,64,2,5.28,1,1,4.1,3.6,Yes,77.44,25.23,100000,-4.45,95550,62.1
S00172,small,Mobile Phone,MOB-M5,99,17,7,99.85,1.32,0.78,1.0,0,65.8,1,0,new,3,210,7,4.26,2,1,4.81,4.62,Yes,86.61,28.94,140000,1.18,141650,81.0
S00404,small,Bluetooth Speaker,SPK-M5,498,234,21,87.97,8.56,9.87,18.0,5,60.4,1,0,new,12,377,5,9.44,18,18,2.3,1.94,No,60.51,19.77,30000,-5.0,28500,50.7
S00098,small,Digital Camera,CAM-M4,47,5,6,95.81,0.8,2.74,2.1,0,35.7,0,0,new,12,100,4,3.8,0,0,,,No,,,100000,-15.5,84500,22.4
S00010,small,Wireless Earbuds,EAR-M1,40,7,25,93.48,3.74,4.0,4.3,0,43.9,0,0,new,3,750,6,5.06,1,1,4.2,3.78,Yes,80.34,36.55,1200,13.33,1360,96.6
S00530,small,Desktop Computer,PC-M2,77,29,14,96.61,2.3,3.96,3.3,0,34.6,1,0,new,0,24,5,6.22,2,2,3.74,3.63,Yes,87.39,16.0,45000,5.44,47450,78.2
S00191,small,Gaming Console,CON-M2,22,10,11,84.17,9.4,5.59,4.5,0,46.9,0,0,new,0,215,7,8.45,1,1,2.66,2.43,No,65.95,40.07,52000,8.75,56550,94.0
S00451,small,Power Bank,PWR-M4,59,12,15,96.89,3.25,1.36,2.0,0,41.9,1,0,new,0,189,3,5.11,0,0,,,No,,,4800,-4.79,4570,56.1
S00436,small,Wireless Earbuds,EAR-M3,23,6,4,97.22,0.26,2.2,4.7,0,32.1,0,0,new,3,120,21,5.69,1,1,3.93,3.84,Yes,74.55,29.55,5500,-1.27,5430,61.2
S00513,small,Wireless Earbuds,EAR-M3,36,12,13,94.45,4.91,5.4,2.6,0,19.4,0,0,new,12,199,9,6.66,2,2,3.57,3.53,No,62.48,28.76,5500,-0.91,5450,64.2
S00057,small,Desktop Computer,PC-M5,52,25,13,83.4,6.97,9.94,6.3,0,67.5,1,0,used,0,102,5,5.76,3,3,2.77,2.73,No,50.37,53.44,160000,-39.38,97000,1.4
S00264,medium,Desktop Computer,PC-M5,1677,234,10,97.41,1.43,2.4,1.4,0,34.3,1,0,new,3,100,24,2.05,13,5,4.57,4.49,Yes,91.19,9.35,160000,2.69,164300,79.7
S00061,small,Gaming Console,CON-M2,212,44,18,96.82,2.95,2.68,1.7,1,41.6,1,1,new,12,231,10,3.29,11,8,4.8,4.14,Yes,90.43,28.94,52000,-10.1,46750,32.0
S00025,small,Digital Camera,CAM-M1,402,43,28,99.76,0.53,1.5,1.8,0,29.7,1,0,new,6,101,1,0.93,62,16,4.71,4.53,Yes,100,24.7,35000,-1.43,34500,67.7
S00016,small,Gaming Console,CON-M5,174,64,17,98.14,2.08,2.58,1.6,1,42.3,0,0,new,12,50,22,2.72,6,5,4.09,3.97,Yes,87.22,27.24,95000,-6.84,88500,44.0
S00023,small,Power Bank,PWR-M5,91,39,4,95.57,3.86,4.81,3.2,0,27.4,0,0,new,6,120,4,7.29,3,3,3.75,3.57,Yes,79.34,18.41,8500,-5.65,8020,45.5
S00108,small,Smartwatch,WCH-M4,116,21,11,98.31,0.46,2.7,0.9,0,34.4,0,0,new,6,42,11,7.01,5,3,4.75,4.29,Yes,88.79,32.02,22000,3.86,22850,70.5
S00099,medium,Digital Camera,CAM-M5,845,105,56,96.75,1.95,2.4,1.8,0,46.5,0,0,new,12,178,54,4.28,12,3,4.35,4.03,Yes,83.35,6.5,180000,-1.75,176850,70.5
S00540,small,Desktop Computer,PC-M3,129,28,7,99.61,0.1,0.48,1.2,0,29.1,1,0,new,3,39,17,2.8,6,3,5,4.87,Yes,93.87,1.53,65000,-6.54,60750,41.7
S00336,medium,Digital Camera,CAM-M2,1172,433,32,94.15,3.71,5.1,3.8,2,17.5,1,0,new,12,151,25,4.93,35,35,3.94,4.08,Yes,44.74,45.06,55000,2.91,56600,78.9
S00078,small,Desktop Computer,PC-M4,61,21,19,93.81,7.47,8.19,3.2,2,55.6,0,0,new,0,124,9,7.01,1,1,3.28,3.0,No,69.71,41.99,95000,19.05,113100,100.0
S00126,small,Mobile Phone,MOB-M2,57,15,13,97.5,1.65,3.22,4.8,0,39.5,1,0,new,12,119,8,6.13,3,2,4.02,3.9,Yes,67.77,40.65,22000,-8.18,20200,43.6
S00108,small,Mobile Phone,MOB-M5,116,21,11,98.31,0.46,2.7,0.9,0,34.4,0,0,new,12,142,9,5.31,8,3,4.67,4.69,Yes,86.45,4.24,140000,7.61,150650,94.8
S00161,small,Gaming Console,CON-M3,80,25,6,95.75,6.26,4.62,5.9,0,37.4,0,0,refurbished,12,140,4,6.61,6,6,3.9,3.56,Yes,65.59,33.94,62000,10.56,68550,98.0
S00368,small,Laptop,LAP-M3,114,20,47,98.72,1.19,2.73,1.4,0,33.1,0,0,new,6,472,8,5.99,6,3,4.04,3.7,Yes,81.31,24.18,80000,-12.69,69850,31.0
S00382,medium,Bluetooth Speaker,SPK-M3,1331,268,45,97.49,1.32,1.76,2.5,1,60.4,1,0,new,3,1350,10,4.3,21,12,4.86,5,Yes,97.89,44.53,7000,9.29,7650,94.4
S00355,small,Wireless Earbuds,EAR-M3,83,61,5,79.59,12.15,15.65,4.3,1,66.7,0,0,new,0,150,10,12.36,8,8,2.21,1.83,No,40.51,81.51,5500,-5.64,5190,40.3
S00423,small,Mobile Phone,MOB-M1,72,55,5,84.32,12.12,14.98,8.3,1,69.7,0,0,refurbished,3,150,4,11.4,0,0,,,No,,,12000,-39.17,7300,3.9
S00322,small,Power Bank,PWR-M3,54,23,12,95.07,2.93,2.85,3.0,0,41.0,1,0,new,12,112,6,5.22,2,2,4.13,4.08,Yes,73.39,52.19,3000,-7.67,2770,34.6
S00216,big,Smartwatch,WCH-M1,25438,8397,94,94.36,3.7,4.75,3.5,37,54.8,1,1,new,6,45,145,4.99,443,325,4.05,3.68,Yes,65.55,29.27,2000,-1.0,1980,62.5
S00346,small,Mobile Phone,MOB-M3,117,25,17,95.4,0.25,3.18,2.0,0,48.0,0,0,new,0,37,9,4.06,6,3,4.21,4.18,Yes,94.26,41.06,38000,0.92,38350,77.8
S00070,small,Wireless Earbuds,EAR-M2,36,13,10,94.58,4.32,4.41,5.0,0,45.5,1,0,new,12,148,5,4.9,1,1,4.5,4.35,Yes,76.91,26.2,2500,-25.2,1870,4.3
S00150,big,Gaming Console,CON-M1,16547,2862,75,98.1,1.2,1.87,1.4,11,32.1,1,0,new,3,28,86,2.92,220,98,4.29,4.22,Yes,95.41,12.66,38000,-1.05,37600,64.3
S00398,big,Smart TV,TV-M2,11064,3893,108,93.84,4.17,5.17,4.1,22,66.6,1,1,new,12,32,92,6.94,104,104,3.55,3.42,No,79.16,27.15,35000,12.71,39450,100.0
S00519,small,Desktop Computer,PC-M3,95,24,30,99.62,1.46,2.08,3.5,0,42.4,0,0,new,12,38,2,3.86,3,2,5,4.83,Yes,100,2.77,65000,0.85,65550,76.7
S00282,small,Wireless Earbuds,EAR-M1,58,13,3,97.96,1.15,2.57,1.4,0,41.9,0,0,new,0,90,3,4.97,2,2,4.6,4.52,Yes,91.33,16.13,1200,-1.67,1180,60.3
S00115,small,Digital Camera,CAM-M2,52,23,14,91.16,4.81,7.0,4.7,0,37.1,0,0,new,3,59,4,7.11,0,0,,,No,,,55000,4.82,57650,82.5
S00028,small,Bluetooth Speaker,SPK-M2,18,10,17,90.11,5.46,10.18,4.9,0,40.2,0,0,new,12,219,10,8.49,1,1,2.3,1.75,No,57.98,57.67,3500,-30.0,2450,6.9
S00507,small,Desktop Computer,PC-M3,311,28,8,98.49,0.42,2.25,2.0,0,57.9,1,0,new,0,240,4,3.36,12,2,4.94,5,Yes,93.69,10.31,65000,0.08,65050,70.0
S00542,small,Bluetooth Speaker,SPK-M4,287,72,22,95.67,4.16,4.15,3.0,0,25.8,0,0,new,6,68,4,5.49,4,2,3.86,3.89,Yes,96.67,17.79,14000,-18.93,11350,11.5
S00416,small,Wireless Earbuds,EAR-M2,131,40,43,100,1.53,2.05,1.5,0,25.0,1,0,new,0,216,6,3.7,12,9,4.11,4.15,Yes,86.04,26.66,2500,0.0,2500,76.1
S00077,medium,Digital Camera,CAM-M1,1056,191,33,94.62,3.03,3.81,2.9,1,41.3,1,0,new,12,522,54,3.42,46,12,4.05,3.91,Yes,89.05,31.31,35000,-10.0,31500,30.6
S00060,small,Power Bank,PWR-M1,171,66,18,90.15,8.4,8.61,6.1,1,69.2,1,0,new,12,38,6,7.33,9,9,3.38,3.24,No,73.7,27.05,1100,15.45,1270,100.0
S00279,small,Digital Camera,CAM-M5,88,45,4,87.4,9.38,12.65,10.2,0,45.6,1,0,new,6,120,15,8.3,14,14,2.63,2.59,No,69.54,65.92,180000,-32.61,121300,4.9
S00294,small,Gaming Console,CON-M1,244,59,12,98.16,0.61,1.73,0.8,0,27.1,0,0,new,12,77,5,2.48,18,7,4.87,4.83,Yes,91.01,3.71,38000,-11.32,33700,28.6
S00150,big,Bluetooth Speaker,SPK-M4,16547,2862,75,98.1,1.2,1.87,1.4,11,32.1,1,0,new,12,29,130,4.86,109,46,4.62,4.5,Yes,99.35,23.05,14000,6.07,14850,86.5
S00154,medium,Gaming Console,CON-M2,1213,219,74,95.07,2.93,3.81,2.0,4,43.8,1,0,new,3,469,22,4.19,79,38,4.54,4.56,Yes,79.64,20.15,52000,-16.63,43350,10.0
S00196,small,Smart TV,TV-M4,261,67,2,95.18,2.66,3.56,3.2,1,38.2,0,0,new,12,60,9,4.69,13,7,4.44,4.47,Yes,71.25,21.61,90000,-6.11,84500,51.0
S00412,big,Desktop Computer,PC-M5,22291,5838,77,97.25,1.78,2.4,1.4,15,30.0,1,0,refurbished,6,336,112,3.2,305,188,4.54,4.55,Yes,86.03,23.35,160000,11.53,178450,98.6
S00142,small,Mobile Phone,MOB-M1,30,4,14,94.3,4.11,3.27,2.2,0,44.2,0,0,refurbished,6,26,4,4.32,0,0,,,No,,,12000,-2.08,11750,60.8
S00228,big,Desktop Computer,PC-M4,15923,2418,65,97.98,1.25,2.01,2.0,14,53.5,1,1,new,3,161,201,0.97,289,97,4.39,4.21,Yes,100,31.11,95000,-5.05,90200,47.2
S00039,medium,Smartwatch,WCH-M2,1152,346,34,95.13,3.07,3.8,2.4,5,38.5,1,0,new,6,255,47,5.59,20,14,3.92,3.5,Yes,80.99,31.29,4500,-3.78,4330,66.7
S00122,big,Smart TV,TV-M2,8629,1777,66,95.64,2.74,3.64,3.8,12,38.2,1,0,new,0,1325,46,2.85,254,130,4.28,3.79,Yes,83.89,14.72,35000,-0.86,34700,68.5
S00215,small,Laptop,LAP-M3,65,32,14,86.0,9.54,11.69,4.3,0,55.0,1,0,new,12,18,3,12.05,1,1,2.91,2.5,No,65.26,73.18,80000,-16.06,67150,19.0
S00541,medium,Smartwatch,WCH-M4,2360,1111,47,92.09,5.24,6.5,6.5,4,50.8,0,0,used,6,430,44,10.47,52,52,3.43,3.35,No,77.98,50.0,22000,10.91,24400,90.9
S00363,big,Desktop Computer,PC-M2,11473,3227,34,98.05,1.24,1.88,1.6,3,40.7,1,0,new,12,148,50,2.24,188,123,4.4,4.65,Yes,80.2,26.62,45000,10.11,49550,90.9
S00516,small,Laptop,LAP-M3,378,161,8,92.35,5.43,7.12,6.9,2,61.3,1,0,new,0,240,10,9.79,15,15,3.23,2.86,No,79.02,34.84,80000,-1.31,78950,79.3
S00543,big,Smartwatch,WCH-M4,12131,2576,57,99.31,0.67,1.16,1.8,7,39.7,1,1,new,6,64,93,6.45,153,73,4.51,4.75,Yes,92.08,21.44,22000,1.82,22400,61.4
S00435,small,Desktop Computer,PC-M5,65,17,3,100,1.96,2.23,2.9,0,30.6,0,0,new,0,90,12,2.79,8,6,4.61,4.33,Yes,99.26,16.34,160000,0.12,160200,68.1
S00483,small,Desktop Computer,PC-M1,106,71,8,87.29,8.05,9.65,5.4,0,41.9,0,0,new,6,240,4,9.45,12,12,3.01,2.56,No,49.82,68.24,30000,-4.0,28800,48.4
S00471,small,Wireless Earbuds,EAR-M4,211,57,30,95.71,2.09,3.0,5.7,0,39.6,0,0,new,0,202,10,7.54,12,8,4.03,3.92,Yes,86.77,19.66,12000,-7.5,11100,44.2
S00054,small,Mobile Phone,MOB-M4,74,33,17,95.22,5.35,7.58,6.0,0,39.4,0,0,new,6,106,7,9.12,3,3,3.21,2.78,No,63.96,38.2,65000,8.77,70700,95.2
S00487,small,Mobile Phone,MOB-M5,75,20,2,98.74,1.96,1.1,4.2,0,27.9,0,0,new,12,60,2,5.66,2,1,4.09,4.16,Yes,96.94,18.24,140000,8.21,151500,96.6
S00114,small,Laptop,LAP-M2,99,28,15,96.32,0.81,3.44,2.1,0,48.2,0,0,new,12,159,4,5.84,5,4,4.95,4.81,Yes,100,19.53,55000,-10.27,49350,28.1
S00146,medium,Bluetooth Speaker,SPK-M1,817,198,35,97.8,1.17,2.17,4.6,1,42.2,1,0,refurbished,6,82,34,4.8,21,16,4.45,4.19,Yes,98.82,31.13,1500,-1.33,1480,63.6
S00090,medium,Smart TV,TV-M2,1191,278,46,98.34,0.92,1.73,3.0,1,56.2,1,1,new,3,1380,22,5.34,43,33,3.92,3.79,Yes,90.88,0,35000,-1.29,34550,66.7
S00531,medium,Digital Camera,CAM-M2,2453,341,29,98.57,1.31,2.11,2.0,1,25.8,0,0,new,3,870,11,5.92,55,25,4.18,3.96,Yes,73.6,4.17,55000,4.36,57400,80.7
S00133,small,Mobile Phone,MOB-M3,75,18,7,98.59,0.68,1.97,2.8,0,52.1,1,0,new,6,51,4,3.21,3,2,4.37,4.17,Yes,92.24,21.78,38000,12.5,42750,98.1
S00226,medium,Bluetooth Speaker,SPK-M1,1764,385,55,98.72,0.44,1.02,0.9,1,34.8,1,0,new,12,403,32,4.93,60,39,4.79,4.6,Yes,83.92,12.61,1500,4.67,1570,83.6
S00396,small,Smartwatch,WCH-M2,104,13,22,98.5,1.51,1.18,0.7,0,42.5,0,0,new,12,508,12,3.59,7,2,4.67,4.69,Yes,92.03,13.12,4500,-8.67,4110,55.0
S00243,small,Bluetooth Speaker,SPK-M3,21,15,16,79.72,14.68,16.07,14.8,0,62.8,0,0,new,0,168,4,11.64,1,1,1.53,1.29,No,40.25,61.31,7000,-48.57,3600,1.9
S00145,small,Desktop Computer,PC-M1,181,33,18,94.17,4.25,4.44,7.3,1,52.9,0,0,new,0,50,20,6.47,7,3,3.57,3.5,No,72.67,45.76,30000,12.0,33600,96.8
S00517,medium,Wireless Earbuds,EAR-M3,950,170,39,99.25,0.76,1.19,1.5,1,22.3,1,1,new,12,50,5,5.31,21,10,4.83,4.71,Yes,100,17.72,5500,4.36,5740,85.1
S00403,medium,Mobile Phone,MOB-M4,1752,382,31,96.66,2.37,3.16,1.7,1,41.5,1,0,used,12,47,21,6.55,56,26,4.38,4.14,Yes,88.69,21.5,65000,-5.15,61650,47.6
S00475,small,Wireless Earbuds,EAR-M3,143,34,14,100,0.1,0.62,1.1,0,54.1,1,0,refurbished,0,268,3,2.93,9,8,4.78,4.32,Yes,78.35,19.17,5500,-0.91,5450,64.2
S00234,medium,Bluetooth Speaker,SPK-M1,563,55,40,97.21,1.12,2.15,1.1,0,36.1,1,0,new,12,343,59,4.5,23,5,4.25,4.01,Yes,79.18,21.82,1500,10.0,1650,96.4
S00506,small,Smartwatch,WCH-M5,52,10,2,96.83,2.3,3.88,2.3,0,38.8,0,0,new,6,60,16,5.27,2,1,4.19,3.94,Yes,84.72,18.55,45000,5.33,47400,85.7
S00191,small,Smartwatch,WCH-M1,22,10,11,84.17,9.4,5.59,4.5,0,46.9,0,0,new,3,271,9,6.44,4,4,3.38,3.23,No,68.43,37.36,2000,-8.0,1840,25.0
S00151,medium,Smartwatch,WCH-M3,2106,679,25,97.27,1.46,2.47,2.2,1,48.6,1,0,new,3,85,14,6.2,61,45,4.21,4.05,Yes,82.98,34.2,9000,-3.67,8670,61.3
S00398,big,Power Bank,PWR-M4,11064,3893,108,93.84,4.17,5.17,4.1,22,66.6,1,1,new,6,123,136,4.64,87,87,4.18,4.18,Yes,96.92,43.15,4800,0.63,4830,75.4
S00090,medium,Bluetooth Speaker,SPK-M5,1191,278,46,98.34,0.92,1.73,3.0,1,56.2,1,1,new,3,436,65,3.85,58,35,4.98,4.6,Yes,100,6.94,30000,-8.5,27450,34.3
S00340,small,Wi-Fi Router,RTR-M3,603,43,5,97.7,1.63,2.33,3.3,0,35.9,1,0,new,12,77,5,4.78,21,2,4.28,3.98,Yes,100,12.86,5500,-1.27,5430,76.1
S00116,big,Bluetooth Speaker,SPK-M2,50189,14179,123,96.13,2.57,3.34,1.3,47,34.4,1,1,new,12,20,55,4.36,576,305,4.02,3.97,Yes,80.83,37.92,3500,-8.0,3220,27.6
S00215,small,Wireless Earbuds,EAR-M4,65,32,14,86.0,9.54,11.69,4.3,0,55.0,1,0,new,12,236,21,11.82,3,3,2.47,2.28,No,59.39,39.13,12000,-43.33,6800,2.3
S00126,small,Smart TV,TV-M5,57,15,13,97.5,1.65,3.22,4.8,0,39.5,1,0,refurbished,12,102,9,6.08,2,2,3.88,3.89,Yes,71.83,13.32,180000,-24.92,135150,7.1
S00367,medium,Gaming Console,CON-M5,1298,195,10,98.21,1.52,1.83,2.6,1,47.4,1,0,new,12,32,29,4.07,28,15,4.35,4.4,Yes,62.04,21.1,95000,2.21,97100,78.0
S00387,big,Desktop Computer,PC-M3,21188,2382,60,99.12,0.69,1.3,0.8,9,32.2,1,1,new,12,47,137,2.46,518,148,5,5,Yes,94.95,22.49,65000,12.69,73250,100.0
S00047,small,Wi-Fi Router,RTR-M4,59,30,9,87.35,9.82,11.03,4.9,1,43.5,1,0,new,12,270,13,9.79,2,2,2.75,2.48,No,41.06,42.0,9500,-4.84,9040,61.3
S00167,small,Wi-Fi Router,RTR-M1,116,25,24,98.33,0.95,1.61,4.9,0,40.5,1,0,new,6,132,4,1.98,5,3,4.56,4.67,Yes,89.66,11.29,1800,6.67,1920,93.8
S00295,small,Smart TV,TV-M4,272,19,36,97.48,1.33,2.24,2.0,0,27.5,1,0,used,3,932,16,1.35,47,9,4.61,4.13,Yes,83.63,0,90000,-18.44,73400,15.7
S00518,big,Digital Camera,CAM-M5,8523,2007,89,98.21,1.38,1.87,1.2,2,44.8,1,1,new,0,490,77,4.49,120,69,4.24,3.99,Yes,100,12.0,180000,-8.67,164400,36.1
S00353,small,Mobile Phone,MOB-M1,93,21,10,97.54,1.57,3.44,2.3,0,43.4,0,0,refurbished,3,157,5,4.36,6,4,4.24,4.17,Yes,91.71,31.38,12000,3.33,12400,78.4
S00437,small,Smartwatch,WCH-M3,163,76,19,91.94,6.3,6.8,7.0,1,41.7,1,0,new,12,29,6,9.44,9,9,3.32,3.43,No,82.77,54.32,9000,-26.33,6630,4.8
S00197,small,Power Bank,PWR-M5,41,8,22,94.25,3.24,5.87,3.4,0,21.9,1,0,new,3,129,3,3.21,4,3,4.47,4.53,Yes,77.58,21.42,8500,7.76,9160,92.7
S00377,small,Power Bank,PWR-M1,103,81,13,78.27,13.1,16.08,9.7,1,61.0,0,0,refurbished,0,390,7,11.93,3,3,1.51,1,No,47.83,63.33,1100,-40.91,650,1.8
S00150,big,Gaming Console,CON-M3,16547,2862,75,98.1,1.2,1.87,1.4,11,32.1,1,0,new,6,295,85,1.03,161,73,4.77,4.61,Yes,95.05,21.31,62000,-10.97,55200,26.0
S00537,medium,Smartwatch,WCH-M1,1371,94,38,97.38,1.58,2.27,2.5,0,53.6,1,0,new,6,887,27,5.63,50,9,4.66,4.26,Yes,93.42,25.62,2000,-2.0,1960,55.0
S00275,medium,Wireless Earbuds,EAR-M1,1828,658,74,94.04,4.01,4.82,4.9,3,34.7,0,0,new,6,87,35,8.59,89,82,4.09,4.02,Yes,76.81,32.05,1200,2.5,1230,81.0
S00497,small,Wireless Earbuds,EAR-M2,15,6,44,91.42,3.24,7.65,8.3,0,39.4,0,0,new,12,111,3,6.17,2,2,3.69,3.64,Yes,64.01,15.19,2500,6.8,2670,84.8
S00006,medium,Mobile Phone,MOB-M3,2030,218,36,99.01,0.62,1.13,0.7,1,51.2,1,0,new,12,75,63,2.0,95,24,4.94,4.5,Yes,100,24.78,38000,0.79,38300,75.9
S00503,small,Mobile Phone,MOB-M4,221,88,6,91.27,4.9,6.2,3.4,0,63.9,1,0,refurbished,6,87,5,6.88,7,7,3.07,2.74,No,85.71,32.49,65000,-9.62,58750,23.8
S00073,small,Gaming Console,CON-M2,82,45,22,88.01,8.49,10.67,8.7,0,47.0,1,0,used,6,199,5,8.41,8,8,2.72,2.65,No,55.92,48.83,52000,-11.73,45900,22.0
S00514,small,Laptop,LAP-M3,58,8,9,97.22,1.84,1.32,2.9,0,27.4,0,0,new,0,270,4,6.07,0,0,,,No,,,80000,9.56,87650,96.6
S00325,small,Desktop Computer,PC-M4,80,7,10,98.45,1.57,1.45,1.4,0,24.6,0,1,new,0,68,14,3.41,6,1,4.97,4.71,Yes,98.37,18.89,95000,1.84,96750,73.6
S00325,small,Wireless Earbuds,EAR-M5,80,7,10,98.45,1.57,1.45,1.4,0,24.6,0,1,new,0,19,14,4.75,5,1,4.62,4.22,Yes,85.0,0,28000,-9.64,25300,34.0
S00403,medium,Smart TV,TV-M5,1752,382,31,96.66,2.37,3.16,1.7,1,41.5,1,0,refurbished,12,199,36,4.93,17,13,4.46,4.29,Yes,85.45,19.33,180000,7.72,193900,96.4
S00359,small,Bluetooth Speaker,SPK-M5,62,5,17,100,0.89,1.13,1.2,0,18.2,0,0,new,0,166,7,3.61,8,2,4.96,5,Yes,82.99,25.32,30000,-11.83,26450,22.4
S00524,small,Bluetooth Speaker,SPK-M3,47,11,22,93.31,3.0,3.4,4.1,0,22.8,1,0,refurbished,3,467,5,7.1,5,4,4.11,3.92,Yes,75.79,20.19,7000,-5.14,6640,46.3
S00246,medium,Gaming Console,CON-M5,1860,559,29,95.99,2.58,2.99,2.6,2,45.8,1,0,new,12,27,29,5.16,48,27,4.21,3.81,Yes,75.88,28.06,95000,-9.11,86350,34.0
S00218,small,Smart TV,TV-M4,14,3,34,100,0.1,3.03,0.8,0,34.5,0,0,new,12,152,13,2.07,0,0,,,No,,,90000,5.5,94950,96.1
S00484,small,Power Bank,PWR-M4,61,23,11,92.0,6.31,6.39,11.0,0,29.6,0,0,new,12,42,4,6.71,3,3,3.45,3.76,No,76.68,30.88,4800,-25.83,3560,10.5
S00342,medium,Desktop Computer,PC-M3,1844,718,27,97.94,1.49,2.51,2.4,2,39.2,1,1,new,12,276,9,3.75,54,53,3.77,3.69,Yes,78.98,32.33,65000,3.62,67350,86.7
S00276,small,Wireless Earbuds,EAR-M4,58,4,5,97.59,0.1,1.19,1.0,0,22.1,1,0,new,12,150,5,6.13,10,2,5,4.96,Yes,77.44,15.81,12000,-5.83,11300,58.1
S00272,small,Digital Camera,CAM-M2,257,37,15,97.53,2.97,2.36,3.4,0,64.2,0,0,new,3,109,8,3.12,4,1,4.73,4.53,Yes,100,17.66,55000,-6.64,51350,35.1
S00167,small,Desktop Computer,PC-M3,116,25,24,98.33,0.95,1.61,4.9,0,40.5,1,0,new,6,163,1,3.09,2,1,4.63,4.56,Yes,90.69,13.11,65000,-26.77,47600,3.3
S00088,small,Desktop Computer,PC-M4,73,26,21,91.86,5.93,4.25,4.8,0,39.2,0,0,refurbished,0,42,5,6.3,6,6,3.24,3.03,No,54.26,34.04,95000,-5.37,89900,45.3
S00266,small,Smartwatch,WCH-M5,48,23,11,87.33,7.99,11.59,7.1,0,61.7,0,0,new,6,179,5,8.06,1,1,2.39,2.33,No,43.5,37.0,45000,2.44,46100,71.4
S00458,big,Mobile Phone,MOB-M5,19893,8155,45,94.84,3.46,4.36,1.3,24,32.2,1,0,new,0,555,139,5.91,279,279,3.8,3.4,Yes,83.28,33.99,140000,-11.61,123750,27.6
S00173,small,Power Bank,PWR-M2,20,16,9,80.38,13.11,13.98,4.3,0,64.8,0,0,new,0,259,14,13.53,1,1,2.22,1.59,No,48.71,71.54,1800,-13.89,1550,29.8
S00030,small,Wi-Fi Router,RTR-M4,169,30,12,95.6,2.01,3.07,2.9,0,25.1,1,0,new,6,89,10,2.55,22,7,4.33,4.15,Yes,97.93,23.9,9500,-20.42,7560,16.1
S00302,small,Desktop Computer,PC-M5,416,53,7,96.21,2.58,3.41,1.9,2,32.3,1,0,new,3,131,30,3.16,19,5,3.97,3.44,Yes,84.07,22.71,160000,-4.59,152650,52.2
S00201,small,Laptop,LAP-M5,265,146,28,91.26,5.56,6.2,6.3,0,57.2,0,0,new,0,364,7,5.65,11,11,3.2,2.97,No,81.81,63.81,190000,2.29,194350,74.2
S00177,medium,Smartwatch,WCH-M3,2784,918,85,92.94,4.26,5.47,6.0,4,48.3,0,0,new,6,18,66,6.92,84,71,3.7,3.65,Yes,65.46,40.0,9000,-6.67,8400,48.4
S00177,medium,Desktop Computer,PC-M5,2784,918,85,92.94,4.26,5.47,6.0,4,48.3,0,0,new,3,1282,12,4.4,86,86,3.74,3.45,Yes,74.04,35.03,160000,-25.5,119200,5.8
S00127,small,Power Bank,PWR-M5,58,12,30,100,0.49,2.03,1.4,0,48.5,0,0,new,12,364,4,4.68,4,2,4.64,4.43,Yes,95.29,15.44,8500,5.06,8930,81.8
S00451,small,Smart TV,TV-M1,59,12,15,96.89,3.25,1.36,2.0,0,41.9,1,0,new,6,15,7,4.86,4,2,4.09,3.69,Yes,77.08,37.81,22000,8.64,23900,94.8
S00033,small,Laptop,LAP-M5,54,34,4,84.52,12.55,11.12,6.6,0,51.7,0,0,new,0,120,5,10.77,2,2,2.45,2.05,No,54.08,68.01,190000,-17.16,157400,9.7
S00440,medium,Laptop,LAP-M1,2112,454,46,98.34,0.73,1.64,1.1,1,36.0,1,0,new,12,87,19,7.15,19,9,4.76,4.73,Yes,98.05,14.24,38000,0.0,38000,76.0
S00202,medium,Bluetooth Speaker,SPK-M3,1863,420,32,99.42,0.95,1.27,1.1,3,37.2,1,0,refurbished,3,32,14,6.49,21,17,4.79,4.6,Yes,100,31.68,7000,3.86,7270,77.8
S00411,small,Smart TV,TV-M4,39,4,14,99.51,0.86,4.13,1.9,0,49.3,1,0,new,12,420,8,3.6,1,0,4.74,,Yes,92.61,11.57,90000,-9.89,81100,37.3
S00116,big,Smartwatch,WCH-M1,50189,14179,123,96.13,2.57,3.34,1.3,47,34.4,1,1,new,6,16,31,6.07,704,346,3.93,3.61,Yes,57.19,12.6,2000,9.5,2190,97.5
S00345,medium,Gaming Console,CON-M2,1751,507,25,94.19,3.6,4.7,4.4,2,43.3,1,0,refurbished,12,750,32,3.44,40,23,3.84,3.71,Yes,75.01,60.62,52000,-5.67,49050,42.0
S00168,small,Mobile Phone,MOB-M3,236,114,24,91.97,6.59,8.15,4.4,2,48.9,1,0,new,12,247,13,7.75,6,6,3.18,3.09,No,72.32,54.18,38000,-7.63,35100,38.9
S00147,small,Desktop Computer,PC-M3,57,6,10,100,0.1,1.37,1.2,0,30.9,1,0,new,12,300,5,4.04,3,1,4.79,5,Yes,90.73,10.54,65000,-4.15,62300,51.7
S00119,small,Wireless Earbuds,EAR-M5,9,4,8,86.44,12.27,9.8,5.7,0,58.3,0,0,used,0,131,3,9.25,0,0,,,No,,,28000,-18.39,22850,13.2
S00176,medium,Power Bank,PWR-M5,1354,277,49,99.31,0.67,1.15,0.9,0,53.1,1,0,new,0,118,35,3.77,47,20,4.59,4.28,Yes,95.59,13.43,8500,-3.41,8210,50.9
S00177,medium,Bluetooth Speaker,SPK-M5,2784,918,85,92.94,4.26,5.47,6.0,4,48.3,0,0,new,12,141,26,8.83,104,94,3.27,3.34,No,86.49,36.34,30000,-7.67,27700,38.8
S00224,small,Desktop Computer,PC-M4,363,72,10,96.65,2.78,4.18,3.1,0,28.3,0,0,new,12,300,6,3.65,9,4,4.59,4.51,Yes,81.47,34.77,95000,11.74,106150,90.6
S00186,small,Gaming Console,CON-M2,27,13,5,88.78,6.08,8.03,4.5,0,60.0,0,0,new,12,33,8,5.59,0,0,,,No,,,52000,3.94,54050,84.0
S00122,big,Smartwatch,WCH-M3,8629,1777,66,95.64,2.74,3.64,3.8,12,38.2,1,0,new,6,178,175,6.6,156,81,4.05,3.95,Yes,82.15,40.91,9000,-17.22,7450,21.0
S00398,big,Mobile Phone,MOB-M5,11064,3893,108,93.84,4.17,5.17,4.1,22,66.6,1,1,new,12,34,63,6.63,105,105,4.04,3.75,Yes,74.41,27.77,140000,-4.86,133200,56.9
S00048,small,Gaming Console,CON-M4,24,6,24,94.78,7.5,2.58,1.7,0,24.9,0,0,new,0,106,10,4.33,0,0,,,No,,,78000,-5.51,73700,60.4
S00412,big,Mobile Phone,MOB-M4,22291,5838,77,97.25,1.78,2.4,1.4,15,30.0,1,0,new,12,643,167,5.3,173,119,4.49,4.36,Yes,89.83,12.86,65000,-6.46,60800,35.7
S00503,small,Smart TV,TV-M1,221,88,6,91.27,4.9,6.2,3.4,0,63.9,1,0,new,6,150,3,7.05,4,3,3.4,3.25,No,77.69,34.19,22000,-22.73,17000,10.3
S00376,small,Bluetooth Speaker,SPK-M2,138,72,9,90.5,5.09,7.43,7.8,0,53.8,1,0,new,12,11,2,3.31,21,21,3.66,3.21,Yes,71.07,34.03,3500,-6.57,3270,32.8
S00013,big,Gaming Console,CON-M5,15432,3591,35,95.68,2.86,3.7,2.5,27,30.3,1,1,new,12,696,27,2.83,288,150,4.13,4.04,Yes,89.55,24.15,95000,-19.84,76150,10.0
S00193,small,Power Bank,PWR-M2,576,93,11,98.61,0.96,1.72,1.5,1,30.0,1,0,new,0,51,15,7.01,26,12,4.79,4.74,Yes,86.23,34.88,1800,1.11,1820,84.2
S00032,small,Bluetooth Speaker,SPK-M5,45,12,34,98.76,1.33,4.02,1.6,0,62.9,0,0,new,12,160,5,3.01,1,1,4.67,4.64,Yes,76.68,18.11,30000,0.33,30100,67.2
S00280,small,Gaming Console,CON-M5,46,10,4,96.6,0.65,1.97,0.8,0,49.9,0,0,new,12,120,4,1.82,8,3,4.57,4.51,Yes,95.76,25.18,95000,-12.63,83000,24.0
S00344,small,Smart TV,TV-M1,45,15,7,94.79,1.98,3.53,2.0,0,46.7,0,0,new,3,61,14,4.1,1,1,4.95,4.37,Yes,75.96,17.76,22000,-5.45,20800,51.7
S00383,small,Power Bank,PWR-M4,87,48,14,86.94,8.66,9.2,9.7,0,36.0,1,0,new,6,159,10,8.23,1,1,2.73,2.32,No,48.62,50.27,4800,-29.79,3370,7.0
S00145,small,Digital Camera,CAM-M1,181,33,18,94.17,4.25,4.44,7.3,1,52.9,0,0,new,12,77,7,5.29,5,3,3.92,3.15,Yes,73.82,19.62,35000,4.43,36550,90.3
S00460,small,Bluetooth Speaker,SPK-M4,38,4,24,99.69,0.1,2.12,2.0,0,24.0,0,0,new,3,43,14,4.32,0,0,,,No,,,14000,-3.93,13450,46.2
S00094,small,Digital Camera,CAM-M4,41,5,6,94.69,1.55,1.33,1.9,0,18.9,1,0,new,12,164,5,2.63,3,1,4.48,4.28,Yes,79.88,28.44,100000,5.4,105400,93.1
S00117,small,Power Bank,PWR-M5,224,49,6,94.61,4.01,3.93,4.0,0,22.1,1,0,new,12,180,7,7.97,5,3,3.63,3.26,Yes,86.69,41.46,8500,-21.76,6650,10.9
S00317,small,Laptop,LAP-M1,253,35,8,95.14,1.57,2.56,2.4,1,42.1,1,0,new,12,200,10,5.65,13,4,4.5,4.55,Yes,100,5.68,38000,-5.66,35850,50.0
S00063,medium,Wireless Earbuds,EAR-M2,4811,1185,24,96.22,2.64,3.43,3.5,4,47.6,0,1,new,6,134,29,5.84,174,97,4.42,4.09,Yes,69.62,23.23,2500,-11.2,2220,32.6
S00010,small,Digital Camera,CAM-M4,40,7,25,93.48,3.74,4.0,4.3,0,43.9,0,0,new,12,201,11,2.0,2,1,4.1,3.96,Yes,100,2.06,100000,-13.35,86650,36.2
S00066,medium,Mobile Phone,MOB-M3,1645,284,63,97.06,1.08,1.7,2.4,0,55.1,1,1,new,3,52,31,2.58,42,17,4.77,4.44,Yes,92.44,3.62,38000,-12.37,33300,27.8
S00346,small,Laptop,LAP-M3,117,25,17,95.4,0.25,3.18,2.0,0,48.0,0,0,new,12,510,11,4.91,1,1,3.91,3.48,Yes,92.6,24.26,80000,6.37,85100,91.4
S00364,small,Smartwatch,WCH-M3,25,3,4,96.83,3.2,3.33,3.9,0,38.5,0,0,new,12,68,5,6.61,1,0,4.32,,Yes,77.4,28.46,9000,-16.11,7550,22.6
S00226,medium,Mobile Phone,MOB-M5,1764,385,55,98.72,0.44,1.02,0.9,1,34.8,1,0,new,6,106,21,4.1,25,13,4.75,4.88,Yes,74.86,4.09,140000,-1.82,137450,69.0
S00171,small,Wi-Fi Router,RTR-M5,93,62,6,82.78,12.82,14.77,8.2,2,61.0,0,0,new,0,156,9,12.21,2,2,2.03,1.79,No,48.01,88.14,16000,-16.25,13400,12.8
S00336,medium,Bluetooth Speaker,SPK-M1,1172,433,32,94.15,3.71,5.1,3.8,2,17.5,1,0,new,12,225,23,5.07,20,20,3.46,3.47,No,71.6,45.49,1500,-12.67,1310,29.1
S00256,small,Bluetooth Speaker,SPK-M1,188,28,12,98.85,1.17,1.84,1.7,0,15.7,1,0,new,12,85,4,5.47,9,4,4.6,4.36,Yes,97.8,12.99,1500,-8.67,1370,41.8
S00170,medium,Power Bank,PWR-M1,2546,222,25,98.82,0.39,1.17,0.7,2,27.9,1,0,new,6,82,52,2.62,153,44,4.73,4.18,Yes,100,0,1100,5.45,1160,83.9
S00466,small,Wi-Fi Router,RTR-M4,55,15,34,96.43,3.56,3.76,2.7,0,65.9,1,0,new,6,47,6,3.25,2,2,4.35,4.2,Yes,89.53,18.97,9500,-6.84,8850,50.0
S00469,big,Bluetooth Speaker,SPK-M4,11377,1954,82,97.08,2.01,2.85,1.5,5,43.1,1,0,new,3,296,244,2.89,221,124,4.51,4.26,Yes,92.11,9.56,14000,-21.07,11050,5.8
S00386,small,Laptop,LAP-M3,45,6,11,92.33,2.32,4.38,3.5,0,51.3,1,0,refurbished,0,330,4,6.67,3,1,4.09,4.35,Yes,85.3,18.72,80000,-9.88,72100,46.6
S00428,small,Smart TV,TV-M3,19,7,25,83.11,7.03,12.11,10.3,0,69.7,0,0,new,12,750,14,9.92,1,1,2.14,1.75,No,75.08,38.8,55000,-12.09,48350,28.0
S00035,medium,Smartwatch,WCH-M3,6000,1256,32,94.18,3.55,4.6,4.7,8,58.1,1,0,new,12,39,133,8.99,148,50,3.43,3.04,No,94.27,22.97,9000,-20.0,7200,11.3
S00241,small,Gaming Console,CON-M2,92,56,23,87.06,9.52,11.91,9.6,0,55.4,0,0,new,3,145,5,8.52,4,4,2.31,1.82,No,55.14,55.55,52000,7.4,55850,90.0
S00531,medium,Mobile Phone,MOB-M5,2453,341,29,98.57,1.31,2.11,2.0,1,25.8,0,0,new,12,329,35,2.61,37,11,4.61,4.68,Yes,93.67,18.1,140000,4.43,146200,91.4
S00531,medium,Power Bank,PWR-M1,2453,341,29,98.57,1.31,2.11,2.0,1,25.8,0,0,refurbished,12,38,40,3.62,44,20,4.8,4.74,Yes,95.02,14.86,1100,-10.0,990,33.9
S00417,medium,Smart TV,TV-M5,1133,275,28,97.76,1.75,2.52,1.2,0,43.7,1,0,used,12,187,22,5.55,37,19,4.4,4.28,Yes,82.84,29.63,180000,-2.42,175650,58.9
S00161,small,Gaming Console,CON-M2,80,25,6,95.75,6.26,4.62,5.9,0,37.4,0,0,new,6,180,4,3.56,3,3,3.75,3.39,Yes,80.59,21.96,52000,-14.13,44650,18.0
S00518,big,Digital Camera,CAM-M1,8523,2007,89,98.21,1.38,1.87,1.2,2,44.8,1,1,new,6,98,127,1.84,62,27,4.39,4.42,Yes,81.34,21.24,35000,-14.86,29800,21.0
S00371,medium,Digital Camera,CAM-M5,723,70,66,99.34,0.88,0.99,1.0,0,19.2,1,1,new,12,173,16,3.66,17,3,4.28,4.11,Yes,99.25,24.86,180000,-3.25,174150,62.3
S00061,small,Smart TV,TV-M1,212,44,18,96.82,2.95,2.68,1.7,1,41.6,1,1,new,12,93,11,5.16,8,5,4.45,4.34,Yes,76.46,0,22000,-9.77,19850,34.5
S00026,small,Digital Camera,CAM-M4,64,15,4,97.85,0.1,0.61,2.7,0,50.4,1,0,refurbished,0,120,11,1.3,4,2,4.71,4.55,Yes,80.63,17.06,100000,1.25,101250,81.0
S00414,small,Laptop,LAP-M1,257,22,6,100,0.5,1.23,1.1,0,25.7,1,0,refurbished,6,180,3,5.39,11,2,4.62,4.44,Yes,94.54,7.02,38000,5.26,40000,86.0
S00102,small,Power Bank,PWR-M4,12,5,15,94.89,6.81,4.67,2.7,0,43.0,0,0,used,6,22,14,6.35,0,0,,,No,,,4800,-2.5,4680,66.7
S00226,medium,Mobile Phone,MOB-M1,1764,385,55,98.72,0.44,1.02,0.9,1,34.8,1,0,new,12,118,136,2.9,21,12,4.78,4.59,Yes,87.87,29.53,12000,-5.0,11400,43.1
S00030,small,Wi-Fi Router,RTR-M3,169,30,12,95.6,2.01,3.07,2.9,0,25.1,1,0,new,12,145,6,4.77,29,10,4.31,4.21,Yes,66.02,33.2,5500,-15.09,4670,13.0
S00197,small,Power Bank,PWR-M4,41,8,22,94.25,3.24,5.87,3.4,0,21.9,1,0,new,0,141,7,6.55,3,1,4.1,3.93,Yes,82.66,13.63,4800,0.63,4830,75.4
S00138,small,Wireless Earbuds,EAR-M1,238,50,15,94.24,3.4,4.92,6.6,1,41.5,0,0,new,6,112,6,7.56,6,4,3.69,3.56,Yes,81.44,42.79,1200,2.5,1230,81.0
S00188,small,Wireless Earbuds,EAR-M4,123,73,16,86.44,10.55,11.07,6.7,0,52.0,0,0,new,0,118,7,9.97,15,15,2.44,2.21,No,55.62,43.27,12000,5.0,12600,95.3
S00317,small,Smartwatch,WCH-M2,253,35,8,95.14,1.57,2.56,2.4,1,42.1,1,0,new,6,163,4,6.65,7,2,4.38,4.57,Yes,96.45,22.2,4500,-12.22,3950,31.7
S00540,small,Gaming Console,CON-M2,129,28,7,99.61,0.1,0.48,1.2,0,29.1,1,0,new,12,138,1,0.23,8,4,4.68,4.37,Yes,83.42,6.3,52000,-4.42,49700,52.0
S00343,small,Bluetooth Speaker,SPK-M1,91,33,9,94.68,2.46,3.4,4.7,0,39.8,1,0,new,12,233,15,5.4,15,11,4.32,4.52,Yes,73.68,6.3,1500,11.33,1670,100.0
S00086,medium,Mobile Phone,MOB-M3,3263,961,25,97.61,1.74,2.35,1.1,1,51.9,1,0,refurbished,12,19,28,4.76,51,37,4.59,4.46,Yes,92.4,3.67,38000,-6.71,35450,46.3
S00296,small,Smartwatch,WCH-M4,29,11,12,94.47,3.24,3.07,2.9,0,33.8,1,0,new,12,117,5,7.42,0,0,,,No,,,22000,-11.59,19450,18.2
S00139,medium,Bluetooth Speaker,SPK-M4,4909,1074,62,96.33,2.46,3.13,3.4,5,35.7,1,0,new,12,153,15,5.04,258,109,4.42,4.54,Yes,78.61,9.77,14000,-12.86,12200,17.3
S00139,medium,Mobile Phone,MOB-M4,4909,1074,62,96.33,2.46,3.13,3.4,5,35.7,1,0,refurbished,12,235,36,5.67,93,43,3.82,3.52,Yes,74.74,11.71,65000,-13.0,56550,14.3
S00163,small,Desktop Computer,PC-M3,128,50,12,91.22,5.27,7.15,11.3,0,27.3,1,0,new,3,33,3,7.3,20,18,2.93,3.0,No,79.45,53.59,65000,0.54,65350,71.7
S00363,big,Smartwatch,WCH-M3,11473,3227,34,98.05,1.24,1.88,1.6,3,40.7,1,0,new,12,402,278,4.66,97,80,4.44,4.35,Yes,100,17.77,9000,-1.89,8830,66.1
S00109,small,Digital Camera,CAM-M5,251,46,29,95.52,3.19,2.53,1.8,0,39.7,1,0,new,12,102,18,3.79,11,5,3.88,3.7,Yes,84.59,29.96,180000,-7.36,166750,44.3
S00306,small,Smart TV,TV-M3,84,36,8,84.94,6.39,7.97,2.0,0,27.1,0,0,new,12,22,3,4.58,3,3,3.42,2.81,No,70.62,55.37,55000,-21.91,42950,6.0
S00458,big,Smart TV,TV-M2,19893,8155,45,94.84,3.46,4.36,1.3,24,32.2,1,0,used,12,53,94,4.6,226,167,4.15,4.08,Yes,84.71,34.07,35000,-2.14,34250,64.8
S00216,big,Laptop,LAP-M5,25438,8397,94,94.36,3.7,4.75,3.5,37,54.8,1,1,new,0,1090,167,5.94,378,284,3.42,3.31,No,75.85,34.01,190000,13.26,215200,98.4
S00062,medium,Smart TV,TV-M2,2241,619,33,98.4,1.06,1.41,1.4,1,49.6,1,0,new,6,104,23,2.48,62,44,4.3,4.06,Yes,85.21,26.03,35000,-2.71,34050,57.4
S00151,medium,Wireless Earbuds,EAR-M3,2106,679,25,97.27,1.46,2.47,2.2,1,48.6,1,0,new,6,209,8,6.87,89,57,4.33,4.43,Yes,81.43,27.19,5500,1.64,5590,71.6
S00176,medium,Wireless Earbuds,EAR-M5,1354,277,49,99.31,0.67,1.15,0.9,0,53.1,1,0,used,3,148,50,4.29,32,15,4.68,4.25,Yes,83.0,26.27,28000,1.79,28500,79.2
S00391,small,Wireless Earbuds,EAR-M3,107,21,13,100,0.17,1.38,2.9,0,38.1,1,0,new,6,390,5,5.08,3,2,4.3,4.49,Yes,86.18,20.77,5500,-4.18,5270,41.8
S00425,small,Gaming Console,CON-M3,127,26,2,94.94,1.96,4.72,4.8,0,41.0,0,0,refurbished,3,19,11,5.25,7,5,3.94,3.84,Yes,86.58,17.26,62000,-7.9,57100,38.0
S00345,medium,Smart TV,TV-M3,1751,507,25,94.19,3.6,4.7,4.4,2,43.3,1,0,new,6,55,15,4.63,20,15,4.0,3.6,Yes,54.9,42.12,55000,-2.0,53900,58.0
S00533,small,Laptop,LAP-M1,30,20,5,89.14,7.81,10.82,10.5,0,54.5,1,1,new,6,150,6,11.6,2,2,2.32,2.1,No,54.87,48.16,38000,-23.55,29050,10.0
S00399,small,Wireless Earbuds,EAR-M1,113,85,12,85.18,10.92,12.34,5.3,1,36.3,0,0,new,3,152,5,9.61,12,12,2.39,2.11,No,62.76,70.29,1200,-31.67,820,3.4
S00293,medium,Smart TV,TV-M3,862,53,56,98.33,1.07,1.27,1.9,0,20.7,1,0,refurbished,3,383,39,1.31,26,4,4.99,4.61,Yes,86.48,0,55000,-5.27,52100,40.0
S00067,medium,Wi-Fi Router,RTR-M1,1436,281,49,99.93,0.65,0.92,0.8,1,21.1,1,0,new,0,334,22,1.06,30,15,5,4.88,Yes,77.71,0,1800,0.56,1810,75.0
S00131,medium,Bluetooth Speaker,SPK-M3,2677,846,22,96.4,2.75,3.53,2.4,2,61.3,0,1,new,12,52,15,5.46,97,85,3.93,4.06,Yes,82.06,29.74,7000,-9.14,6360,33.3
S00115,small,Gaming Console,CON-M3,52,23,14,91.16,4.81,7.0,4.7,0,37.1,0,0,new,0,375,4,5.4,2,2,3.88,3.82,Yes,75.13,47.5,62000,-18.23,50700,4.0
S00063,medium,Bluetooth Speaker,SPK-M4,4811,1185,24,96.22,2.64,3.43,3.5,4,47.6,0,1,new,0,71,31,5.17,78,54,3.96,3.87,Yes,74.88,34.27,14000,-20.0,11200,9.6
S00233,small,Wi-Fi Router,RTR-M2,272,53,4,98.04,0.36,2.07,2.9,0,40.3,1,0,new,3,96,2,5.12,43,32,4.18,3.88,Yes,84.72,23.24,3200,-1.88,3140,62.2
S00041,medium,Laptop,LAP-M1,2253,675,30,94.38,3.76,4.41,4.1,2,49.4,1,0,new,6,93,29,7.48,54,30,3.93,3.78,Yes,67.34,18.09,38000,6.05,40300,92.0
S00086,medium,Digital Camera,CAM-M2,3263,961,25,97.61,1.74,2.35,1.1,1,51.9,1,0,new,0,53,29,4.06,48,30,4.44,4.44,Yes,100,32.51,55000,-0.36,54800,66.7
S00183,small,Wireless Earbuds,EAR-M5,172,9,10,100,1.53,1.38,2.1,0,27.8,0,0,refurbished,12,300,3,7.3,15,2,4.73,4.34,Yes,100,11.17,28000,1.96,28550,81.1
S00474,small,Wi-Fi Router,RTR-M4,327,143,12,89.4,7.41,8.71,5.0,3,45.0,1,0,new,6,270,2,6.21,22,21,2.79,2.49,No,82.3,39.14,9500,-6.95,8840,48.4
S00345,medium,Digital Camera,CAM-M5,1751,507,25,94.19,3.6,4.7,4.4,2,43.3,1,0,new,6,161,46,3.42,19,13,4.2,4.01,Yes,74.44,36.42,180000,-3.33,174000,60.7
S00266,small,Power Bank,PWR-M4,48,23,11,87.33,7.99,11.59,7.1,0,61.7,0,0,new,6,330,3,9.41,0,0,,,No,,,4800,-27.29,3490,8.8
S00481,small,Wireless Earbuds,EAR-M2,516,114,52,98.4,1.06,2.32,1.1,1,46.4,1,0,refurbished,6,425,1,4.76,32,24,4.45,4.17,Yes,90.01,12.09,2500,-7.2,2320,47.8
S00464,small,Power Bank,PWR-M5,32,8,16,94.78,2.21,1.09,2.1,0,52.6,1,0,new,12,146,5,4.43,2,1,4.08,3.87,Yes,79.95,17.1,8500,1.76,8650,70.9
S00407,small,Mobile Phone,MOB-M1,47,9,44,98.04,2.72,0.66,1.6,0,43.0,0,0,new,12,67,6,3.67,2,1,4.11,4.01,Yes,90.07,6.7,12000,-14.58,10250,13.7
S00150,big,Wi-Fi Router,RTR-M1,16547,2862,75,98.1,1.2,1.87,1.4,11,32.1,1,0,new,6,44,51,3.15,178,81,4.32,4.32,Yes,78.89,12.97,1800,-4.44,1720,62.5
S00158,medium,Gaming Console,CON-M2,1989,555,22,98.47,1.14,1.67,1.7,0,34.5,1,0,new,3,109,30,2.53,27,23,4.88,5,Yes,91.55,0,52000,-6.15,48800,38.0
S00545,medium,Smart TV,TV-M5,1302,151,52,98.31,1.44,1.7,1.8,0,39.9,1,0,new,0,240,58,6.7,98,37,4.37,4.16,Yes,95.64,27.58,180000,3.42,186150,78.6
S00531,medium,Mobile Phone,MOB-M1,2453,341,29,98.57,1.31,2.11,2.0,1,25.8,0,0,used,3,36,11,1.76,65,32,4.6,4.51,Yes,96.69,27.99,12000,-22.5,9300,7.8
S00041,medium,Desktop Computer,PC-M1,2253,675,30,94.38,3.76,4.41,4.1,2,49.4,1,0,new,12,582,26,6.47,64,44,3.86,4.05,Yes,78.47,30.62,30000,-28.83,21350,3.2
S00218,small,Wireless Earbuds,EAR-M5,14,3,34,100,0.1,3.03,0.8,0,34.5,0,0,new,0,29,2,6.93,0,0,,,No,,,28000,-3.75,26950,52.8
S00039,medium,Desktop Computer,PC-M3,1152,346,34,95.13,3.07,3.8,2.4,5,38.5,1,0,new,12,79,53,5.07,28,28,4.26,4.18,Yes,78.28,31.54,65000,-11.69,57400,25.0
S00305,small,Bluetooth Speaker,SPK-M4,109,20,5,97.29,0.68,1.82,1.7,1,30.1,0,0,new,3,91,8,3.93,5,3,4.79,5,Yes,84.05,16.28,14000,-2.5,13650,55.8
S00315,medium,Gaming Console,CON-M3,1511,439,48,93.56,4.15,5.57,9.3,3,61.5,1,1,new,12,453,20,6.37,57,41,3.48,3.2,No,73.93,32.45,62000,-10.0,55800,28.0
S00245,small,Smart TV,TV-M2,103,67,14,86.31,12.77,14.74,13.7,2,45.2,0,0,new,0,382,16,12.5,6,6,1.39,1,No,47.98,53.67,35000,-12.29,30700,14.8
S00179,small,Smartwatch,WCH-M4,65,9,10,95.2,0.1,2.44,0.7,0,45.0,1,0,used,6,300,10,7.55,4,2,3.83,3.74,Yes,76.68,11.68,22000,-5.23,20850,43.2
S00140,small,Bluetooth Speaker,SPK-M3,304,175,32,90.06,6.83,8.39,4.8,0,50.1,0,0,new,3,462,6,9.23,15,15,3.28,3.18,No,68.0,46.43,7000,9.29,7650,94.4
S00363,big,Laptop,LAP-M2,11473,3227,34,98.05,1.24,1.88,1.6,3,40.7,1,0,new,12,34,50,2.83,242,180,4.89,5,Yes,87.97,13.19,55000,-5.27,52100,56.1
S00127,small,Power Bank,PWR-M1,58,12,30,100,0.49,2.03,1.4,0,48.5,0,0,new,12,19,6,5.23,3,2,4.66,4.67,Yes,90.53,40.34,1100,10.91,1220,96.4
S00297,small,Wireless Earbuds,EAR-M1,112,34,18,93.57,5.99,6.38,1.7,0,51.1,0,0,new,12,133,15,9.36,4,3,3.48,3.35,No,64.72,28.48,1200,-2.5,1170,58.6
S00029,medium,Smartwatch,WCH-M2,952,190,68,98.38,0.89,1.61,1.3,0,26.4,1,0,refurbished,12,354,65,3.83,40,24,4.36,4.28,Yes,86.94,39.16,4500,-11.56,3980,38.3
S00054,small,Wi-Fi Router,RTR-M4,74,33,17,95.22,5.35,7.58,6.0,0,39.4,0,0,new,3,19,12,6.41,1,1,3.62,3.17,Yes,76.38,46.23,9500,4.84,9960,90.3
S00470,small,Power Bank,PWR-M5,104,13,6,97.65,0.98,2.31,4.1,0,26.6,0,0,new,6,180,20,4.35,6,1,4.45,4.27,Yes,80.58,11.72,8500,10.71,9410,96.4
S00063,medium,Power Bank,PWR-M3,4811,1185,24,96.22,2.64,3.43,3.5,4,47.6,0,1,new,0,174,19,3.11,106,66,4.36,4.63,Yes,77.8,28.58,3000,-0.33,2990,57.7
S00017,medium,Desktop Computer,PC-M3,1598,565,56,94.05,3.02,4.31,1.8,5,60.3,1,0,new,12,42,23,5.94,38,25,3.92,3.86,Yes,79.32,13.86,65000,-8.38,59550,30.0
S00398,big,Laptop,LAP-M2,11064,3893,108,93.84,4.17,5.17,4.1,22,66.6,1,1,new,6,223,137,8.44,110,64,3.51,3.4,No,88.81,26.19,55000,-13.82,47400,15.8
S00323,small,Mobile Phone,MOB-M2,11,1,19,97.15,0.1,1.68,2.3,0,26.9,0,0,new,12,31,5,2.38,0,0,,,No,,,22000,-4.77,20950,49.1
S00041,medium,Wi-Fi Router,RTR-M1,2253,675,30,94.38,3.76,4.41,4.1,2,49.4,1,0,refurbished,0,49,60,4.56,69,61,4.09,3.94,Yes,71.93,21.72,1800,-16.11,1510,17.2
S00516,small,Mobile Phone,MOB-M2,378,161,8,92.35,5.43,7.12,6.9,2,61.3,1,0,new,3,71,11,4.73,8,8,3.59,3.49,No,66.2,40.41,22000,-12.73,19200,30.9
S00438,medium,Wi-Fi Router,RTR-M1,593,110,39,99.12,0.67,0.93,1.0,0,13.5,1,0,new,6,15,50,3.13,30,19,4.81,4.94,Yes,97.72,0,1800,18.33,2130,98.4
S00032,small,Smartwatch,WCH-M3,45,12,34,98.76,1.33,4.02,1.6,0,62.9,0,0,new,6,130,16,6.83,2,1,4.15,4.23,Yes,85.06,20.18,9000,-0.89,8920,69.4
S00408,big,Laptop,LAP-M2,13087,2037,52,99.32,0.57,1.07,1.1,2,45.1,1,1,new,3,61,89,2.59,166,85,4.94,4.6,Yes,91.56,24.92,55000,0.27,55150,73.7
S00223,small,Smart TV,TV-M3,40,22,3,86.56,5.19,10.02,6.2,0,57.6,1,0,new,12,90,4,7.57,1,1,2.99,2.65,No,59.58,53.88,55000,0.09,55050,68.0
S00545,medium,Bluetooth Speaker,SPK-M3,1302,151,52,98.31,1.44,1.7,1.8,0,39.9,1,0,new,3,678,24,5.59,38,8,4.93,4.6,Yes,91.5,12.81,7000,9.86,7690,96.3
S00263,small,Wi-Fi Router,RTR-M4,55,24,6,94.07,2.04,1.75,2.7,0,57.2,0,0,new,12,180,14,3.82,3,2,4.28,4.22,Yes,82.84,24.21,9500,-9.58,8590,35.5
S00357,medium,Mobile Phone,MOB-M4,2759,451,21,99.79,0.61,1.07,0.8,1,55.4,1,1,new,6,103,22,5.3,42,27,4.73,4.8,Yes,100,4.06,65000,-1.15,64250,73.8
S00345,medium,Laptop,LAP-M4,1751,507,25,94.19,3.6,4.7,4.4,2,43.3,1,0,new,3,265,24,4.48,24,16,3.97,3.49,Yes,77.34,41.65,120000,-1.79,117850,65.5
S00207,small,Desktop Computer,PC-M5,104,39,25,92.75,3.73,4.32,5.0,0,42.5,1,0,new,12,200,7,6.66,3,3,3.27,3.17,No,85.72,30.36,160000,-16.97,132850,13.0
S00245,small,Mobile Phone,MOB-M2,103,67,14,86.31,12.77,14.74,13.7,2,45.2,0,0,used,6,43,7,12.57,1,1,1.7,1.2,No,55.79,64.42,22000,-14.32,18850,25.5
S00387,big,Smart TV,TV-M3,21188,2382,60,99.12,0.69,1.3,0.8,9,32.2,1,1,new,12,260,166,2.88,488,150,4.53,4.68,Yes,84.68,19.26,55000,0.55,55300,74.0
S00054,small,Mobile Phone,MOB-M2,74,33,17,95.22,5.35,7.58,6.0,0,39.4,0,0,new,6,152,3,7.93,5,5,3.53,3.5,No,70.36,31.17,22000,-15.0,18700,23.6
S00315,medium,Smartwatch,WCH-M4,1511,439,48,93.56,4.15,5.57,9.3,3,61.5,1,1,new,12,170,25,10.05,67,54,3.87,3.72,Yes,82.44,33.4,22000,-6.36,20600,36.4
S00330,small,Mobile Phone,MOB-M3,98,41,12,93.34,4.8,5.72,2.6,0,55.7,0,0,new,12,140,5,6.65,14,11,3.66,3.8,Yes,73.99,32.01,38000,-3.03,36850,59.3
S00328,medium,Wireless Earbuds,EAR-M3,1578,201,58,99.26,0.91,1.21,0.4,0,30.3,1,0,new,12,42,28,4.25,39,13,4.61,4.59,Yes,98.56,4.05,5500,-0.36,5480,67.2
S00160,small,Laptop,LAP-M3,418,258,22,85.84,10.07,11.54,8.0,4,54.8,0,0,new,0,75,7,12.34,20,20,2.02,1.67,No,57.1,36.62,80000,-15.62,67500,20.7
S00352,small,Bluetooth Speaker,SPK-M3,236,46,2,93.47,2.67,3.58,2.5,0,49.4,0,0,new,0,60,7,3.81,40,22,4.28,4.05,Yes,76.91,28.86,7000,-10.71,6250,29.6
S00449,small,Mobile Phone,MOB-M4,47,29,6,92.04,7.97,8.26,6.5,1,17.5,0,0,new,6,27,5,9.39,0,0,,,No,,,65000,-12.69,56750,16.7
S00099,medium,Mobile Phone,MOB-M5,845,105,56,96.75,1.95,2.4,1.8,0,46.5,0,0,new,6,1018,71,4.59,37,10,4.41,4.53,Yes,99.86,25.75,140000,-5.5,132300,53.4
S00056,small,Wi-Fi Router,RTR-M5,341,116,13,92.81,4.07,5.13,2.2,0,25.8,1,0,new,12,314,6,5.12,23,23,3.45,3.39,No,76.51,46.36,16000,-1.56,15750,51.1
S00538,big,Smart TV,TV-M2,21530,8371,76,95.25,3.2,4.03,3.2,31,65.0,1,0,new,12,487,113,2.83,236,192,3.73,3.23,Yes,90.91,51.71,35000,-11.71,30900,18.5
S00077,medium,Gaming Console,CON-M3,1056,191,33,94.62,3.03,3.81,2.9,1,41.3,1,0,new,6,270,48,5.72,45,20,3.9,3.84,Yes,74.21,15.26,62000,-15.97,52100,10.0
S00383,small,Bluetooth Speaker,SPK-M1,87,48,14,86.94,8.66,9.2,9.7,0,36.0,1,0,new,0,234,8,9.21,3,3,3.02,2.37,No,75.86,51.32,1500,-30.0,1050,5.5
S00244,medium,Wireless Earbuds,EAR-M5,3636,703,56,98.6,0.84,1.45,1.2,3,40.4,1,1,new,6,77,51,6.63,122,47,4.67,4.93,Yes,100,9.42,28000,3.04,28850,86.8
S00429,big,Smartwatch,WCH-M2,18008,3471,109,99.1,0.74,1.31,0.7,10,13.7,1,1,new,6,80,92,4.04,270,132,4.99,4.78,Yes,87.66,3.17,4500,6.67,4800,95.0
S00379,small,Bluetooth Speaker,SPK-M4,216,43,16,97.14,1.13,1.38,1.4,0,26.4,1,0,new,12,197,5,5.11,9,5,4.71,4.58,Yes,99.75,0,14000,16.43,16300,98.1
S00015,medium,Digital Camera,CAM-M4,2126,622,43,93.03,4.51,5.16,2.7,1,40.1,0,0,new,12,62,16,4.05,87,58,4.05,3.93,Yes,91.14,27.45,100000,1.0,101000,77.6
S00504,small,Mobile Phone,MOB-M4,114,26,33,98.24,2.4,2.38,1.1,0,32.9,1,0,new,12,990,8,3.62,3,1,5,5,Yes,84.34,24.73,65000,-7.0,60450,31.0
S00488,small,Wireless Earbuds,EAR-M3,219,74,29,95.54,3.18,4.42,5.1,1,39.5,1,0,new,12,52,5,7.11,6,6,4.0,3.82,Yes,87.06,18.6,5500,-7.09,5110,34.3
S00194,small,Digital Camera,CAM-M5,171,57,9,96.79,3.36,3.76,2.3,0,39.9,0,0,new,12,224,3,5.08,17,15,4.58,4.18,Yes,73.57,15.57,180000,-1.36,177550,75.4
S00404,small,Bluetooth Speaker,SPK-M3,498,234,21,87.97,8.56,9.87,18.0,5,60.4,1,0,new,6,68,6,7.74,13,13,2.89,2.79,No,71.25,43.94,7000,-36.29,4460,3.7
S00328,medium,Wireless Earbuds,EAR-M2,1578,201,58,99.26,0.91,1.21,0.4,0,30.3,1,0,new,6,379,39,3.86,34,8,4.74,4.64,Yes,83.83,41.34,2500,-3.6,2410,63.0
S00104,medium,Wireless Earbuds,EAR-M2,632,125,50,98.65,1.04,1.78,1.9,0,33.0,1,0,new,0,185,18,2.64,36,14,4.84,4.45,Yes,100,8.27,2500,-18.0,2050,17.4
S00438,medium,Bluetooth Speaker,SPK-M4,593,110,39,99.12,0.67,0.93,1.0,0,13.5,1,0,new,3,87,32,4.39,17,7,4.56,4.49,Yes,90.89,19.39,14000,-3.57,13500,50.0
S00150,big,Laptop,LAP-M1,16547,2862,75,98.1,1.2,1.87,1.4,11,32.1,1,0,new,3,247,202,5.62,126,47,4.6,4.02,Yes,93.81,1.69,38000,4.61,39750,84.0
S00227,medium,Laptop,LAP-M1,1685,573,57,97.46,1.47,1.83,1.4,1,49.3,1,1,new,0,263,11,4.5,73,69,4.52,4.47,Yes,77.1,31.95,38000,-1.97,37250,62.0
S00452,small,Laptop,LAP-M5,150,37,53,96.57,3.05,4.55,3.2,0,53.4,0,0,new,6,36,7,4.95,8,4,3.82,3.81,Yes,98.71,29.52,190000,-11.11,168900,19.4
S00429,big,Gaming Console,CON-M4,18008,3471,109,99.1,0.74,1.31,0.7,10,13.7,1,1,new,12,138,103,4.22,125,60,4.96,4.68,Yes,85.75,22.45,78000,-7.69,72000,47.9
S00449,small,Mobile Phone,MOB-M3,47,29,6,92.04,7.97,8.26,6.5,1,17.5,0,0,new,12,180,1,6.8,0,0,,,No,,,38000,8.29,41150,96.3
S00329,medium,Wi-Fi Router,RTR-M4,1239,61,35,99.02,0.78,0.98,0.6,1,27.7,1,0,refurbished,0,153,13,1.77,21,2,5,4.91,Yes,86.36,12.15,9500,-2.84,9230,69.4
S00101,big,Smartwatch,WCH-M3,10178,1192,106,98.66,0.9,1.45,1.3,8,28.4,1,1,new,6,21,129,6.25,49,15,4.66,4.6,Yes,100,20.34,9000,-18.67,7320,16.1
S00114,small,Wi-Fi Router,RTR-M3,99,28,15,96.32,0.81,3.44,2.1,0,48.2,0,0,new,3,265,3,4.23,7,6,4.75,4.74,Yes,100,18.64,5500,-3.09,5330,60.9
S00062,medium,Wireless Earbuds,EAR-M1,2241,619,33,98.4,1.06,1.41,1.4,1,49.6,1,0,refurbished,12,98,25,4.79,61,54,4.63,4.54,Yes,100,6.12,1200,-6.67,1120,46.6
S00511,small,Laptop,LAP-M4,98,17,42,97.81,2.36,1.04,2.8,0,40.6,0,0,new,12,46,13,4.34,4,2,4.73,4.49,Yes,98.31,10.22,120000,-4.67,114400,58.2
S00541,medium,Mobile Phone,MOB-M2,2360,1111,47,92.09,5.24,6.5,6.5,4,50.8,0,0,new,3,157,27,7.11,49,47,3.51,3.1,No,93.73,31.27,22000,-12.73,19200,30.9
S00041,medium,Gaming Console,CON-M2,2253,675,30,94.38,3.76,4.41,4.1,2,49.4,1,0,new,12,126,44,1.38,23,22,4.29,3.85,Yes,81.51,18.46,52000,-26.15,38400,2.0
S00451,small,Laptop,LAP-M2,59,12,15,96.89,3.25,1.36,2.0,0,41.9,1,0,new,6,45,8,5.63,4,2,4.13,3.82,Yes,80.55,28.95,55000,-13.18,47750,17.5
S00081,medium,Power Bank,PWR-M1,1647,261,53,99.74,1.05,1.49,0.8,2,51.9,1,0,used,3,725,17,3.92,52,22,4.77,5,Yes,83.88,31.96,1100,-0.91,1090,64.3
S00048,small,Smartwatch,WCH-M5,24,6,24,94.78,7.5,2.58,1.7,0,24.9,0,0,new,12,82,11,5.3,2,1,4.07,3.97,Yes,89.96,35.24,45000,-18.0,36900,17.9
S00300,small,Mobile Phone,MOB-M4,130,34,39,95.73,2.12,2.56,2.1,0,41.6,1,0,new,0,68,10,5.93,5,3,4.19,4.17,Yes,87.42,27.19,65000,8.92,70800,97.6
S00502,small,Smart TV,TV-M5,65,25,14,95.12,4.3,4.86,2.1,0,31.5,0,0,new,12,299,6,4.42,0,0,,,No,,,180000,-20.0,144000,16.1
S00303,big,Power Bank,PWR-M1,24007,4159,86,97.46,1.67,2.38,1.6,15,41.0,1,0,new,6,240,39,3.5,400,167,4.43,4.4,Yes,95.12,26.6,1100,-11.82,970,28.6
S00144,medium,Smart TV,TV-M1,3085,1463,51,92.82,4.43,5.6,3.7,8,44.3,0,0,new,3,113,55,6.16,83,83,3.48,3.37,No,64.95,35.63,22000,-9.32,19950,36.2
S00071,big,Smartwatch,WCH-M2,19291,4612,63,98.68,0.86,1.46,1.1,15,18.4,1,1,new,0,241,92,4.63,354,202,4.51,4.12,Yes,84.89,10.22,4500,-6.44,4210,61.7
S00191,small,Smartwatch,WCH-M5,22,10,11,84.17,9.4,5.59,4.5,0,46.9,0,0,new,12,72,5,9.09,0,0,,,No,,,45000,1.33,45600,67.9
S00003,big,Bluetooth Speaker,SPK-M4,18215,2451,45,97.19,1.81,2.54,2.6,9,44.6,1,0,new,3,271,147,5.45,254,90,4.07,3.92,Yes,88.06,7.02,14000,-2.14,13700,59.6
S00495,big,Desktop Computer,PC-M2,10614,3105,84,97.15,1.88,2.6,1.8,11,9.7,1,0,new,6,177,236,3.63,142,90,4.25,3.98,Yes,88.78,12.76,45000,5.78,47600,81.8
S00538,big,Wireless Earbuds,EAR-M2,21530,8371,76,95.25,3.2,4.03,3.2,31,65.0,1,0,new,12,525,225,3.93,311,311,4.24,3.91,Yes,89.21,37.15,2500,-20.8,1980,10.9
S00469,big,Smart TV,TV-M4,11377,1954,82,97.08,2.01,2.85,1.5,5,43.1,1,0,new,6,118,74,3.49,253,95,4.36,4.29,Yes,78.07,15.09,90000,-5.67,84900,54.9
S00066,medium,Wi-Fi Router,RTR-M5,1645,284,63,97.06,1.08,1.7,2.4,0,55.1,1,1,new,6,96,53,5.65,42,25,4.54,4.65,Yes,95.39,35.98,16000,-9.06,14550,25.5
S00296,small,Smartwatch,WCH-M3,29,11,12,94.47,3.24,3.07,2.9,0,33.8,1,0,new,0,360,5,4.59,0,0,,,No,,,9000,4.44,9400,87.1
S00222,big,Gaming Console,CON-M5,17934,2698,30,99.03,0.77,1.29,0.9,7,21.7,1,1,new,6,127,152,2.77,235,85,4.38,4.17,Yes,86.36,37.21,95000,-6.05,89250,48.0
S00320,small,Digital Camera,CAM-M1,106,41,27,94.22,2.98,5.9,4.3,0,17.8,1,0,new,0,810,4,2.49,10,7,3.74,3.28,Yes,64.53,41.18,35000,1.57,35550,80.6
S00399,small,Wireless Earbuds,EAR-M5,113,85,12,85.18,10.92,12.34,5.3,1,36.3,0,0,refurbished,0,117,17,10.29,12,12,2.16,1.33,No,53.93,51.69,28000,-36.79,17700,1.9
S00234,medium,Smartwatch,WCH-M4,563,55,40,97.21,1.12,2.15,1.1,0,36.1,1,0,refurbished,12,82,21,6.27,20,5,4.33,4.43,Yes,100,8.56,22000,-6.82,20500,34.1
S00099,medium,Digital Camera,CAM-M1,845,105,56,96.75,1.95,2.4,1.8,0,46.5,0,0,new,12,66,13,2.14,36,11,4.8,4.69,Yes,82.27,20.54,35000,-31.43,24000,1.6
S00490,small,Laptop,LAP-M1,102,35,7,89.99,6.19,7.65,10.3,0,32.1,1,0,used,12,210,4,8.58,4,4,3.16,2.9,No,76.82,42.06,38000,-34.47,24900,2.0
S00159,small,Smartwatch,WCH-M2,16,4,20,98.84,0.15,0,1.7,0,29.9,1,0,new,12,110,5,5.48,0,0,,,No,,,4500,-0.22,4490,81.7
S00164,small,Smart TV,TV-M5,60,26,26,90.0,5.69,4.22,2.4,1,53.2,0,0,new,3,49,8,6.32,12,12,3.86,3.62,Yes,80.92,43.27,180000,-4.5,171900,48.2
S00442,small,Desktop Computer,PC-M5,66,39,4,89.6,6.48,11.13,6.8,0,56.5,0,0,new,12,114,11,6.72,1,1,3.19,2.99,No,66.05,40.45,160000,-9.22,145250,29.0
S00181,small,Smart TV,TV-M5,58,36,15,86.85,10.35,12.25,6.3,0,39.2,0,0,refurbished,12,32,6,10.06,9,9,2.29,1.73,No,68.43,42.01,180000,-17.58,148350,23.2
S00412,big,Digital Camera,CAM-M4,22291,5838,77,97.25,1.78,2.4,1.4,15,30.0,1,0,new,3,470,96,2.52,153,87,4.63,4.42,Yes,99.33,22.64,100000,-21.15,78850,10.3
S00108,small,Smartwatch,WCH-M3,116,21,11,98.31,0.46,2.7,0.9,0,34.4,0,0,new,12,46,3,5.25,3,1,4.49,4.22,Yes,84.94,12.54,9000,-9.22,8170,41.9
S00172,small,Power Bank,PWR-M5,99,17,7,99.85,1.32,0.78,1.0,0,65.8,1,0,refurbished,3,116,5,5.77,10,5,4.46,4.56,Yes,86.64,18.22,8500,-7.76,7840,32.7
S00137,small,Desktop Computer,PC-M2,42,13,25,94.33,3.86,4.89,4.0,0,65.4,1,1,new,3,750,3,6.07,9,7,3.47,3.19,No,70.1,40.68,45000,-1.0,44550,56.4
S00263,small,Smart TV,TV-M3,55,24,6,94.07,2.04,1.75,2.7,0,57.2,0,0,new,6,82,11,4.96,4,4,4.21,4.0,Yes,82.71,30.22,55000,-15.36,46550,22.0
S00303,big,Gaming Console,CON-M3,24007,4159,86,97.46,1.67,2.38,1.6,15,41.0,1,0,refurbished,0,110,410,3.26,270,136,5,4.65,Yes,91.0,16.16,62000,-4.19,59400,54.0
S00486,small,Wireless Earbuds,EAR-M2,109,42,10,89.04,6.72,9.82,9.2,0,49.7,0,0,new,6,300,9,8.57,5,5,3.07,2.65,No,62.34,69.24,2500,-11.6,2210,30.4
S00348,small,Smart TV,TV-M2,53,23,27,93.79,3.69,6.19,3.1,0,38.9,1,0,new,6,240,5,4.57,2,2,3.9,4.02,Yes,84.39,33.97,35000,10.86,38800,98.1
S00429,big,Laptop,LAP-M3,18008,3471,109,99.1,0.74,1.31,0.7,10,13.7,1,1,new,12,410,110,4.18,285,197,4.64,4.63,Yes,95.16,9.86,80000,6.62,85300,93.1
S00148,medium,Mobile Phone,MOB-M3,3985,993,53,97.26,1.83,2.46,1.5,3,42.2,1,0,refurbished,12,303,13,2.68,62,37,4.34,3.88,Yes,85.02,30.26,38000,-7.11,35300,44.4
S00331,small,Desktop Computer,PC-M3,85,33,10,90.82,6.07,8.56,7.7,0,39.5,0,0,refurbished,12,72,6,6.31,1,1,3.24,2.89,No,59.1,47.04,65000,8.0,70200,96.7
S00455,small,Gaming Console,CON-M4,53,21,3,89.27,7.17,9.04,9.1,0,53.6,0,0,new,6,90,7,7.59,1,1,2.97,2.58,No,61.28,43.98,78000,-19.1,63100,14.6
S00128,small,Laptop,LAP-M4,170,23,8,96.18,1.66,2.37,2.7,0,34.7,1,0,used,12,240,7,4.59,15,5,4.6,4.74,Yes,72.53,36.72,120000,0.04,120050,78.2
S00018,medium,Smart TV,TV-M5,500,142,32,98.05,2.27,3.51,5.9,0,26.9,1,0,new,12,12,14,5.06,8,5,3.74,3.56,Yes,80.13,27.61,180000,-26.17,132900,5.4
S00202,medium,Desktop Computer,PC-M2,1863,420,32,99.42,0.95,1.27,1.1,3,37.2,1,0,new,3,102,15,2.02,47,23,4.86,4.51,Yes,98.16,17.42,45000,9.22,49150,89.1
S00544,medium,Desktop Computer,PC-M4,5124,680,66,97.91,1.31,1.95,2.1,1,36.8,1,0,new,12,353,24,3.75,144,47,4.4,4.16,Yes,90.15,17.65,95000,-15.47,80300,9.4
S00430,small,Bluetooth Speaker,SPK-M5,28,12,19,93.84,6.11,9.02,12.3,0,34.6,0,0,new,12,65,6,7.18,2,2,3.38,2.92,No,70.2,26.39,30000,-10.83,26750,28.4
S00263,small,Wi-Fi Router,RTR-M1,55,24,6,94.07,2.04,1.75,2.7,0,57.2,0,0,new,12,79,19,5.1,1,1,4.21,3.68,Yes,82.43,15.11,1800,3.33,1860,84.4
S00017,medium,Smart TV,TV-M3,1598,565,56,94.05,3.02,4.31,1.8,5,60.3,1,0,new,6,990,17,4.27,34,34,4.12,3.71,Yes,100,23.6,55000,-23.82,41900,4.0
S00392,small,Desktop Computer,PC-M2,48,12,4,89.29,5.19,5.23,6.0,1,28.3,1,0,new,12,120,14,4.71,2,1,3.88,3.91,Yes,72.95,19.42,45000,11.0,49950,92.7
S00520,small,Digital Camera,CAM-M4,79,26,7,90.29,4.8,7.22,2.5,0,41.7,0,0,new,6,102,13,4.71,4,3,3.17,3.18,No,71.69,39.42,100000,9.4,109400,96.6
S00542,small,Bluetooth Speaker,SPK-M3,287,72,22,95.67,4.16,4.15,3.0,0,25.8,0,0,used,12,69,7,6.36,11,7,3.84,3.54,Yes,69.81,28.4,7000,-6.86,6520,37.0
S00441,small,Digital Camera,CAM-M2,9,4,17,94.12,7.15,9.89,6.8,0,31.6,0,0,new,12,51,4,6.26,0,0,,,No,,,55000,-20.18,43900,10.5
S00143,small,Wireless Earbuds,EAR-M3,103,23,23,93.54,2.5,1.78,1.9,0,35.9,0,0,new,6,690,34,5.61,6,2,4.17,3.69,Yes,78.51,46.51,5500,-1.45,5420,58.2
S00535,small,Smartwatch,WCH-M3,25,6,11,90.12,5.27,5.78,7.9,0,26.8,1,0,new,0,115,6,9.21,4,2,3.57,3.67,No,71.98,35.38,9000,-11.11,8000,33.9
S00467,medium,Power Bank,PWR-M1,956,112,30,96.85,2.57,3.53,1.9,0,54.5,1,0,new,12,256,17,3.76,23,7,4.23,4.05,Yes,95.01,21.23,1100,9.09,1200,92.9
S00208,small,Smart TV,TV-M1,122,11,11,96.54,0.22,1.29,2.8,0,20.4,1,0,new,6,97,2,5.55,5,1,4.55,4.42,Yes,68.47,26.97,22000,-17.73,18100,15.5
S00327,medium,Gaming Console,CON-M1,2408,754,63,96.65,1.72,2.73,1.5,0,31.8,1,0,new,6,653,20,2.16,57,37,4.4,4.6,Yes,94.07,26.55,38000,5.92,40250,88.1
S00003,big,Digital Camera,CAM-M3,18215,2451,45,97.19,1.81,2.54,2.6,9,44.6,1,0,new,12,96,55,5.13,285,92,4.53,4.52,Yes,91.25,1.19,80000,10.94,88750,98.2
S00126,small,Desktop Computer,PC-M5,57,15,13,97.5,1.65,3.22,4.8,0,39.5,1,0,new,12,95,12,2.7,3,1,4.16,4.16,Yes,74.6,32.42,160000,2.75,164400,81.2
S00425,small,Gaming Console,CON-M2,127,26,2,94.94,1.96,4.72,4.8,0,41.0,0,0,new,12,60,3,2.36,10,5,3.66,3.22,Yes,88.03,43.14,52000,-3.46,50200,54.0
S00020,small,Desktop Computer,PC-M4,121,18,25,99.03,0.1,2.03,0.5,0,44.3,1,0,new,6,99,8,3.37,4,1,4.42,4.2,Yes,83.7,0.4,95000,-4.68,90550,56.6
S00101,big,Power Bank,PWR-M4,10178,1192,106,98.66,0.9,1.45,1.3,8,28.4,1,1,new,12,175,65,3.17,41,15,4.85,4.9,Yes,96.65,8.16,4800,5.83,5080,86.0
S00089,small,Gaming Console,CON-M2,335,197,2,87.89,7.71,9.52,14.4,0,42.7,1,0,new,3,60,5,4.89,29,29,3.24,2.54,No,74.07,51.52,52000,-4.62,49600,50.0
S00362,small,Power Bank,PWR-M1,246,118,15,89.49,5.69,6.98,4.9,0,34.5,0,0,new,0,450,3,6.08,6,6,3.37,2.93,No,82.82,55.96,1100,-22.73,850,14.3
S00336,medium,Desktop Computer,PC-M5,1172,433,32,94.15,3.71,5.1,3.8,2,17.5,1,0,new,12,42,17,2.81,41,34,4.08,3.63,Yes,65.48,38.45,160000,5.62,169000,87.0
S00525,small,Mobile Phone,MOB-M5,82,37,13,93.02,4.72,5.57,4.4,0,48.8,0,0,refurbished,0,52,23,5.53,11,11,4.03,3.63,Yes,85.3,24.2,140000,-3.18,135550,60.3
S00271,medium,Smartwatch,WCH-M2,2509,755,56,94.17,3.62,4.7,6.3,2,47.2,1,0,new,12,339,35,6.58,67,67,3.82,3.64,Yes,83.06,32.45,4500,-8.89,4100,53.3
S00538,big,Laptop,LAP-M4,21530,8371,76,95.25,3.2,4.03,3.2,31,65.0,1,0,refurbished,0,261,121,5.65,319,272,4.15,4.1,Yes,72.53,31.07,120000,-13.54,103750,29.1
S00146,medium,Bluetooth Speaker,SPK-M3,817,198,35,97.8,1.17,2.17,4.6,1,42.2,1,0,new,3,28,15,4.23,28,14,4.57,4.61,Yes,88.86,37.25,7000,-11.43,6200,25.9
S00546,small,Laptop,LAP-M4,252,136,27,88.45,7.94,9.27,7.5,1,40.0,0,0,new,3,151,9,9.4,10,10,3.15,2.81,No,62.78,39.53,120000,-4.13,115050,60.0
S00107,small,Wi-Fi Router,RTR-M5,86,13,30,98.19,1.69,1.44,1.2,0,44.8,1,0,refurbished,0,209,3,2.87,5,2,4.67,4.35,Yes,99.75,0,16000,-2.19,15650,46.8
S00541,medium,Wireless Earbuds,EAR-M1,2360,1111,47,92.09,5.24,6.5,6.5,4,50.8,0,0,new,3,330,9,7.61,62,62,3.85,3.63,Yes,78.16,38.58,1200,-18.33,980,10.3
S00114,small,Laptop,LAP-M5,99,28,15,96.32,0.81,3.44,2.1,0,48.2,0,0,used,0,288,4,4.19,6,3,3.95,3.82,Yes,89.95,11.17,190000,-10.08,170850,22.6
S00300,small,Mobile Phone,MOB-M5,130,34,39,95.73,2.12,2.56,2.1,0,41.6,1,0,refurbished,12,49,2,6.88,11,7,4.27,4.39,Yes,93.71,18.23,140000,-4.96,133050,55.2
S00228,big,Power Bank,PWR-M5,15923,2418,65,97.98,1.25,2.01,2.0,14,53.5,1,1,new,12,28,92,3.49,214,68,4.4,4.48,Yes,88.9,19.21,8500,3.18,8770,76.4
S00106,small,Bluetooth Speaker,SPK-M5,408,173,27,94.88,4.0,4.89,3.3,3,32.5,1,0,new,6,96,5,6.36,33,29,3.91,3.57,Yes,72.17,27.75,30000,5.83,31750,83.6
S00099,medium,Smartwatch,WCH-M2,845,105,56,96.75,1.95,2.4,1.8,0,46.5,0,0,new,6,108,23,6.1,20,9,4.33,4.1,Yes,87.8,26.86,4500,-11.33,3990,40.0
S00044,small,Laptop,LAP-M4,630,94,6,99.45,1.12,1.44,1.2,0,49.1,0,0,new,0,112,18,3.87,86,20,4.86,4.83,Yes,83.69,15.57,120000,-0.96,118850,69.1
S00187,small,Bluetooth Speaker,SPK-M5,81,12,7,99.07,2.19,1.05,1.1,0,21.0,0,0,new,6,210,3,3.4,4,2,4.61,4.81,Yes,100,11.68,30000,1.0,30300,70.1
S00047,small,Wi-Fi Router,RTR-M3,59,30,9,87.35,9.82,11.03,4.9,1,43.5,1,0,new,0,270,7,6.72,5,5,2.98,2.99,No,60.0,55.2,5500,-5.27,5210,52.2
S00071,big,Power Bank,PWR-M4,19291,4612,63,98.68,0.86,1.46,1.1,15,18.4,1,1,new,12,25,97,4.36,309,150,4.38,4.15,Yes,100,14.35,4800,-9.38,4350,33.3
S00069,small,Power Bank,PWR-M1,27,7,20,94.93,3.96,3.58,2.0,0,31.1,0,0,new,12,305,8,4.61,1,1,4.27,4.19,Yes,92.48,17.34,1100,-3.64,1060,55.4
S00381,medium,Desktop Computer,PC-M2,876,177,30,99.93,0.75,1.78,0.6,1,14.0,1,0,new,3,33,36,4.2,24,14,4.71,4.81,Yes,82.7,28.01,45000,4.56,47050,76.4
S00357,medium,Smartwatch,WCH-M5,2759,451,21,99.79,0.61,1.07,0.8,1,55.4,1,1,new,12,312,10,5.76,33,13,4.53,4.42,Yes,94.8,24.11,45000,-2.11,44050,57.1
S00272,small,Smartwatch,WCH-M3,257,37,15,97.53,2.97,2.36,3.4,0,64.2,0,0,new,0,30,2,7.79,16,7,4.11,4.04,Yes,80.36,18.16,9000,-18.0,7380,19.4
S00440,medium,Bluetooth Speaker,SPK-M1,2112,454,46,98.34,0.73,1.64,1.1,1,36.0,1,0,new,0,207,46,4.52,50,36,4.75,4.88,Yes,78.76,7.89,1500,-6.67,1400,43.6
S00071,big,Gaming Console,CON-M3,19291,4612,63,98.68,0.86,1.46,1.1,15,18.4,1,1,new,12,28,102,3.12,166,90,4.96,4.53,Yes,94.92,23.39,62000,-7.58,57300,40.0
S00436,small,Smart TV,TV-M2,23,6,4,97.22,0.26,2.2,4.7,0,32.1,0,0,new,3,43,6,3.98,1,1,4.06,3.97,Yes,93.03,34.09,35000,-9.0,31850,29.6
S00344,small,Laptop,LAP-M5,45,15,7,94.79,1.98,3.53,2.0,0,46.7,0,0,new,6,197,5,6.78,0,0,,,No,,,190000,-7.92,174950,29.0
S00241,small,Gaming Console,CON-M1,92,56,23,87.06,9.52,11.91,9.6,0,55.4,0,0,new,0,120,2,8.28,1,1,2.17,1.77,No,28.64,53.98,38000,-12.24,33350,26.2
S00448,small,Desktop Computer,PC-M3,127,29,23,97.38,2.12,1.69,2.1,0,20.6,1,0,new,6,101,5,3.65,6,3,4.52,4.14,Yes,71.79,23.79,65000,7.62,69950,95.0
S00095,small,Smart TV,TV-M3,63,15,25,95.15,2.27,2.81,4.1,0,37.9,1,0,new,6,165,4,5.27,6,3,4.66,4.76,Yes,72.34,25.21,55000,-1.0,54450,62.0
S00125,medium,Wi-Fi Router,RTR-M4,1692,1017,70,88.87,7.66,8.8,3.7,16,45.3,1,0,new,6,51,13,4.05,22,22,3.13,2.77,No,61.57,37.08,9500,-21.26,7480,14.5
S00367,medium,Wireless Earbuds,EAR-M5,1298,195,10,98.21,1.52,1.83,2.6,1,47.4,1,0,new,0,300,16,6.12,28,13,4.41,4.52,Yes,96.61,4.99,28000,2.32,28650,83.0
S00117,small,Digital Camera,CAM-M5,224,49,6,94.61,4.01,3.93,4.0,0,22.1,1,0,new,0,23,6,6.21,7,3,3.51,3.44,No,75.14,32.85,180000,-12.89,156800,24.6
S00414,small,Laptop,LAP-M4,257,22,6,100,0.5,1.23,1.1,0,25.7,1,0,new,0,180,4,5.25,28,7,4.95,4.58,Yes,81.6,23.34,120000,-0.29,119650,76.4
S00467,medium,Power Bank,PWR-M3,956,112,30,96.85,2.57,3.53,1.9,0,54.5,1,0,new,12,440,36,3.69,12,2,4.34,4.07,Yes,75.81,11.41,3000,8.67,3260,96.2
S00158,medium,Mobile Phone,MOB-M4,1989,555,22,98.47,1.14,1.67,1.7,0,34.5,1,0,new,12,217,29,6.63,58,44,4.64,4.49,Yes,100,0.62,65000,3.62,67350,85.7
S00336,medium,Laptop,LAP-M5,1172,433,32,94.15,3.71,5.1,3.8,2,17.5,1,0,new,6,190,25,7.36,37,33,3.86,3.84,Yes,70.09,27.55,190000,-1.0,188100,54.8
S00259,small,Digital Camera,CAM-M1,290,110,42,92.18,5.09,5.69,6.7,0,34.9,0,0,new,3,592,7,4.31,15,10,4.04,3.7,Yes,72.73,55.25,35000,-5.29,33150,51.6
S00367,medium,Desktop Computer,PC-M5,1298,195,10,98.21,1.52,1.83,2.6,1,47.4,1,0,new,12,82,15,2.62,31,13,4.59,4.48,Yes,90.71,20.34,160000,8.13,173000,94.2
S00179,small,Smartwatch,WCH-M1,65,9,10,95.2,0.1,2.44,0.7,0,45.0,1,0,new,6,222,6,3.11,1,0,4.15,,Yes,93.83,22.17,2000,-0.5,1990,67.5
S00107,small,Power Bank,PWR-M5,86,13,30,98.19,1.69,1.44,1.2,0,44.8,1,0,new,12,900,4,4.59,3,1,4.54,4.49,Yes,100,9.52,8500,-7.65,7850,34.5
S00202,medium,Laptop,LAP-M3,1863,420,32,99.42,0.95,1.27,1.1,3,37.2,1,0,new,12,674,26,6.85,30,17,4.79,4.33,Yes,87.81,0.49,80000,-5.94,75250,63.8
S00010,small,Wi-Fi Router,RTR-M1,40,7,25,93.48,3.74,4.0,4.3,0,43.9,0,0,new,12,134,8,6.61,0,0,,,No,,,1800,8.89,1960,96.9
S00264,medium,Smart TV,TV-M2,1677,234,10,97.41,1.43,2.4,1.4,0,34.3,1,0,new,6,300,20,2.93,54,15,4.56,4.54,Yes,90.97,0.25,35000,-3.14,33900,48.1
S00349,medium,Smart TV,TV-M5,2129,647,38,96.2,2.45,3.13,2.5,2,55.9,0,0,new,12,430,10,5.75,49,28,4.66,4.52,Yes,92.43,13.66,180000,-5.5,170100,44.6
S00390,small,Wi-Fi Router,RTR-M1,61,19,12,95.11,4.4,3.49,5.9,0,42.5,1,0,new,12,360,4,3.64,8,5,4.18,3.99,Yes,75.27,44.38,1800,-22.22,1400,9.4
S00216,big,Desktop Computer,PC-M5,25438,8397,94,94.36,3.7,4.75,3.5,37,54.8,1,1,new,3,182,94,4.95,126,84,4.06,4.03,Yes,88.14,18.77,160000,-7.31,148300,34.8
S00387,big,Digital Camera,CAM-M1,21188,2382,60,99.12,0.69,1.3,0.8,9,32.2,1,1,new,12,271,68,0.2,220,75,4.9,4.92,Yes,100,19.76,35000,-13.86,30150,22.6
S00128,small,Laptop,LAP-M2,170,23,8,96.18,1.66,2.37,2.7,0,34.7,1,0,used,12,240,9,4.27,23,9,4.23,4.05,Yes,83.82,33.65,55000,-12.27,48250,21.1
S00086,medium,Wi-Fi Router,RTR-M3,3263,961,25,97.61,1.74,2.35,1.1,1,51.9,1,0,refurbished,6,251,26,3.3,56,39,4.58,4.71,Yes,81.84,18.05,5500,-7.64,5080,32.6
S00387,big,Power Bank,PWR-M4,21188,2382,60,99.12,0.69,1.3,0.8,9,32.2,1,1,new,12,30,131,2.25,336,82,4.39,3.9,Yes,100,11.3,4800,-2.92,4660,64.9
S00516,small,Laptop,LAP-M5,378,161,8,92.35,5.43,7.12,6.9,2,61.3,1,0,new,3,155,12,5.46,10,10,3.85,3.74,Yes,72.3,53.16,190000,-0.82,188450,59.7
S00417,medium,Smart TV,TV-M3,1133,275,28,97.76,1.75,2.52,1.2,0,43.7,1,0,new,0,112,17,1.65,38,33,4.76,4.76,Yes,87.29,12.39,55000,6.27,58450,84.0
S00356,small,Smartwatch,WCH-M4,41,21,3,87.84,4.87,7.61,4.8,0,41.3,0,0,new,3,90,4,9.72,2,2,2.95,2.9,No,65.96,45.81,22000,-24.09,16700,4.5
S00123,small,Desktop Computer,PC-M4,700,213,59,94.18,3.77,5.1,2.6,1,34.5,0,0,new,6,48,3,3.33,18,14,3.75,3.77,Yes,78.2,35.3,95000,-18.37,77550,5.7
S00079,small,Digital Camera,CAM-M4,138,42,23,93.05,5.13,4.31,3.5,0,35.6,0,0,new,12,42,7,4.56,12,12,4.2,3.95,Yes,80.88,26.77,100000,-7.55,92450,50.0
S00431,small,Smartwatch,WCH-M5,18,11,5,94.65,5.34,8.49,7.7,0,29.2,1,0,refurbished,0,95,11,9.56,0,0,,,No,,,45000,2.0,45900,69.6
S00015,medium,Desktop Computer,PC-M3,2126,622,43,93.03,4.51,5.16,2.7,1,40.1,0,0,new,12,323,22,5.06,61,43,3.91,3.89,Yes,81.58,38.09,65000,0.77,65500,75.0
S00039,medium,Desktop Computer,PC-M1,1152,346,34,95.13,3.07,3.8,2.4,5,38.5,1,0,new,6,43,36,5.63,24,22,4.11,3.99,Yes,81.59,14.09,30000,-4.83,28550,41.9
S00485,medium,Mobile Phone,MOB-M3,2484,588,30,98.91,0.64,1.45,1.2,1,37.7,1,1,new,12,44,36,0.93,89,68,4.93,4.97,Yes,100,15.25,38000,-2.76,36950,61.1
S00234,medium,Smartwatch,WCH-M3,563,55,40,97.21,1.12,2.15,1.1,0,36.1,1,0,new,3,763,32,5.73,13,4,4.44,4.46,Yes,100,13.15,9000,6.44,9580,91.9
S00151,medium,Wireless Earbuds,EAR-M5,2106,679,25,97.27,1.46,2.47,2.2,1,48.6,1,0,new,0,26,23,7.67,27,20,4.34,4.1,Yes,100,26.01,28000,-10.18,25150,30.2
S00184,small,Laptop,LAP-M3,21,10,31,88.08,5.69,5.11,5.6,0,31.6,0,0,new,12,904,4,8.68,3,3,3.14,2.82,No,69.19,21.23,80000,-25.75,59400,8.6
S00404,small,Smart TV,TV-M2,498,234,21,87.97,8.56,9.87,18.0,5,60.4,1,0,new,0,518,2,7.06,10,10,2.85,2.66,No,77.13,47.23,35000,-7.43,32400,33.3
S00263,small,Desktop Computer,PC-M1,55,24,6,94.07,2.04,1.75,2.7,0,57.2,0,0,new,12,111,10,6.03,4,4,4.39,4.37,Yes,67.33,23.67,30000,-6.83,27950,33.9
S00468,small,Mobile Phone,MOB-M3,47,13,8,92.89,0.1,2.36,2.9,0,44.7,1,0,new,6,89,7,3.07,2,1,4.47,4.3,Yes,79.46,15.82,38000,-13.03,33050,20.4
S00408,big,Mobile Phone,MOB-M5,13087,2037,52,99.32,0.57,1.07,1.1,2,45.1,1,1,new,12,250,218,4.26,281,103,4.59,4.59,Yes,88.03,0,140000,7.29,150200,93.1
S00031,small,Smartwatch,WCH-M2,146,32,8,95.79,2.17,3.01,2.6,0,30.4,0,0,new,12,56,7,5.46,13,6,4.09,3.86,Yes,77.25,3.78,4500,-15.11,3820,23.3
S00084,small,Gaming Console,CON-M1,305,66,16,100,0.77,0.41,0.4,0,39.7,0,0,new,12,276,5,1.95,22,9,4.74,4.93,Yes,100,20.39,38000,-8.68,34700,35.7
S00293,medium,Wi-Fi Router,RTR-M4,862,53,56,98.33,1.07,1.27,1.9,0,20.7,1,0,new,3,180,39,2.84,16,3,4.57,4.32,Yes,86.03,8.31,9500,-24.21,7200,11.3
S00156,small,Mobile Phone,MOB-M5,284,55,25,99.34,0.45,0.8,0.9,0,25.8,1,0,used,0,750,3,3.09,1,0,4.62,,Yes,93.39,8.89,140000,-1.93,137300,65.5
S00116,big,Gaming Console,CON-M2,50189,14179,123,96.13,2.57,3.34,1.3,47,34.4,1,1,new,12,1809,31,0.56,643,417,4.46,4.13,Yes,84.42,31.39,52000,8.27,56300,92.0
S00363,big,Mobile Phone,MOB-M3,11473,3227,34,98.05,1.24,1.88,1.6,3,40.7,1,0,used,12,455,73,3.53,126,107,4.8,4.92,Yes,89.26,33.38,38000,-8.95,34600,35.2
S00430,small,Bluetooth Speaker,SPK-M3,28,12,19,93.84,6.11,9.02,12.3,0,34.6,0,0,new,12,392,9,6.9,0,0,,,No,,,7000,12.71,7890,98.1
S00301,small,Mobile Phone,MOB-M4,77,11,37,92.05,3.3,3.86,1.7,0,48.3,0,0,new,3,166,5,6.52,2,1,4.34,4.13,Yes,89.47,10.31,65000,-14.46,55600,7.1
S00083,big,Digital Camera,CAM-M1,16028,2954,75,97.99,1.46,2.02,1.4,7,38.8,1,0,new,12,139,27,4.02,212,107,4.42,4.23,Yes,74.89,19.29,35000,9.43,38300,98.4
S00303,big,Desktop Computer,PC-M3,24007,4159,86,97.46,1.67,2.38,1.6,15,41.0,1,0,new,6,136,58,4.73,364,168,4.26,4.26,Yes,77.49,39.9,65000,-1.46,64050,63.3
S00083,big,Power Bank,PWR-M2,16028,2954,75,97.99,1.46,2.02,1.4,7,38.8,1,0,new,12,921,67,8.14,128,76,4.03,3.74,Yes,100,11.5,1800,-7.78,1660,57.9
S00532,small,Smart TV,TV-M3,39,24,19,85.28,8.69,9.75,8.2,0,66.6,0,0,new,0,103,17,6.51,2,2,2.67,1.95,No,60.51,45.19,55000,7.91,59350,88.0
S00518,big,Smartwatch,WCH-M2,8523,2007,89,98.21,1.38,1.87,1.2,2,44.8,1,1,new,6,60,161,3.93,110,40,4.52,4.28,Yes,98.47,17.67,4500,-3.11,4360,71.7
S00476,small,Wireless Earbuds,EAR-M2,212,103,3,89.87,5.62,7.62,6.6,0,49.8,0,0,new,12,90,6,8.43,11,11,3.09,2.41,No,74.54,54.23,2500,12.4,2810,91.3
S00333,medium,Bluetooth Speaker,SPK-M4,1444,222,59,98.93,0.57,1.07,1.2,0,41.7,0,0,new,3,42,27,2.59,57,24,4.71,4.54,Yes,94.82,6.03,14000,-5.0,13300,38.5
S00109,small,Digital Camera,CAM-M4,251,46,29,95.52,3.19,2.53,1.8,0,39.7,1,0,new,12,381,3,3.77,6,3,4.04,3.97,Yes,77.79,9.78,100000,-22.1,77900,8.6
S00206,small,Wireless Earbuds,EAR-M3,46,19,8,92.19,6.67,5.84,4.9,0,45.1,0,0,new,0,165,6,8.14,3,3,3.32,3.01,No,69.39,39.46,5500,-20.18,4390,10.4
S00412,big,Laptop,LAP-M2,22291,5838,77,97.25,1.78,2.4,1.4,15,30.0,1,0,new,12,466,57,4.84,126,68,4.62,4.43,Yes,76.55,18.56,55000,-8.45,50350,35.1
S00537,medium,Gaming Console,CON-M3,1371,94,38,97.38,1.58,2.27,2.5,0,53.6,1,0,refurbished,12,94,51,3.79,31,5,4.42,4.39,Yes,100,24.46,62000,8.79,67450,94.0
S00100,small,Wireless Earbuds,EAR-M3,69,16,14,99.58,0.99,0.67,1.3,0,14.8,0,0,new,12,44,4,3.42,2,1,4.88,4.96,Yes,91.46,16.97,5500,-5.82,5180,38.8
S00509,small,Desktop Computer,PC-M4,155,9,7,99.18,1.18,2.25,2.4,0,33.1,1,1,new,3,192,3,4.56,10,2,4.69,4.55,Yes,90.45,33.42,95000,-15.32,80450,11.3
S00114,small,Wi-Fi Router,RTR-M2,99,28,15,96.32,0.81,3.44,2.1,0,48.2,0,0,new,12,450,7,6.92,3,2,3.81,3.45,Yes,95.41,13.94,3200,0.0,3200,68.9
S00101,big,Wireless Earbuds,EAR-M1,10178,1192,106,98.66,0.9,1.45,1.3,8,28.4,1,1,new,12,82,137,4.37,111,32,4.74,4.55,Yes,95.88,31.1,1200,-5.0,1140,51.7
S00071,big,Bluetooth Speaker,SPK-M5,19291,4612,63,98.68,0.86,1.46,1.1,15,18.4,1,1,new,12,100,115,5.13,183,123,4.66,4.6,Yes,89.29,24.36,30000,3.67,31100,74.6
S00083,big,Laptop,LAP-M2,16028,2954,75,97.99,1.46,2.02,1.4,7,38.8,1,0,new,12,127,117,1.84,105,56,5,4.84,Yes,91.54,9.54,55000,-7.64,50800,38.6
S00347,small,Wi-Fi Router,RTR-M2,130,27,14,95.26,2.52,3.58,2.1,0,28.6,1,0,new,12,22,11,4.26,22,9,4.19,3.74,Yes,95.3,23.15,3200,5.31,3370,93.3
S00037,big,Bluetooth Speaker,SPK-M3,13894,694,69,98.34,1.08,1.55,1.3,6,38.6,1,0,new,12,151,76,3.75,321,48,4.76,5,Yes,87.69,20.75,7000,-19.14,5660,14.8
S00284,small,Smart TV,TV-M3,62,13,25,94.84,1.91,4.28,1.5,0,21.3,0,0,new,3,58,3,4.04,3,1,3.89,3.47,Yes,97.2,22.57,55000,0.27,55150,70.0
S00215,small,Gaming Console,CON-M5,65,32,14,86.0,9.54,11.69,4.3,0,55.0,1,0,refurbished,0,73,4,8.57,4,4,2.87,2.51,No,45.06,47.89,95000,-31.05,65500,2.0
S00003,big,Power Bank,PWR-M4,18215,2451,45,97.19,1.81,2.54,2.6,9,44.6,1,0,new,12,56,122,4.86,190,78,4.21,3.82,Yes,100,1.1,4800,7.92,5180,89.5
S00205,big,Smart TV,TV-M3,16429,2409,121,98.29,1.26,1.82,2.5,11,3.7,1,1,new,6,90,186,4.02,165,53,4.66,4.46,Yes,82.64,21.21,55000,-2.55,53600,54.0
S00071,big,Laptop,LAP-M2,19291,4612,63,98.68,0.86,1.46,1.1,15,18.4,1,1,new,3,41,81,4.06,147,72,4.45,4.41,Yes,80.62,12.44,55000,-7.82,50700,36.8
S00074,medium,Smartwatch,WCH-M3,1675,358,24,97.76,1.44,2.2,2.3,2,25.7,1,0,new,12,65,14,6.58,32,23,4.71,4.86,Yes,99.81,9.0,9000,-9.11,8180,43.5
S00085,small,Laptop,LAP-M2,39,11,20,95.33,0.1,2.32,1.3,0,46.9,0,0,new,0,143,18,3.33,4,4,5.0,4.59,Yes,85.33,32.39,55000,4.27,57350,84.2
S00543,big,Power Bank,PWR-M2,12131,2576,57,99.31,0.67,1.16,1.8,7,39.7,1,1,new,12,695,41,7.24,210,85,4.59,4.42,Yes,93.58,11.0,1800,-21.11,1420,12.3
S00399,small,Wireless Earbuds,EAR-M3,113,85,12,85.18,10.92,12.34,5.3,1,36.3,0,0,new,3,137,9,11.54,14,14,1.96,1.57,No,40.22,71.57,5500,-22.0,4290,4.5
S00489,small,Gaming Console,CON-M4,55,17,47,90.74,5.85,5.2,4.7,0,51.9,1,0,new,6,62,5,5.94,3,3,3.24,3.08,No,75.18,25.63,78000,-8.27,71550,45.8
S00068,small,Wi-Fi Router,RTR-M2,19,7,13,93.0,8.43,9.42,5.8,0,39.7,1,0,new,12,329,3,6.51,3,2,3.36,2.99,No,60.27,15.11,3200,-2.19,3130,57.8
S00518,big,Bluetooth Speaker,SPK-M2,8523,2007,89,98.21,1.38,1.87,1.2,2,44.8,1,1,new,12,343,74,3.85,119,54,4.57,4.55,Yes,95.38,2.29,3500,-3.43,3380,46.6
S00077,medium,Power Bank,PWR-M1,1056,191,33,94.62,3.03,3.81,2.9,1,41.3,1,0,new,12,74,23,3.99,30,11,3.71,3.44,Yes,87.67,20.33,1100,-23.64,840,12.5
S00382,medium,Wi-Fi Router,RTR-M5,1331,268,45,97.49,1.32,1.76,2.5,1,60.4,1,0,new,12,653,11,3.66,24,10,4.48,4.27,Yes,88.86,24.02,16000,-1.25,15800,53.2
S00461,small,Wireless Earbuds,EAR-M4,146,60,27,92.95,5.27,5.9,3.9,0,25.5,1,0,new,12,184,5,8.4,12,12,3.82,3.7,Yes,75.52,54.36,12000,-20.42,9550,9.3
S00453,small,Smartwatch,WCH-M3,49,4,43,100,1.11,0.1,0.7,0,13.8,0,0,used,6,148,5,6.48,1,0,4.55,,Yes,94.7,0.47,9000,-8.67,8220,45.2
S00513,small,Mobile Phone,MOB-M1,36,12,13,94.45,4.91,5.4,2.6,0,19.4,0,0,new,12,32,3,5.94,3,3,4.02,3.85,Yes,55.88,40.19,12000,-7.5,11100,33.3
S00412,big,Mobile Phone,MOB-M5,22291,5838,77,97.25,1.78,2.4,1.4,15,30.0,1,0,new,6,151,114,4.85,200,155,4.41,4.15,Yes,93.29,23.44,140000,-16.14,117400,19.0
S00003,big,Digital Camera,CAM-M4,18215,2451,45,97.19,1.81,2.54,2.6,9,44.6,1,0,new,12,516,48,1.85,168,53,4.54,4.32,Yes,92.68,7.81,100000,1.7,101700,84.5
S00083,big,Mobile Phone,MOB-M1,16028,2954,75,97.99,1.46,2.02,1.4,7,38.8,1,0,new,3,723,58,4.83,200,89,4.54,4.38,Yes,78.03,21.72,12000,-2.92,11650,54.9
S00245,small,Wi-Fi Router,RTR-M5,103,67,14,86.31,12.77,14.74,13.7,2,45.2,0,0,new,12,221,8,11.29,1,1,2.31,1.88,No,49.32,77.04,16000,-23.75,12200,2.1
S00452,small,Desktop Computer,PC-M1,150,37,53,96.57,3.05,4.55,3.2,0,53.4,0,0,new,6,21,9,6.23,17,14,3.91,3.9,Yes,73.32,19.55,30000,4.17,31250,85.5
S00044,small,Laptop,LAP-M2,630,94,6,99.45,1.12,1.44,1.2,0,49.1,0,0,used,12,180,5,4.65,43,14,4.37,4.09,Yes,100,22.98,55000,0.73,55400,75.4
S00412,big,Gaming Console,CON-M1,22291,5838,77,97.25,1.78,2.4,1.4,15,30.0,1,0,new,0,98,81,2.18,409,221,4.53,4.13,Yes,79.27,28.39,38000,3.42,39300,76.2
S00348,small,Smart TV,TV-M4,53,23,27,93.79,3.69,6.19,3.1,0,38.9,1,0,new,0,73,5,3.94,0,0,,,No,,,90000,-10.89,80200,33.3
S00237,medium,Wireless Earbuds,EAR-M1,924,137,48,99.82,0.66,1.45,1.2,0,49.7,1,1,new,6,66,21,4.49,8,3,4.85,4.87,Yes,93.18,9.68,1200,2.5,1230,81.0
S00211,small,Mobile Phone,MOB-M4,50,6,6,96.16,0.24,3.24,2.7,0,31.7,0,0,new,0,180,3,4.51,11,3,4.48,4.21,Yes,97.31,13.53,65000,-6.31,60900,38.1
S00237,medium,Bluetooth Speaker,SPK-M3,924,137,48,99.82,0.66,1.45,1.2,0,49.7,1,1,new,6,254,45,3.19,26,11,4.98,4.98,Yes,97.71,0,7000,-13.57,6050,18.5
S00012,small,Smartwatch,WCH-M4,86,40,5,91.34,5.73,7.65,3.5,0,41.4,1,0,refurbished,0,150,4,10.0,0,0,,,No,,,22000,-9.77,19850,22.7
S00071,big,Bluetooth Speaker,SPK-M1,19291,4612,63,98.68,0.86,1.46,1.1,15,18.4,1,1,new,6,264,95,3.92,214,172,4.9,4.93,Yes,88.22,11.8,1500,10.0,1650,96.4
S00334,small,Smartwatch,WCH-M3,80,15,27,98.46,1.34,1.15,2.0,0,42.4,0,0,new,12,810,16,5.14,6,3,4.53,4.25,Yes,84.83,10.95,9000,-10.78,8030,35.5
S00411,small,Wi-Fi Router,RTR-M4,39,4,14,99.51,0.86,4.13,1.9,0,49.3,1,0,new,12,30,9,4.19,0,0,,,No,,,9500,-6.95,8840,48.4
S00108,small,Smartwatch,WCH-M1,116,21,11,98.31,0.46,2.7,0.9,0,34.4,0,0,new,3,91,17,4.56,6,2,4.86,4.88,Yes,99.55,26.25,2000,4.5,2090,80.0
S00431,small,Desktop Computer,PC-M3,18,11,5,94.65,5.34,8.49,7.7,0,29.2,1,0,new,0,150,7,8.0,0,0,,,No,,,65000,-22.77,50200,6.7
S00044,small,Laptop,LAP-M3,630,94,6,99.45,1.12,1.44,1.2,0,49.1,0,0,new,3,61,1,4.71,70,30,4.7,4.53,Yes,97.68,2.66,80000,0.81,80650,84.5
S00144,medium,Wi-Fi Router,RTR-M2,3085,1463,51,92.82,4.43,5.6,3.7,8,44.3,0,0,new,12,243,7,9.41,109,109,2.83,2.5,No,78.33,44.3,3200,-2.5,3120,51.1
S00408,big,Smartwatch,WCH-M2,13087,2037,52,99.32,0.57,1.07,1.1,2,45.1,1,1,new,12,232,41,4.86,292,126,4.64,4.44,Yes,100,8.82,4500,-2.67,4380,76.7
S00117,small,Wi-Fi Router,RTR-M4,224,49,6,94.61,4.01,3.93,4.0,0,22.1,1,0,new,6,180,3,5.56,11,6,3.74,3.51,Yes,89.06,49.17,9500,-10.74,8480,29.0
S00429,big,Gaming Console,CON-M3,18008,3471,109,99.1,0.74,1.31,0.7,10,13.7,1,1,new,12,393,110,2.58,136,58,4.89,4.79,Yes,92.94,0,62000,-4.92,58950,48.0
S00373,small,Smart TV,TV-M5,681,148,9,99.0,0.59,1.42,2.0,1,73.2,1,0,new,0,270,13,4.12,37,20,4.6,4.36,Yes,84.99,0.05,180000,1.25,182250,71.4
S00264,medium,Mobile Phone,MOB-M2,1677,234,10,97.41,1.43,2.4,1.4,0,34.3,1,0,new,6,107,42,2.33,20,7,4.69,4.63,Yes,91.41,19.43,22000,-1.82,21600,65.5
S00037,big,Digital Camera,CAM-M3,13894,694,69,98.34,1.08,1.55,1.3,6,38.6,1,0,new,12,676,30,5.35,231,26,4.63,4.34,Yes,100,25.36,80000,2.37,81900,89.3
S00512,small,Mobile Phone,MOB-M5,32,14,15,91.85,3.98,4.31,5.1,0,60.4,1,0,new,12,122,7,8.51,6,6,3.36,3.12,No,65.69,19.54,140000,-2.39,136650,62.1
S00324,small,Gaming Console,CON-M2,453,80,16,97.72,1.42,1.66,1.7,1,45.4,0,0,new,12,391,9,3.12,40,14,4.64,4.85,Yes,82.29,21.98,52000,1.63,52850,78.0
S00205,big,Gaming Console,CON-M5,16429,2409,121,98.29,1.26,1.82,2.5,11,3.7,1,1,new,3,62,95,1.94,413,204,4.65,4.56,Yes,91.03,0.52,95000,-13.26,82400,22.0
S00158,medium,Wi-Fi Router,RTR-M5,1989,555,22,98.47,1.14,1.67,1.7,0,34.5,1,0,new,12,130,13,3.29,46,25,4.57,4.54,Yes,94.51,34.07,16000,7.19,17150,87.2
S00160,small,Laptop,LAP-M2,418,258,22,85.84,10.07,11.54,8.0,4,54.8,0,0,new,3,660,2,10.83,18,18,2.3,2.0,No,51.79,42.51,55000,-27.55,39850,3.5
S00476,small,Digital Camera,CAM-M5,212,103,3,89.87,5.62,7.62,6.6,0,49.8,0,0,refurbished,6,90,20,7.02,3,3,3.31,3.09,No,75.24,30.69,180000,-21.03,142150,11.5
S00231,medium,Wireless Earbuds,EAR-M2,2047,612,22,97.15,1.33,2.2,1.8,1,50.4,1,0,new,12,273,44,4.52,81,81,4.49,4.39,Yes,88.34,0,2500,-10.4,2240,37.0
S00333,medium,Bluetooth Speaker,SPK-M1,1444,222,59,98.93,0.57,1.07,1.2,0,41.7,0,0,new,0,113,22,4.65,25,8,4.6,4.51,Yes,90.65,23.61,1500,5.33,1580,87.3
S00125,medium,Smartwatch,WCH-M2,1692,1017,70,88.87,7.66,8.8,3.7,16,45.3,1,0,new,12,599,28,10.39,28,28,2.89,2.53,No,54.92,42.83,4500,-5.33,4260,65.0
S00517,medium,Gaming Console,CON-M2,950,170,39,99.25,0.76,1.19,1.5,1,22.3,1,1,new,12,164,87,2.17,11,4,4.63,4.67,Yes,84.74,43.38,52000,-17.79,42750,6.0
S00015,medium,Wi-Fi Router,RTR-M5,2126,622,43,93.03,4.51,5.16,2.7,1,40.1,0,0,new,12,19,6,5.71,60,37,3.7,3.61,Yes,65.01,32.15,16000,-16.25,13400,12.8
S00398,big,Digital Camera,CAM-M5,11064,3893,108,93.84,4.17,5.17,4.1,22,66.6,1,1,new,12,24,42,5.16,180,134,3.83,3.82,Yes,85.6,31.72,180000,-0.33,179400,78.7
S00370,small,Power Bank,PWR-M3,92,42,7,90.08,5.28,6.16,5.1,0,36.7,0,0,refurbished,6,103,6,7.57,3,3,3.53,3.36,No,77.42,29.26,3000,-4.0,2880,48.1
S00271,medium,Laptop,LAP-M4,2509,755,56,94.17,3.62,4.7,6.3,2,47.2,1,0,new,3,481,38,8.67,58,36,3.33,2.9,No,78.68,21.51,120000,-0.38,119550,74.5
S00197,small,Smartwatch,WCH-M3,41,8,22,94.25,3.24,5.87,3.4,0,21.9,1,0,refurbished,0,104,3,6.53,0,0,,,No,,,9000,-0.22,8980,75.8
S00538,big,Gaming Console,CON-M5,21530,8371,76,95.25,3.2,4.03,3.2,31,65.0,1,0,new,12,61,275,2.83,125,112,4.41,4.48,Yes,58.55,44.82,95000,-4.95,90300,52.0
S00327,medium,Bluetooth Speaker,SPK-M5,2408,754,63,96.65,1.72,2.73,1.5,0,31.8,1,0,new,6,1390,36,4.38,68,45,4.18,3.95,Yes,85.42,37.47,30000,-20.0,24000,13.4
S00543,big,Bluetooth Speaker,SPK-M1,12131,2576,57,99.31,0.67,1.16,1.8,7,39.7,1,1,new,12,16,120,4.54,187,130,4.58,4.26,Yes,100,6.76,1500,-4.67,1430,52.7
S00010,small,Wireless Earbuds,EAR-M5,40,7,25,93.48,3.74,4.0,4.3,0,43.9,0,0,new,6,133,3,6.54,0,0,,,No,,,28000,10.36,30900,98.1
S00374,small,Bluetooth Speaker,SPK-M4,181,29,14,99.67,1.61,1.74,0.7,0,33.8,0,0,new,12,420,5,4.62,3,1,4.86,4.65,Yes,85.13,14.0,14000,-1.43,13800,61.5
S00423,small,Bluetooth Speaker,SPK-M5,72,55,5,84.32,12.12,14.98,8.3,1,69.7,0,0,new,6,76,3,12.82,4,4,1.86,1.39,No,51.06,85.21,30000,-29.17,21250,3.0
S00469,big,Desktop Computer,PC-M1,11377,1954,82,97.08,2.01,2.85,1.5,5,43.1,1,0,new,6,289,182,4.91,124,50,4.52,4.73,Yes,96.96,18.11,30000,6.0,31800,90.3
S00083,big,Wireless Earbuds,EAR-M3,16028,2954,75,97.99,1.46,2.02,1.4,7,38.8,1,0,refurbished,12,36,51,5.88,128,77,4.88,4.86,Yes,77.59,22.23,5500,-14.36,4710,20.9
S00387,big,Wireless Earbuds,EAR-M5,21188,2382,60,99.12,0.69,1.3,0.8,9,32.2,1,1,new,6,44,48,5.8,510,165,5,4.55,Yes,97.18,21.74,28000,-10.36,25100,28.3
S00364,small,Desktop Computer,PC-M4,25,3,4,96.83,3.2,3.33,3.9,0,38.5,0,0,new,0,120,8,3.14,4,1,4.13,3.99,Yes,76.47,22.97,95000,-10.53,85000,24.5
S00417,medium,Desktop Computer,PC-M2,1133,275,28,97.76,1.75,2.52,1.2,0,43.7,1,0,used,12,140,7,4.35,39,27,4.43,4.55,Yes,95.08,22.39,45000,6.22,47800,85.5
S00533,small,Laptop,LAP-M5,30,20,5,89.14,7.81,10.82,10.5,0,54.5,1,1,new,0,51,2,9.87,1,1,2.27,2.09,No,46.1,53.51,190000,11.39,211650,93.5
S00369,small,Smartwatch,WCH-M4,95,16,33,99.34,1.84,2.12,1.4,0,46.5,1,0,new,12,249,11,8.07,1,0,3.98,,Yes,100,0,22000,-15.23,18650,9.1
S00057,small,Laptop,LAP-M2,52,25,13,83.4,6.97,9.94,6.3,0,67.5,1,0,new,6,70,16,6.49,2,2,3.0,2.73,No,57.22,63.0,55000,-15.45,46500,14.0
S00367,medium,Smartwatch,WCH-M3,1298,195,10,98.21,1.52,1.83,2.6,1,47.4,1,0,new,3,96,40,5.16,29,15,4.85,4.99,Yes,94.0,10.35,9000,-0.11,8990,77.4
S00541,medium,Laptop,LAP-M1,2360,1111,47,92.09,5.24,6.5,6.5,4,50.8,0,0,new,12,197,15,9.45,30,30,3.37,3.33,No,65.37,27.7,38000,5.39,40050,88.0
S00174,medium,Desktop Computer,PC-M5,2603,515,49,99.63,0.52,0.9,1.1,0,24.8,1,0,new,12,56,33,2.44,38,21,5,4.55,Yes,85.8,19.42,160000,-9.66,144550,27.5
S00138,small,Wi-Fi Router,RTR-M1,238,50,15,94.24,3.4,4.92,6.6,1,41.5,0,0,new,6,134,9,2.96,10,5,4.06,3.98,Yes,86.9,30.87,1800,-7.78,1660,42.2
S00281,small,Digital Camera,CAM-M1,423,34,18,98.77,0.1,1.53,0.7,0,15.4,1,0,new,0,509,9,0.2,18,3,4.92,4.52,Yes,95.09,15.75,35000,-3.0,33950,61.3
S00523,small,Wi-Fi Router,RTR-M2,70,29,15,94.32,3.32,4.49,2.6,1,57.9,1,1,new,12,99,11,7.42,5,5,4.12,3.78,Yes,65.24,21.56,3200,-24.38,2420,8.9
S00093,small,Wi-Fi Router,RTR-M3,169,15,9,100,0.86,0.52,1.4,0,35.5,1,0,new,3,76,4,5.13,11,2,4.85,4.76,Yes,80.9,0,5500,-7.09,5110,34.8
S00071,big,Smart TV,TV-M1,19291,4612,63,98.68,0.86,1.46,1.1,15,18.4,1,1,new,12,1022,123,4.92,228,138,4.56,4.67,Yes,76.79,24.72,22000,3.18,22700,79.3
S00423,small,Mobile Phone,MOB-M2,72,55,5,84.32,12.12,14.98,8.3,1,69.7,0,0,new,6,150,11,10.79,6,6,1.99,1.45,No,37.39,69.31,22000,-0.23,21950,70.9
S00402,small,Smart TV,TV-M2,140,62,13,90.46,4.79,7.51,3.7,0,51.0,0,0,new,12,133,11,7.4,2,2,2.92,2.93,No,78.39,61.57,35000,-8.57,32000,31.5
S00537,medium,Smart TV,TV-M2,1371,94,38,97.38,1.58,2.27,2.5,0,53.6,1,0,new,12,169,15,4.3,27,7,4.2,4.15,Yes,100,6.42,35000,4.71,36650,85.2
S00510,small,Wi-Fi Router,RTR-M2,94,29,5,91.92,3.78,5.51,4.6,0,62.6,0,0,new,12,47,8,8.28,2,2,3.79,3.25,Yes,85.77,33.82,3200,12.19,3590,100.0
S00543,big,Digital Camera,CAM-M3,12131,2576,57,99.31,0.67,1.16,1.8,7,39.7,1,1,new,12,88,68,3.62,116,60,5,4.69,Yes,80.62,13.32,80000,-0.56,79550,75.0
S00541,medium,Wireless Earbuds,EAR-M5,2360,1111,47,92.09,5.24,6.5,6.5,4,50.8,0,0,new,12,107,27,9.08,33,33,3.45,3.02,No,69.07,39.62,28000,10.0,30800,96.2
S00511,small,Digital Camera,CAM-M3,98,17,42,97.81,2.36,1.04,2.8,0,40.6,0,0,new,0,96,5,4.33,4,2,4.48,4.36,Yes,82.95,19.81,80000,-1.12,79100,66.1
S00417,medium,Smart TV,TV-M2,1133,275,28,97.76,1.75,2.52,1.2,0,43.7,1,0,new,6,286,28,2.8,25,16,4.79,4.6,Yes,88.01,10.4,35000,7.14,37500,94.4
S00508,medium,Desktop Computer,PC-M3,1567,427,46,99.29,0.64,1.36,1.3,1,44.0,1,1,new,6,94,48,2.26,31,19,5,4.85,Yes,87.59,29.84,65000,-1.15,64250,66.7
S00408,big,Wi-Fi Router,RTR-M4,13087,2037,52,99.32,0.57,1.07,1.1,2,45.1,1,1,new,6,371,53,2.97,176,52,4.78,4.4,Yes,70.29,0,9500,-6.0,8930,54.8
S00516,small,Laptop,LAP-M2,378,161,8,92.35,5.43,7.12,6.9,2,61.3,1,0,new,6,97,14,5.46,23,23,3.23,2.95,No,56.34,61.08,55000,-5.09,52200,61.4
S00398,big,Smartwatch,WCH-M5,11064,3893,108,93.84,4.17,5.17,4.1,22,66.6,1,1,new,0,303,95,7.35,101,101,3.92,3.57,Yes,85.61,27.69,45000,6.0,47700,89.3
S00216,big,Laptop,LAP-M4,25438,8397,94,94.36,3.7,4.75,3.5,37,54.8,1,1,new,12,304,35,6.81,338,202,3.95,4.03,Yes,69.04,29.16,120000,-10.46,107450,40.0
S00547,small,Wireless Earbuds,EAR-M2,192,39,5,98.48,2.67,2.19,2.8,0,35.6,0,0,used,0,150,16,4.47,15,9,4.32,4.1,Yes,100,0,2500,5.2,2630,82.6
S00257,big,Laptop,LAP-M1,11676,785,101,98.83,0.95,1.34,1.4,4,16.3,1,1,new,0,34,49,2.53,106,14,4.96,4.44,Yes,92.09,6.47,38000,-2.89,36900,60.0
S00122,big,Digital Camera,CAM-M5,8629,1777,66,95.64,2.74,3.64,3.8,12,38.2,1,0,new,12,536,129,5.31,187,83,4.16,4.12,Yes,71.87,38.88,180000,12.5,202500,98.4
S00140,small,Wi-Fi Router,RTR-M1,304,175,32,90.06,6.83,8.39,4.8,0,50.1,0,0,refurbished,3,487,4,5.75,3,3,2.98,2.94,No,61.21,60.4,1800,-8.89,1640,37.5
S00091,small,Smartwatch,WCH-M5,66,15,25,98.05,3.56,3.83,5.7,0,36.6,0,0,new,0,105,7,5.13,3,2,4.34,4.41,Yes,81.17,28.57,45000,-7.78,41500,33.9
S00265,small,Power Bank,PWR-M1,446,57,21,96.95,1.76,2.24,1.9,0,35.3,1,0,new,3,217,4,4.65,67,20,4.6,4.38,Yes,81.2,0,1100,-4.55,1050,53.6
S00003,big,Digital Camera,CAM-M1,18215,2451,45,97.19,1.81,2.54,2.6,9,44.6,1,0,new,3,88,194,4.03,186,58,4.71,4.83,Yes,98.29,16.28,35000,-8.0,32200,41.9
S00065,medium,Gaming Console,CON-M2,1584,273,17,98.99,0.84,1.6,2.3,0,53.3,1,0,new,6,88,129,2.72,53,25,4.55,4.33,Yes,84.97,6.95,52000,-5.96,48900,40.0
S00199,medium,Laptop,LAP-M1,1247,153,39,97.1,1.54,2.13,3.5,3,38.7,0,0,new,12,428,48,5.28,57,18,4.22,4.29,Yes,100,10.12,38000,-1.58,37400,64.0
S00482,small,Mobile Phone,MOB-M1,40,16,34,86.96,8.61,8.7,6.4,0,30.5,1,0,new,3,241,3,9.2,4,4,2.51,2.13,No,63.64,60.97,12000,-9.58,10850,23.5
S00214,medium,Gaming Console,CON-M5,3846,1192,73,92.2,4.85,6.09,3.9,9,41.0,0,0,new,0,44,23,5.46,72,44,3.12,2.83,No,74.78,27.57,95000,-26.68,69650,4.0
S00422,small,Smartwatch,WCH-M2,84,53,5,84.29,12.68,15.07,7.8,1,59.0,0,0,new,0,150,3,11.97,1,1,2.34,2.27,No,46.57,63.13,4500,-59.33,1830,1.7
S00461,small,Wireless Earbuds,EAR-M1,146,60,27,92.95,5.27,5.9,3.9,0,25.5,1,0,new,12,157,7,7.78,11,10,3.52,3.52,No,74.44,27.95,1200,-10.0,1080,31.0
S00066,medium,Power Bank,PWR-M2,1645,284,63,97.06,1.08,1.7,2.4,0,55.1,1,1,new,6,60,25,3.85,22,13,4.79,4.78,Yes,80.74,17.2,1800,-15.0,1530,28.1
S00018,medium,Digital Camera,CAM-M2,500,142,32,98.05,2.27,3.51,5.9,0,26.9,1,0,new,12,244,18,4.56,13,7,3.81,3.8,Yes,80.73,2.88,55000,-7.91,50650,29.8
S00259,small,Desktop Computer,PC-M3,290,110,42,92.18,5.09,5.69,6.7,0,34.9,0,0,new,0,60,8,5.01,27,27,3.44,3.35,No,69.87,34.63,65000,-1.62,63950,61.7
S00367,medium,Wireless Earbuds,EAR-M1,1298,195,10,98.21,1.52,1.83,2.6,1,47.4,1,0,new,12,21,31,4.88,26,10,4.06,4.29,Yes,95.62,28.39,1200,0.0,1200,62.1
S00545,medium,Smart TV,TV-M1,1302,151,52,98.31,1.44,1.7,1.8,0,39.9,1,0,new,12,398,39,5.1,45,14,4.87,4.52,Yes,100,28.48,22000,1.36,22300,72.4
S00381,medium,Power Bank,PWR-M1,876,177,30,99.93,0.75,1.78,0.6,1,14.0,1,0,new,12,900,23,2.07,47,26,4.91,4.77,Yes,82.89,4.5,1100,9.09,1200,92.9
S00518,big,Wi-Fi Router,RTR-M3,8523,2007,89,98.21,1.38,1.87,1.2,2,44.8,1,1,new,6,340,51,3.55,43,25,4.28,4.44,Yes,100,19.4,5500,5.09,5780,95.7
S00117,small,Power Bank,PWR-M2,224,49,6,94.61,4.01,3.93,4.0,0,22.1,1,0,new,3,180,8,8.15,13,6,3.8,3.59,Yes,98.6,50.52,1800,-3.89,1730,75.4
S00458,big,Gaming Console,CON-M1,19893,8155,45,94.84,3.46,4.36,1.3,24,32.2,1,0,new,12,823,82,4.65,256,219,3.83,3.59,Yes,69.32,8.57,38000,13.42,43100,97.6
S00024,small,Smartwatch,WCH-M5,14,9,7,87.58,8.15,10.97,14.4,0,70.3,0,0,used,0,171,3,8.78,1,1,2.56,2.46,No,76.28,55.53,45000,-18.67,36600,12.5
S00202,medium,Laptop,LAP-M4,1863,420,32,99.42,0.95,1.27,1.1,3,37.2,1,0,new,6,84,22,3.52,46,27,4.93,4.67,Yes,80.93,12.39,120000,-18.33,98000,14.5
S00041,medium,Laptop,LAP-M5,2253,675,30,94.38,3.76,4.41,4.1,2,49.4,1,0,new,12,155,27,5.72,53,37,3.74,3.11,Yes,69.34,29.93,190000,-4.89,180700,43.5
S00408,big,Bluetooth Speaker,SPK-M2,13087,2037,52,99.32,0.57,1.07,1.1,2,45.1,1,1,new,6,439,35,2.13,187,77,4.85,4.66,Yes,100,31.17,3500,12.57,3940,98.3
S00458,big,Wireless Earbuds,EAR-M1,19893,8155,45,94.84,3.46,4.36,1.3,24,32.2,1,0,new,6,283,186,7.75,333,293,3.53,3.24,No,81.12,18.09,1200,5.83,1270,87.9
S00349,medium,Desktop Computer,PC-M1,2129,647,38,96.2,2.45,3.13,2.5,2,55.9,0,0,new,3,85,17,5.09,92,85,4.46,4.35,Yes,85.38,32.95,30000,21.83,36550,100.0
S00253,small,Bluetooth Speaker,SPK-M5,135,7,3,100,1.11,1.05,0.9,0,27.5,1,0,new,12,90,3,5.37,4,0,4.23,,Yes,89.85,0,30000,-3.83,28850,55.2
S00196,small,Power Bank,PWR-M3,261,67,2,95.18,2.66,3.56,3.2,1,38.2,0,0,new,6,60,4,4.51,18,16,4.37,4.05,Yes,87.35,18.98,3000,8.67,3260,96.2
S00068,small,Wi-Fi Router,RTR-M5,19,7,13,93.0,8.43,9.42,5.8,0,39.7,1,0,new,12,80,3,6.46,3,2,3.55,3.23,No,70.19,42.74,16000,-4.37,15300,40.4
S00403,medium,Bluetooth Speaker,SPK-M3,1752,382,31,96.66,2.37,3.16,1.7,1,41.5,1,0,refurbished,0,267,23,4.71,27,17,4.35,4.12,Yes,93.94,33.57,7000,-4.29,6700,53.7
S00147,small,Mobile Phone,MOB-M2,57,6,10,100,0.1,1.37,1.2,0,30.9,1,0,new,6,109,3,3.2,5,2,4.48,4.34,Yes,84.98,22.27,22000,-20.91,17400,12.7
S00103,small,Smart TV,TV-M2,104,28,6,99.05,1.8,3.07,1.3,0,36.8,0,0,new,12,41,11,2.75,10,6,4.21,4.21,Yes,94.55,36.05,35000,-6.14,32850,37.0
S00327,medium,Wireless Earbuds,EAR-M2,2408,754,63,96.65,1.72,2.73,1.5,0,31.8,1,0,new,3,237,30,4.69,26,20,4.67,4.44,Yes,90.81,26.02,2500,-10.8,2230,34.8
S00447,small,Wi-Fi Router,RTR-M2,20,8,5,87.41,6.6,8.57,5.8,0,16.9,1,0,new,3,105,3,6.35,3,3,3.47,3.45,No,64.75,38.1,3200,0.31,3210,71.1
S00363,big,Wi-Fi Router,RTR-M1,11473,3227,34,98.05,1.24,1.88,1.6,3,40.7,1,0,new,6,48,34,3.55,241,193,4.59,4.51,Yes,94.49,24.97,1800,-2.22,1760,68.8
S00202,medium,Laptop,LAP-M2,1863,420,32,99.42,0.95,1.27,1.1,3,37.2,1,0,new,6,265,12,2.79,12,9,4.77,4.43,Yes,94.9,10.85,55000,4.18,57300,82.5
S00170,medium,Power Bank,PWR-M2,2546,222,25,98.82,0.39,1.17,0.7,2,27.9,1,0,new,3,189,17,5.99,97,16,4.73,4.38,Yes,93.73,12.7,1800,-15.0,1530,28.1
S00206,small,Wi-Fi Router,RTR-M4,46,19,8,92.19,6.67,5.84,4.9,0,45.1,0,0,new,0,109,7,5.29,4,4,3.38,3.1,No,91.68,28.09,9500,-3.89,9130,64.5
S00333,medium,Power Bank,PWR-M5,1444,222,59,98.93,0.57,1.07,1.2,0,41.7,0,0,new,6,183,18,3.21,50,23,4.8,4.71,Yes,100,7.48,8500,1.06,8590,67.3
S00175,medium,Wireless Earbuds,EAR-M4,929,177,30,96.62,2.63,3.07,2.2,0,32.3,1,1,new,12,73,10,6.19,35,21,4.23,3.92,Yes,75.04,24.42,12000,-2.5,11700,69.8
S00091,small,Smartwatch,WCH-M3,66,15,25,98.05,3.56,3.83,5.7,0,36.6,0,0,new,6,19,12,6.34,7,5,4.1,3.87,Yes,95.14,33.77,9000,7.78,9700,96.8
S00287,small,Wi-Fi Router,RTR-M4,143,56,16,95.61,2.56,4.32,3.0,1,47.2,0,0,new,12,55,4,4.41,8,8,4.22,4.28,Yes,74.07,21.77,9500,-9.79,8570,30.6
S00087,small,Power Bank,PWR-M5,167,84,11,88.99,6.0,7.64,4.4,0,51.5,1,0,new,0,71,5,7.52,20,20,3.21,3.14,No,59.34,23.66,8500,-8.82,7750,25.5
S00098,small,Gaming Console,CON-M4,47,5,6,95.81,0.8,2.74,2.1,0,35.7,0,0,new,12,157,6,3.81,2,0,4.47,,Yes,65.3,6.49,78000,-2.76,75850,72.9
S00446,medium,Digital Camera,CAM-M1,2221,955,62,93.19,4.28,5.35,2.7,5,54.7,1,1,new,12,157,9,5.5,25,23,3.65,3.27,Yes,62.21,38.24,35000,-4.0,33600,56.5
S00323,small,Mobile Phone,MOB-M4,11,1,19,97.15,0.1,1.68,2.3,0,26.9,0,0,new,12,309,9,6.57,0,0,,,No,,,65000,17.46,76350,100.0
S00502,small,Smart TV,TV-M3,65,25,14,95.12,4.3,4.86,2.1,0,31.5,0,0,new,6,192,6,2.46,3,3,4.15,4.21,Yes,67.32,32.27,55000,-15.73,46350,18.0
S00243,small,Bluetooth Speaker,SPK-M1,21,15,16,79.72,14.68,16.07,14.8,0,62.8,0,0,new,0,320,14,11.02,2,2,1.8,1.54,No,43.32,78.24,1500,-36.67,950,1.8
S00341,small,Digital Camera,CAM-M5,64,18,11,97.91,0.43,1.57,1.3,0,33.3,1,0,new,6,304,9,4.12,1,1,4.67,4.49,Yes,99.92,13.01,180000,-11.33,159600,29.5
S00064,small,Wi-Fi Router,RTR-M1,69,14,6,99.77,2.32,3.32,2.0,0,55.6,1,0,refurbished,12,124,4,4.87,5,2,4.27,4.29,Yes,76.68,25.73,1800,-19.44,1450,12.5
S00402,small,Smart TV,TV-M4,140,62,13,90.46,4.79,7.51,3.7,0,51.0,0,0,new,6,82,5,3.81,5,5,3.59,3.26,No,52.62,36.45,90000,-23.89,68500,5.9
S00448,small,Desktop Computer,PC-M1,127,29,23,97.38,2.12,1.69,2.1,0,20.6,1,0,refurbished,3,206,11,5.39,1,1,4.5,4.15,Yes,86.82,39.33,30000,-5.83,28250,40.3
S00254,small,Mobile Phone,MOB-M4,177,39,8,94.43,4.1,4.74,4.5,0,35.7,0,0,new,12,232,26,7.24,21,13,3.87,3.49,Yes,62.99,18.54,65000,-1.23,64200,71.4
S00441,small,Smartwatch,WCH-M4,9,4,17,94.12,7.15,9.89,6.8,0,31.6,0,0,new,3,80,2,8.07,1,1,3.14,3.03,No,66.01,25.01,22000,-10.68,19650,20.5
S00329,medium,Power Bank,PWR-M3,1239,61,35,99.02,0.78,0.98,0.6,1,27.7,1,0,new,12,661,30,6.61,18,2,4.96,4.8,Yes,87.17,0,3000,2.0,3060,67.3
S00037,big,Power Bank,PWR-M2,13894,694,69,98.34,1.08,1.55,1.3,6,38.6,1,0,new,6,32,77,7.35,189,25,4.34,4.34,Yes,90.59,6.67,1800,-8.33,1650,56.1
S00484,small,Gaming Console,CON-M4,61,23,11,92.0,6.31,6.39,11.0,0,29.6,0,0,new,12,128,16,5.91,0,0,,,No,,,78000,-16.73,64950,20.8
S00037,big,Desktop Computer,PC-M5,13894,694,69,98.34,1.08,1.55,1.3,6,38.6,1,0,new,3,16,89,2.37,289,30,4.98,4.86,Yes,79.3,7.23,160000,-4.72,152450,49.3
S00328,medium,Bluetooth Speaker,SPK-M3,1578,201,58,99.26,0.91,1.21,0.4,0,30.3,1,0,new,6,347,35,1.95,34,9,4.8,4.77,Yes,88.62,6.35,7000,-2.57,6820,59.3
S00227,medium,Laptop,LAP-M5,1685,573,57,97.46,1.47,1.83,1.4,1,49.3,1,1,new,0,121,32,4.33,30,30,3.92,4.25,Yes,81.82,11.1,190000,-0.08,189850,64.5
S00546,small,Mobile Phone,MOB-M5,252,136,27,88.45,7.94,9.27,7.5,1,40.0,0,0,refurbished,6,146,3,9.37,10,10,2.71,2.8,No,74.1,59.9,140000,-29.5,98700,5.2
S00192,small,Laptop,LAP-M3,327,125,23,88.88,6.87,8.31,11.8,1,47.2,0,0,new,0,49,6,9.35,20,20,3.15,2.96,No,60.31,48.06,80000,-11.25,71000,39.7
S00049,small,Bluetooth Speaker,SPK-M5,84,17,10,97.87,2.02,1.51,2.3,0,35.8,1,0,new,6,80,3,5.16,3,1,4.64,4.26,Yes,100,8.24,30000,6.0,31800,86.6
S00478,small,Desktop Computer,PC-M2,100,10,16,98.39,2.16,1.8,2.7,0,33.9,1,0,refurbished,12,369,7,2.99,6,1,4.5,4.55,Yes,84.41,7.54,45000,-3.0,43650,45.5
S00064,small,Desktop Computer,PC-M1,69,14,6,99.77,2.32,3.32,2.0,0,55.6,1,0,new,3,180,10,5.16,5,3,4.45,4.17,Yes,84.26,27.61,30000,-17.0,24900,8.1
S00292,small,Bluetooth Speaker,SPK-M5,67,7,13,96.2,0.1,2.19,1.6,0,49.6,0,0,new,12,281,8,5.69,5,2,4.8,5,Yes,94.44,46.02,30000,-7.5,27750,40.3
S00402,small,Digital Camera,CAM-M2,140,62,13,90.46,4.79,7.51,3.7,0,51.0,0,0,new,0,87,5,6.52,1,1,3.27,3.11,No,67.92,62.02,55000,0.45,55250,68.4
S00313,big,Mobile Phone,MOB-M1,38276,4207,64,99.32,0.56,1.07,1.2,19,34.8,1,0,new,3,94,65,2.32,481,146,4.6,4.45,Yes,94.85,17.51,12000,-0.83,11900,70.6
S00247,small,Power Bank,PWR-M3,52,25,11,90.74,5.61,7.09,2.5,0,61.3,0,0,new,3,46,11,6.43,0,0,,,No,,,3000,7.0,3210,86.5
S00011,small,Smartwatch,WCH-M4,152,59,14,92.52,4.19,6.41,4.9,0,35.6,0,0,new,12,103,3,9.05,2,2,3.67,3.51,Yes,74.36,40.34,22000,-3.41,21250,47.7
S00458,big,Digital Camera,CAM-M3,19893,8155,45,94.84,3.46,4.36,1.3,24,32.2,1,0,refurbished,12,643,218,4.84,137,129,3.63,3.62,Yes,89.02,24.58,80000,-2.81,77750,55.4
S00242,medium,Wi-Fi Router,RTR-M1,2241,112,50,99.35,0.67,0.99,0.9,0,28.2,0,0,new,12,142,20,5.18,60,7,5,4.92,Yes,95.93,2.54,1800,-3.33,1740,67.2
S00346,small,Smart TV,TV-M4,117,25,17,95.4,0.25,3.18,2.0,0,48.0,0,0,new,12,205,4,3.1,10,7,4.23,3.95,Yes,76.76,36.34,90000,-3.39,86950,66.7
S00454,small,Wireless Earbuds,EAR-M5,40,15,19,92.78,5.34,7.09,3.5,0,32.2,0,0,new,12,21,6,9.99,1,1,3.65,3.54,Yes,62.85,44.99,28000,-6.96,26050,37.7
S00401,medium,Desktop Computer,PC-M2,1499,492,47,97.22,1.52,2.51,1.9,1,35.8,1,0,new,6,43,37,4.4,21,21,4.1,3.88,Yes,96.2,26.23,45000,5.89,47650,83.6
S00017,medium,Gaming Console,CON-M2,1598,565,56,94.05,3.02,4.31,1.8,5,60.3,1,0,new,6,37,9,2.82,24,24,4.23,4.06,Yes,85.49,9.37,52000,-1.44,51250,64.0
S00361,small,Wi-Fi Router,RTR-M4,60,16,18,94.79,1.76,2.08,2.1,0,36.2,0,0,refurbished,6,137,4,3.59,7,5,4.42,4.26,Yes,89.02,12.89,9500,-11.37,8420,27.4
S00194,small,Digital Camera,CAM-M1,171,57,9,96.79,3.36,3.76,2.3,0,39.9,0,0,new,6,270,15,4.8,12,9,4.29,4.4,Yes,78.52,35.34,35000,-9.43,31700,32.3
S00371,medium,Wi-Fi Router,RTR-M4,723,70,66,99.34,0.88,0.99,1.0,0,19.2,1,1,new,3,92,23,4.11,10,3,4.2,4.16,Yes,100,9.05,9500,2.74,9760,80.6
S00148,medium,Smartwatch,WCH-M3,3985,993,53,97.26,1.83,2.46,1.5,3,42.2,1,0,new,6,113,21,4.34,84,70,4.39,4.48,Yes,90.16,11.97,9000,-7.0,8370,46.8
S00228,big,Digital Camera,CAM-M4,15923,2418,65,97.98,1.25,2.01,2.0,14,53.5,1,1,new,12,215,387,4.63,297,108,4.11,4.13,Yes,95.91,6.78,100000,1.05,101050,79.3
S00431,small,Wi-Fi Router,RTR-M1,18,11,5,94.65,5.34,8.49,7.7,0,29.2,1,0,refurbished,0,63,4,8.84,0,0,,,No,,,1800,-8.33,1650,40.6
S00381,medium,Desktop Computer,PC-M3,876,177,30,99.93,0.75,1.78,0.6,1,14.0,1,0,new,12,52,32,2.51,89,35,4.75,4.43,Yes,99.35,11.16,65000,-19.46,52350,8.3
S00066,medium,Mobile Phone,MOB-M4,1645,284,63,97.06,1.08,1.7,2.4,0,55.1,1,1,new,6,20,33,5.68,18,8,4.95,4.66,Yes,92.87,25.15,65000,-0.62,64600,76.2
S00357,medium,Desktop Computer,PC-M2,2759,451,21,99.79,0.61,1.07,0.8,1,55.4,1,1,new,12,65,13,2.28,41,16,4.61,4.63,Yes,82.82,30.67,45000,3.89,46750,74.5
S00005,small,Gaming Console,CON-M5,80,39,18,88.67,8.43,10.78,4.5,1,50.9,0,0,new,12,540,11,7.58,7,7,2.79,2.42,No,57.52,40.16,95000,-1.21,93850,68.0
S00517,medium,Smart TV,TV-M4,950,170,39,99.25,0.76,1.19,1.5,1,22.3,1,1,new,3,146,14,3.13,21,11,4.92,4.47,Yes,87.14,0.12,90000,3.17,92850,86.3
S00124,medium,Digital Camera,CAM-M1,1200,129,53,99.59,0.72,1.19,1.0,0,25.6,1,0,used,6,167,34,0.27,72,19,4.92,4.72,Yes,80.78,4.53,35000,1.71,35600,82.3
S00412,big,Mobile Phone,MOB-M2,22291,5838,77,97.25,1.78,2.4,1.4,15,30.0,1,0,new,12,1026,71,4.44,382,213,5,4.62,Yes,75.49,14.69,22000,-2.73,21400,58.2
S00379,small,Bluetooth Speaker,SPK-M3,216,43,16,97.14,1.13,1.38,1.4,0,26.4,1,0,new,12,203,5,6.72,15,12,4.15,4.14,Yes,100,6.01,7000,0.43,7030,72.2
S00538,big,Power Bank,PWR-M2,21530,8371,76,95.25,3.2,4.03,3.2,31,65.0,1,0,new,3,100,83,7.63,132,125,4.06,3.88,Yes,71.77,39.57,1800,-15.56,1520,24.6
S00393,small,Bluetooth Speaker,SPK-M2,67,13,27,98.27,2.66,2.51,1.8,0,40.9,0,0,new,12,93,1,4.97,3,1,4.41,4.11,Yes,98.14,31.42,3500,-5.71,3300,36.2
S00329,medium,Mobile Phone,MOB-M2,1239,61,35,99.02,0.78,0.98,0.6,1,27.7,1,0,new,3,29,18,2.31,8,1,4.54,4.51,Yes,97.07,30.06,22000,-2.05,21550,61.8
S00001,small,Smart TV,TV-M3,252,178,28,83.21,11.68,12.93,10.6,4,47.3,0,0,new,6,52,17,8.86,11,11,2.35,1.96,No,69.81,64.47,55000,-24.18,41700,2.0
S00315,medium,Gaming Console,CON-M4,1511,439,48,93.56,4.15,5.57,9.3,3,61.5,1,1,new,3,98,15,5.74,39,24,3.98,3.8,Yes,65.61,39.71,78000,5.45,82250,95.8
S00382,medium,Wi-Fi Router,RTR-M4,1331,268,45,97.49,1.32,1.76,2.5,1,60.4,1,0,new,6,23,52,2.48,20,14,4.7,4.31,Yes,94.34,40.32,9500,-5.47,8980,56.5
S00404,small,Smart TV,TV-M5,498,234,21,87.97,8.56,9.87,18.0,5,60.4,1,0,new,0,217,10,9.51,22,22,2.83,2.39,No,63.9,29.41,180000,-1.17,177900,62.5
S00038,small,Desktop Computer,PC-M5,128,52,12,92.23,3.38,5.93,5.8,0,46.8,1,0,new,3,119,3,3.01,4,4,4.23,3.9,Yes,74.72,46.48,160000,-7.87,147400,31.9
S00483,small,Bluetooth Speaker,SPK-M2,106,71,8,87.29,8.05,9.65,5.4,0,41.9,0,0,refurbished,6,240,4,6.09,15,15,3.19,2.93,No,68.92,48.16,3500,-22.86,2700,10.3
S00305,small,Digital Camera,CAM-M2,109,20,5,97.29,0.68,1.82,1.7,1,30.1,0,0,new,6,150,5,6.47,2,1,4.68,4.5,Yes,81.45,20.38,55000,-23.0,42350,7.0
S00271,medium,Smart TV,TV-M5,2509,755,56,94.17,3.62,4.7,6.3,2,47.2,1,0,used,0,179,13,7.68,37,26,3.66,3.42,Yes,81.12,25.95,180000,1.5,182700,73.2
S00125,medium,Power Bank,PWR-M2,1692,1017,70,88.87,7.66,8.8,3.7,16,45.3,1,0,refurbished,12,204,26,10.22,19,19,2.98,2.88,No,67.85,54.39,1800,-8.89,1640,50.9
S00101,big,Gaming Console,CON-M5,10178,1192,106,98.66,0.9,1.45,1.3,8,28.4,1,1,new,12,622,35,3.22,97,38,4.9,5,Yes,90.24,17.29,95000,-7.05,88300,42.0
S00017,medium,Digital Camera,CAM-M4,1598,565,56,94.05,3.02,4.31,1.8,5,60.3,1,0,new,0,806,36,3.22,39,30,4.32,4.38,Yes,79.23,38.55,100000,0.45,100450,74.1
S00062,medium,Digital Camera,CAM-M3,2241,619,33,98.4,1.06,1.41,1.4,1,49.6,1,0,new,6,193,15,2.23,32,23,4.74,4.34,Yes,100,24.21,80000,-0.56,79550,75.0
S00467,medium,Gaming Console,CON-M2,956,112,30,96.85,2.57,3.53,1.9,0,54.5,1,0,refurbished,3,165,36,2.1,23,6,4.3,4.2,Yes,94.54,11.46,52000,-2.4,50750,58.0
S00193,small,Laptop,LAP-M4,576,93,11,98.61,0.96,1.72,1.5,1,30.0,1,0,refurbished,12,330,19,4.81,20,7,4.29,4.13,Yes,80.18,19.43,120000,-11.29,106450,34.5
S00504,small,Laptop,LAP-M4,114,26,33,98.24,2.4,2.38,1.1,0,32.9,1,0,new,12,54,3,5.26,9,4,4.4,4.4,Yes,80.09,13.74,120000,-0.88,118950,70.9
S00405,small,Wi-Fi Router,RTR-M4,581,263,6,93.1,4.92,5.72,3.4,1,50.8,0,0,refurbished,0,159,7,4.59,30,30,3.68,3.66,Yes,85.37,54.89,9500,-9.16,8630,38.7
S00023,small,Gaming Console,CON-M1,91,39,4,95.57,3.86,4.81,3.2,0,27.4,0,0,new,12,120,3,1.52,1,1,3.82,3.4,Yes,87.88,39.54,38000,-2.89,36900,61.9
S00139,medium,Mobile Phone,MOB-M5,4909,1074,62,96.33,2.46,3.13,3.4,5,35.7,1,0,used,12,890,18,5.3,135,74,4.13,3.9,Yes,85.19,25.08,140000,1.07,141500,79.3
S00327,medium,Wireless Earbuds,EAR-M4,2408,754,63,96.65,1.72,2.73,1.5,0,31.8,1,0,new,12,229,10,6.85,98,65,4.25,4.08,Yes,82.43,18.12,12000,2.08,12250,88.4
S00244,medium,Wireless Earbuds,EAR-M4,3636,703,56,98.6,0.84,1.45,1.2,3,40.4,1,1,new,12,95,27,4.53,61,25,4.57,4.55,Yes,93.08,9.57,12000,-7.92,11050,39.5
S00398,big,Mobile Phone,MOB-M1,11064,3893,108,93.84,4.17,5.17,4.1,22,66.6,1,1,new,12,129,139,5.03,140,120,3.86,3.53,Yes,71.75,22.78,12000,-2.5,11700,56.9
S00330,small,Mobile Phone,MOB-M2,98,41,12,93.34,4.8,5.72,2.6,0,55.7,0,0,new,12,360,3,7.11,5,5,3.94,3.57,Yes,86.15,46.69,22000,-23.64,16800,10.9
S00361,small,Wi-Fi Router,RTR-M3,60,16,18,94.79,1.76,2.08,2.1,0,36.2,0,0,new,0,470,4,4.77,2,2,4.31,4.22,Yes,100,5.78,5500,-13.82,4740,15.2
S00231,medium,Wireless Earbuds,EAR-M1,2047,612,22,97.15,1.33,2.2,1.8,1,50.4,1,0,new,6,416,7,5.42,106,70,4.66,4.42,Yes,77.07,14.21,1200,-12.5,1050,20.7
S00205,big,Laptop,LAP-M5,16429,2409,121,98.29,1.26,1.82,2.5,11,3.7,1,1,new,12,126,28,5.22,209,79,4.12,3.98,Yes,96.05,2.14,190000,-4.61,181250,45.2
S00313,big,Wireless Earbuds,EAR-M5,38276,4207,64,99.32,0.56,1.07,1.2,19,34.8,1,0,new,12,539,116,4.53,584,145,4.66,4.76,Yes,87.43,7.35,28000,-2.5,27300,64.2
S00038,small,Desktop Computer,PC-M3,128,52,12,92.23,3.38,5.93,5.8,0,46.8,1,0,refurbished,6,138,7,6.04,7,6,3.84,3.53,Yes,68.44,37.99,65000,-1.31,64150,65.0
S00277,small,Power Bank,PWR-M1,139,74,6,88.93,6.06,7.04,4.7,0,48.5,1,0,refurbished,3,175,3,9.28,19,19,3.01,2.92,No,65.19,29.24,1100,-30.0,770,7.1
S00010,small,Wi-Fi Router,RTR-M5,40,7,25,93.48,3.74,4.0,4.3,0,43.9,0,0,new,0,269,6,5.33,1,0,4.0,,Yes,100,33.45,16000,4.06,16650,80.9
S00291,small,Smartwatch,WCH-M4,23,9,15,91.82,5.18,7.58,4.8,0,39.1,0,0,new,6,146,2,8.96,2,2,3.55,3.54,No,79.79,50.23,22000,7.27,23600,81.8
S00019,medium,Laptop,LAP-M5,2817,227,56,97.34,1.57,2.45,1.8,1,45.0,1,1,new,3,99,69,6.39,50,9,4.6,4.66,Yes,98.18,25.33,190000,-3.0,184300,46.8
S00039,medium,Digital Camera,CAM-M5,1152,346,34,95.13,3.07,3.8,2.4,5,38.5,1,0,new,12,701,41,5.07,38,32,4.18,4.03,Yes,86.64,40.06,180000,0.44,180800,80.3
S00174,medium,Smart TV,TV-M2,2603,515,49,99.63,0.52,0.9,1.1,0,24.8,1,0,new,6,57,33,3.08,131,55,4.55,4.74,Yes,96.07,4.38,35000,1.0,35350,72.2
S00095,small,Wi-Fi Router,RTR-M3,63,15,25,95.15,2.27,2.81,4.1,0,37.9,1,0,new,12,202,7,4.01,4,1,4.25,4.31,Yes,82.47,20.89,5500,-3.27,5320,58.7
S00034,small,Gaming Console,CON-M2,136,52,20,91.71,6.16,6.85,3.4,1,13.3,1,0,new,0,102,6,3.36,12,12,3.66,3.48,Yes,71.72,57.55,52000,-11.35,46100,24.0
S00345,medium,Digital Camera,CAM-M2,1751,507,25,94.19,3.6,4.7,4.4,2,43.3,1,0,new,0,71,14,6.5,15,14,3.61,3.73,Yes,80.29,24.32,55000,-19.82,44100,12.3
S00512,small,Mobile Phone,MOB-M2,32,14,15,91.85,3.98,4.31,5.1,0,60.4,1,0,new,0,264,14,6.17,4,4,3.7,3.53,Yes,76.94,35.44,22000,-23.86,16750,9.1
S00001,small,Mobile Phone,MOB-M2,252,178,28,83.21,11.68,12.93,10.6,4,47.3,0,0,new,6,236,11,9.74,13,13,2.6,2.47,No,77.12,54.58,22000,-24.32,16650,7.3
S00285,small,Power Bank,PWR-M4,231,59,11,100,1.13,1.66,1.2,0,32.5,0,0,new,12,39,7,2.18,3,2,4.91,4.85,Yes,72.58,3.63,4800,12.92,5420,100.0
S00403,medium,Smart TV,TV-M3,1752,382,31,96.66,2.37,3.16,1.7,1,41.5,1,0,refurbished,3,88,29,5.39,20,13,3.98,3.76,Yes,87.44,36.36,55000,-0.73,54600,64.0
S00208,small,Wi-Fi Router,RTR-M1,122,11,11,96.54,0.22,1.29,2.8,0,20.4,1,0,new,3,32,5,4.46,8,2,4.32,4.38,Yes,82.58,32.99,1800,-4.44,1720,62.5
S00252,small,Bluetooth Speaker,SPK-M3,65,10,11,96.86,0.1,1.63,1.0,0,25.6,0,0,new,6,67,4,4.83,0,0,,,No,,,7000,4.29,7300,79.6
S00492,small,Mobile Phone,MOB-M4,38,20,5,87.48,8.89,9.53,6.4,0,32.3,1,0,new,0,150,7,11.58,5,5,3.04,2.83,No,56.74,55.91,65000,-5.62,61350,45.2
S00401,medium,Wireless Earbuds,EAR-M3,1499,492,47,97.22,1.52,2.51,1.9,1,35.8,1,0,new,6,206,23,4.47,35,33,4.51,4.56,Yes,85.66,10.24,5500,-2.91,5340,49.3
S00151,medium,Smartwatch,WCH-M2,2106,679,25,97.27,1.46,2.47,2.2,1,48.6,1,0,new,6,217,13,6.04,65,65,4.67,4.85,Yes,100,20.8,4500,-9.33,4080,50.0
S00496,medium,Desktop Computer,PC-M3,2254,603,78,98.29,1.04,1.35,1.4,0,40.5,1,1,new,12,1126,12,2.85,58,47,4.56,4.65,Yes,91.83,25.64,65000,-5.23,61600,43.3
S00112,small,Gaming Console,CON-M3,185,26,4,95.88,1.09,3.36,1.7,1,38.1,0,0,new,12,120,5,3.15,7,2,4.55,4.36,Yes,100,25.21,62000,0.73,62450,78.0
S00144,medium,Wi-Fi Router,RTR-M4,3085,1463,51,92.82,4.43,5.6,3.7,8,44.3,0,0,new,0,78,30,5.4,66,66,3.7,3.84,Yes,75.95,55.89,9500,-3.58,9160,67.7
S00389,small,Gaming Console,CON-M4,16,3,38,100,1.82,1.44,2.8,0,42.0,1,0,new,12,126,6,3.24,0,0,,,No,,,78000,-10.9,69500,33.3
S00405,small,Wi-Fi Router,RTR-M5,581,263,6,93.1,4.92,5.72,3.4,1,50.8,0,0,new,12,180,2,5.15,45,45,3.25,2.93,No,54.28,31.34,16000,-4.06,15350,42.6
S00021,small,Laptop,LAP-M2,66,20,17,94.66,3.06,3.57,3.6,0,42.5,1,0,refurbished,12,128,14,5.0,0,0,,,No,,,55000,-5.64,51900,49.1
S00150,big,Laptop,LAP-M2,16547,2862,75,98.1,1.2,1.87,1.4,11,32.1,1,0,new,12,276,150,3.17,131,46,4.56,4.55,Yes,79.96,20.09,55000,-1.27,54300,70.2
S00289,small,Mobile Phone,MOB-M2,17,12,6,80.58,12.49,18.21,12.8,0,56.0,0,0,new,3,180,2,11.42,1,1,1.61,1.12,No,36.87,89.22,22000,-38.18,13600,1.8
S00144,medium,Smartwatch,WCH-M3,3085,1463,51,92.82,4.43,5.6,3.7,8,44.3,0,0,new,12,23,24,8.51,63,63,3.62,3.57,Yes,73.19,32.76,9000,-10.11,8090,40.3
S00266,small,Power Bank,PWR-M3,48,23,11,87.33,7.99,11.59,7.1,0,61.7,0,0,used,3,328,14,9.0,1,1,2.33,1.98,No,49.5,57.42,3000,-17.67,2470,11.5
S00125,medium,Wi-Fi Router,RTR-M5,1692,1017,70,88.87,7.66,8.8,3.7,16,45.3,1,0,new,0,60,18,8.68,57,57,2.81,2.75,No,61.88,66.92,16000,-21.56,12550,4.3
S00084,small,Mobile Phone,MOB-M1,305,66,16,100,0.77,0.41,0.4,0,39.7,0,0,new,12,130,17,2.32,12,5,4.64,4.18,Yes,77.1,28.24,12000,-5.42,11350,41.2
S00159,small,Smartwatch,WCH-M5,16,4,20,98.84,0.15,0,1.7,0,29.9,1,0,new,6,38,7,5.52,3,2,4.62,4.67,Yes,76.29,18.63,45000,-3.22,43550,51.8
S00214,medium,Bluetooth Speaker,SPK-M4,3846,1192,73,92.2,4.85,6.09,3.9,9,41.0,0,0,new,6,75,26,6.65,113,74,3.4,3.19,No,73.49,38.27,14000,-8.93,12750,28.8
S00467,medium,Wireless Earbuds,EAR-M3,956,112,30,96.85,2.57,3.53,1.9,0,54.5,1,0,new,6,32,29,4.65,25,7,4.08,3.7,Yes,100,13.28,5500,4.55,5750,86.6
S00440,medium,Digital Camera,CAM-M1,2112,454,46,98.34,0.73,1.64,1.1,1,36.0,1,0,used,6,95,38,2.96,43,25,4.13,4.05,Yes,78.33,20.32,35000,5.43,36900,91.9
S00458,big,Bluetooth Speaker,SPK-M3,19893,8155,45,94.84,3.46,4.36,1.3,24,32.2,1,0,new,0,95,39,6.07,305,239,3.62,3.38,Yes,68.55,33.06,7000,-12.0,6160,22.2
S00206,small,Bluetooth Speaker,SPK-M4,46,19,8,92.19,6.67,5.84,4.9,0,45.1,0,0,new,12,216,4,7.4,0,0,,,No,,,14000,2.14,14300,76.9
S00383,small,Smart TV,TV-M1,87,48,14,86.94,8.66,9.2,9.7,0,36.0,1,0,new,0,55,5,9.13,0,0,,,No,,,22000,-1.82,21600,69.0
S00281,small,Gaming Console,CON-M1,423,34,18,98.77,0.1,1.53,0.7,0,15.4,1,0,new,0,71,17,2.62,16,3,5,4.73,Yes,100,11.7,38000,16.97,44450,100.0
S00422,small,Smartwatch,WCH-M3,84,53,5,84.29,12.68,15.07,7.8,1,59.0,0,0,new,12,150,3,14.56,3,3,1.56,1.31,No,50.54,67.04,9000,-35.11,5840,1.6
S00467,medium,Laptop,LAP-M5,956,112,30,96.85,2.57,3.53,1.9,0,54.5,1,0,new,0,900,11,5.06,40,12,4.25,3.89,Yes,98.86,21.56,190000,2.74,195200,75.8
S00327,medium,Gaming Console,CON-M5,2408,754,63,96.65,1.72,2.73,1.5,0,31.8,1,0,new,12,57,28,2.82,62,40,4.47,4.47,Yes,97.39,42.16,95000,7.89,102500,96.0
S00381,medium,Power Bank,PWR-M2,876,177,30,99.93,0.75,1.78,0.6,1,14.0,1,0,new,12,594,21,5.45,74,42,4.67,4.47,Yes,84.71,29.0,1800,6.11,1910,93.0
S00019,medium,Wi-Fi Router,RTR-M2,2817,227,56,97.34,1.57,2.45,1.8,1,45.0,1,1,new,6,286,16,5.4,59,12,4.92,4.81,Yes,100,14.31,3200,8.44,3470,95.6
S00024,small,Smartwatch,WCH-M3,14,9,7,87.58,8.15,10.97,14.4,0,70.3,0,0,used,12,210,10,10.89,0,0,,,No,,,9000,0.33,9030,79.0
S00329,medium,Mobile Phone,MOB-M3,1239,61,35,99.02,0.78,0.98,0.6,1,27.7,1,0,new,12,20,40,2.25,8,1,4.56,4.33,Yes,100,0,38000,-0.79,37700,72.2
S00366,small,Bluetooth Speaker,SPK-M5,58,15,16,95.12,2.39,0.5,2.0,0,51.5,1,0,new,6,108,7,4.06,9,9,4.64,4.66,Yes,100,2.64,30000,7.67,32300,94.0
S00055,small,Power Bank,PWR-M2,54,13,7,95.15,6.13,5.21,4.4,0,42.6,0,0,new,0,210,5,8.53,7,3,4.12,4.38,Yes,78.36,46.66,1800,-3.89,1730,75.4
S00407,small,Digital Camera,CAM-M2,47,9,44,98.04,2.72,0.66,1.6,0,43.0,0,0,used,12,47,6,4.2,3,1,4.68,4.58,Yes,100,22.84,55000,-4.64,52450,42.1
S00237,medium,Smartwatch,WCH-M4,924,137,48,99.82,0.66,1.45,1.2,0,49.7,1,1,new,12,831,11,6.52,20,8,4.52,4.29,Yes,100,23.17,22000,-7.95,20250,29.5
S00083,big,Smart TV,TV-M1,16028,2954,75,97.99,1.46,2.02,1.4,7,38.8,1,0,new,12,638,137,3.41,159,79,5,4.67,Yes,80.97,36.54,22000,-10.23,19750,31.0
S00504,small,Mobile Phone,MOB-M5,114,26,33,98.24,2.4,2.38,1.1,0,32.9,1,0,new,6,40,8,3.31,4,2,4.23,4.12,Yes,100,33.73,140000,-6.32,131150,50.0
S00013,big,Wi-Fi Router,RTR-M3,15432,3591,35,95.68,2.86,3.7,2.5,27,30.3,1,1,new,12,51,63,3.25,332,133,3.82,3.4,Yes,77.66,37.58,5500,-9.45,4980,30.4
S00522,small,Wi-Fi Router,RTR-M1,79,34,3,95.35,4.67,5.28,2.6,0,51.3,1,0,new,6,80,4,6.67,2,2,3.53,3.44,No,60.47,35.93,1800,-17.78,1480,14.1
S00212,small,Power Bank,PWR-M1,352,63,11,99.42,0.48,0.85,1.1,1,56.8,0,1,new,12,330,7,1.25,14,8,4.93,4.64,Yes,85.23,17.15,1100,-1.82,1080,58.9
S00383,small,Power Bank,PWR-M1,87,48,14,86.94,8.66,9.2,9.7,0,36.0,1,0,new,6,74,5,10.64,1,1,2.97,2.75,No,65.4,67.44,1100,-8.18,1010,42.9
S00024,small,Desktop Computer,PC-M3,14,9,7,87.58,8.15,10.97,14.4,0,70.3,0,0,new,3,210,3,7.7,3,3,2.8,2.47,No,71.49,39.16,65000,-16.46,54300,13.3
S00019,medium,Bluetooth Speaker,SPK-M3,2817,227,56,97.34,1.57,2.45,1.8,1,45.0,1,1,new,0,97,13,6.55,60,13,4.3,4.28,Yes,88.88,14.08,7000,5.71,7400,88.9
S00404,small,Laptop,LAP-M3,498,234,21,87.97,8.56,9.87,18.0,5,60.4,1,0,refurbished,12,76,10,11.01,21,21,2.76,2.63,No,56.37,45.69,80000,-12.0,70400,32.8
S00434,small,Digital Camera,CAM-M1,53,29,46,85.59,11.19,13.19,7.1,0,63.5,0,0,new,3,135,2,7.22,8,8,2.61,2.19,No,36.78,67.12,35000,-30.71,24250,3.2
S00256,small,Wireless Earbuds,EAR-M4,188,28,12,98.85,1.17,1.84,1.7,0,15.7,1,0,new,12,125,5,6.36,8,3,4.55,4.24,Yes,88.76,21.48,12000,-14.58,10250,14.0
S00244,medium,Bluetooth Speaker,SPK-M5,3636,703,56,98.6,0.84,1.45,1.2,3,40.4,1,1,new,12,269,46,3.22,82,39,4.69,4.44,Yes,100,9.46,30000,6.5,31950,89.6
S00236,small,Wi-Fi Router,RTR-M2,64,42,4,80.74,12.03,14.57,16.2,0,35.9,0,0,new,3,120,5,12.15,8,8,2.16,1.89,No,49.45,85.15,3200,-25.94,2370,6.7
S00385,medium,Power Bank,PWR-M5,1924,220,37,97.31,1.33,2.43,2.5,1,32.2,1,0,new,3,100,62,3.9,75,22,4.37,3.81,Yes,84.44,15.73,8500,5.76,8990,87.3
S00517,medium,Wi-Fi Router,RTR-M5,950,170,39,99.25,0.76,1.19,1.5,1,22.3,1,1,new,12,427,45,2.43,11,4,4.8,4.27,Yes,84.85,0,16000,0.63,16100,63.8
S00027,small,Power Bank,PWR-M4,140,51,9,91.31,5.76,7.74,5.0,0,69.9,1,0,new,0,139,11,7.73,14,13,2.88,2.37,No,80.19,49.6,4800,-8.33,4400,42.1
S00400,small,Laptop,LAP-M5,589,100,13,96.82,2.36,2.29,4.6,0,47.6,0,0,new,3,390,8,3.89,46,20,4.33,4.0,Yes,82.46,25.87,190000,-5.79,179000,38.7
S00417,medium,Wi-Fi Router,RTR-M1,1133,275,28,97.76,1.75,2.52,1.2,0,43.7,1,0,new,12,99,36,1.76,53,32,4.69,4.27,Yes,96.49,17.75,1800,1.67,1830,79.7
S00288,small,Mobile Phone,MOB-M2,60,11,12,97.84,1.47,1.19,1.9,0,8.8,0,0,new,3,360,15,5.02,3,1,4.56,4.47,Yes,82.53,15.78,22000,-2.73,21400,58.2
S00216,big,Gaming Console,CON-M3,25438,8397,94,94.36,3.7,4.75,3.5,37,54.8,1,1,new,12,521,71,6.72,180,156,3.64,3.64,Yes,89.14,30.55,62000,-1.13,61300,70.0
S00150,big,Mobile Phone,MOB-M4,16547,2862,75,98.1,1.2,1.87,1.4,11,32.1,1,0,used,6,248,105,5.57,189,74,4.32,4.28,Yes,97.61,16.98,65000,-8.62,59400,28.6
S00477,medium,Bluetooth Speaker,SPK-M5,638,176,39,98.75,0.23,1.49,1.1,0,25.3,1,0,new,12,242,21,5.14,24,19,4.83,4.86,Yes,91.71,13.14,30000,6.83,32050,91.0
S00510,small,Smart TV,TV-M1,94,29,5,91.92,3.78,5.51,4.6,0,62.6,0,0,used,12,71,4,4.62,1,0,3.47,,No,73.31,31.55,22000,-24.77,16550,6.9
S00520,small,Digital Camera,CAM-M1,79,26,7,90.29,4.8,7.22,2.5,0,41.7,0,0,new,12,121,10,4.77,1,1,3.68,3.46,Yes,69.56,53.55,35000,9.43,38300,98.4
S00249,small,Desktop Computer,PC-M2,220,88,16,94.67,4.06,4.75,2.4,0,42.0,0,0,new,12,28,4,4.41,8,8,4.17,3.75,Yes,72.23,18.01,45000,11.56,50200,94.5
S00476,small,Digital Camera,CAM-M4,212,103,3,89.87,5.62,7.62,6.6,0,49.8,0,0,new,6,90,17,6.02,8,8,3.33,3.06,No,68.46,35.8,100000,-17.55,82450,17.2
S00224,small,Digital Camera,CAM-M4,363,72,10,96.65,2.78,4.18,3.1,0,28.3,0,0,new,6,26,12,3.18,14,6,4.45,4.35,Yes,83.0,20.63,100000,-2.5,97500,65.5
S00340,small,Wi-Fi Router,RTR-M4,603,43,5,97.7,1.63,2.33,3.3,0,35.9,1,0,refurbished,12,142,8,2.93,40,6,4.91,4.98,Yes,82.07,0,9500,12.63,10700,100.0
S00543,big,Smart TV,TV-M1,12131,2576,57,99.31,0.67,1.16,1.8,7,39.7,1,1,new,12,701,40,4.24,112,60,4.66,4.63,Yes,93.9,0,22000,5.0,23100,89.7
S00482,small,Smart TV,TV-M5,40,16,34,86.96,8.61,8.7,6.4,0,30.5,1,0,new,6,110,11,9.59,6,4,2.75,2.98,No,61.79,54.77,180000,-23.42,137850,10.7
S00217,small,Laptop,LAP-M1,37,16,17,93.83,4.96,6.4,2.9,0,27.6,0,0,refurbished,3,50,10,7.32,6,6,3.76,3.51,Yes,68.95,40.38,38000,-3.55,36650,58.0
S00349,medium,Desktop Computer,PC-M4,2129,647,38,96.2,2.45,3.13,2.5,2,55.9,0,0,new,0,92,11,4.7,66,49,4.1,4.15,Yes,91.25,27.61,95000,6.95,101600,84.9
S00150,big,Wireless Earbuds,EAR-M3,16547,2862,75,98.1,1.2,1.87,1.4,11,32.1,1,0,new,12,83,135,5.45,239,76,4.53,4.55,Yes,80.08,11.39,5500,-3.64,5300,46.3
S00384,medium,Gaming Console,CON-M3,1381,574,43,91.81,5.02,6.37,4.3,3,48.3,0,0,new,0,218,25,6.55,20,19,3.46,3.21,No,80.69,46.33,62000,-18.06,50800,6.0
S00464,small,Digital Camera,CAM-M1,32,8,16,94.78,2.21,1.09,2.1,0,52.6,1,0,new,3,420,2,1.83,4,2,4.56,4.61,Yes,87.31,0,35000,-8.86,31900,35.5
S00326,small,Bluetooth Speaker,SPK-M3,59,40,7,78.31,12.82,17.06,9.1,0,61.7,0,0,new,12,210,9,11.47,7,7,2.04,1.91,No,34.16,56.93,7000,-21.57,5490,11.1
S00131,medium,Digital Camera,CAM-M2,2677,846,22,96.4,2.75,3.53,2.4,2,61.3,0,1,new,12,361,32,6.46,68,58,3.82,3.5,Yes,73.15,39.62,55000,13.45,62400,94.7
S00231,medium,Smart TV,TV-M5,2047,612,22,97.15,1.33,2.2,1.8,1,50.4,1,0,new,12,88,12,5.4,89,73,4.48,4.29,Yes,93.79,1.33,180000,-8.67,164400,41.1
S00062,medium,Digital Camera,CAM-M4,2241,619,33,98.4,1.06,1.41,1.4,1,49.6,1,0,new,12,990,25,1.37,33,20,4.85,4.37,Yes,79.3,0,100000,-2.45,97550,67.2
S00082,small,Wireless Earbuds,EAR-M2,33,10,9,100,1.18,3.46,3.5,0,43.7,1,0,new,6,148,7,4.27,1,1,4.24,3.95,Yes,94.33,10.62,2500,-7.6,2310,45.7
S00224,small,Laptop,LAP-M2,363,72,10,96.65,2.78,4.18,3.1,0,28.3,0,0,new,3,210,3,4.07,11,4,3.96,3.75,Yes,76.42,16.69,55000,2.09,56150,78.9
S00467,medium,Wireless Earbuds,EAR-M1,956,112,30,96.85,2.57,3.53,1.9,0,54.5,1,0,new,6,114,17,7.31,11,3,3.75,3.76,Yes,88.68,22.21,1200,-5.0,1140,51.7
S00188,small,Wireless Earbuds,EAR-M3,123,73,16,86.44,10.55,11.07,6.7,0,52.0,0,0,refurbished,6,480,20,10.49,9,9,2.49,2.35,No,66.42,52.05,5500,7.09,5890,91.0
S00150,big,Power Bank,PWR-M1,16547,2862,75,98.1,1.2,1.87,1.4,11,32.1,1,0,new,6,50,100,5.31,253,113,4.86,4.92,Yes,100,19.2,1100,-14.55,940,26.8
S00352,small,Bluetooth Speaker,SPK-M1,236,46,2,93.47,2.67,3.58,2.5,0,49.4,0,0,refurbished,3,33,5,6.95,39,15,4.12,3.89,Yes,89.62,32.81,1500,-12.67,1310,29.1
S00212,small,Wi-Fi Router,RTR-M4,352,63,11,99.42,0.48,0.85,1.1,1,56.8,0,1,new,3,330,12,2.0,30,11,4.6,4.83,Yes,85.96,2.74,9500,-4.84,9040,61.3
S00543,big,Mobile Phone,MOB-M4,12131,2576,57,99.31,0.67,1.16,1.8,7,39.7,1,1,new,6,657,97,4.13,111,68,4.83,4.34,Yes,91.33,0.06,65000,-13.54,56200,9.5
S00469,big,Smartwatch,WCH-M1,11377,1954,82,97.08,2.01,2.85,1.5,5,43.1,1,0,new,12,58,46,3.45,255,126,4.7,4.28,Yes,100,16.52,2000,-7.5,1850,27.5
S00168,small,Digital Camera,CAM-M2,236,114,24,91.97,6.59,8.15,4.4,2,48.9,1,0,new,6,720,8,7.51,8,8,3.12,3.14,No,92.61,30.32,55000,-28.91,39100,3.5
S00003,big,Gaming Console,CON-M4,18215,2451,45,97.19,1.81,2.54,2.6,9,44.6,1,0,new,12,142,160,4.81,247,84,4.23,3.95,Yes,92.87,1.83,78000,-2.44,76100,75.0
S00503,small,Smart TV,TV-M5,221,88,6,91.27,4.9,6.2,3.4,0,63.9,1,0,new,0,180,7,6.67,5,5,3.41,3.11,No,77.04,41.44,180000,-13.69,155350,30.4
S00389,small,Gaming Console,CON-M3,16,3,38,100,1.82,1.44,2.8,0,42.0,1,0,refurbished,12,267,6,3.26,0,0,,,No,,,62000,1.37,62850,82.0
S00431,small,Wi-Fi Router,RTR-M3,18,11,5,94.65,5.34,8.49,7.7,0,29.2,1,0,refurbished,6,142,6,5.83,0,0,,,No,,,5500,0.0,5500,84.8
S00526,small,Smart TV,TV-M4,101,39,25,90.92,4.33,7.14,7.3,0,54.0,1,0,new,12,70,2,3.7,14,11,3.8,3.55,Yes,87.77,44.86,90000,-29.83,63150,3.9
S00257,big,Smart TV,TV-M2,11676,785,101,98.83,0.95,1.34,1.4,4,16.3,1,1,new,12,13,83,3.81,215,40,4.35,4.15,Yes,98.93,9.69,35000,-3.29,33850,46.3
S00246,medium,Power Bank,PWR-M3,1860,559,29,95.99,2.58,2.99,2.6,2,45.8,1,0,new,6,118,48,5.83,33,21,4.12,3.77,Yes,75.5,31.72,3000,-10.33,2690,26.9
S00013,big,Smartwatch,WCH-M3,15432,3591,35,95.68,2.86,3.7,2.5,27,30.3,1,1,new,3,122,200,6.17,202,168,3.89,3.52,Yes,80.42,43.54,9000,-3.67,8670,61.3
S00329,medium,Power Bank,PWR-M2,1239,61,35,99.02,0.78,0.98,0.6,1,27.7,1,0,new,6,243,32,4.53,29,4,4.87,4.84,Yes,100,3.4,1800,-8.89,1640,50.9
S00256,small,Digital Camera,CAM-M3,188,28,12,98.85,1.17,1.84,1.7,0,15.7,1,0,new,12,45,3,2.08,5,2,5,4.57,Yes,83.68,21.47,80000,-12.75,69800,25.0
S00066,medium,Power Bank,PWR-M4,1645,284,63,97.06,1.08,1.7,2.4,0,55.1,1,1,new,12,91,18,3.21,44,25,4.82,4.33,Yes,82.68,3.11,4800,2.71,4930,78.9
S00247,small,Power Bank,PWR-M1,52,25,11,90.74,5.61,7.09,2.5,0,61.3,0,0,new,0,34,5,7.63,4,4,3.52,3.45,No,63.07,38.7,1100,-21.82,860,17.9
S00439,small,Desktop Computer,PC-M1,429,130,10,93.31,3.55,4.63,2.6,1,41.9,0,0,new,0,300,7,5.96,33,21,3.95,3.81,Yes,58.03,31.68,30000,-12.0,26400,17.7
S00218,small,Mobile Phone,MOB-M1,14,3,34,100,0.1,3.03,0.8,0,34.5,0,0,new,6,107,4,2.12,2,2,4.7,3.86,Yes,100,16.9,12000,-0.83,11900,70.6
S00116,big,Wireless Earbuds,EAR-M3,50189,14179,123,96.13,2.57,3.34,1.3,47,34.4,1,1,new,3,82,102,6.34,658,511,4.29,4.32,Yes,74.83,25.94,5500,-13.64,4750,22.4
S00522,small,Bluetooth Speaker,SPK-M2,79,34,3,95.35,4.67,5.28,2.6,0,51.3,1,0,new,0,90,4,6.32,6,6,3.58,3.32,No,84.78,37.03,3500,-24.0,2660,8.6
S00404,small,Laptop,LAP-M4,498,234,21,87.97,8.56,9.87,18.0,5,60.4,1,0,new,3,525,6,9.66,27,27,2.46,1.83,No,73.88,51.59,120000,-33.96,79250,3.6
S00385,medium,Desktop Computer,PC-M3,1924,220,37,97.31,1.33,2.43,2.5,1,32.2,1,0,new,3,434,64,4.38,27,8,4.52,4.16,Yes,97.07,18.86,65000,-3.69,62600,53.3
S00319,small,Mobile Phone,MOB-M1,147,70,26,91.98,4.11,6.93,4.6,0,49.7,1,0,new,0,152,13,6.39,4,4,3.62,3.46,Yes,85.91,43.13,12000,-17.5,9900,11.8
S00511,small,Digital Camera,CAM-M2,98,17,42,97.81,2.36,1.04,2.8,0,40.6,0,0,new,3,114,5,3.21,1,0,4.84,,Yes,90.52,9.49,55000,-2.91,53400,49.1
S00010,small,Digital Camera,CAM-M1,40,7,25,93.48,3.74,4.0,4.3,0,43.9,0,0,refurbished,12,41,4,2.97,1,0,3.63,,Yes,84.74,29.64,35000,-15.57,29550,17.7
S00302,small,Desktop Computer,PC-M4,416,53,7,96.21,2.58,3.41,1.9,2,32.3,1,0,new,0,170,2,3.9,29,10,3.87,3.74,Yes,78.68,8.23,95000,-5.84,89450,39.6
S00361,small,Wi-Fi Router,RTR-M2,60,16,18,94.79,1.76,2.08,2.1,0,36.2,0,0,new,12,123,5,3.15,6,5,4.76,4.67,Yes,96.35,0,3200,-13.44,2770,28.9
S00346,small,Smart TV,TV-M5,117,25,17,95.4,0.25,3.18,2.0,0,48.0,0,0,new,0,328,4,6.51,6,2,4.35,4.12,Yes,91.31,25.97,180000,7.0,192600,89.3
S00075,medium,Smart TV,TV-M1,1920,765,57,94.16,3.97,4.6,3.8,1,42.7,0,0,new,12,62,16,5.22,56,56,3.86,3.7,Yes,67.2,9.29,22000,-3.64,21200,62.1
S00157,small,Smartwatch,WCH-M5,201,76,2,93.66,4.27,4.85,2.9,0,31.1,1,0,new,12,60,6,6.3,11,10,3.82,3.72,Yes,94.08,38.94,45000,-6.0,42300,41.1
S00116,big,Bluetooth Speaker,SPK-M1,50189,14179,123,96.13,2.57,3.34,1.3,47,34.4,1,1,new,6,342,54,5.59,454,359,4.21,4.02,Yes,81.81,49.84,1500,-14.0,1290,25.5
S00069,small,Power Bank,PWR-M3,27,7,20,94.93,3.96,3.58,2.0,0,31.1,0,0,new,3,96,21,3.88,0,0,,,No,,,3000,4.67,3140,78.8
S00351,small,Wireless Earbuds,EAR-M3,379,51,2,99.06,1.17,1.09,1.3,1,23.6,1,0,new,3,60,5,2.88,11,3,4.98,4.82,Yes,92.44,14.58,5500,-1.82,5400,56.7
S00139,medium,Desktop Computer,PC-M5,4909,1074,62,96.33,2.46,3.13,3.4,5,35.7,1,0,new,12,107,16,3.33,226,102,4.02,3.83,Yes,89.69,19.18,160000,-0.44,159300,65.2
S00020,small,Bluetooth Speaker,SPK-M4,121,18,25,99.03,0.1,2.03,0.5,0,44.3,1,0,new,3,42,3,3.5,6,3,4.79,4.4,Yes,100,5.86,14000,12.14,15700,92.3
S00402,small,Smart TV,TV-M5,140,62,13,90.46,4.79,7.51,3.7,0,51.0,0,0,new,12,15,7,10.04,7,7,2.91,2.81,No,68.99,28.52,180000,-18.5,146700,21.4
S00065,medium,Digital Camera,CAM-M2,1584,273,17,98.99,0.84,1.6,2.3,0,53.3,1,0,new,12,100,19,3.31,75,45,4.76,4.49,Yes,79.85,22.2,55000,1.45,55800,73.7
S00467,medium,Gaming Console,CON-M5,956,112,30,96.85,2.57,3.53,1.9,0,54.5,1,0,refurbished,3,85,54,2.55,8,2,4.2,4.17,Yes,71.23,19.37,95000,-26.63,69700,6.0
S00373,small,Power Bank,PWR-M4,681,148,9,99.0,0.59,1.42,2.0,1,73.2,1,0,new,12,54,2,3.21,39,18,4.91,4.61,Yes,84.33,18.7,4800,-7.29,4450,47.4
S00093,small,Wi-Fi Router,RTR-M5,169,15,9,100,0.86,0.52,1.4,0,35.5,1,0,refurbished,12,244,6,3.45,9,3,4.52,4.57,Yes,84.05,0.21,16000,-5.0,15200,34.0
S00429,big,Smart TV,TV-M1,18008,3471,109,99.1,0.74,1.31,0.7,10,13.7,1,1,new,12,150,111,5.2,255,108,4.99,4.86,Yes,98.26,21.82,22000,-7.27,20400,48.3
S00269,small,Smart TV,TV-M4,50,3,25,97.54,2.01,1.99,2.6,0,44.1,0,0,new,12,165,5,1.52,2,0,5,,Yes,99.67,16.67,90000,-7.28,83450,45.1
S00458,big,Wireless Earbuds,EAR-M5,19893,8155,45,94.84,3.46,4.36,1.3,24,32.2,1,0,refurbished,12,15,31,7.16,316,290,3.82,3.37,Yes,92.45,27.61,28000,-5.71,26400,43.4
S00531,medium,Desktop Computer,PC-M2,2453,341,29,98.57,1.31,2.11,2.0,1,25.8,0,0,refurbished,0,642,7,2.59,32,15,4.52,4.14,Yes,91.74,3.01,45000,-2.78,43750,50.9
S00242,medium,Smart TV,TV-M3,2241,112,50,99.35,0.67,0.99,0.9,0,28.2,0,0,new,12,141,25,0.98,71,10,5,5,Yes,90.84,27.97,55000,8.45,59650,90.0
S00072,small,Digital Camera,CAM-M5,74,36,6,87.76,8.22,10.79,6.2,1,44.0,0,0,new,0,180,4,8.86,9,9,2.76,2.63,No,57.04,48.37,180000,-17.19,149050,18.0
S00356,small,Smartwatch,WCH-M1,41,21,3,87.84,4.87,7.61,4.8,0,41.3,0,0,new,0,90,3,7.93,2,2,3.08,3.08,No,72.42,58.92,2000,-23.0,1540,10.0
S00535,small,Smartwatch,WCH-M4,25,6,11,90.12,5.27,5.78,7.9,0,26.8,1,0,refurbished,12,330,13,9.95,4,3,3.75,3.34,Yes,76.53,33.51,22000,-5.45,20800,38.6
S00117,small,Digital Camera,CAM-M2,224,49,6,94.61,4.01,3.93,4.0,0,22.1,1,0,new,12,180,4,5.11,12,4,3.78,3.71,Yes,86.14,35.34,55000,-2.09,53850,52.6
S00074,medium,Smart TV,TV-M1,1675,358,24,97.76,1.44,2.2,2.3,2,25.7,1,0,used,12,215,10,3.37,58,35,4.68,4.88,Yes,80.21,4.53,22000,-11.82,19400,27.6
S00101,big,Wireless Earbuds,EAR-M2,10178,1192,106,98.66,0.9,1.45,1.3,8,28.4,1,1,new,12,77,67,4.97,51,12,4.95,4.65,Yes,67.17,8.59,2500,-1.2,2470,71.7
S00521,small,Digital Camera,CAM-M2,17,5,7,93.0,4.93,6.6,6.4,0,59.0,0,0,new,0,172,9,5.15,8,6,3.12,2.72,No,69.95,43.72,55000,-11.55,48650,22.8
S00362,small,Digital Camera,CAM-M5,246,118,15,89.49,5.69,6.98,4.9,0,34.5,0,0,refurbished,3,30,3,7.7,12,12,3.25,3.15,No,65.0,35.43,180000,-12.64,157250,26.2
S00333,medium,Digital Camera,CAM-M5,1444,222,59,98.93,0.57,1.07,1.2,0,41.7,0,0,new,6,423,28,4.61,71,36,4.64,4.69,Yes,100,13.98,180000,-7.97,165650,41.0
S00332,small,Bluetooth Speaker,SPK-M1,64,17,17,95.68,0.94,0.79,1.3,0,51.1,0,0,new,12,510,12,4.68,6,4,4.48,4.5,Yes,92.59,30.14,1500,10.67,1660,98.2
S00267,small,Smart TV,TV-M4,86,73,11,83.24,12.71,14.45,9.1,1,71.6,0,0,new,0,233,6,7.32,5,5,2.2,2.06,No,38.62,73.83,90000,-0.5,89550,78.4
S00060,small,Smart TV,TV-M5,171,66,18,90.15,8.4,8.61,6.1,1,69.2,1,0,new,3,59,6,10.77,10,9,3.16,2.8,No,48.26,43.97,180000,-14.0,154800,28.6
S00106,small,Smart TV,TV-M4,408,173,27,94.88,4.0,4.89,3.3,3,32.5,1,0,new,3,102,7,3.43,21,21,4.26,4.19,Yes,81.49,27.4,90000,-8.44,82400,41.2
S00146,medium,Bluetooth Speaker,SPK-M2,817,198,35,97.8,1.17,2.17,4.6,1,42.2,1,0,new,12,137,31,3.81,11,9,4.48,4.22,Yes,84.69,22.33,3500,15.14,4030,100.0
S00216,big,Bluetooth Speaker,SPK-M2,25438,8397,94,94.36,3.7,4.75,3.5,37,54.8,1,1,new,3,32,115,3.66,415,282,4.08,4.11,Yes,78.35,40.62,3500,1.14,3540,65.5
S00063,medium,Wireless Earbuds,EAR-M3,4811,1185,24,96.22,2.64,3.43,3.5,4,47.6,0,1,new,12,180,35,6.22,156,120,4.32,4.24,Yes,83.01,18.41,5500,14.55,6300,98.5
S00468,small,Mobile Phone,MOB-M4,47,13,8,92.89,0.1,2.36,2.9,0,44.7,1,0,new,12,195,6,4.56,7,5,5,5,Yes,95.1,12.15,65000,-2.31,63500,66.7
S00041,medium,Wi-Fi Router,RTR-M5,2253,675,30,94.38,3.76,4.41,4.1,2,49.4,1,0,new,0,161,25,4.02,58,52,3.95,4.03,Yes,60.89,23.88,16000,-4.69,15250,38.3
S00408,big,Digital Camera,CAM-M3,13087,2037,52,99.32,0.57,1.07,1.1,2,45.1,1,1,new,6,95,131,2.96,283,112,5,4.76,Yes,100,21.89,80000,-1.75,78600,60.7
S00156,small,Mobile Phone,MOB-M2,284,55,25,99.34,0.45,0.8,0.9,0,25.8,1,0,new,6,330,4,2.97,12,5,5,5,Yes,89.82,9.16,22000,-4.55,21000,52.7
S00455,small,Bluetooth Speaker,SPK-M1,53,21,3,89.27,7.17,9.04,9.1,0,53.6,0,0,new,12,90,9,10.44,5,5,2.72,2.56,No,53.55,57.1,1500,-10.67,1340,34.5
S00415,small,Power Bank,PWR-M2,134,50,3,92.77,4.16,6.78,3.8,0,36.0,1,0,used,6,82,16,8.0,6,5,3.23,3.16,No,78.11,43.94,1800,-11.67,1590,38.6
S00077,medium,Digital Camera,CAM-M2,1056,191,33,94.62,3.03,3.81,2.9,1,41.3,1,0,new,0,151,11,6.65,11,5,3.88,3.56,Yes,84.44,30.85,55000,6.55,58600,84.2
S00466,small,Wi-Fi Router,RTR-M2,55,15,34,96.43,3.56,3.76,2.7,0,65.9,1,0,new,6,131,6,5.65,2,1,4.16,4.12,Yes,88.45,16.74,3200,-15.0,2720,24.4
S00508,medium,Smartwatch,WCH-M2,1567,427,46,99.29,0.64,1.36,1.3,1,44.0,1,1,new,12,373,28,4.67,37,22,4.59,4.38,Yes,92.04,17.26,4500,-12.0,3960,36.7
S00540,small,Laptop,LAP-M1,129,28,7,99.61,0.1,0.48,1.2,0,29.1,1,0,new,3,26,5,5.7,4,2,4.85,4.71,Yes,100,27.01,38000,-11.05,33800,28.0
S00088,small,Smartwatch,WCH-M3,73,26,21,91.86,5.93,4.25,4.8,0,39.2,0,0,new,12,210,4,7.84,5,5,4.25,4.1,Yes,66.53,29.86,9000,-4.89,8560,54.8
S00334,small,Smartwatch,WCH-M1,80,15,27,98.46,1.34,1.15,2.0,0,42.4,0,0,new,3,190,5,2.96,1,1,4.67,4.34,Yes,100,1.5,2000,-2.5,1950,50.0
S00200,small,Mobile Phone,MOB-M2,18,7,23,96.32,6.72,4.3,9.8,0,31.6,0,0,used,3,193,5,7.12,1,1,3.48,3.44,No,56.6,34.07,22000,-15.68,18550,20.0
S00083,big,Desktop Computer,PC-M1,16028,2954,75,97.99,1.46,2.02,1.4,7,38.8,1,0,refurbished,12,154,178,4.32,269,83,4.45,4.33,Yes,100,17.66,30000,1.5,30450,74.2
S00405,small,Smartwatch,WCH-M2,581,263,6,93.1,4.92,5.72,3.4,1,50.8,0,0,new,12,53,7,6.96,17,13,3.91,3.45,Yes,73.41,43.45,4500,-8.89,4100,53.3
S00191,small,Gaming Console,CON-M4,22,10,11,84.17,9.4,5.59,4.5,0,46.9,0,0,new,3,330,10,7.12,1,1,3.2,2.9,No,74.03,42.16,78000,-34.94,50750,2.1
S00158,medium,Smartwatch,WCH-M3,1989,555,22,98.47,1.14,1.67,1.7,0,34.5,1,0,new,12,660,51,7.13,36,29,4.55,4.43,Yes,79.16,0.94,9000,-5.56,8500,51.6
S00197,small,Wi-Fi Router,RTR-M3,41,8,22,94.25,3.24,5.87,3.4,0,21.9,1,0,refurbished,6,89,2,3.77,1,1,4.31,4.08,Yes,85.79,25.23,5500,-1.27,5430,76.1
S00432,small,Desktop Computer,PC-M4,198,33,27,94.33,2.3,4.27,1.2,0,44.5,1,0,new,12,490,5,5.14,5,3,4.15,3.82,Yes,96.13,1.29,95000,-4.68,90550,56.6
S00446,medium,Gaming Console,CON-M5,2221,955,62,93.19,4.28,5.35,2.7,5,54.7,1,1,new,6,601,14,5.94,48,42,3.76,3.64,Yes,72.49,45.19,95000,2.63,97500,84.0
S00351,small,Mobile Phone,MOB-M2,379,51,2,99.06,1.17,1.09,1.3,1,23.6,1,0,new,12,60,7,2.12,18,4,4.67,4.52,Yes,100,16.05,22000,10.0,24200,100.0
S00240,small,Smart TV,TV-M5,324,78,15,97.76,3.16,3.02,1.9,0,33.6,0,0,new,12,249,5,5.36,39,22,4.39,4.2,Yes,88.75,30.55,180000,-2.89,174800,51.8
S00154,medium,Gaming Console,CON-M5,1213,219,74,95.07,2.93,3.81,2.0,4,43.8,1,0,new,12,107,24,4.04,44,20,4.31,4.15,Yes,86.34,31.49,95000,-3.89,91300,58.0
S00193,small,Laptop,LAP-M3,576,93,11,98.61,0.96,1.72,1.5,1,30.0,1,0,new,3,330,4,4.6,30,13,4.32,3.93,Yes,96.48,39.77,80000,-15.44,67650,22.4
S00543,big,Wi-Fi Router,RTR-M3,12131,2576,57,99.31,0.67,1.16,1.8,7,39.7,1,1,new,6,297,86,1.97,200,86,4.73,4.74,Yes,90.03,7.26,5500,-6.55,5140,39.1
S00140,small,Wi-Fi Router,RTR-M4,304,175,32,90.06,6.83,8.39,4.8,0,50.1,0,0,new,6,463,13,5.92,5,5,2.88,2.42,No,60.9,51.01,9500,-40.63,5640,3.2
S00026,small,Digital Camera,CAM-M2,64,15,4,97.85,0.1,0.61,2.7,0,50.4,1,0,new,3,73,17,2.91,2,1,4.62,4.56,Yes,91.75,30.18,55000,8.55,59700,87.7
S00228,big,Digital Camera,CAM-M1,15923,2418,65,97.98,1.25,2.01,2.0,14,53.5,1,1,new,12,404,233,0.97,316,112,4.3,4.25,Yes,96.84,6.56,35000,0.0,35000,74.2
S00227,medium,Wi-Fi Router,RTR-M2,1685,573,57,97.46,1.47,1.83,1.4,1,49.3,1,1,new,12,155,22,5.06,33,32,4.11,3.62,Yes,89.61,13.18,3200,-9.06,2910,35.6
S00195,small,Wireless Earbuds,EAR-M2,53,16,6,96.76,3.44,3.81,1.5,0,43.8,1,0,new,0,130,4,4.77,2,1,3.97,3.72,Yes,70.21,20.43,2500,-11.6,2210,30.4
S00059,small,Power Bank,PWR-M5,380,23,14,98.98,0.81,1.8,1.8,0,70.3,1,0,new,0,295,3,4.92,58,8,4.77,4.64,Yes,98.9,7.15,8500,-0.24,8480,60.0
S00514,small,Digital Camera,CAM-M1,58,8,9,97.22,1.84,1.32,2.9,0,27.4,0,0,refurbished,12,202,4,1.91,3,1,4.21,4.14,Yes,78.01,29.43,35000,-4.14,33550,54.8
S00251,small,Desktop Computer,PC-M1,40,15,12,90.1,6.81,7.41,7.2,0,41.6,0,0,new,6,360,3,8.35,2,2,3.29,2.93,No,71.87,21.12,30000,-5.83,28250,40.3
S00247,small,Wireless Earbuds,EAR-M3,52,25,11,90.74,5.61,7.09,2.5,0,61.3,0,0,new,6,330,10,8.5,2,2,3.51,2.9,No,77.01,48.41,5500,-16.18,4610,16.4
S00518,big,Bluetooth Speaker,SPK-M5,8523,2007,89,98.21,1.38,1.87,1.2,2,44.8,1,1,new,6,200,52,3.98,67,37,4.88,4.77,Yes,85.98,9.64,30000,4.0,31200,76.1
S00179,small,Mobile Phone,MOB-M1,65,9,10,95.2,0.1,2.44,0.7,0,45.0,1,0,new,12,300,15,2.83,2,1,4.49,3.87,Yes,83.87,29.37,12000,0.83,12100,72.5
S00165,small,Mobile Phone,MOB-M2,154,21,20,97.6,1.96,1.85,1.5,0,53.4,0,0,new,12,482,4,2.06,7,3,4.65,4.44,Yes,82.38,20.1,22000,3.41,22750,83.6
S00083,big,Wi-Fi Router,RTR-M4,16028,2954,75,97.99,1.46,2.02,1.4,7,38.8,1,0,new,0,203,101,3.39,236,103,4.85,4.73,Yes,86.9,0,9500,-6.42,8890,53.2
S00024,small,Smartwatch,WCH-M4,14,9,7,87.58,8.15,10.97,14.4,0,70.3,0,0,new,12,129,5,10.23,1,1,3.34,2.94,No,77.32,46.19,22000,-3.86,21150,45.5
S00408,big,Digital Camera,CAM-M2,13087,2037,52,99.32,0.57,1.07,1.1,2,45.1,1,1,new,6,261,91,2.7,300,112,5,5,Yes,100,11.28,55000,8.73,59800,89.5
S00120,small,Desktop Computer,PC-M2,115,44,8,94.41,5.25,4.78,2.4,0,43.6,1,0,new,12,195,5,7.36,4,3,3.48,3.32,No,80.55,46.9,45000,-7.22,41750,34.5
S00440,medium,Digital Camera,CAM-M5,2112,454,46,98.34,0.73,1.64,1.1,1,36.0,1,0,new,12,740,13,4.0,19,8,4.25,4.25,Yes,92.5,7.97,180000,-4.92,171150,54.1
S00318,medium,Bluetooth Speaker,SPK-M5,1708,120,43,99.18,0.47,1.16,0.9,0,33.1,1,0,new,12,80,14,5.72,80,13,4.88,4.53,Yes,97.75,12.03,30000,-1.0,29700,62.7
S00398,big,Wireless Earbuds,EAR-M1,11064,3893,108,93.84,4.17,5.17,4.1,22,66.6,1,1,new,0,140,191,6.22,148,148,3.83,4.16,Yes,76.91,25.1,1200,-3.33,1160,56.9
S00450,medium,Desktop Computer,PC-M5,2789,557,60,95.89,2.22,2.92,2.3,2,50.7,1,0,new,6,759,8,2.35,225,97,4.49,4.5,Yes,69.42,24.33,160000,-0.66,158950,63.8
S00412,big,Smart TV,TV-M1,22291,5838,77,97.25,1.78,2.4,1.4,15,30.0,1,0,new,0,182,160,2.39,115,62,4.31,4.27,Yes,94.5,16.29,22000,-4.55,21000,60.3
S00351,small,Wireless Earbuds,EAR-M5,379,51,2,99.06,1.17,1.09,1.3,1,23.6,1,0,new,6,60,14,4.72,9,3,4.32,4.18,Yes,98.55,12.55,28000,-3.93,26900,50.9
S00253,small,Laptop,LAP-M3,135,7,3,100,1.11,1.05,0.9,0,27.5,1,0,new,12,90,7,4.05,8,1,4.92,4.62,Yes,95.88,8.6,80000,-0.31,79750,82.8
S00252,small,Bluetooth Speaker,SPK-M4,65,10,11,96.86,0.1,1.63,1.0,0,25.6,0,0,used,12,190,6,2.73,4,2,4.6,4.55,Yes,79.17,21.92,14000,-2.86,13600,53.8
S00249,small,Desktop Computer,PC-M4,220,88,16,94.67,4.06,4.75,2.4,0,42.0,0,0,new,3,453,14,5.58,7,7,3.57,3.4,No,66.06,10.33,95000,17.05,111200,96.2
S00077,medium,Laptop,LAP-M3,1056,191,33,94.62,3.03,3.81,2.9,1,41.3,1,0,new,0,104,14,7.64,35,17,4.26,4.37,Yes,76.69,35.53,80000,-15.25,67800,24.1
S00477,medium,Smartwatch,WCH-M3,638,176,39,98.75,0.23,1.49,1.1,0,25.3,1,0,new,3,376,11,4.73,37,21,4.33,4.69,Yes,100,29.21,9000,-12.33,7890,29.0
S00109,small,Wi-Fi Router,RTR-M4,251,46,29,95.52,3.19,2.53,1.8,0,39.7,1,0,new,12,122,2,3.21,10,5,4.05,3.74,Yes,75.7,18.36,9500,-8.74,8670,40.3
S00403,medium,Wireless Earbuds,EAR-M3,1752,382,31,96.66,2.37,3.16,1.7,1,41.5,1,0,new,12,450,19,5.3,28,19,4.46,4.03,Yes,82.32,31.35,5500,-12.91,4790,23.9
S00424,small,Wi-Fi Router,RTR-M4,135,35,27,94.91,2.84,3.28,1.8,0,21.7,1,0,new,0,50,4,2.25,13,9,4.02,3.77,Yes,95.17,26.74,9500,-27.68,6870,9.7
S00158,medium,Desktop Computer,PC-M1,1989,555,22,98.47,1.14,1.67,1.7,0,34.5,1,0,new,12,163,17,3.86,34,29,4.79,4.64,Yes,92.66,19.59,30000,0.67,30200,69.4
S00129,small,Wireless Earbuds,EAR-M3,76,17,18,99.38,2.07,2.32,1.7,0,36.6,0,0,new,12,120,3,4.64,9,5,4.57,4.28,Yes,90.54,30.8,5500,2.0,5610,74.6
S00029,medium,Bluetooth Speaker,SPK-M4,952,190,68,98.38,0.89,1.61,1.3,0,26.4,1,0,new,6,115,48,4.2,22,13,4.73,4.63,Yes,91.64,25.45,14000,-9.29,12700,26.9
S00349,medium,Smart TV,TV-M4,2129,647,38,96.2,2.45,3.13,2.5,2,55.9,0,0,new,12,205,53,2.52,53,36,4.25,4.16,Yes,91.92,14.56,90000,3.72,93350,90.2
S00241,small,Wireless Earbuds,EAR-M5,92,56,23,87.06,9.52,11.91,9.6,0,55.4,0,0,new,12,31,1,14.04,2,2,2.08,1.45,No,54.03,54.62,28000,2.86,28800,84.9
S00362,small,Smartwatch,WCH-M1,246,118,15,89.49,5.69,6.98,4.9,0,34.5,0,0,new,3,37,5,7.37,4,4,3.13,3.04,No,76.89,43.37,2000,0.5,2010,72.5
S00033,small,Laptop,LAP-M3,54,34,4,84.52,12.55,11.12,6.6,0,51.7,0,0,new,3,120,11,12.65,2,2,2.25,1.97,No,41.95,55.91,80000,-26.44,58850,6.9
S00537,medium,Power Bank,PWR-M3,1371,94,38,97.38,1.58,2.27,2.5,0,53.6,1,0,new,0,129,30,5.32,28,4,4.18,3.8,Yes,86.47,15.35,3000,8.0,3240,92.3
S00150,big,Wireless Earbuds,EAR-M4,16547,2862,75,98.1,1.2,1.87,1.4,11,32.1,1,0,new,0,187,272,5.14,100,49,4.56,4.32,Yes,93.72,18.89,12000,11.67,13400,100.0
S00412,big,Digital Camera,CAM-M3,22291,5838,77,97.25,1.78,2.4,1.4,15,30.0,1,0,new,12,46,199,3.16,275,237,4.27,4.14,Yes,84.47,14.41,80000,-3.94,76850,50.0
S00396,small,Smartwatch,WCH-M5,104,13,22,98.5,1.51,1.18,0.7,0,42.5,0,0,new,0,532,2,4.25,4,2,4.23,4.14,Yes,88.11,1.85,45000,15.89,52150,100.0
S00037,big,Desktop Computer,PC-M2,13894,694,69,98.34,1.08,1.55,1.3,6,38.6,1,0,new,12,96,139,2.69,82,9,4.75,4.33,Yes,97.17,18.24,45000,-14.78,38350,16.4
S00066,medium,Wireless Earbuds,EAR-M3,1645,284,63,97.06,1.08,1.7,2.4,0,55.1,1,1,new,3,94,14,3.8,51,35,4.47,4.06,Yes,93.88,15.05,5500,2.73,5650,77.6
S00099,medium,Mobile Phone,MOB-M2,845,105,56,96.75,1.95,2.4,1.8,0,46.5,0,0,new,6,95,12,3.18,14,4,4.72,4.67,Yes,100,7.83,22000,2.5,22550,80.0
S00196,small,Power Bank,PWR-M4,261,67,2,95.18,2.66,3.56,3.2,1,38.2,0,0,new,12,60,3,5.36,10,9,4.02,3.43,Yes,85.83,0,4800,-7.29,4450,47.4
S00016,small,Wi-Fi Router,RTR-M5,174,64,17,98.14,2.08,2.58,1.6,1,42.3,0,0,new,0,321,17,5.3,7,7,4.26,4.13,Yes,66.91,29.43,16000,2.81,16450,74.5
S00020,small,Gaming Console,CON-M1,121,18,25,99.03,0.1,2.03,0.5,0,44.3,1,0,new,0,108,7,2.83,6,2,4.67,4.35,Yes,100,12.19,38000,-5.13,36050,52.4
S00289,small,Smartwatch,WCH-M2,17,12,6,80.58,12.49,18.21,12.8,0,56.0,0,0,new,12,81,6,13.62,1,1,1.7,1.31,No,32.36,73.01,4500,-18.44,3670,15.0
S00429,big,Digital Camera,CAM-M2,18008,3471,109,99.1,0.74,1.31,0.7,10,13.7,1,1,new,3,104,112,2.56,132,72,4.73,4.37,Yes,94.15,24.88,55000,0.73,55400,71.9
S00126,small,Desktop Computer,PC-M2,57,15,13,97.5,1.65,3.22,4.8,0,39.5,1,0,refurbished,0,58,6,3.51,4,3,4.1,3.53,Yes,97.26,19.92,45000,-2.89,43700,47.3
S00243,small,Laptop,LAP-M4,21,15,16,79.72,14.68,16.07,14.8,0,62.8,0,0,new,0,18,9,14.32,0,0,,,No,,,120000,-42.37,69150,1.8
S00264,medium,Digital Camera,CAM-M1,1677,234,10,97.41,1.43,2.4,1.4,0,34.3,1,0,new,3,300,18,0.41,16,5,4.69,4.6,Yes,100,2.01,35000,1.14,35400,75.8
S00128,small,Laptop,LAP-M5,170,23,8,96.18,1.66,2.37,2.7,0,34.7,1,0,used,12,240,6,6.59,20,7,4.19,4.07,Yes,83.06,30.45,190000,-10.58,169900,21.0
S00502,small,Laptop,LAP-M3,65,25,14,95.12,4.3,4.86,2.1,0,31.5,0,0,used,12,124,3,6.88,2,2,3.66,3.51,Yes,85.74,25.67,80000,-11.25,71000,39.7
S00070,small,Smart TV,TV-M1,36,13,10,94.58,4.32,4.41,5.0,0,45.5,1,0,new,3,191,7,4.32,4,3,4.55,4.53,Yes,60.93,14.56,22000,9.77,24150,96.6
S00444,small,Bluetooth Speaker,SPK-M3,47,21,10,94.17,5.81,5.67,7.7,0,58.4,0,0,new,12,300,8,7.44,1,1,3.46,3.28,No,74.02,52.11,7000,-5.86,6590,42.6
S00540,small,Laptop,LAP-M2,129,28,7,99.61,0.1,0.48,1.2,0,29.1,1,0,new,6,77,4,3.67,3,2,4.56,4.02,Yes,100,0,55000,7.45,59100,93.0
S00088,small,Smartwatch,WCH-M4,73,26,21,91.86,5.93,4.25,4.8,0,39.2,0,0,new,0,630,2,8.41,3,3,3.77,3.46,Yes,70.03,45.03,22000,-2.95,21350,50.0
S00538,big,Smartwatch,WCH-M4,21530,8371,76,95.25,3.2,4.03,3.2,31,65.0,1,0,new,12,321,40,7.91,235,235,4.25,4.42,Yes,78.52,18.67,22000,6.14,23350,77.3
S00237,medium,Smartwatch,WCH-M2,924,137,48,99.82,0.66,1.45,1.2,0,49.7,1,1,new,6,515,13,2.53,42,23,4.8,4.86,Yes,74.21,14.92,4500,-2.22,4400,78.3
S00301,small,Wireless Earbuds,EAR-M3,77,11,37,92.05,3.3,3.86,1.7,0,48.3,0,0,new,12,115,7,6.01,2,1,3.88,3.92,Yes,94.51,14.02,5500,-21.64,4310,6.0
S00071,big,Power Bank,PWR-M1,19291,4612,63,98.68,0.86,1.46,1.1,15,18.4,1,1,new,12,656,56,4.59,236,145,4.72,4.71,Yes,80.49,26.12,1100,-16.36,920,21.4
S00450,medium,Mobile Phone,MOB-M5,2789,557,60,95.89,2.22,2.92,2.3,2,50.7,1,0,new,12,156,16,6.45,206,100,4.25,4.76,Yes,90.24,16.44,140000,10.32,154450,98.3
S00101,big,Mobile Phone,MOB-M1,10178,1192,106,98.66,0.9,1.45,1.3,8,28.4,1,1,new,0,74,94,1.87,170,42,4.85,4.42,Yes,87.29,7.84,12000,-2.08,11750,60.8
S00066,medium,Wireless Earbuds,EAR-M1,1645,284,63,97.06,1.08,1.7,2.4,0,55.1,1,1,new,12,180,14,6.69,26,13,4.83,5,Yes,85.68,0.3,1200,0.83,1210,65.5
S00228,big,Laptop,LAP-M2,15923,2418,65,97.98,1.25,2.01,2.0,14,53.5,1,1,new,12,87,55,3.45,392,140,4.71,4.62,Yes,100,5.58,55000,1.0,55550,77.2
S00219,small,Wi-Fi Router,RTR-M1,174,31,24,96.09,2.69,2.92,1.8,0,53.2,1,0,new,6,254,6,4.56,12,7,4.5,3.86,Yes,92.84,40.21,1800,-6.67,1680,53.1
S00258,small,Digital Camera,CAM-M2,110,35,2,94.22,2.58,3.31,5.4,0,41.7,0,0,new,12,60,7,4.94,22,17,3.98,3.96,Yes,80.29,32.3,55000,-1.18,54350,59.6
S00429,big,Digital Camera,CAM-M4,18008,3471,109,99.1,0.74,1.31,0.7,10,13.7,1,1,new,6,43,133,2.27,110,46,4.76,4.81,Yes,100,9.43,100000,-7.7,92300,46.6
S00387,big,Power Bank,PWR-M5,21188,2382,60,99.12,0.69,1.3,0.8,9,32.2,1,1,new,6,715,40,4.24,364,109,4.87,4.64,Yes,62.86,24.34,8500,16.71,9920,98.2
S00158,medium,Desktop Computer,PC-M2,1989,555,22,98.47,1.14,1.67,1.7,0,34.5,1,0,refurbished,12,38,12,5.13,16,7,4.6,4.39,Yes,89.07,16.99,45000,-2.78,43750,50.9
S00148,medium,Desktop Computer,PC-M1,3985,993,53,97.26,1.83,2.46,1.5,3,42.2,1,0,new,0,299,16,2.76,31,16,5,4.51,Yes,86.79,1.08,30000,-11.67,26500,19.4
S00202,medium,Power Bank,PWR-M2,1863,420,32,99.42,0.95,1.27,1.1,3,37.2,1,0,new,6,24,28,2.83,29,13,4.72,4.8,Yes,81.82,18.12,1800,-18.33,1470,15.8
S00493,small,Wi-Fi Router,RTR-M1,59,15,5,96.84,1.39,3.42,1.6,0,37.6,1,0,new,6,34,3,2.62,2,1,4.84,4.99,Yes,96.34,17.11,1800,6.11,1910,90.6
S00407,small,Mobile Phone,MOB-M5,47,9,44,98.04,2.72,0.66,1.6,0,43.0,0,0,new,0,114,10,5.88,2,1,4.37,4.28,Yes,89.38,37.61,140000,-13.79,120700,22.4
S00144,medium,Digital Camera,CAM-M3,3085,1463,51,92.82,4.43,5.6,3.7,8,44.3,0,0,new,3,406,31,5.52,60,60,4.02,3.94,Yes,64.07,25.28,80000,-2.88,77700,53.6
S00374,small,Bluetooth Speaker,SPK-M5,181,29,14,99.67,1.61,1.74,0.7,0,33.8,0,0,new,12,15,6,4.95,7,4,4.29,4.14,Yes,89.09,12.99,30000,8.83,32650,95.5
S00249,small,Smartwatch,WCH-M3,220,88,16,94.67,4.06,4.75,2.4,0,42.0,0,0,new,6,86,4,7.81,3,3,3.82,3.68,Yes,97.07,38.91,9000,-10.56,8050,37.1
S00420,small,Smart TV,TV-M3,30,1,18,100,0.1,0.98,0.7,0,27.2,0,0,new,6,119,2,1.92,5,0,4.65,,Yes,84.4,0,55000,4.09,57250,82.0
S00325,small,Desktop Computer,PC-M1,80,7,10,98.45,1.57,1.45,1.4,0,24.6,0,1,new,6,142,11,6.21,4,1,4.8,4.99,Yes,93.91,17.89,30000,2.33,30700,79.0
S00202,medium,Bluetooth Speaker,SPK-M5,1863,420,32,99.42,0.95,1.27,1.1,3,37.2,1,0,new,12,141,12,3.6,47,29,4.8,4.28,Yes,90.29,10.12,30000,4.33,31300,79.1
S00064,small,Desktop Computer,PC-M4,69,14,6,99.77,2.32,3.32,2.0,0,55.6,1,0,new,6,144,3,4.64,4,1,4.08,4.02,Yes,99.25,17.9,95000,14.95,109200,92.5
S00509,small,Bluetooth Speaker,SPK-M1,155,9,7,99.18,1.18,2.25,2.4,0,33.1,1,1,new,12,31,11,5.19,12,2,4.47,4.5,Yes,95.83,23.79,1500,-14.67,1280,23.6
S00313,big,Laptop,LAP-M5,38276,4207,64,99.32,0.56,1.07,1.2,19,34.8,1,0,new,12,34,186,2.65,241,89,5,4.58,Yes,98.66,0,190000,10.32,209600,90.3
S00209,medium,Laptop,LAP-M4,1626,329,14,98.69,0.77,1.14,1.4,1,25.5,1,0,new,12,35,25,5.58,18,9,5,4.68,Yes,100,0.15,120000,4.33,125200,92.7
S00299,small,Power Bank,PWR-M1,34,7,17,98.28,2.81,3.79,1.4,0,44.8,0,0,new,6,168,8,3.97,0,0,,,No,,,1100,-0.91,1090,64.3
S00315,medium,Smartwatch,WCH-M1,1511,439,48,93.56,4.15,5.57,9.3,3,61.5,1,1,new,6,257,34,7.83,27,20,3.81,3.77,Yes,72.76,30.34,2000,18.5,2370,100.0
S00470,small,Gaming Console,CON-M5,104,13,6,97.65,0.98,2.31,4.1,0,26.6,0,0,new,12,180,4,3.49,2,1,4.32,3.83,Yes,94.13,30.08,95000,2.58,97450,80.0
S00415,small,Power Bank,PWR-M3,134,50,3,92.77,4.16,6.78,3.8,0,36.0,1,0,new,0,90,8,5.98,9,9,3.4,3.47,No,72.41,37.3,3000,-21.0,2370,3.8
S00408,big,Wi-Fi Router,RTR-M5,13087,2037,52,99.32,0.57,1.07,1.1,2,45.1,1,1,new,6,60,27,4.57,258,113,4.88,4.89,Yes,99.09,0.42,16000,-0.94,15850,55.3
S00443,medium,Wi-Fi Router,RTR-M1,2892,687,69,97.5,1.89,2.93,1.2,0,33.4,1,0,new,12,234,28,4.59,89,62,4.1,4.15,Yes,72.35,26.5,1800,-11.11,1600,31.2
S00363,big,Desktop Computer,PC-M1,11473,3227,34,98.05,1.24,1.88,1.6,3,40.7,1,0,new,6,117,110,3.96,182,182,4.21,4.31,Yes,79.35,11.4,30000,-14.83,25550,11.3
S00303,big,Wi-Fi Router,RTR-M5,24007,4159,86,97.46,1.67,2.38,1.6,15,41.0,1,0,new,12,66,121,5.21,173,75,4.29,4.1,Yes,87.02,18.57,16000,1.88,16300,70.2
S00005,small,Power Bank,PWR-M2,80,39,18,88.67,8.43,10.78,4.5,1,50.9,0,0,new,12,93,7,12.65,5,5,2.69,2.68,No,42.12,69.42,1800,-6.11,1690,61.4
S00248,small,Wireless Earbuds,EAR-M3,52,15,17,94.11,4.05,5.84,3.1,0,33.1,1,0,used,3,334,4,6.87,0,0,,,No,,,5500,-5.82,5180,38.8
S00227,medium,Smartwatch,WCH-M5,1685,573,57,97.46,1.47,1.83,1.4,1,49.3,1,1,new,12,58,12,3.28,34,26,4.67,4.25,Yes,81.45,43.44,45000,-32.33,30450,5.4
S00018,medium,Digital Camera,CAM-M5,500,142,32,98.05,2.27,3.51,5.9,0,26.9,1,0,new,0,631,10,5.23,4,3,4.31,4.18,Yes,91.38,28.63,180000,-3.08,174450,63.9
S00531,medium,Power Bank,PWR-M5,2453,341,29,98.57,1.31,2.11,2.0,1,25.8,0,0,new,0,241,37,4.53,19,7,5,4.84,Yes,99.03,7.24,8500,-0.59,8450,58.2
S00083,big,Wireless Earbuds,EAR-M2,16028,2954,75,97.99,1.46,2.02,1.4,7,38.8,1,0,new,0,105,150,5.14,298,137,4.58,4.69,Yes,75.79,25.25,2500,-12.8,2180,26.1
S00331,small,Bluetooth Speaker,SPK-M4,85,33,10,90.82,6.07,8.56,7.7,0,39.5,0,0,new,12,262,2,9.06,6,5,3.1,2.62,No,67.63,34.61,14000,-3.57,13500,50.0
S00391,small,Wireless Earbuds,EAR-M1,107,21,13,100,0.17,1.38,2.9,0,38.1,1,0,new,12,51,6,3.19,5,2,4.87,4.54,Yes,78.3,9.91,1200,0.83,1210,65.5
S00027,small,Power Bank,PWR-M2,140,51,9,91.31,5.76,7.74,5.0,0,69.9,1,0,new,6,91,14,9.77,18,18,2.79,2.42,No,70.69,39.88,1800,-9.44,1630,45.6
S00357,medium,Laptop,LAP-M2,2759,451,21,99.79,0.61,1.07,0.8,1,55.4,1,1,new,12,65,11,3.81,40,16,4.7,4.52,Yes,99.72,28.67,55000,-5.36,52050,54.4
S00347,small,Wi-Fi Router,RTR-M4,130,27,14,95.26,2.52,3.58,2.1,0,28.6,1,0,refurbished,3,83,3,3.46,7,4,4.46,4.26,Yes,88.28,33.33,9500,-4.63,9060,62.9
S00387,big,Desktop Computer,PC-M2,21188,2382,60,99.12,0.69,1.3,0.8,9,32.2,1,1,new,6,32,41,2.08,485,175,4.59,4.24,Yes,90.18,27.28,45000,0.33,45150,60.0
S00541,medium,Laptop,LAP-M4,2360,1111,47,92.09,5.24,6.5,6.5,4,50.8,0,0,new,6,64,46,9.67,30,26,3.34,3.47,No,69.49,45.65,120000,14.21,137050,100.0
S00537,medium,Digital Camera,CAM-M3,1371,94,38,97.38,1.58,2.27,2.5,0,53.6,1,0,new,12,66,22,4.12,24,4,4.4,4.13,Yes,100,12.04,80000,-7.06,74350,30.4
S00021,small,Laptop,LAP-M3,66,20,17,94.66,3.06,3.57,3.6,0,42.5,1,0,new,12,54,4,6.6,4,4,4.01,3.57,Yes,74.72,36.69,80000,-6.13,75100,60.3
S00289,small,Wi-Fi Router,RTR-M1,17,12,6,80.58,12.49,18.21,12.8,0,56.0,0,0,new,0,180,4,9.64,1,1,1.69,1.21,No,49.56,69.83,1800,8.89,1960,96.9
S00327,medium,Smart TV,TV-M1,2408,754,63,96.65,1.72,2.73,1.5,0,31.8,1,0,refurbished,0,26,16,4.58,76,69,4.38,3.97,Yes,74.98,21.96,22000,-7.5,20350,43.1
S00384,medium,Digital Camera,CAM-M4,1381,574,43,91.81,5.02,6.37,4.3,3,48.3,0,0,new,6,1290,22,4.09,39,31,3.24,2.92,No,52.61,47.01,100000,-18.5,81500,15.5
S00387,big,Mobile Phone,MOB-M2,21188,2382,60,99.12,0.69,1.3,0.8,9,32.2,1,1,new,12,326,181,4.13,274,75,4.99,4.89,Yes,93.81,28.95,22000,-1.14,21750,69.1
S00201,small,Laptop,LAP-M2,265,146,28,91.26,5.56,6.2,6.3,0,57.2,0,0,new,0,463,13,8.36,17,17,3.41,3.33,No,70.11,29.9,55000,-9.27,49900,31.6
S00189,medium,Smartwatch,WCH-M1,1742,113,52,97.81,1.34,1.55,2.0,0,44.4,1,1,new,12,126,33,5.11,31,4,4.52,4.45,Yes,90.89,12.15,2000,-9.0,1820,22.5
S00530,small,Laptop,LAP-M2,77,29,14,96.61,2.3,3.96,3.3,0,34.6,1,0,new,12,73,2,3.63,1,1,4.63,4.45,Yes,76.48,32.75,55000,2.64,56450,80.7
S00432,small,Bluetooth Speaker,SPK-M5,198,33,27,94.33,2.3,4.27,1.2,0,44.5,1,0,new,0,106,6,6.6,12,6,3.4,3.12,No,74.28,25.73,30000,5.83,31750,83.6
S00353,small,Power Bank,PWR-M5,93,21,10,97.54,1.57,3.44,2.3,0,43.4,0,0,used,0,114,3,5.6,5,3,4.41,4.66,Yes,98.58,30.86,8500,5.53,8970,85.5
S00245,small,Wi-Fi Router,RTR-M2,103,67,14,86.31,12.77,14.74,13.7,2,45.2,0,0,new,0,103,4,11.62,5,5,2.01,1.72,No,38.11,72.91,3200,-34.38,2100,2.2
S00533,small,Power Bank,PWR-M4,30,20,5,89.14,7.81,10.82,10.5,0,54.5,1,1,new,0,150,2,9.55,1,1,2.51,2.13,No,55.59,61.37,4800,-13.12,4170,28.1
S00387,big,Desktop Computer,PC-M5,21188,2382,60,99.12,0.69,1.3,0.8,9,32.2,1,1,new,12,184,144,2.03,341,116,4.68,4.49,Yes,100,3.48,160000,9.22,174750,95.7
S00144,medium,Wireless Earbuds,EAR-M4,3085,1463,51,92.82,4.43,5.6,3.7,8,44.3,0,0,new,0,331,11,6.65,33,33,3.54,3.88,No,71.75,40.2,12000,-1.67,11800,79.1
S00510,small,Smart TV,TV-M4,94,29,5,91.92,3.78,5.51,4.6,0,62.6,0,0,new,12,150,4,3.91,1,1,4.04,3.74,Yes,78.85,42.56,90000,-20.56,71500,9.8
S00534,small,Laptop,LAP-M3,16,1,4,98.73,2.8,3.17,5.6,0,40.3,1,0,new,0,120,8,5.78,1,0,4.45,,Yes,83.1,29.39,80000,-13.25,69400,27.6
S00481,small,Wireless Earbuds,EAR-M5,516,114,52,98.4,1.06,2.32,1.1,1,46.4,1,0,new,6,116,5,5.01,30,19,4.29,4.1,Yes,100,0,28000,-1.61,27550,66.0
S00384,medium,Desktop Computer,PC-M4,1381,574,43,91.81,5.02,6.37,4.3,3,48.3,0,0,new,6,484,28,5.45,22,22,3.44,3.58,No,77.05,41.73,95000,-3.47,91700,62.3
S00217,small,Laptop,LAP-M4,37,16,17,93.83,4.96,6.4,2.9,0,27.6,0,0,new,0,297,7,6.85,4,3,3.75,3.28,Yes,70.85,45.71,120000,-10.83,107000,38.2
S00429,big,Desktop Computer,PC-M4,18008,3471,109,99.1,0.74,1.31,0.7,10,13.7,1,1,new,12,622,79,1.74,132,76,4.74,4.65,Yes,99.24,35.46,95000,-10.26,85250,26.4
S00090,medium,Bluetooth Speaker,SPK-M1,1191,278,46,98.34,0.92,1.73,3.0,1,56.2,1,1,new,12,61,31,4.96,31,17,4.47,4.33,Yes,97.0,11.05,1500,3.33,1550,80.0
S00304,small,Desktop Computer,PC-M5,56,21,6,93.23,2.95,4.55,8.9,0,53.3,1,0,new,6,54,6,4.27,1,1,4.12,4.07,Yes,78.52,18.07,160000,0.63,161000,71.0
S00013,big,Smartwatch,WCH-M2,15432,3591,35,95.68,2.86,3.7,2.5,27,30.3,1,1,new,3,36,50,4.69,442,282,4.43,4.5,Yes,94.59,29.41,4500,-19.56,3620,11.7
S00248,small,Wi-Fi Router,RTR-M4,52,15,17,94.11,4.05,5.84,3.1,0,33.1,1,0,new,12,95,9,3.87,3,2,3.95,3.53,Yes,76.85,28.92,9500,-7.47,8790,43.5
S00270,small,Digital Camera,CAM-M3,131,27,2,95.6,1.65,3.13,2.0,0,19.6,1,0,new,6,60,6,4.27,6,3,4.19,4.42,Yes,87.35,11.46,80000,-4.87,76100,48.2
S00003,big,Mobile Phone,MOB-M2,18215,2451,45,97.19,1.81,2.54,2.6,9,44.6,1,0,refurbished,12,191,219,2.71,263,94,4.0,3.93,Yes,100,1.07,22000,-3.41,21250,54.5
S00161,small,Gaming Console,CON-M4,80,25,6,95.75,6.26,4.62,5.9,0,37.4,0,0,new,0,153,10,3.88,3,2,3.65,3.92,Yes,58.97,33.0,78000,-0.45,77650,81.2
S00237,medium,Power Bank,PWR-M5,924,137,48,99.82,0.66,1.45,1.2,0,49.7,1,1,new,12,308,72,2.85,38,15,4.68,4.43,Yes,73.12,11.33,8500,4.35,8870,80.0
S00115,small,Desktop Computer,PC-M2,52,23,14,91.16,4.81,7.0,4.7,0,37.1,0,0,new,0,89,6,5.73,7,5,3.27,3.39,No,81.72,29.37,45000,-3.89,43250,43.6
S00391,small,Gaming Console,CON-M2,107,21,13,100,0.17,1.38,2.9,0,38.1,1,0,new,6,390,3,1.26,5,2,4.47,4.51,Yes,84.36,15.22,52000,-2.79,50550,56.0
S00276,small,Wireless Earbuds,EAR-M5,58,4,5,97.59,0.1,1.19,1.0,0,22.1,1,0,new,0,150,3,6.39,10,1,4.26,4.18,Yes,80.21,22.34,28000,0.71,28200,73.6
S00359,small,Bluetooth Speaker,SPK-M3,62,5,17,100,0.89,1.13,1.2,0,18.2,0,0,new,12,28,9,4.52,4,1,4.48,4.25,Yes,88.63,22.58,7000,4.86,7340,85.2
S00163,small,Desktop Computer,PC-M1,128,50,12,91.22,5.27,7.15,11.3,0,27.3,1,0,new,0,55,5,6.68,8,7,3.49,3.29,No,75.17,36.93,30000,9.0,32700,91.9
S00439,small,Wi-Fi Router,RTR-M5,429,130,10,93.31,3.55,4.63,2.6,1,41.9,0,0,new,6,124,4,5.55,25,18,3.95,3.82,Yes,71.12,29.68,16000,-15.31,13550,14.9
S00228,big,Desktop Computer,PC-M1,15923,2418,65,97.98,1.25,2.01,2.0,14,53.5,1,1,new,12,187,99,4.89,204,60,4.59,4.41,Yes,84.92,8.33,30000,-4.17,28750,46.8
S00101,big,Laptop,LAP-M2,10178,1192,106,98.66,0.9,1.45,1.3,8,28.4,1,1,new,3,57,109,4.12,72,27,4.86,4.74,Yes,100,9.84,55000,-7.09,51100,40.4
S00003,big,Smart TV,TV-M4,18215,2451,45,97.19,1.81,2.54,2.6,9,44.6,1,0,used,3,223,119,3.11,175,64,4.67,4.93,Yes,100,0,90000,-4.83,85650,60.8
S00118,small,Gaming Console,CON-M5,62,27,14,86.38,10.13,12.13,4.6,0,60.3,0,0,new,12,166,5,7.88,1,1,2.12,1.9,No,77.83,53.82,95000,-8.95,86500,36.0
S00419,small,Digital Camera,CAM-M4,113,39,22,96.97,2.03,3.59,2.6,0,41.6,0,0,used,0,114,5,2.72,4,3,4.48,4.54,Yes,84.94,15.35,100000,-5.75,94250,56.9
S00313,big,Power Bank,PWR-M4,38276,4207,64,99.32,0.56,1.07,1.2,19,34.8,1,0,new,3,14,96,2.13,241,76,4.83,4.89,Yes,95.89,5.7,4800,-6.46,4490,52.6
S00449,small,Mobile Phone,MOB-M2,47,29,6,92.04,7.97,8.26,6.5,1,17.5,0,0,new,6,180,9,7.82,2,2,3.05,2.95,No,57.19,51.58,22000,-15.45,18600,21.8
S00516,small,Mobile Phone,MOB-M1,378,161,8,92.35,5.43,7.12,6.9,2,61.3,1,0,new,12,60,8,4.47,12,11,3.46,2.92,No,67.22,43.34,12000,-19.58,9650,9.8
S00209,medium,Wi-Fi Router,RTR-M1,1626,329,14,98.69,0.77,1.14,1.4,1,25.5,1,0,new,12,39,33,3.29,20,9,4.52,4.66,Yes,100,17.33,1800,5.56,1900,89.1
S00313,big,Power Bank,PWR-M1,38276,4207,64,99.32,0.56,1.07,1.2,19,34.8,1,0,refurbished,12,82,80,4.65,606,191,4.86,4.8,Yes,92.63,2.17,1100,-5.45,1040,51.8
S00120,small,Desktop Computer,PC-M3,115,44,8,94.41,5.25,4.78,2.4,0,43.6,1,0,new,12,240,27,5.56,1,1,3.25,2.96,No,78.31,22.36,65000,11.15,72250,98.3
S00317,small,Laptop,LAP-M3,253,35,8,95.14,1.57,2.56,2.4,1,42.1,1,0,new,12,118,1,6.06,5,2,4.2,4.11,Yes,93.34,10.43,80000,9.62,87700,98.3
S00023,small,Power Bank,PWR-M4,91,39,4,95.57,3.86,4.81,3.2,0,27.4,0,0,new,12,120,7,7.49,3,3,3.98,3.72,Yes,77.17,51.13,4800,-5.83,4520,54.4
S00499,small,Desktop Computer,PC-M4,172,8,4,98.57,1.61,1.49,3.5,0,38.9,1,0,new,6,120,5,3.52,14,2,4.55,4.84,Yes,95.11,12.92,95000,4.32,99100,81.1
S00071,big,Wi-Fi Router,RTR-M5,19291,4612,63,98.68,0.86,1.46,1.1,15,18.4,1,1,new,3,63,89,3.83,263,148,4.06,3.96,Yes,77.4,3.06,16000,0.0,16000,57.4
S00275,medium,Wireless Earbuds,EAR-M5,1828,658,74,94.04,4.01,4.82,4.9,3,34.7,0,0,new,12,122,26,7.48,47,32,3.78,3.79,Yes,90.47,37.38,28000,-16.07,23500,17.0
S00514,small,Wireless Earbuds,EAR-M1,58,8,9,97.22,1.84,1.32,2.9,0,27.4,0,0,new,6,137,3,4.44,1,0,4.63,,Yes,84.81,34.49,1200,-10.83,1070,25.9
S00230,small,Desktop Computer,PC-M5,180,35,8,93.27,4.52,5.08,3.9,0,40.8,1,0,new,6,240,7,4.05,10,6,4.04,4.15,Yes,98.86,18.1,160000,-5.03,151950,47.8
S00488,small,Wireless Earbuds,EAR-M1,219,74,29,95.54,3.18,4.42,5.1,1,39.5,1,0,new,0,120,8,7.69,11,11,4.09,3.83,Yes,85.37,42.82,1200,-10.0,1080,31.0
S00148,medium,Desktop Computer,PC-M2,3985,993,53,97.26,1.83,2.46,1.5,3,42.2,1,0,new,12,195,23,4.23,84,60,4.43,4.38,Yes,78.94,26.65,45000,-10.22,40400,25.5
S00543,big,Smart TV,TV-M3,12131,2576,57,99.31,0.67,1.16,1.8,7,39.7,1,1,new,12,327,133,2.66,219,121,5,4.87,Yes,100,12.39,55000,-4.18,52700,46.0
S00510,small,Gaming Console,CON-M2,94,29,5,91.92,3.78,5.51,4.6,0,62.6,0,0,used,12,103,6,2.38,5,3,4.02,3.87,Yes,68.82,38.02,52000,-10.96,46300,28.0
S00408,big,Wireless Earbuds,EAR-M2,13087,2037,52,99.32,0.57,1.07,1.1,2,45.1,1,1,new,0,72,208,3.62,199,56,4.7,4.93,Yes,80.57,0,2500,7.6,2690,89.1
S00306,small,Wi-Fi Router,RTR-M2,84,36,8,84.94,6.39,7.97,2.0,0,27.1,0,0,new,0,240,13,7.81,2,2,3.48,2.71,No,72.75,54.03,3200,-18.44,2610,15.6
S00118,small,Smartwatch,WCH-M5,62,27,14,86.38,10.13,12.13,4.6,0,60.3,0,0,new,6,325,4,8.76,2,2,2.23,1.91,No,54.37,48.81,45000,-10.0,40500,28.6
S00264,medium,Power Bank,PWR-M5,1677,234,10,97.41,1.43,2.4,1.4,0,34.3,1,0,new,12,90,13,3.43,33,13,4.7,4.5,Yes,71.87,21.17,8500,2.35,8700,72.7
S00539,small,Wi-Fi Router,RTR-M5,43,8,11,100,2.84,3.73,1.5,0,53.7,0,0,new,0,330,5,5.43,1,0,4.49,,Yes,86.1,30.86,16000,-2.81,15550,44.7
S00003,big,Smartwatch,WCH-M5,18215,2451,45,97.19,1.81,2.54,2.6,9,44.6,1,0,new,12,72,104,3.87,126,41,4.43,4.4,Yes,100,11.85,45000,5.11,47300,83.9
S00360,small,Mobile Phone,MOB-M1,111,35,16,94.26,3.19,3.92,2.2,0,52.1,0,0,new,6,241,14,4.08,7,4,4.26,3.82,Yes,76.77,47.63,12000,5.42,12650,86.3
S00067,medium,Desktop Computer,PC-M1,1436,281,49,99.93,0.65,0.92,0.8,1,21.1,1,0,new,12,29,25,4.98,49,25,4.66,4.27,Yes,83.73,13.17,30000,-2.33,29300,56.5
S00101,big,Smart TV,TV-M4,10178,1192,106,98.66,0.9,1.45,1.3,8,28.4,1,1,new,12,850,66,1.48,151,43,4.89,4.74,Yes,85.9,28.86,90000,-9.06,81850,39.2
S00042,small,Mobile Phone,MOB-M2,79,13,33,94.87,2.06,3.37,5.1,0,49.8,0,0,new,0,331,11,4.22,14,7,4.28,4.25,Yes,78.71,8.73,22000,-17.5,18150,16.4
S00523,small,Wireless Earbuds,EAR-M2,70,29,15,94.32,3.32,4.49,2.6,1,57.9,1,1,new,0,123,2,6.39,1,1,3.54,3.39,No,71.76,23.1,2500,7.2,2680,87.0
S00441,small,Smartwatch,WCH-M2,9,4,17,94.12,7.15,9.89,6.8,0,31.6,0,0,refurbished,6,128,3,7.74,1,1,3.21,3.02,No,81.9,48.42,4500,9.11,4910,96.7
S00222,big,Power Bank,PWR-M4,17934,2698,30,99.03,0.77,1.29,0.9,7,21.7,1,1,new,6,92,80,2.44,279,139,4.51,4.16,Yes,100,18.73,4800,-15.0,4080,19.3
S00537,medium,Smartwatch,WCH-M2,1371,94,38,97.38,1.58,2.27,2.5,0,53.6,1,0,new,3,220,52,5.2,46,7,4.2,4.31,Yes,97.89,36.1,4500,-3.33,4350,68.3
S00062,medium,Mobile Phone,MOB-M3,2241,619,33,98.4,1.06,1.41,1.4,1,49.6,1,0,new,12,347,27,2.08,78,62,5,4.84,Yes,65.28,41.87,38000,-9.47,34400,33.3
S00131,medium,Bluetooth Speaker,SPK-M2,2677,846,22,96.4,2.75,3.53,2.4,2,61.3,0,1,new,12,334,7,4.38,75,69,4.36,3.97,Yes,83.11,34.41,3500,0.57,3520,63.8
S00161,small,Digital Camera,CAM-M5,80,25,6,95.75,6.26,4.62,5.9,0,37.4,0,0,new,6,180,3,4.58,4,3,3.92,3.57,Yes,85.83,51.11,180000,-1.42,177450,73.8
S00039,medium,Bluetooth Speaker,SPK-M1,1152,346,34,95.13,3.07,3.8,2.4,5,38.5,1,0,new,12,66,15,9.57,22,22,3.69,3.53,Yes,92.17,26.23,1500,2.0,1530,69.1
S00278,small,Laptop,LAP-M2,458,232,6,86.69,8.98,10.98,4.8,9,46.9,0,0,new,6,91,21,10.2,53,53,2.49,2.41,No,41.26,43.95,55000,20.91,66500,100.0
S00534,small,Bluetooth Speaker,SPK-M2,16,1,4,98.73,2.8,3.17,5.6,0,40.3,1,0,new,12,53,7,4.97,1,0,4.18,,Yes,100,27.88,3500,2.86,3600,75.9
S00363,big,Smartwatch,WCH-M2,11473,3227,34,98.05,1.24,1.88,1.6,3,40.7,1,0,new,12,590,61,5.67,151,79,4.29,3.86,Yes,93.66,27.16,4500,-9.33,4080,50.0
S00383,small,Power Bank,PWR-M3,87,48,14,86.94,8.66,9.2,9.7,0,36.0,1,0,new,0,208,7,8.49,2,2,3.0,2.56,No,60.08,53.93,3000,-22.33,2330,1.9
S00498,small,Smartwatch,WCH-M1,57,10,9,94.88,1.98,0.5,0.5,0,29.7,0,0,new,12,48,10,4.89,1,0,4.72,,Yes,94.28,22.89,2000,-9.5,1810,20.0
S00421,small,Desktop Computer,PC-M5,25,8,13,86.14,7.61,6.86,6.9,0,48.5,0,0,refurbished,3,212,10,6.46,2,1,3.41,3.04,No,71.21,29.81,160000,-20.56,127100,8.7
S00374,small,Wi-Fi Router,RTR-M5,181,29,14,99.67,1.61,1.74,0.7,0,33.8,0,0,new,12,19,8,3.42,5,2,4.65,4.36,Yes,100,11.2,16000,-10.31,14350,23.4
S00257,big,Digital Camera,CAM-M3,11676,785,101,98.83,0.95,1.34,1.4,4,16.3,1,1,new,12,470,315,2.96,129,18,4.73,4.91,Yes,83.2,2.7,80000,-5.69,75450,46.4
S00125,medium,Laptop,LAP-M3,1692,1017,70,88.87,7.66,8.8,3.7,16,45.3,1,0,new,0,184,7,9.29,33,33,2.96,2.53,No,57.75,47.34,80000,-13.0,69600,29.3
S00409,small,Power Bank,PWR-M2,32,20,24,87.49,7.03,13.58,6.8,0,47.6,0,0,new,0,78,6,11.42,2,2,1.92,1.54,No,46.57,59.9,1800,-33.89,1190,3.5
S00538,big,Desktop Computer,PC-M3,21530,8371,76,95.25,3.2,4.03,3.2,31,65.0,1,0,new,3,406,66,6.54,128,100,4.04,3.87,Yes,90.64,13.16,65000,-12.92,56600,21.7
S00125,medium,Smart TV,TV-M2,1692,1017,70,88.87,7.66,8.8,3.7,16,45.3,1,0,refurbished,6,24,91,7.56,23,23,3.18,3.02,No,59.18,53.05,35000,-5.0,33250,40.7
S00530,small,Desktop Computer,PC-M4,77,29,14,96.61,2.3,3.96,3.3,0,34.6,1,0,new,3,351,4,3.87,4,4,4.12,3.78,Yes,100,42.48,95000,-10.53,85000,24.5
S00427,small,Laptop,LAP-M5,88,20,17,99.51,2.0,1.68,0.8,0,29.1,0,0,refurbished,12,309,5,5.84,10,7,4.36,4.19,Yes,89.21,29.72,190000,5.24,199950,83.9
S00533,small,Laptop,LAP-M3,30,20,5,89.14,7.81,10.82,10.5,0,54.5,1,1,new,0,150,5,11.36,2,2,2.75,2.52,No,36.97,67.56,80000,-21.56,62750,13.8
S00472,small,Smart TV,TV-M1,203,48,18,96.56,2.75,4.68,2.8,0,36.8,1,0,new,3,109,12,4.67,24,14,4.0,4.18,Yes,68.24,11.93,22000,-4.77,20950,55.2
S00220,small,Laptop,LAP-M1,122,28,4,96.38,0.8,0.47,0.7,0,28.4,1,0,refurbished,12,20,5,4.8,3,2,5,4.93,Yes,85.31,13.78,38000,-1.05,37600,70.0
S00403,medium,Mobile Phone,MOB-M1,1752,382,31,96.66,2.37,3.16,1.7,1,41.5,1,0,new,3,159,20,4.93,51,24,3.96,3.46,Yes,84.95,33.67,12000,-1.67,11800,64.7
S00245,small,Mobile Phone,MOB-M1,103,67,14,86.31,12.77,14.74,13.7,2,45.2,0,0,new,0,106,3,8.29,2,2,1.69,1.8,No,40.53,75.16,12000,-39.17,7300,3.9
S00458,big,Desktop Computer,PC-M5,19893,8155,45,94.84,3.46,4.36,1.3,24,32.2,1,0,new,3,310,182,5.0,188,127,4.1,3.62,Yes,66.5,46.89,160000,10.44,176700,97.1
S00065,medium,Wireless Earbuds,EAR-M4,1584,273,17,98.99,0.84,1.6,2.3,0,53.3,1,0,new,3,127,27,6.05,89,38,4.37,4.36,Yes,81.79,14.22,12000,3.33,12400,90.7
S00077,medium,Digital Camera,CAM-M4,1056,191,33,94.62,3.03,3.81,2.9,1,41.3,1,0,new,6,97,8,2.02,33,14,4.4,4.44,Yes,100,43.8,100000,-9.95,90050,39.7
S00154,medium,Digital Camera,CAM-M2,1213,219,74,95.07,2.93,3.81,2.0,4,43.8,1,0,used,12,81,21,4.74,89,46,4.01,4.02,Yes,76.12,2.99,55000,-0.91,54500,63.2
S00283,small,Power Bank,PWR-M3,310,143,16,93.51,6.33,6.51,3.9,1,39.9,1,0,new,6,156,3,6.7,6,6,3.3,2.92,No,72.54,50.25,3000,2.67,3080,71.2
S00358,medium,Bluetooth Speaker,SPK-M5,1591,121,63,98.09,0.93,1.85,2.4,0,30.0,1,0,new,3,384,48,6.02,43,8,4.61,4.58,Yes,100,10.99,30000,-3.0,29100,58.2
S00305,small,Digital Camera,CAM-M5,109,20,5,97.29,0.68,1.82,1.7,1,30.1,0,0,new,12,63,5,5.44,9,4,4.37,4.5,Yes,90.45,24.65,180000,3.11,185600,88.5
S00449,small,Bluetooth Speaker,SPK-M5,47,29,6,92.04,7.97,8.26,6.5,1,17.5,0,0,new,3,180,6,7.64,3,3,3.36,3.27,No,71.9,57.31,30000,-26.83,21950,7.5
S00071,big,Laptop,LAP-M4,19291,4612,63,98.68,0.86,1.46,1.1,15,18.4,1,1,new,0,102,89,5.83,185,113,4.79,4.74,Yes,100,19.71,120000,10.25,132300,98.2
S00398,big,Power Bank,PWR-M3,11064,3893,108,93.84,4.17,5.17,4.1,22,66.6,1,1,new,12,240,169,6.92,154,141,3.72,3.64,Yes,62.8,14.75,3000,-11.0,2670,19.2
S00234,medium,Smartwatch,WCH-M1,563,55,40,97.21,1.12,2.15,1.1,0,36.1,1,0,new,6,121,10,5.76,9,2,4.18,3.75,Yes,84.74,24.17,2000,2.5,2050,75.0
S00124,medium,Power Bank,PWR-M4,1200,129,53,99.59,0.72,1.19,1.0,0,25.6,1,0,refurbished,6,204,35,4.27,51,9,4.82,4.68,Yes,100,10.14,4800,-9.17,4360,36.8
S00481,small,Gaming Console,CON-M1,516,114,52,98.4,1.06,2.32,1.1,1,46.4,1,0,refurbished,6,76,4,2.59,36,22,4.75,4.7,Yes,81.35,15.53,38000,11.45,42350,95.2
S00479,small,Smartwatch,WCH-M1,305,49,22,96.49,1.68,2.41,1.3,1,58.8,1,0,new,12,168,5,2.71,19,9,4.67,4.76,Yes,84.77,13.34,2000,-4.5,1910,37.5
S00519,small,Bluetooth Speaker,SPK-M2,95,24,30,99.62,1.46,2.08,3.5,0,42.4,0,0,new,6,900,10,4.07,3,2,4.56,4.25,Yes,96.66,25.86,3500,-31.14,2410,5.2
S00122,big,Wi-Fi Router,RTR-M4,8629,1777,66,95.64,2.74,3.64,3.8,12,38.2,1,0,new,12,157,96,4.6,162,112,4.35,4.09,Yes,86.37,21.13,9500,-11.58,8400,25.8
S00282,small,Laptop,LAP-M4,58,13,3,97.96,1.15,2.57,1.4,0,41.9,0,0,new,12,87,16,6.38,4,2,4.18,4.11,Yes,100,10.15,120000,-12.25,105300,30.9
S00179,small,Laptop,LAP-M5,65,9,10,95.2,0.1,2.44,0.7,0,45.0,1,0,refurbished,12,222,6,7.1,1,1,4.44,4.3,Yes,100,0,190000,-1.71,186750,51.6
S00285,small,Laptop,LAP-M3,231,59,11,100,1.13,1.66,1.2,0,32.5,0,0,new,12,97,6,5.18,12,8,4.87,4.93,Yes,76.01,9.11,80000,-1.88,78500,74.1
S00392,small,Desktop Computer,PC-M1,48,12,4,89.29,5.19,5.23,6.0,1,28.3,1,0,new,12,120,10,4.9,7,5,3.84,3.57,Yes,75.27,31.25,30000,0.17,30050,67.7
S00058,small,Digital Camera,CAM-M4,52,25,8,85.48,9.91,9.48,5.1,0,49.6,0,0,new,12,240,2,6.93,2,2,2.82,2.45,No,52.46,43.26,100000,-7.65,92350,48.3
S00538,big,Wi-Fi Router,RTR-M4,21530,8371,76,95.25,3.2,4.03,3.2,31,65.0,1,0,used,12,119,30,2.56,382,382,4.25,4.16,Yes,83.74,24.59,9500,4.84,9960,90.3
S00228,big,Laptop,LAP-M4,15923,2418,65,97.98,1.25,2.01,2.0,14,53.5,1,1,new,12,208,134,4.88,222,93,4.54,4.47,Yes,92.23,5.97,120000,-4.83,114200,56.4
S00226,medium,Bluetooth Speaker,SPK-M3,1764,385,55,98.72,0.44,1.02,0.9,1,34.8,1,0,new,3,138,18,2.75,83,56,4.77,4.95,Yes,95.55,20.27,7000,1.0,7070,74.1
S00361,small,Digital Camera,CAM-M1,60,16,18,94.79,1.76,2.08,2.1,0,36.2,0,0,new,6,292,6,3.67,1,1,4.36,3.8,Yes,89.92,14.28,35000,-8.86,31900,35.5
S00301,small,Wireless Earbuds,EAR-M1,77,11,37,92.05,3.3,3.86,1.7,0,48.3,0,0,new,0,426,11,7.5,2,1,3.71,3.53,Yes,84.53,16.41,1200,-3.33,1160,56.9
S00145,small,Desktop Computer,PC-M4,181,33,18,94.17,4.25,4.44,7.3,1,52.9,0,0,new,12,228,3,5.11,3,1,4.0,4.12,Yes,94.58,29.44,95000,-2.84,92300,66.0
S00519,small,Desktop Computer,PC-M1,95,24,30,99.62,1.46,2.08,3.5,0,42.4,0,0,new,0,172,5,4.63,7,5,4.02,4.2,Yes,84.22,33.32,30000,2.33,30700,79.0
S00085,small,Smartwatch,WCH-M5,39,11,20,95.33,0.1,2.32,1.3,0,46.9,0,0,new,12,447,4,4.24,2,2,4.64,4.51,Yes,96.0,26.8,45000,-0.78,44650,58.9
S00396,small,Gaming Console,CON-M2,104,13,22,98.5,1.51,1.18,0.7,0,42.5,0,0,new,12,148,4,1.35,10,4,4.86,4.74,Yes,78.01,18.85,52000,-11.06,46250,26.0
S00485,medium,Laptop,LAP-M1,2484,588,30,98.91,0.64,1.45,1.2,1,37.7,1,1,new,6,12,16,6.45,100,59,4.62,4.69,Yes,100,8.91,38000,2.5,38950,82.0
S00378,small,Laptop,LAP-M5,357,94,6,95.28,3.61,3.58,4.3,0,58.8,1,0,new,12,180,1,6.77,29,19,4.04,3.71,Yes,79.28,38.27,190000,1.16,192200,71.0
S00336,medium,Bluetooth Speaker,SPK-M3,1172,433,32,94.15,3.71,5.1,3.8,2,17.5,1,0,new,0,26,12,7.7,29,23,3.52,3.33,No,68.33,21.23,7000,-3.0,6790,57.4
S00247,small,Wireless Earbuds,EAR-M5,52,25,11,90.74,5.61,7.09,2.5,0,61.3,0,0,used,6,21,5,8.28,4,4,3.43,3.0,No,84.73,45.4,28000,-26.25,20650,3.8
S00287,small,Smartwatch,WCH-M2,143,56,16,95.61,2.56,4.32,3.0,1,47.2,0,0,refurbished,12,291,6,6.44,2,2,4.27,4.16,Yes,75.71,30.75,4500,-14.89,3830,25.0
S00083,big,Wireless Earbuds,EAR-M1,16028,2954,75,97.99,1.46,2.02,1.4,7,38.8,1,0,new,12,156,78,7.21,194,98,4.15,3.96,Yes,92.63,8.08,1200,-8.33,1100,37.9
S00208,small,Smart TV,TV-M3,122,11,11,96.54,0.22,1.29,2.8,0,20.4,1,0,new,12,330,11,1.94,16,3,4.23,4.18,Yes,86.92,16.69,55000,2.55,56400,80.0
S00095,small,Wi-Fi Router,RTR-M2,63,15,25,95.15,2.27,2.81,4.1,0,37.9,1,0,new,0,437,3,5.08,3,2,4.12,3.94,Yes,91.83,37.04,3200,-1.25,3160,66.7
S00517,medium,Wi-Fi Router,RTR-M2,950,170,39,99.25,0.76,1.19,1.5,1,22.3,1,1,new,12,207,28,5.85,31,14,4.7,4.56,Yes,100,11.58,3200,-2.19,3130,57.8
S00117,small,Wi-Fi Router,RTR-M1,224,49,6,94.61,4.01,3.93,4.0,0,22.1,1,0,refurbished,0,67,7,4.15,8,3,3.75,3.58,Yes,78.25,39.69,1800,-11.11,1600,31.2
S00544,medium,Smartwatch,WCH-M1,5124,680,66,97.91,1.31,1.95,2.1,1,36.8,1,0,new,12,572,41,5.53,278,70,4.16,3.95,Yes,91.32,26.47,2000,6.5,2130,87.5
S00074,medium,Bluetooth Speaker,SPK-M1,1675,358,24,97.76,1.44,2.2,2.3,2,25.7,1,0,new,12,145,26,5.69,23,15,4.67,4.46,Yes,84.43,15.89,1500,-14.67,1280,23.6
S00453,small,Smartwatch,WCH-M5,49,4,43,100,1.11,0.1,0.7,0,13.8,0,0,new,6,171,6,4.53,4,1,4.83,4.84,Yes,93.22,19.39,45000,4.44,47000,80.4
S00266,small,Digital Camera,CAM-M4,48,23,11,87.33,7.99,11.59,7.1,0,61.7,0,0,new,3,212,4,7.9,4,4,2.44,2.22,No,64.42,58.37,100000,-14.1,85900,31.0
S00538,big,Mobile Phone,MOB-M5,21530,8371,76,95.25,3.2,4.03,3.2,31,65.0,1,0,new,3,229,162,6.04,328,280,3.69,3.59,Yes,92.66,17.88,140000,-4.0,134400,58.6
S00540,small,Desktop Computer,PC-M1,129,28,7,99.61,0.1,0.48,1.2,0,29.1,1,0,new,12,41,10,3.01,6,3,4.89,4.8,Yes,80.59,0,30000,-6.83,27950,33.9
S00154,medium,Gaming Console,CON-M3,1213,219,74,95.07,2.93,3.81,2.0,4,43.8,1,0,new,0,32,16,6.38,42,18,4.0,3.78,Yes,69.39,47.72,62000,-15.56,52350,12.0
S00206,small,Bluetooth Speaker,SPK-M3,46,19,8,92.19,6.67,5.84,4.9,0,45.1,0,0,new,6,240,10,6.38,2,2,3.51,3.14,No,64.45,25.5,7000,2.71,7190,75.9
S00303,big,Laptop,LAP-M2,24007,4159,86,97.46,1.67,2.38,1.6,15,41.0,1,0,new,12,111,143,5.5,281,117,4.02,3.81,Yes,100,29.74,55000,6.64,58650,91.2
S00433,small,Digital Camera,CAM-M2,38,15,4,89.79,7.2,7.88,9.5,0,56.2,0,0,new,6,120,4,7.84,3,2,3.11,2.39,No,57.85,51.24,55000,-17.55,45350,15.8
S00071,big,Mobile Phone,MOB-M3,19291,4612,63,98.68,0.86,1.46,1.1,15,18.4,1,1,new,12,228,149,2.77,149,95,4.83,4.95,Yes,96.41,11.46,38000,-7.37,35200,40.7
S00446,medium,Desktop Computer,PC-M5,2221,955,62,93.19,4.28,5.35,2.7,5,54.7,1,1,new,3,163,71,7.15,50,50,3.64,3.25,Yes,61.44,21.98,160000,-14.09,137450,18.8
S00536,small,Gaming Console,CON-M5,25,1,20,92.89,0.1,1.39,1.2,0,24.6,1,0,new,12,600,6,2.25,3,0,4.71,,Yes,94.58,0,95000,6.89,101550,92.0
S00101,big,Mobile Phone,MOB-M3,10178,1192,106,98.66,0.9,1.45,1.3,8,28.4,1,1,new,0,73,89,5.65,133,37,4.4,4.4,Yes,94.66,11.81,38000,5.0,39900,83.3
S00021,small,Power Bank,PWR-M4,66,20,17,94.66,3.06,3.57,3.6,0,42.5,1,0,new,12,40,10,4.22,0,0,,,No,,,4800,-18.13,3930,15.8
S00300,small,Digital Camera,CAM-M4,130,34,39,95.73,2.12,2.56,2.1,0,41.6,1,0,refurbished,12,20,9,3.43,10,7,4.22,3.71,Yes,100,45.92,100000,4.3,104300,89.7
S00409,small,Power Bank,PWR-M5,32,20,24,87.49,7.03,13.58,6.8,0,47.6,0,0,new,12,317,7,11.82,3,3,2.27,2.04,No,61.39,69.06,8500,-21.53,6670,12.7
S00177,medium,Wireless Earbuds,EAR-M2,2784,918,85,92.94,4.26,5.47,6.0,4,48.3,0,0,refurbished,0,59,29,9.9,114,107,3.33,3.43,No,70.0,26.82,2500,-8.0,2300,43.5
S00169,small,Power Bank,PWR-M2,56,22,9,90.99,3.9,4.46,4.2,0,67.2,0,0,new,6,270,7,6.98,3,3,3.73,3.65,Yes,96.97,28.28,1800,-17.22,1490,21.1
S00345,medium,Gaming Console,CON-M3,1751,507,25,94.19,3.6,4.7,4.4,2,43.3,1,0,used,12,117,7,5.98,59,40,3.54,3.34,No,83.05,49.99,62000,-13.63,53550,20.0
S00365,small,Laptop,LAP-M1,45,14,27,96.0,2.6,6.68,4.6,0,41.9,0,0,new,6,633,5,7.75,9,7,3.62,3.41,Yes,74.13,25.2,38000,10.39,41950,98.0
S00429,big,Power Bank,PWR-M3,18008,3471,109,99.1,0.74,1.31,0.7,10,13.7,1,1,new,3,106,91,4.9,252,95,4.56,4.85,Yes,97.49,17.88,3000,7.67,3230,90.4
S00500,small,Laptop,LAP-M1,318,92,5,98.23,1.36,2.1,1.3,0,47.4,0,0,new,12,103,6,7.26,61,40,4.02,3.93,Yes,79.53,8.4,38000,-0.92,37650,72.0
S00187,small,Bluetooth Speaker,SPK-M4,81,12,7,99.07,2.19,1.05,1.1,0,21.0,0,0,new,12,210,3,4.7,4,1,4.79,4.64,Yes,100,29.82,14000,-4.29,13400,44.2
S00165,small,Desktop Computer,PC-M3,154,21,20,97.6,1.96,1.85,1.5,0,53.4,0,0,new,12,600,4,3.56,3,1,4.43,4.46,Yes,83.84,10.83,65000,4.46,67900,91.7
S00297,small,Power Bank,PWR-M2,112,34,18,93.57,5.99,6.38,1.7,0,51.1,0,0,new,0,126,3,8.43,10,6,3.63,3.62,Yes,71.36,34.46,1800,-12.22,1580,35.1
S00012,small,Digital Camera,CAM-M1,86,40,5,91.34,5.73,7.65,3.5,0,41.4,1,0,new,12,36,11,6.93,3,3,3.45,3.23,No,75.33,35.37,35000,-25.43,26100,8.1
S00123,small,Power Bank,PWR-M3,700,213,59,94.18,3.77,5.1,2.6,1,34.5,0,0,used,6,31,8,8.95,34,32,3.61,3.55,Yes,85.92,36.31,3000,-19.33,2420,7.7
S00410,small,Smart TV,TV-M2,91,14,14,96.29,3.17,3.36,4.5,0,36.1,1,0,new,6,206,4,3.76,1,0,4.29,,Yes,65.76,33.58,35000,-2.86,34000,53.7
S00367,medium,Smartwatch,WCH-M1,1298,195,10,98.21,1.52,1.83,2.6,1,47.4,1,0,new,12,49,11,4.1,26,10,4.74,4.67,Yes,100,10.46,2000,-3.0,1940,45.0
S00015,medium,Digital Camera,CAM-M2,2126,622,43,93.03,4.51,5.16,2.7,1,40.1,0,0,new,0,318,14,7.38,79,52,3.16,3.36,No,89.55,39.38,55000,-4.09,52750,45.6
S00186,small,Smartwatch,WCH-M1,27,13,5,88.78,6.08,8.03,4.5,0,60.0,0,0,new,6,150,4,9.09,0,0,,,No,,,2000,-13.0,1740,15.0
S00273,small,Smart TV,TV-M2,199,66,14,94.93,2.68,3.26,5.6,0,54.7,0,0,new,6,54,2,4.47,16,12,3.97,4.26,Yes,87.61,23.7,35000,-3.43,33800,44.4
S00015,medium,Desktop Computer,PC-M5,2126,622,43,93.03,4.51,5.16,2.7,1,40.1,0,0,new,0,68,32,5.3,59,36,3.65,3.43,Yes,80.14,16.03,160000,2.12,163400,78.3
S00237,medium,Gaming Console,CON-M5,924,137,48,99.82,0.66,1.45,1.2,0,49.7,1,1,new,3,39,103,2.18,5,2,4.63,4.52,Yes,100,17.99,95000,-14.21,81500,18.0
S00157,small,Smartwatch,WCH-M4,201,76,2,93.66,4.27,4.85,2.9,0,31.1,1,0,new,3,60,8,8.71,3,3,4.1,3.88,Yes,77.95,22.68,22000,4.77,23050,72.7
S00051,small,Smart TV,TV-M5,178,71,30,90.61,6.27,8.73,4.8,0,46.3,0,0,new,3,93,4,9.15,27,25,3.25,2.89,No,56.81,44.34,180000,-8.86,164050,37.5
S00035,medium,Wi-Fi Router,RTR-M1,6000,1256,32,94.18,3.55,4.6,4.7,8,58.1,1,0,new,3,40,11,5.09,255,123,4.19,4.26,Yes,60.41,38.08,1800,-8.33,1650,40.6
S00489,small,Gaming Console,CON-M1,55,17,47,90.74,5.85,5.2,4.7,0,51.9,1,0,new,0,164,5,4.14,2,1,4.34,4.22,Yes,90.21,39.47,38000,-12.5,33250,21.4
S00148,medium,Wireless Earbuds,EAR-M4,3985,993,53,97.26,1.83,2.46,1.5,3,42.2,1,0,new,6,92,7,6.94,72,46,4.54,4.18,Yes,85.22,14.05,12000,-6.25,11250,55.8
S00302,small,Desktop Computer,PC-M3,416,53,7,96.21,2.58,3.41,1.9,2,32.3,1,0,new,12,210,6,5.24,11,3,4.28,4.02,Yes,94.71,22.98,65000,-18.08,53250,11.7
S00318,medium,Gaming Console,CON-M2,1708,120,43,99.18,0.47,1.16,0.9,0,33.1,1,0,refurbished,12,76,103,1.6,65,10,5,4.59,Yes,100,6.43,52000,-7.21,48250,36.0
S00120,small,Desktop Computer,PC-M4,115,44,8,94.41,5.25,4.78,2.4,0,43.6,1,0,new,12,240,12,5.25,8,8,3.82,3.35,Yes,84.84,14.72,95000,-5.0,90250,50.9
S00262,small,Digital Camera,CAM-M2,346,110,21,96.95,1.34,2.42,2.3,0,31.6,1,0,refurbished,12,630,8,4.32,32,25,4.21,3.8,Yes,80.48,5.87,55000,-24.18,41700,5.3
S00017,medium,Wireless Earbuds,EAR-M5,1598,565,56,94.05,3.02,4.31,1.8,5,60.3,1,0,new,12,87,19,8.3,22,21,3.59,3.33,No,81.71,26.66,28000,-3.57,27000,56.6
S00429,big,Smartwatch,WCH-M3,18008,3471,109,99.1,0.74,1.31,0.7,10,13.7,1,1,new,12,975,233,6.88,318,182,5,5,Yes,75.83,19.41,9000,-0.78,8930,74.2
S00467,medium,Desktop Computer,PC-M4,956,112,30,96.85,2.57,3.53,1.9,0,54.5,1,0,new,0,52,36,4.09,30,8,4.25,4.32,Yes,84.2,28.73,95000,2.95,97800,79.2
S00175,medium,Wireless Earbuds,EAR-M2,929,177,30,96.62,2.63,3.07,2.2,0,32.3,1,1,new,0,330,8,3.39,45,27,4.51,4.25,Yes,88.73,35.67,2500,3.6,2590,80.4
S00034,small,Gaming Console,CON-M1,136,52,20,91.71,6.16,6.85,3.4,1,13.3,1,0,new,3,152,8,5.18,5,5,4.13,4.09,Yes,60.94,46.49,38000,-20.79,30100,11.9
S00505,small,Smart TV,TV-M5,209,60,4,96.93,2.43,2.74,2.8,0,24.8,1,0,new,3,120,5,3.78,13,11,4.5,4.34,Yes,95.7,23.19,180000,-17.19,149050,25.0
S00195,small,Wireless Earbuds,EAR-M5,53,16,6,96.76,3.44,3.81,1.5,0,43.8,1,0,new,12,180,3,6.13,8,5,4.51,4.19,Yes,70.26,44.07,28000,-19.11,22650,9.4
S00413,small,Laptop,LAP-M3,46,14,15,87.84,7.21,10.96,10.0,0,67.9,0,0,refurbished,6,86,5,10.13,5,5,3.02,3.01,No,77.28,42.5,80000,-30.69,55450,3.4
S00040,medium,Mobile Phone,MOB-M3,1133,296,22,97.52,1.99,2.87,1.6,1,53.1,1,1,new,6,28,10,4.87,68,51,4.13,4.01,Yes,74.62,11.61,38000,-1.84,37300,66.7
S00017,medium,Desktop Computer,PC-M2,1598,565,56,94.05,3.02,4.31,1.8,5,60.3,1,0,new,12,259,19,6.73,24,17,3.71,3.38,Yes,88.14,15.63,45000,12.67,50700,96.4
S00485,medium,Digital Camera,CAM-M3,2484,588,30,98.91,0.64,1.45,1.2,1,37.7,1,1,new,6,351,28,2.78,89,36,4.71,4.52,Yes,87.89,13.87,80000,-22.88,61700,3.6
S00037,big,Power Bank,PWR-M4,13894,694,69,98.34,1.08,1.55,1.3,6,38.6,1,0,new,6,553,85,3.78,301,31,4.54,4.4,Yes,81.76,0,4800,-15.83,4040,17.5
S00094,small,Digital Camera,CAM-M5,41,5,6,94.69,1.55,1.33,1.9,0,18.9,1,0,new,12,177,6,2.96,4,2,4.22,4.15,Yes,83.82,27.09,180000,5.44,189800,93.4
S00346,small,Laptop,LAP-M2,117,25,17,95.4,0.25,3.18,2.0,0,48.0,0,0,new,0,55,11,5.45,1,1,3.92,4.03,Yes,84.43,12.91,55000,-6.82,51250,42.1
S00010,small,Digital Camera,CAM-M5,40,7,25,93.48,3.74,4.0,4.3,0,43.9,0,0,new,0,42,11,6.82,2,1,4.03,3.89,Yes,91.65,43.7,180000,-1.67,177000,72.1
S00049,small,Bluetooth Speaker,SPK-M4,84,17,10,97.87,2.02,1.51,2.3,0,35.8,1,0,new,12,155,4,0.89,4,3,4.59,4.56,Yes,100,14.51,14000,-5.36,13250,36.5
S00542,small,Bluetooth Speaker,SPK-M2,287,72,22,95.67,4.16,4.15,3.0,0,25.8,0,0,new,3,29,3,4.45,7,5,4.39,4.29,Yes,62.83,39.04,3500,-16.0,2940,15.5
S00190,small,Mobile Phone,MOB-M4,288,49,12,96.97,1.32,2.26,1.9,0,36.0,0,0,new,3,59,9,4.39,21,11,4.4,4.31,Yes,74.3,17.3,65000,8.62,70600,92.9
S00031,small,Smartwatch,WCH-M5,146,32,8,95.79,2.17,3.01,2.6,0,30.4,0,0,new,12,90,10,4.15,25,11,3.76,3.58,Yes,66.38,32.37,45000,5.78,47600,87.5
S00514,small,Digital Camera,CAM-M3,58,8,9,97.22,1.84,1.32,2.9,0,27.4,0,0,new,12,270,6,4.31,0,0,,,No,,,80000,6.88,85500,96.4
S00275,medium,Power Bank,PWR-M5,1828,658,74,94.04,4.01,4.82,4.9,3,34.7,0,0,new,6,211,22,6.42,52,46,3.91,3.9,Yes,75.67,33.23,8500,-36.35,5410,7.3
S00292,small,Desktop Computer,PC-M5,67,7,13,96.2,0.1,2.19,1.6,0,49.6,0,0,used,6,52,4,2.66,3,1,4.4,4.2,Yes,74.3,24.97,160000,4.69,167500,85.5
S00471,small,Wireless Earbuds,EAR-M1,211,57,30,95.71,2.09,3.0,5.7,0,39.6,0,0,new,6,69,11,7.23,12,9,3.76,3.71,Yes,86.06,34.37,1200,-28.33,860,5.2
S00532,small,Digital Camera,CAM-M1,39,24,19,85.28,8.69,9.75,8.2,0,66.6,0,0,new,0,168,18,6.0,4,4,2.74,2.51,No,65.31,45.11,35000,-27.43,25400,4.8
S00371,medium,Smartwatch,WCH-M4,723,70,66,99.34,0.88,0.99,1.0,0,19.2,1,1,new,6,98,15,7.45,19,5,4.94,4.87,Yes,100,5.05,22000,2.05,22450,63.6
S00319,small,Smart TV,TV-M4,147,70,26,91.98,4.11,6.93,4.6,0,49.7,1,0,new,3,220,47,6.07,6,6,2.97,2.49,No,67.03,32.73,90000,-4.06,86350,64.7
S00057,small,Digital Camera,CAM-M3,52,25,13,83.4,6.97,9.94,6.3,0,67.5,1,0,new,6,63,8,8.49,2,2,3.07,2.67,No,57.28,64.52,80000,-32.25,54200,1.8
S00101,big,Bluetooth Speaker,SPK-M4,10178,1192,106,98.66,0.9,1.45,1.3,8,28.4,1,1,new,12,69,106,4.77,95,33,4.92,4.95,Yes,96.36,3.21,14000,-3.21,13550,51.9
S00221,small,Bluetooth Speaker,SPK-M1,54,22,7,90.03,4.87,6.49,4.3,0,48.3,0,0,new,6,83,5,7.49,9,9,3.31,2.74,No,70.36,32.88,1500,-10.67,1340,34.5
S00486,small,Wireless Earbuds,EAR-M3,109,42,10,89.04,6.72,9.82,9.2,0,49.7,0,0,new,0,251,3,8.57,5,4,3.22,3.19,No,64.97,69.71,5500,-33.45,3660,1.5
S00438,medium,Smartwatch,WCH-M5,593,110,39,99.12,0.67,0.93,1.0,0,13.5,1,0,new,6,145,12,2.17,12,5,4.36,4.37,Yes,82.79,1.44,45000,1.22,45550,66.1
S00398,big,Wi-Fi Router,RTR-M1,11064,3893,108,93.84,4.17,5.17,4.1,22,66.6,1,1,new,6,86,157,6.69,78,61,3.74,3.7,Yes,73.76,37.21,1800,-24.44,1360,6.2
S00356,small,Smart TV,TV-M5,41,21,3,87.84,4.87,7.61,4.8,0,41.3,0,0,new,12,90,4,7.58,1,1,2.83,2.43,No,81.43,36.28,180000,-0.97,178250,66.1
S00231,medium,Digital Camera,CAM-M2,2047,612,22,97.15,1.33,2.2,1.8,1,50.4,1,0,new,6,24,11,5.43,85,56,4.32,4.55,Yes,85.74,22.0,55000,18.09,64950,100.0
S00074,medium,Bluetooth Speaker,SPK-M4,1675,358,24,97.76,1.44,2.2,2.3,2,25.7,1,0,new,6,83,19,7.56,43,14,4.38,4.48,Yes,88.65,27.81,14000,2.5,14350,78.8
S00469,big,Desktop Computer,PC-M2,11377,1954,82,97.08,2.01,2.85,1.5,5,43.1,1,0,new,12,1234,36,3.85,93,35,4.55,4.44,Yes,81.65,28.99,45000,-18.0,36900,7.3
S00495,big,Smartwatch,WCH-M4,10614,3105,84,97.15,1.88,2.6,1.8,11,9.7,1,0,new,12,113,199,7.43,80,56,4.14,4.26,Yes,87.32,24.47,22000,3.86,22850,70.5
S00350,small,Smartwatch,WCH-M4,90,18,25,97.11,1.02,2.13,0.9,0,34.5,1,0,new,12,122,5,7.61,6,3,4.16,3.99,Yes,97.85,0,22000,0.68,22150,56.8
S00224,small,Digital Camera,CAM-M3,363,72,10,96.65,2.78,4.18,3.1,0,28.3,0,0,new,0,88,6,5.95,18,11,4.01,3.94,Yes,83.59,16.17,80000,-5.81,75350,42.9
S00202,medium,Smart TV,TV-M2,1863,420,32,99.42,0.95,1.27,1.1,3,37.2,1,0,refurbished,3,154,37,3.48,34,23,4.76,4.73,Yes,88.99,19.34,35000,-3.0,33950,51.9
S00019,medium,Smartwatch,WCH-M3,2817,227,56,97.34,1.57,2.45,1.8,1,45.0,1,1,new,12,92,22,5.57,77,23,4.16,4.25,Yes,97.28,0,9000,-11.33,7980,32.3
S00374,small,Bluetooth Speaker,SPK-M3,181,29,14,99.67,1.61,1.74,0.7,0,33.8,0,0,new,6,203,6,4.59,9,4,4.78,4.65,Yes,100,26.39,7000,6.71,7470,90.7
S00074,medium,Wi-Fi Router,RTR-M3,1675,358,24,97.76,1.44,2.2,2.3,2,25.7,1,0,used,12,147,66,3.45,24,18,4.23,4.11,Yes,100,4.96,5500,-1.64,5410,67.4
S00209,medium,Bluetooth Speaker,SPK-M1,1626,329,14,98.69,0.77,1.14,1.4,1,25.5,1,0,new,6,124,11,2.8,31,17,4.77,4.77,Yes,98.07,6.21,1500,-3.33,1450,54.5
S00143,small,Power Bank,PWR-M2,103,23,23,93.54,2.5,1.78,1.9,0,35.9,0,0,new,6,74,5,6.96,5,2,4.45,4.31,Yes,92.83,29.49,1800,-8.33,1650,56.1
S00210,small,Wi-Fi Router,RTR-M4,75,21,5,96.12,5.55,4.47,4.3,0,21.9,0,0,new,3,52,6,6.3,6,5,3.94,3.87,Yes,77.36,34.26,9500,3.05,9790,83.9
S00123,small,Smart TV,TV-M5,700,213,59,94.18,3.77,5.1,2.6,1,34.5,0,0,new,12,24,10,7.85,40,40,3.74,3.43,Yes,63.2,23.6,180000,-4.25,172350,50.0
S00533,small,Power Bank,PWR-M2,30,20,5,89.14,7.81,10.82,10.5,0,54.5,1,1,new,3,75,4,13.16,0,0,,,No,,,1800,-11.67,1590,38.6
S00397,small,Bluetooth Speaker,SPK-M2,99,45,23,90.33,7.14,7.98,5.0,0,50.0,0,0,new,12,350,8,6.91,6,6,3.4,3.35,No,65.27,38.31,3500,-22.57,2710,12.1
S00237,medium,Bluetooth Speaker,SPK-M4,924,137,48,99.82,0.66,1.45,1.2,0,49.7,1,1,new,12,891,10,3.25,24,10,4.55,4.55,Yes,92.36,18.52,14000,-2.14,13700,59.6
S00019,medium,Wireless Earbuds,EAR-M1,2817,227,56,97.34,1.57,2.45,1.8,1,45.0,1,1,new,0,519,12,5.83,80,13,4.61,4.23,Yes,88.9,15.85,1200,-6.67,1120,46.6
S00313,big,Bluetooth Speaker,SPK-M3,38276,4207,64,99.32,0.56,1.07,1.2,19,34.8,1,0,new,12,201,172,2.49,783,207,4.8,4.72,Yes,88.86,0.23,7000,-4.43,6690,51.9
S00289,small,Wi-Fi Router,RTR-M2,17,12,6,80.58,12.49,18.21,12.8,0,56.0,0,0,refurbished,12,79,5,14.0,1,1,1.59,1.41,No,46.32,63.04,3200,-3.12,3100,48.9
S00063,medium,Wireless Earbuds,EAR-M5,4811,1185,24,96.22,2.64,3.43,3.5,4,47.6,0,1,new,6,181,30,7.8,124,107,4.13,3.97,Yes,78.71,30.98,28000,0.71,28200,73.6
S00122,big,Smartwatch,WCH-M2,8629,1777,66,95.64,2.74,3.64,3.8,12,38.2,1,0,new,12,163,129,5.68,210,158,4.22,3.92,Yes,89.57,32.05,4500,-23.33,3450,8.3
S00538,big,Bluetooth Speaker,SPK-M2,21530,8371,76,95.25,3.2,4.03,3.2,31,65.0,1,0,new,12,392,135,5.0,387,363,4.46,3.97,Yes,78.62,38.19,3500,-4.29,3350,44.8
S00462,medium,Smartwatch,WCH-M3,1120,123,39,99.17,0.83,1.34,0.8,1,43.7,1,0,new,12,18,59,4.87,63,13,4.68,4.72,Yes,100,7.23,9000,-5.44,8510,53.2
S00441,small,Digital Camera,CAM-M5,9,4,17,94.12,7.15,9.89,6.8,0,31.6,0,0,new,12,146,7,7.23,0,0,,,No,,,180000,-4.25,172350,57.4
S00505,small,Smart TV,TV-M3,209,60,4,96.93,2.43,2.74,2.8,0,24.8,1,0,new,0,120,6,3.0,19,12,4.55,4.04,Yes,79.16,19.76,55000,-13.18,47750,26.0
S00101,big,Mobile Phone,MOB-M5,10178,1192,106,98.66,0.9,1.45,1.3,8,28.4,1,1,new,6,298,43,4.47,85,29,4.69,4.51,Yes,96.89,35.72,140000,-11.25,124250,31.0
S00120,small,Mobile Phone,MOB-M1,115,44,8,94.41,5.25,4.78,2.4,0,43.6,1,0,new,3,178,10,4.75,13,11,3.51,3.1,No,90.34,21.57,12000,-9.17,10900,27.5
S00312,small,Mobile Phone,MOB-M1,166,41,33,93.23,2.65,3.94,2.5,0,13.7,1,0,new,0,14,17,2.64,22,11,4.45,4.2,Yes,84.2,22.12,12000,6.67,12800,92.2
S00103,small,Smart TV,TV-M5,104,28,6,99.05,1.8,3.07,1.3,0,36.8,0,0,new,12,180,4,4.97,8,7,4.34,4.25,Yes,90.53,24.65,180000,6.5,191700,87.5
S00238,small,Power Bank,PWR-M3,94,36,5,92.25,2.64,3.23,3.1,0,41.5,1,0,new,12,150,3,3.99,23,21,3.89,3.84,Yes,97.28,50.72,3000,11.0,3330,98.1
S00398,big,Wireless Earbuds,EAR-M4,11064,3893,108,93.84,4.17,5.17,4.1,22,66.6,1,1,new,12,558,108,7.07,125,113,4.02,3.89,Yes,73.29,33.17,12000,-13.33,10400,20.9
S00166,small,Laptop,LAP-M3,30,12,7,87.56,5.19,5.44,7.2,0,53.3,0,0,new,0,210,6,8.61,0,0,,,No,,,80000,-5.31,75750,65.5
S00450,medium,Desktop Computer,PC-M4,2789,557,60,95.89,2.22,2.92,2.3,2,50.7,1,0,new,6,96,5,2.68,103,39,4.58,4.55,Yes,83.95,18.7,95000,0.0,95000,69.8
S00262,small,Digital Camera,CAM-M3,346,110,21,96.95,1.34,2.42,2.3,0,31.6,1,0,used,12,111,11,3.76,17,12,4.38,3.98,Yes,86.53,32.77,80000,-0.88,79300,69.6
S00250,medium,Wireless Earbuds,EAR-M5,1595,394,40,97.22,1.8,2.76,1.6,0,19.1,1,0,new,6,102,56,4.1,101,55,4.65,4.35,Yes,100,16.81,28000,-11.79,24700,24.5
S00057,small,Digital Camera,CAM-M2,52,25,13,83.4,6.97,9.94,6.3,0,67.5,1,0,new,6,225,20,8.45,2,2,2.76,2.71,No,64.01,40.9,55000,1.82,56000,75.4
S00287,small,Wi-Fi Router,RTR-M2,143,56,16,95.61,2.56,4.32,3.0,1,47.2,0,0,new,6,85,7,5.27,2,2,4.18,4.01,Yes,77.29,34.9,3200,4.69,3350,88.9
S00518,big,Digital Camera,CAM-M2,8523,2007,89,98.21,1.38,1.87,1.2,2,44.8,1,1,new,12,120,23,3.76,103,48,5,4.77,Yes,92.12,4.57,55000,11.64,61400,91.2
S00537,medium,Gaming Console,CON-M5,1371,94,38,97.38,1.58,2.27,2.5,0,53.6,1,0,new,12,289,23,3.06,30,6,4.72,4.9,Yes,100,19.77,95000,-2.84,92300,64.0
S00283,small,Smartwatch,WCH-M1,310,143,16,93.51,6.33,6.51,3.9,1,39.9,1,0,new,12,216,7,8.43,20,20,3.54,3.35,No,66.04,56.0,2000,-26.0,1480,5.0
S00284,small,Smartwatch,WCH-M1,62,13,25,94.84,1.91,4.28,1.5,0,21.3,0,0,new,12,64,11,5.91,2,1,4.01,3.8,Yes,81.14,22.72,2000,4.0,2080,77.5
S00470,small,Wireless Earbuds,EAR-M3,104,13,6,97.65,0.98,2.31,4.1,0,26.6,0,0,new,12,180,5,3.14,4,2,4.71,4.49,Yes,86.13,20.7,5500,13.27,6230,97.0
S00091,small,Smartwatch,WCH-M4,66,15,25,98.05,3.56,3.83,5.7,0,36.6,0,0,used,0,64,14,7.85,9,5,4.2,4.02,Yes,58.06,29.44,22000,9.55,24100,86.4
S00467,medium,Laptop,LAP-M4,956,112,30,96.85,2.57,3.53,1.9,0,54.5,1,0,refurbished,12,104,24,6.49,29,10,4.36,4.31,Yes,78.35,0,120000,-0.83,119000,72.7
S00157,small,Smart TV,TV-M4,201,76,2,93.66,4.27,4.85,2.9,0,31.1,1,0,new,0,60,5,5.54,15,14,4.0,3.7,Yes,75.38,35.81,90000,-2.78,87500,70.6
S00024,small,Desktop Computer,PC-M4,14,9,7,87.58,8.15,10.97,14.4,0,70.3,0,0,new,0,210,2,6.22,0,0,,,No,,,95000,-11.74,83850,15.1
S00271,medium,Gaming Console,CON-M4,2509,755,56,94.17,3.62,4.7,6.3,2,47.2,1,0,new,6,197,64,5.25,109,101,3.5,3.47,No,95.47,33.89,78000,5.32,82150,93.8
S00479,small,Bluetooth Speaker,SPK-M1,305,49,22,96.49,1.68,2.41,1.3,1,58.8,1,0,new,3,460,12,5.42,28,11,4.39,4.23,Yes,75.77,20.28,1500,-6.0,1410,45.5
S00515,small,Desktop Computer,PC-M2,119,21,20,98.2,1.81,2.37,2.9,0,24.6,1,0,new,0,177,4,2.66,10,6,4.47,4.6,Yes,100,21.79,45000,-6.0,42300,36.4
S00095,small,Smart TV,TV-M1,63,15,25,95.15,2.27,2.81,4.1,0,37.9,1,0,new,0,48,4,6.34,8,5,3.77,3.49,Yes,85.65,30.57,22000,2.95,22650,77.6
S00205,big,Gaming Console,CON-M2,16429,2409,121,98.29,1.26,1.82,2.5,11,3.7,1,1,new,3,884,62,2.7,470,139,4.64,4.69,Yes,94.51,29.4,52000,-1.15,51400,66.0
S00067,medium,Digital Camera,CAM-M5,1436,281,49,99.93,0.65,0.92,0.8,1,21.1,1,0,new,6,36,21,3.78,46,19,4.86,4.67,Yes,100,15.97,180000,3.83,186900,90.2
S00516,small,Wireless Earbuds,EAR-M1,378,161,8,92.35,5.43,7.12,6.9,2,61.3,1,0,new,6,92,16,6.35,25,25,3.09,3.03,No,63.49,38.91,1200,-16.67,1000,13.8
S00268,small,Wi-Fi Router,RTR-M3,75,17,15,96.08,0.1,1.46,1.6,0,38.1,1,0,new,12,29,4,4.17,3,1,4.73,4.91,Yes,92.09,16.01,5500,-1.27,5430,76.1
S00393,small,Bluetooth Speaker,SPK-M4,67,13,27,98.27,2.66,2.51,1.8,0,40.9,0,0,new,12,246,7,6.2,2,1,4.47,4.46,Yes,83.84,8.46,14000,-10.0,12600,23.1
S00518,big,Desktop Computer,PC-M5,8523,2007,89,98.21,1.38,1.87,1.2,2,44.8,1,1,new,3,470,62,1.85,41,22,4.64,4.27,Yes,94.29,11.73,160000,-2.47,156050,55.1
S00286,small,Smart TV,TV-M3,94,14,3,100,0.85,0.34,0.7,0,32.3,0,0,new,6,42,12,2.12,9,3,4.94,4.91,Yes,87.64,8.44,55000,2.45,56350,78.0
S00303,big,Power Bank,PWR-M5,24007,4159,86,97.46,1.67,2.38,1.6,15,41.0,1,0,new,12,397,116,5.23,211,101,4.62,4.6,Yes,96.93,26.79,8500,0.59,8550,65.5
S00365,small,Laptop,LAP-M2,45,14,27,96.0,2.6,6.68,4.6,0,41.9,0,0,new,6,300,8,5.22,4,2,3.55,3.49,No,86.95,27.64,55000,-6.18,51600,45.6
S00444,small,Mobile Phone,MOB-M4,47,21,10,94.17,5.81,5.67,7.7,0,58.4,0,0,new,0,47,8,6.34,3,3,3.74,3.32,Yes,98.03,26.87,65000,-5.0,61750,50.0
S00231,medium,Wireless Earbuds,EAR-M3,2047,612,22,97.15,1.33,2.2,1.8,1,50.4,1,0,new,6,95,16,6.16,52,43,4.51,4.42,Yes,92.39,34.53,5500,-10.55,4920,29.9
S00535,small,Digital Camera,CAM-M2,25,6,11,90.12,5.27,5.78,7.9,0,26.8,1,0,refurbished,0,15,7,6.72,2,1,3.82,3.95,Yes,62.97,28.6,55000,-2.0,53900,54.4
S00257,big,Wi-Fi Router,RTR-M1,11676,785,101,98.83,0.95,1.34,1.4,4,16.3,1,1,new,12,358,92,4.52,160,24,4.49,4.44,Yes,93.67,15.19,1800,2.78,1850,82.8
S00054,small,Wi-Fi Router,RTR-M1,74,33,17,95.22,5.35,7.58,6.0,0,39.4,0,0,new,3,44,3,5.45,6,6,3.43,2.64,No,66.76,25.43,1800,-20.0,1440,10.9
S00331,small,Bluetooth Speaker,SPK-M3,85,33,10,90.82,6.07,8.56,7.7,0,39.5,0,0,new,3,300,15,8.06,2,2,3.21,2.6,No,81.51,32.75,7000,-0.71,6950,66.7
S00346,small,Smart TV,TV-M2,117,25,17,95.4,0.25,3.18,2.0,0,48.0,0,0,refurbished,3,251,16,3.75,9,5,4.24,3.9,Yes,80.3,20.24,35000,3.57,36250,83.3
S00216,big,Gaming Console,CON-M5,25438,8397,94,94.36,3.7,4.75,3.5,37,54.8,1,1,new,12,125,57,3.0,304,183,4.01,3.67,Yes,71.64,5.96,95000,-8.89,86550,38.0
S00378,small,Gaming Console,CON-M5,357,94,6,95.28,3.61,3.58,4.3,0,58.8,1,0,new,12,120,4,2.94,16,14,4.14,3.76,Yes,86.12,25.85,95000,-9.11,86350,34.0
S00019,medium,Smartwatch,WCH-M5,2817,227,56,97.34,1.57,2.45,1.8,1,45.0,1,1,new,12,117,60,4.82,27,4,4.84,4.71,Yes,95.19,22.06,45000,-12.78,39250,25.0
S00086,medium,Wi-Fi Router,RTR-M2,3263,961,25,97.61,1.74,2.35,1.1,1,51.9,1,0,new,12,46,16,6.31,56,30,4.24,4.09,Yes,69.65,30.56,3200,5.0,3360,91.1
S00335,small,Wi-Fi Router,RTR-M2,76,47,36,87.2,11.1,10.8,6.6,1,28.5,0,0,new,6,227,3,9.18,2,2,2.66,2.2,No,43.74,76.16,3200,-18.75,2600,13.3
S00428,small,Gaming Console,CON-M1,19,7,25,83.11,7.03,12.11,10.3,0,69.7,0,0,new,12,581,12,6.96,2,2,2.78,2.62,No,73.31,51.98,38000,-10.79,33900,31.0
S00293,medium,Power Bank,PWR-M3,862,53,56,98.33,1.07,1.27,1.9,0,20.7,1,0,new,12,1002,24,4.27,19,3,4.58,4.44,Yes,83.55,5.11,3000,-5.33,2840,42.3
S00342,medium,Smart TV,TV-M5,1844,718,27,97.94,1.49,2.51,2.4,2,39.2,1,1,new,3,77,75,5.54,23,20,4.2,4.39,Yes,100,37.26,180000,7.28,193100,92.9
S00088,small,Desktop Computer,PC-M3,73,26,21,91.86,5.93,4.25,4.8,0,39.2,0,0,new,12,420,6,4.98,11,11,3.83,3.73,Yes,93.54,34.98,65000,-2.23,63550,55.0
S00139,medium,Desktop Computer,PC-M1,4909,1074,62,96.33,2.46,3.13,3.4,5,35.7,1,0,new,12,79,46,4.98,73,35,3.93,3.62,Yes,86.53,12.94,30000,3.17,30950,83.9
S00328,medium,Bluetooth Speaker,SPK-M1,1578,201,58,99.26,0.91,1.21,0.4,0,30.3,1,0,new,12,92,15,4.12,55,13,4.94,5,Yes,95.41,8.76,1500,5.33,1580,87.3
S00495,big,Mobile Phone,MOB-M3,10614,3105,84,97.15,1.88,2.6,1.8,11,9.7,1,0,new,0,114,80,2.8,156,120,4.32,3.88,Yes,89.4,24.42,38000,-14.34,32550,14.8
S00196,small,Power Bank,PWR-M5,261,67,2,95.18,2.66,3.56,3.2,1,38.2,0,0,new,12,52,14,5.96,14,14,4.0,3.96,Yes,84.55,43.83,8500,-0.71,8440,56.4
S00185,small,Power Bank,PWR-M5,46,9,26,95.12,0.1,1.0,1.4,1,27.6,1,0,new,12,135,3,3.21,2,1,4.46,4.14,Yes,83.43,8.98,8500,-7.41,7870,36.4
S00312,small,Mobile Phone,MOB-M3,166,41,33,93.23,2.65,3.94,2.5,0,13.7,1,0,new,12,93,13,6.01,23,18,4.25,4.24,Yes,66.21,11.0,38000,6.45,40450,92.6
S00177,medium,Wireless Earbuds,EAR-M3,2784,918,85,92.94,4.26,5.47,6.0,4,48.3,0,0,new,6,42,12,9.99,33,26,3.0,2.79,No,87.52,45.83,5500,14.73,6310,100.0
S00193,small,Power Bank,PWR-M5,576,93,11,98.61,0.96,1.72,1.5,1,30.0,1,0,refurbished,3,249,8,5.0,16,7,4.91,5,Yes,91.26,16.65,8500,-12.94,7400,20.0
S00446,medium,Wireless Earbuds,EAR-M5,2221,955,62,93.19,4.28,5.35,2.7,5,54.7,1,1,new,12,337,20,6.64,71,71,3.44,3.12,No,89.22,32.26,28000,-3.57,27000,56.6
S00168,small,Digital Camera,CAM-M1,236,114,24,91.97,6.59,8.15,4.4,2,48.9,1,0,new,6,219,8,6.3,11,11,3.19,2.99,No,67.16,41.07,35000,-7.57,32350,45.2
S00440,medium,Smart TV,TV-M1,2112,454,46,98.34,0.73,1.64,1.1,1,36.0,1,0,new,12,65,56,4.95,59,26,4.69,4.71,Yes,100,11.93,22000,7.73,23700,93.1
S00502,small,Smart TV,TV-M2,65,25,14,95.12,4.3,4.86,2.1,0,31.5,0,0,new,12,25,6,3.83,2,2,3.8,3.33,Yes,62.25,18.0,35000,-9.0,31850,29.6
S00205,big,Smart TV,TV-M4,16429,2409,121,98.29,1.26,1.82,2.5,11,3.7,1,1,new,12,24,92,0.2,307,130,4.37,3.85,Yes,87.17,15.39,90000,-13.5,77850,27.5
S00414,small,Laptop,LAP-M5,257,22,6,100,0.5,1.23,1.1,0,25.7,1,0,new,12,151,6,3.72,11,3,4.71,4.34,Yes,70.02,27.64,190000,4.16,197900,80.6
S00384,medium,Laptop,LAP-M3,1381,574,43,91.81,5.02,6.37,4.3,3,48.3,0,0,new,12,480,23,9.33,35,32,3.21,2.94,No,73.01,28.81,80000,-9.94,72050,44.8
S00363,big,Bluetooth Speaker,SPK-M3,11473,3227,34,98.05,1.24,1.88,1.6,3,40.7,1,0,new,12,78,68,3.33,76,56,4.52,4.61,Yes,98.03,17.89,7000,-16.43,5850,16.7
S00367,medium,Smart TV,TV-M1,1298,195,10,98.21,1.52,1.83,2.6,1,47.4,1,0,refurbished,12,113,18,3.2,41,18,4.44,3.96,Yes,98.33,14.95,22000,-23.64,16800,8.6
S00132,small,Gaming Console,CON-M2,390,24,24,98.73,1.13,1.74,1.4,0,25.6,0,1,new,12,50,7,2.46,38,7,4.53,4.44,Yes,94.05,16.51,52000,7.21,55750,88.0
S00021,small,Laptop,LAP-M1,66,20,17,94.66,3.06,3.57,3.6,0,42.5,1,0,new,6,411,12,6.81,3,3,3.72,4.09,Yes,62.95,21.92,38000,-24.21,28800,8.0
S00498,small,Power Bank,PWR-M2,57,10,9,94.88,1.98,0.5,0.5,0,29.7,0,0,refurbished,3,263,10,6.2,1,0,4.82,,Yes,97.95,20.54,1800,-3.89,1730,75.4
S00073,small,Gaming Console,CON-M1,82,45,22,88.01,8.49,10.67,8.7,0,47.0,1,0,new,3,48,9,9.19,1,1,2.78,2.76,No,47.16,60.59,38000,-4.47,36300,54.8
S00457,small,Mobile Phone,MOB-M2,83,39,20,93.56,4.16,5.41,5.0,0,47.9,0,0,new,6,57,6,5.51,3,3,3.05,2.54,No,65.76,29.83,22000,0.91,22200,78.2
S00156,small,Smart TV,TV-M1,284,55,25,99.34,0.45,0.8,0.9,0,25.8,1,0,new,6,66,5,3.12,10,5,4.92,4.94,Yes,89.75,14.08,22000,-15.68,18550,19.0
S00039,medium,Bluetooth Speaker,SPK-M2,1152,346,34,95.13,3.07,3.8,2.4,5,38.5,1,0,new,12,340,14,5.29,19,18,4.34,3.87,Yes,79.86,35.83,3500,6.29,3720,87.9
S00107,small,Smart TV,TV-M4,86,13,30,98.19,1.69,1.44,1.2,0,44.8,1,0,used,12,63,4,3.42,4,2,4.94,4.41,Yes,91.18,11.18,90000,-3.33,87000,68.6
S00398,big,Gaming Console,CON-M4,11064,3893,108,93.84,4.17,5.17,4.1,22,66.6,1,1,new,12,516,121,7.49,130,115,3.51,3.34,No,78.65,32.96,78000,-12.82,68000,31.2
S00076,small,Wireless Earbuds,EAR-M3,105,62,20,85.71,9.59,12.11,7.1,1,58.2,0,0,new,3,13,3,9.18,0,0,,,No,,,5500,5.45,5800,88.1
S00160,small,Smart TV,TV-M5,418,258,22,85.84,10.07,11.54,8.0,4,54.8,0,0,new,6,660,16,10.39,26,26,2.81,2.65,No,52.53,58.97,180000,-20.61,142900,12.5
S00329,medium,Smartwatch,WCH-M3,1239,61,35,99.02,0.78,0.98,0.6,1,27.7,1,0,refurbished,0,245,8,7.49,18,3,5,4.62,Yes,91.1,18.78,9000,-20.0,7200,11.3
S00202,medium,Bluetooth Speaker,SPK-M4,1863,420,32,99.42,0.95,1.27,1.1,3,37.2,1,0,new,12,317,83,4.27,36,19,4.85,4.68,Yes,99.92,0,14000,-13.21,12150,15.4
S00429,big,Mobile Phone,MOB-M1,18008,3471,109,99.1,0.74,1.31,0.7,10,13.7,1,1,new,12,65,78,3.51,148,64,5,4.64,Yes,86.53,24.0,12000,-8.33,11000,29.4
S00299,small,Power Bank,PWR-M4,34,7,17,98.28,2.81,3.79,1.4,0,44.8,0,0,new,12,133,9,4.28,1,1,4.8,4.86,Yes,100,31.26,4800,-7.92,4420,43.9
S00222,big,Power Bank,PWR-M3,17934,2698,30,99.03,0.77,1.29,0.9,7,21.7,1,1,new,6,249,120,4.97,193,70,4.9,4.6,Yes,88.41,12.94,3000,-1.67,2950,51.9
S00440,medium,Digital Camera,CAM-M3,2112,454,46,98.34,0.73,1.64,1.1,1,36.0,1,0,new,0,82,25,2.43,38,23,4.54,4.47,Yes,83.64,1.07,80000,-6.75,74600,33.9
S00323,small,Mobile Phone,MOB-M3,11,1,19,97.15,0.1,1.68,2.3,0,26.9,0,0,new,6,570,8,4.85,0,0,,,No,,,38000,-2.5,37050,63.0
S00222,big,Digital Camera,CAM-M2,17934,2698,30,99.03,0.77,1.29,0.9,7,21.7,1,1,new,12,95,38,3.5,199,82,4.62,4.97,Yes,86.85,8.75,55000,-5.82,51800,40.4
S00101,big,Smart TV,TV-M2,10178,1192,106,98.66,0.9,1.45,1.3,8,28.4,1,1,new,6,68,219,3.04,148,38,4.76,4.41,Yes,83.26,0,35000,-2.57,34100,59.3
S00543,big,Desktop Computer,PC-M2,12131,2576,57,99.31,0.67,1.16,1.8,7,39.7,1,1,new,6,61,463,3.01,85,51,4.62,4.4,Yes,100,27.61,45000,-8.22,41300,30.9
S00073,small,Digital Camera,CAM-M4,82,45,22,88.01,8.49,10.67,8.7,0,47.0,1,0,new,3,124,4,6.96,2,2,2.74,2.45,No,71.62,38.96,100000,10.5,110500,98.3
S00193,small,Digital Camera,CAM-M4,576,93,11,98.61,0.96,1.72,1.5,1,30.0,1,0,new,12,330,11,3.95,25,14,4.72,4.85,Yes,87.26,3.41,100000,-7.85,92150,43.1
S00261,small,Smartwatch,WCH-M1,172,74,18,92.34,5.15,4.77,3.4,2,18.4,0,0,new,6,78,6,6.04,14,12,3.54,3.57,No,73.94,27.89,2000,-5.0,1900,32.5
S00364,small,Desktop Computer,PC-M2,25,3,4,96.83,3.2,3.33,3.9,0,38.5,0,0,new,12,58,14,3.45,3,1,4.52,4.32,Yes,72.66,18.95,45000,0.0,45000,58.2
S00171,small,Wi-Fi Router,RTR-M4,93,62,6,82.78,12.82,14.77,8.2,2,61.0,0,0,new,0,180,2,10.07,4,4,1.7,1.04,No,48.5,83.21,9500,-43.05,5410,1.6
S00165,small,Mobile Phone,MOB-M1,154,21,20,97.6,1.96,1.85,1.5,0,53.4,0,0,new,0,385,13,2.98,5,2,4.8,4.94,Yes,100,8.74,12000,-2.92,11650,54.9
S00541,medium,Smartwatch,WCH-M2,2360,1111,47,92.09,5.24,6.5,6.5,4,50.8,0,0,new,12,117,12,6.24,36,35,3.59,3.39,No,90.24,55.19,4500,-17.33,3720,18.3
S00125,medium,Laptop,LAP-M4,1692,1017,70,88.87,7.66,8.8,3.7,16,45.3,1,0,used,3,135,68,10.19,32,32,3.01,2.95,No,54.32,43.51,120000,-17.67,98800,16.4
S00331,small,Wi-Fi Router,RTR-M5,85,33,10,90.82,6.07,8.56,7.7,0,39.5,0,0,new,12,239,5,6.96,2,2,2.74,2.16,No,77.08,48.21,16000,4.37,16700,83.0
S00357,medium,Wi-Fi Router,RTR-M2,2759,451,21,99.79,0.61,1.07,0.8,1,55.4,1,1,new,6,142,20,5.27,54,11,4.62,4.64,Yes,85.06,7.36,3200,-12.5,2800,31.1
S00541,medium,Smartwatch,WCH-M5,2360,1111,47,92.09,5.24,6.5,6.5,4,50.8,0,0,new,0,105,61,7.19,30,30,3.62,3.53,Yes,81.87,38.24,45000,4.0,46800,76.8
S00357,medium,Power Bank,PWR-M1,2759,451,21,99.79,0.61,1.07,0.8,1,55.4,1,1,new,0,166,23,5.02,35,16,4.8,4.85,Yes,98.02,15.15,1100,2.73,1130,75.0
S00289,small,Smartwatch,WCH-M3,17,12,6,80.58,12.49,18.21,12.8,0,56.0,0,0,new,0,180,10,14.74,0,0,,,No,,,9000,-26.78,6590,3.2
S00257,big,Wireless Earbuds,EAR-M3,11676,785,101,98.83,0.95,1.34,1.4,4,16.3,1,1,new,3,118,118,4.82,269,35,4.57,4.42,Yes,88.48,20.24,5500,3.27,5680,80.6
S00004,small,Wireless Earbuds,EAR-M2,187,82,25,93.62,4.94,6.3,6.3,3,40.3,1,0,new,12,90,12,6.02,23,23,3.81,3.42,Yes,80.57,31.29,2500,-24.4,1890,6.5
S00500,small,Laptop,LAP-M4,318,92,5,98.23,1.36,2.1,1.3,0,47.4,0,0,new,3,150,12,5.81,40,40,4.29,4.45,Yes,100,38.81,120000,-13.58,103700,27.3
S00353,small,Mobile Phone,MOB-M2,93,21,10,97.54,1.57,3.44,2.3,0,43.4,0,0,new,6,183,7,4.59,4,2,4.42,4.12,Yes,84.35,12.03,22000,3.86,22850,85.5
S00350,small,Laptop,LAP-M3,90,18,25,97.11,1.02,2.13,0.9,0,34.5,1,0,new,0,24,4,4.84,6,4,4.57,4.4,Yes,91.45,9.85,80000,-14.5,68400,25.9
S00460,small,Bluetooth Speaker,SPK-M5,38,4,24,99.69,0.1,2.12,2.0,0,24.0,0,0,new,6,117,7,3.56,1,0,4.34,,Yes,96.21,41.28,30000,-11.5,26550,23.9
S00089,small,Bluetooth Speaker,SPK-M5,335,197,2,87.89,7.71,9.52,14.4,0,42.7,1,0,new,0,60,3,7.49,15,15,3.08,2.97,No,61.3,36.7,30000,-13.83,25850,17.9
S00103,small,Smart TV,TV-M3,104,28,6,99.05,1.8,3.07,1.3,0,36.8,0,0,refurbished,12,35,5,2.58,12,8,4.13,4.03,Yes,81.23,23.41,55000,-3.91,52850,48.0
S00176,medium,Desktop Computer,PC-M3,1354,277,49,99.31,0.67,1.15,0.9,0,53.1,1,0,new,0,37,34,3.65,49,27,4.73,4.39,Yes,84.22,36.13,65000,0.92,65600,78.3
S00227,medium,Desktop Computer,PC-M5,1685,573,57,97.46,1.47,1.83,1.4,1,49.3,1,1,new,6,63,29,2.92,65,57,5,5,Yes,83.88,24.69,160000,-5.87,150600,46.4
S00268,small,Smart TV,TV-M5,75,17,15,96.08,0.1,1.46,1.6,0,38.1,1,0,new,6,373,6,4.19,3,2,4.76,4.55,Yes,77.88,18.84,180000,-0.5,179100,67.9
S00334,small,Bluetooth Speaker,SPK-M1,80,15,27,98.46,1.34,1.15,2.0,0,42.4,0,0,new,3,151,17,5.65,5,2,4.55,4.41,Yes,100,21.82,1500,9.33,1640,92.7
S00003,big,Bluetooth Speaker,SPK-M5,18215,2451,45,97.19,1.81,2.54,2.6,9,44.6,1,0,new,0,15,60,6.17,329,110,4.48,4.77,Yes,93.11,6.79,30000,-3.83,28850,55.2
S00246,medium,Gaming Console,CON-M4,1860,559,29,95.99,2.58,2.99,2.6,2,45.8,1,0,new,3,88,33,4.41,98,76,4.64,4.44,Yes,84.68,17.7,78000,-3.91,74950,70.8
S00374,small,Smart TV,TV-M5,181,29,14,99.67,1.61,1.74,0.7,0,33.8,0,0,new,12,59,6,4.37,3,1,5,4.93,Yes,100,9.32,180000,7.36,193250,94.6
S00120,small,Mobile Phone,MOB-M3,115,44,8,94.41,5.25,4.78,2.4,0,43.6,1,0,new,12,62,5,4.46,8,8,3.71,3.65,Yes,84.45,20.23,38000,-1.18,37550,70.4
S00315,medium,Smartwatch,WCH-M2,1511,439,48,93.56,4.15,5.57,9.3,3,61.5,1,1,new,0,58,18,7.41,31,24,3.6,3.64,Yes,68.63,30.85,4500,-11.11,4000,41.7
S00495,big,Laptop,LAP-M5,10614,3105,84,97.15,1.88,2.6,1.8,11,9.7,1,0,new,0,833,95,4.75,145,130,4.38,4.21,Yes,76.65,13.73,190000,4.71,198950,82.3
S00132,small,Gaming Console,CON-M3,390,24,24,98.73,1.13,1.74,1.4,0,25.6,0,1,new,3,242,11,3.06,63,10,4.59,4.45,Yes,93.62,22.12,62000,10.24,68350,96.0
S00165,small,Power Bank,PWR-M3,154,21,20,97.6,1.96,1.85,1.5,0,53.4,0,0,refurbished,3,175,3,3.62,12,7,3.93,4.03,Yes,73.47,18.75,3000,-10.67,2680,21.2
S00405,small,Smartwatch,WCH-M5,581,263,6,93.1,4.92,5.72,3.4,1,50.8,0,0,new,0,180,6,5.61,18,18,4.0,3.94,Yes,73.65,39.83,45000,-5.67,42450,44.6
S00112,small,Smartwatch,WCH-M3,185,26,4,95.88,1.09,3.36,1.7,1,38.1,0,0,new,12,120,10,6.48,7,2,4.28,3.98,Yes,75.6,4.74,9000,7.78,9700,96.8
S00274,small,Bluetooth Speaker,SPK-M1,110,28,12,95.08,2.6,4.4,2.5,1,44.9,1,0,new,6,140,9,6.59,1,1,4.33,4.14,Yes,79.04,28.52,1500,-16.0,1260,14.5
S00043,small,Gaming Console,CON-M1,226,34,11,100,0.64,0.41,1.0,0,32.1,1,0,used,12,68,12,2.07,13,4,4.72,4.4,Yes,100,4.24,38000,4.08,39550,78.6
S00108,small,Mobile Phone,MOB-M3,116,21,11,98.31,0.46,2.7,0.9,0,34.4,0,0,new,12,330,6,2.97,1,0,4.97,,Yes,90.65,37.54,38000,-8.16,34900,37.0
S00311,medium,Desktop Computer,PC-M4,1632,438,32,98.47,1.54,2.12,1.3,1,56.1,1,1,new,0,9,48,3.75,68,44,4.05,3.48,Yes,96.14,18.28,95000,-9.53,85950,30.2
S00067,medium,Digital Camera,CAM-M1,1436,281,49,99.93,0.65,0.92,0.8,1,21.1,1,0,new,12,174,30,0.2,32,16,4.56,4.45,Yes,92.65,16.08,35000,2.0,35700,85.5
S00055,small,Power Bank,PWR-M4,54,13,7,95.15,6.13,5.21,4.4,0,42.6,0,0,refurbished,12,194,3,5.79,6,3,3.67,3.43,Yes,66.62,36.89,4800,-6.67,4480,50.9
S00541,medium,Gaming Console,CON-M4,2360,1111,47,92.09,5.24,6.5,6.5,4,50.8,0,0,new,3,585,37,5.42,43,43,3.44,3.02,No,77.47,35.33,78000,-23.4,59750,10.4
S00379,small,Gaming Console,CON-M3,216,43,16,97.14,1.13,1.38,1.4,0,26.4,1,0,used,12,75,34,3.55,17,9,5,4.85,Yes,100,9.29,62000,5.32,65300,88.0
S00538,big,Bluetooth Speaker,SPK-M3,21530,8371,76,95.25,3.2,4.03,3.2,31,65.0,1,0,new,0,414,98,5.77,278,269,4.06,3.76,Yes,91.58,32.81,7000,5.14,7360,87.0
S00429,big,Gaming Console,CON-M5,18008,3471,109,99.1,0.74,1.31,0.7,10,13.7,1,1,new,3,121,25,1.82,240,99,4.38,4.38,Yes,92.34,15.41,95000,7.58,102200,94.0
S00115,small,Digital Camera,CAM-M5,52,23,14,91.16,4.81,7.0,4.7,0,37.1,0,0,new,0,95,5,5.54,3,2,3.26,3.21,No,78.51,41.08,180000,-2.31,175850,67.2
S00173,small,Smart TV,TV-M1,20,16,9,80.38,13.11,13.98,4.3,0,64.8,0,0,new,6,270,5,11.24,1,1,2.11,1.92,No,39.86,69.53,22000,-38.86,13450,3.4
S00326,small,Smartwatch,WCH-M2,59,40,7,78.31,12.82,17.06,9.1,0,61.7,0,0,new,6,85,7,12.76,3,3,1.83,1.24,No,46.38,78.51,4500,-32.0,3060,5.0
S00445,small,Laptop,LAP-M5,73,8,13,99.54,0.11,2.29,3.3,0,27.3,1,0,new,12,390,19,3.79,4,1,4.66,4.6,Yes,80.15,24.83,190000,-7.24,176250,32.3
S00174,medium,Smart TV,TV-M1,2603,515,49,99.63,0.52,0.9,1.1,0,24.8,1,0,new,12,180,29,3.98,72,39,5,5,Yes,87.93,5.66,22000,-10.0,19800,32.8
S00292,small,Desktop Computer,PC-M2,67,7,13,96.2,0.1,2.19,1.6,0,49.6,0,0,new,6,326,8,3.73,8,2,4.54,4.55,Yes,84.26,19.66,45000,-1.11,44500,54.5
S00439,small,Desktop Computer,PC-M2,429,130,10,93.31,3.55,4.63,2.6,1,41.9,0,0,new,3,70,9,4.54,20,19,3.66,3.63,Yes,71.48,24.52,45000,-3.89,43250,43.6
S00474,small,Smart TV,TV-M5,327,143,12,89.4,7.41,8.71,5.0,3,45.0,1,0,refurbished,6,38,2,8.77,29,29,2.75,2.95,No,57.44,9.99,180000,3.53,186350,80.4
S00052,small,Power Bank,PWR-M2,86,4,7,99.63,1.03,0.45,1.4,0,38.3,0,0,new,12,110,4,5.05,14,1,4.19,4.01,Yes,76.34,8.97,1800,4.44,1880,91.2
S00328,medium,Power Bank,PWR-M3,1578,201,58,99.26,0.91,1.21,0.4,0,30.3,1,0,refurbished,12,56,26,3.06,37,12,4.83,4.57,Yes,98.77,24.15,3000,-6.0,2820,38.5
S00246,medium,Wi-Fi Router,RTR-M1,1860,559,29,95.99,2.58,2.99,2.6,2,45.8,1,0,new,3,72,102,5.05,55,38,3.77,3.56,Yes,87.69,6.69,1800,-0.56,1790,71.9
S00537,medium,Smartwatch,WCH-M3,1371,94,38,97.38,1.58,2.27,2.5,0,53.6,1,0,used,12,528,44,5.15,32,6,4.7,4.62,Yes,88.74,22.71,9000,-4.56,8590,56.5
S00239,small,Smart TV,TV-M5,69,20,21,92.94,2.85,3.39,4.2,0,48.7,0,0,new,12,67,6,6.35,7,4,4.13,3.81,Yes,93.45,7.69,180000,3.28,185900,76.8
S00391,small,Gaming Console,CON-M1,107,21,13,100,0.17,1.38,2.9,0,38.1,1,0,new,12,390,2,2.0,8,5,4.6,4.43,Yes,71.16,29.86,38000,-12.24,33350,26.2
S00521,small,Digital Camera,CAM-M4,17,5,7,93.0,4.93,6.6,6.4,0,59.0,0,0,new,6,132,7,5.15,1,1,3.5,3.07,No,67.36,37.41,100000,-15.2,84800,25.9
S00248,small,Gaming Console,CON-M4,52,15,17,94.11,4.05,5.84,3.1,0,33.1,1,0,new,12,15,7,4.45,0,0,,,No,,,78000,-2.24,76250,77.1
S00510,small,Wi-Fi Router,RTR-M3,94,29,5,91.92,3.78,5.51,4.6,0,62.6,0,0,new,0,36,7,2.62,11,7,3.53,3.34,No,72.55,44.59,5500,-12.18,4830,19.6
S00150,big,Laptop,LAP-M5,16547,2862,75,98.1,1.2,1.87,1.4,11,32.1,1,0,new,12,46,50,4.36,282,115,4.48,4.56,Yes,82.06,12.6,190000,-2.61,185050,50.0
S00357,medium,Power Bank,PWR-M2,2759,451,21,99.79,0.61,1.07,0.8,1,55.4,1,1,new,12,91,16,6.15,29,14,4.69,4.63,Yes,100,21.23,1800,-4.44,1720,68.4
S00366,small,Bluetooth Speaker,SPK-M3,58,15,16,95.12,2.39,0.5,2.0,0,51.5,1,0,new,3,103,6,6.81,7,4,4.55,4.64,Yes,85.26,8.75,7000,-13.0,6090,20.4
S00243,small,Smartwatch,WCH-M3,21,15,16,79.72,14.68,16.07,14.8,0,62.8,0,0,new,6,5,8,12.32,0,0,,,No,,,9000,-20.33,7170,8.1
S00351,small,Wireless Earbuds,EAR-M1,379,51,2,99.06,1.17,1.09,1.3,1,23.6,1,0,new,12,60,9,3.8,5,2,4.67,4.46,Yes,95.77,24.16,1200,10.83,1330,94.8
S00412,big,Wireless Earbuds,EAR-M4,22291,5838,77,97.25,1.78,2.4,1.4,15,30.0,1,0,new,3,1283,185,7.48,302,241,4.15,4.15,Yes,99.33,9.51,12000,-6.25,11250,55.8
S00538,big,Laptop,LAP-M2,21530,8371,76,95.25,3.2,4.03,3.2,31,65.0,1,0,new,3,57,86,4.27,210,210,4.36,4.09,Yes,84.15,21.88,55000,-0.45,54750,71.9
S00071,big,Wi-Fi Router,RTR-M3,19291,4612,63,98.68,0.86,1.46,1.1,15,18.4,1,1,new,3,242,227,3.53,337,299,4.44,4.64,Yes,94.13,0,5500,-2.91,5340,63.0
S00316,small,Bluetooth Speaker,SPK-M5,41,10,8,100,1.54,1.0,2.3,0,30.0,1,0,new,6,52,6,6.45,2,1,4.08,4.3,Yes,94.7,28.63,30000,-5.83,28250,46.3
S00258,small,Digital Camera,CAM-M3,110,35,2,94.22,2.58,3.31,5.4,0,41.7,0,0,new,6,60,10,5.11,19,12,4.53,4.45,Yes,94.36,28.45,80000,-2.38,78100,58.9
S00166,small,Mobile Phone,MOB-M1,30,12,7,87.56,5.19,5.44,7.2,0,53.3,0,0,new,0,81,10,4.53,4,4,3.76,3.55,Yes,58.48,38.13,12000,-10.42,10750,19.6
S00151,medium,Power Bank,PWR-M2,2106,679,25,97.27,1.46,2.47,2.2,1,48.6,1,0,new,6,322,39,6.41,18,14,4.32,4.27,Yes,88.28,6.01,1800,8.33,1950,94.7
S00538,big,Wireless Earbuds,EAR-M3,21530,8371,76,95.25,3.2,4.03,3.2,31,65.0,1,0,new,6,69,79,6.77,150,129,3.92,3.72,Yes,71.81,37.23,5500,-12.18,4830,28.4
S00479,small,Bluetooth Speaker,SPK-M5,305,49,22,96.49,1.68,2.41,1.3,1,58.8,1,0,new,6,87,9,4.45,22,7,4.47,4.39,Yes,79.61,19.01,30000,17.67,35300,100.0
S00208,small,Power Bank,PWR-M1,122,11,11,96.54,0.22,1.29,2.8,0,20.4,1,0,new,3,180,9,5.9,2,1,4.64,4.24,Yes,78.34,27.28,1100,5.45,1160,83.9
S00428,small,Gaming Console,CON-M2,19,7,25,83.11,7.03,12.11,10.3,0,69.7,0,0,new,0,26,7,8.77,0,0,,,No,,,52000,-24.52,39250,4.0
S00322,small,Wi-Fi Router,RTR-M3,54,23,12,95.07,2.93,2.85,3.0,0,41.0,1,0,new,3,77,16,3.87,0,0,,,No,,,5500,-6.18,5160,41.3
S00513,small,Wireless Earbuds,EAR-M5,36,12,13,94.45,4.91,5.4,2.6,0,19.4,0,0,used,6,36,9,6.95,2,1,3.82,3.89,Yes,79.09,37.82,28000,-5.18,26550,45.3
S00009,small,Wi-Fi Router,RTR-M4,59,14,17,95.2,1.84,3.97,2.4,0,46.8,1,0,refurbished,12,510,4,3.39,9,5,4.84,4.8,Yes,82.81,21.41,9500,4.0,9880,87.1
S00216,big,Wireless Earbuds,EAR-M2,25438,8397,94,94.36,3.7,4.75,3.5,37,54.8,1,1,new,6,1064,48,6.59,396,215,3.73,3.68,Yes,87.64,11.03,2500,-3.2,2420,65.2
S00513,small,Mobile Phone,MOB-M5,36,12,13,94.45,4.91,5.4,2.6,0,19.4,0,0,new,12,390,21,6.54,2,1,3.62,3.52,Yes,78.89,43.01,140000,-9.18,127150,36.2
S00098,small,Smart TV,TV-M1,47,5,6,95.81,0.8,2.74,2.1,0,35.7,0,0,new,12,111,23,6.14,2,1,4.21,4.26,Yes,100,35.61,22000,-7.27,20400,48.3
S00328,medium,Power Bank,PWR-M5,1578,201,58,99.26,0.91,1.21,0.4,0,30.3,1,0,new,12,242,16,4.79,30,13,4.73,4.53,Yes,99.54,10.89,8500,-0.94,8420,54.5
S00543,big,Wireless Earbuds,EAR-M3,12131,2576,57,99.31,0.67,1.16,1.8,7,39.7,1,1,new,12,93,107,3.67,135,68,4.79,4.7,Yes,86.68,7.37,5500,-2.36,5370,52.2
S00054,small,Gaming Console,CON-M4,74,33,17,95.22,5.35,7.58,6.0,0,39.4,0,0,new,3,81,10,7.27,2,2,3.47,3.22,No,82.51,50.58,78000,-23.65,59550,8.3
S00037,big,Bluetooth Speaker,SPK-M5,13894,694,69,98.34,1.08,1.55,1.3,6,38.6,1,0,new,6,201,116,4.63,266,34,4.58,4.48,Yes,91.24,12.33,30000,-10.83,26750,28.4
S00090,medium,Smart TV,TV-M5,1191,278,46,98.34,0.92,1.73,3.0,1,56.2,1,1,new,12,710,21,4.74,80,39,4.55,4.32,Yes,100,14.5,180000,-8.67,164400,41.1
S00102,small,Wi-Fi Router,RTR-M4,12,5,15,94.89,6.81,4.67,2.7,0,43.0,0,0,new,12,299,6,5.38,0,0,,,No,,,9500,4.0,9880,87.1
S00270,small,Digital Camera,CAM-M2,131,27,2,95.6,1.65,3.13,2.0,0,19.6,1,0,new,12,60,3,6.75,16,9,4.41,4.06,Yes,81.77,30.79,55000,-7.36,50950,33.3
S00337,small,Smartwatch,WCH-M2,97,32,10,95.15,3.15,4.72,3.5,0,35.6,0,0,new,0,64,5,6.25,9,7,4.08,4.02,Yes,100,26.58,4500,3.56,4660,88.3
S00228,big,Smart TV,TV-M1,15923,2418,65,97.98,1.25,2.01,2.0,14,53.5,1,1,new,0,552,364,5.03,489,161,4.32,4.46,Yes,90.27,14.28,22000,1.59,22350,74.1
S00458,big,Power Bank,PWR-M3,19893,8155,45,94.84,3.46,4.36,1.3,24,32.2,1,0,new,6,357,60,5.17,98,98,4.12,3.8,Yes,85.6,13.81,3000,-10.0,2700,28.8
S00367,medium,Wireless Earbuds,EAR-M2,1298,195,10,98.21,1.52,1.83,2.6,1,47.4,1,0,new,6,300,35,4.42,31,10,5.0,4.9,Yes,92.28,12.71,2500,-5.6,2360,56.5
S00199,medium,Mobile Phone,MOB-M5,1247,153,39,97.1,1.54,2.13,3.5,3,38.7,0,0,new,3,97,31,4.66,48,15,4.41,4.27,Yes,85.3,12.1,140000,-1.96,137250,63.8
S00206,small,Wireless Earbuds,EAR-M4,46,19,8,92.19,6.67,5.84,4.9,0,45.1,0,0,new,0,76,2,9.96,2,2,3.61,3.89,Yes,64.53,40.99,12000,-11.25,10650,27.9
S00307,medium,Desktop Computer,PC-M3,583,94,31,96.85,2.48,3.04,2.4,1,23.7,1,1,new,12,87,11,6.15,21,8,3.94,4.23,Yes,84.57,25.1,65000,-8.0,59800,31.7
S00086,medium,Wireless Earbuds,EAR-M1,3263,961,25,97.61,1.74,2.35,1.1,1,51.9,1,0,new,0,130,30,4.42,63,55,4.11,4.29,Yes,79.1,19.07,1200,-10.83,1070,25.9
S00227,medium,Smartwatch,WCH-M4,1685,573,57,97.46,1.47,1.83,1.4,1,49.3,1,1,new,3,525,23,6.32,83,67,4.66,4.48,Yes,85.25,20.51,22000,7.27,23600,81.8
S00039,medium,Smartwatch,WCH-M5,1152,346,34,95.13,3.07,3.8,2.4,5,38.5,1,0,new,3,75,37,4.79,19,12,4.57,4.39,Yes,88.83,45.11,45000,-15.11,38200,19.6
S00037,big,Smartwatch,WCH-M3,13894,694,69,98.34,1.08,1.55,1.3,6,38.6,1,0,new,3,143,178,5.53,173,31,4.89,4.85,Yes,100,17.71,9000,-3.44,8690,64.5
S00018,medium,Gaming Console,CON-M3,500,142,32,98.05,2.27,3.51,5.9,0,26.9,1,0,new,12,36,42,5.72,12,9,4.05,3.89,Yes,93.61,15.67,62000,-6.69,57850,46.0
S00466,small,Bluetooth Speaker,SPK-M4,55,15,34,96.43,3.56,3.76,2.7,0,65.9,1,0,used,0,813,10,3.93,8,7,4.53,4.08,Yes,77.58,21.17,14000,18.57,16600,100.0
S00131,medium,Desktop Computer,PC-M3,2677,846,22,96.4,2.75,3.53,2.4,2,61.3,0,1,new,12,123,25,4.36,99,92,4.32,4.39,Yes,75.01,36.38,65000,-7.62,60050,35.0
S00220,small,Gaming Console,CON-M3,122,28,4,96.38,0.8,0.47,0.7,0,28.4,1,0,new,12,120,8,2.86,5,3,4.57,4.83,Yes,80.87,2.62,62000,6.53,66050,90.0
S00264,medium,Smart TV,TV-M4,1677,234,10,97.41,1.43,2.4,1.4,0,34.3,1,0,refurbished,12,300,28,1.08,35,13,4.12,4.11,Yes,83.97,16.54,90000,-13.39,77950,29.4
S00220,small,Digital Camera,CAM-M3,122,28,4,96.38,0.8,0.47,0.7,0,28.4,1,0,new,3,40,26,1.38,0,0,,,No,,,80000,2.25,81800,85.7
S00257,big,Laptop,LAP-M3,11676,785,101,98.83,0.95,1.34,1.4,4,16.3,1,1,new,6,42,47,5.43,303,27,4.63,4.82,Yes,97.1,4.66,80000,3.31,82650,87.9
S00066,medium,Power Bank,PWR-M1,1645,284,63,97.06,1.08,1.7,2.4,0,55.1,1,1,new,12,54,19,4.93,64,34,4.75,4.57,Yes,89.37,11.65,1100,10.0,1210,94.6
S00168,small,Bluetooth Speaker,SPK-M5,236,114,24,91.97,6.59,8.15,4.4,2,48.9,1,0,new,12,57,4,6.92,0,0,,,No,,,30000,-5.17,28450,49.3
S00443,medium,Wireless Earbuds,EAR-M3,2892,687,69,97.5,1.89,2.93,1.2,0,33.4,1,0,new,12,49,59,7.02,123,75,3.87,3.97,Yes,96.96,33.17,5500,-2.91,5340,49.3
S00098,small,Smart TV,TV-M2,47,5,6,95.81,0.8,2.74,2.1,0,35.7,0,0,new,6,127,9,3.44,2,1,4.01,3.66,Yes,69.57,15.69,35000,-5.14,33200,38.9
S00441,small,Digital Camera,CAM-M4,9,4,17,94.12,7.15,9.89,6.8,0,31.6,0,0,new,12,239,4,4.83,0,0,,,No,,,100000,-7.8,92200,44.8
S00482,small,Laptop,LAP-M2,40,16,34,86.96,8.61,8.7,6.4,0,30.5,1,0,used,12,731,8,8.86,2,2,2.82,2.55,No,67.34,41.38,55000,-15.91,46250,12.3
S00148,medium,Wireless Earbuds,EAR-M3,3985,993,53,97.26,1.83,2.46,1.5,3,42.2,1,0,new,12,51,21,6.9,125,98,4.01,3.92,Yes,100,11.25,5500,4.0,5720,83.6
S00389,small,Gaming Console,CON-M1,16,3,38,100,1.82,1.44,2.8,0,42.0,1,0,new,0,58,5,2.88,1,0,4.84,,Yes,96.85,13.14,38000,-6.05,35700,47.6
S00024,small,Desktop Computer,PC-M5,14,9,7,87.58,8.15,10.97,14.4,0,70.3,0,0,new,12,197,5,8.71,1,1,2.51,2.23,No,59.99,65.32,160000,-30.91,110550,2.9
S00243,small,Smartwatch,WCH-M5,21,15,16,79.72,14.68,16.07,14.8,0,62.8,0,0,new,12,130,2,13.22,0,0,,,No,,,45000,-22.67,34800,8.9
S00437,small,Mobile Phone,MOB-M2,163,76,19,91.94,6.3,6.8,7.0,1,41.7,1,0,new,12,48,5,5.91,8,8,3.09,2.98,No,65.13,33.06,22000,5.68,23250,94.5
S00445,small,Smartwatch,WCH-M5,73,8,13,99.54,0.11,2.29,3.3,0,27.3,1,0,new,12,261,5,5.55,1,0,4.44,,Yes,78.74,22.0,45000,-3.0,43650,55.4
S00505,small,Smart TV,TV-M4,209,60,4,96.93,2.43,2.74,2.8,0,24.8,1,0,new,0,120,9,1.09,4,3,4.7,4.72,Yes,93.63,12.27,90000,-4.44,86000,62.7
S00208,small,Power Bank,PWR-M5,122,11,11,96.54,0.22,1.29,2.8,0,20.4,1,0,new,3,330,3,4.13,3,1,4.17,3.61,Yes,100,26.5,8500,5.18,8940,83.6
S00172,small,Mobile Phone,MOB-M4,99,17,7,99.85,1.32,0.78,1.0,0,65.8,1,0,new,12,210,3,4.48,4,2,4.26,4.12,Yes,89.92,20.51,65000,-2.31,63500,66.7
S00176,medium,Wireless Earbuds,EAR-M1,1354,277,49,99.31,0.67,1.15,0.9,0,53.1,1,0,refurbished,12,238,15,3.03,50,22,4.56,4.44,Yes,74.22,23.18,1200,6.67,1280,89.7
S00463,small,Laptop,LAP-M2,274,23,13,96.93,1.64,2.34,3.0,0,39.1,1,0,new,12,72,7,5.24,25,6,4.12,4.43,Yes,87.66,10.68,55000,-5.55,51950,52.6
S00314,small,Smart TV,TV-M4,474,209,7,94.09,4.22,5.96,2.7,0,34.2,0,0,used,6,25,6,4.21,52,52,3.7,3.72,Yes,77.8,48.27,90000,-5.83,84750,52.9
S00508,medium,Laptop,LAP-M2,1567,427,46,99.29,0.64,1.36,1.3,1,44.0,1,1,new,6,110,50,3.84,36,26,4.94,4.9,Yes,86.26,1.86,55000,7.55,59150,94.7
S00369,small,Desktop Computer,PC-M1,95,16,33,99.34,1.84,2.12,1.4,0,46.5,1,0,new,6,844,3,4.28,8,3,4.46,4.23,Yes,97.65,13.61,30000,12.17,33650,98.4
S00354,small,Smartwatch,WCH-M2,220,100,13,91.96,4.34,5.13,3.4,0,51.1,0,0,new,0,390,12,6.56,19,19,3.3,2.88,No,80.96,37.0,4500,4.22,4690,90.0
S00396,small,Gaming Console,CON-M4,104,13,22,98.5,1.51,1.18,0.7,0,42.5,0,0,new,12,30,3,2.31,10,3,4.81,4.84,Yes,80.83,19.75,78000,17.12,91350,100.0
S00429,big,Mobile Phone,MOB-M4,18008,3471,109,99.1,0.74,1.31,0.7,10,13.7,1,1,new,6,1275,44,2.86,132,78,5,4.71,Yes,86.32,3.26,65000,3.46,67250,83.3
S00462,medium,Desktop Computer,PC-M5,1120,123,39,99.17,0.83,1.34,0.8,1,43.7,1,0,refurbished,12,14,14,2.24,71,21,4.5,4.33,Yes,100,18.67,160000,1.97,163150,76.8
S00275,medium,Digital Camera,CAM-M3,1828,658,74,94.04,4.01,4.82,4.9,3,34.7,0,0,new,3,77,12,6.54,94,94,3.62,3.06,Yes,96.12,40.82,80000,-6.56,74750,37.5
S00430,small,Wireless Earbuds,EAR-M3,28,12,19,93.84,6.11,9.02,12.3,0,34.6,0,0,new,3,268,8,7.14,0,0,,,No,,,5500,-18.55,4480,13.4
S00469,big,Gaming Console,CON-M3,11377,1954,82,97.08,2.01,2.85,1.5,5,43.1,1,0,new,12,166,183,2.61,93,38,4.62,4.29,Yes,70.38,0,62000,-12.74,54100,22.0
S00417,medium,Mobile Phone,MOB-M5,1133,275,28,97.76,1.75,2.52,1.2,0,43.7,1,0,new,12,210,33,6.59,40,33,4.44,4.16,Yes,82.42,25.02,140000,-8.0,128800,44.8
S00492,small,Digital Camera,CAM-M1,38,20,5,87.48,8.89,9.53,6.4,0,32.3,1,0,new,3,50,9,7.11,2,2,2.44,2.3,No,61.6,60.51,35000,-25.57,26050,6.5
S00293,medium,Desktop Computer,PC-M5,862,53,56,98.33,1.07,1.27,1.9,0,20.7,1,0,refurbished,12,147,13,3.08,30,4,4.61,4.48,Yes,81.98,4.09,160000,-7.22,148450,39.1
S00352,small,Bluetooth Speaker,SPK-M2,236,46,2,93.47,2.67,3.58,2.5,0,49.4,0,0,new,12,60,10,6.06,29,10,4.07,3.99,Yes,74.28,37.38,3500,1.43,3550,67.2
S00146,medium,Desktop Computer,PC-M3,817,198,35,97.8,1.17,2.17,4.6,1,42.2,1,0,new,12,279,23,4.2,9,5,4.31,3.95,Yes,96.17,21.58,65000,-1.85,63800,58.3
S00333,medium,Gaming Console,CON-M3,1444,222,59,98.93,0.57,1.07,1.2,0,41.7,0,0,new,0,86,24,2.06,40,12,5,4.94,Yes,100,3.97,62000,-2.82,60250,62.0
S00336,medium,Laptop,LAP-M4,1172,433,32,94.15,3.71,5.1,3.8,2,17.5,1,0,new,3,233,56,7.42,40,34,3.82,3.7,Yes,72.63,50.48,120000,-5.75,113100,54.5
S00085,small,Mobile Phone,MOB-M3,39,11,20,95.33,0.1,2.32,1.3,0,46.9,0,0,used,0,276,4,3.28,3,2,4.75,4.5,Yes,89.34,25.18,38000,-6.58,35500,48.1
S00440,medium,Bluetooth Speaker,SPK-M2,2112,454,46,98.34,0.73,1.64,1.1,1,36.0,1,0,new,12,250,65,1.95,33,22,4.84,4.5,Yes,92.62,16.36,3500,4.86,3670,81.0
S00003,big,Power Bank,PWR-M2,18215,2451,45,97.19,1.81,2.54,2.6,9,44.6,1,0,new,12,32,133,4.41,354,122,3.92,3.96,Yes,91.93,10.97,1800,-8.33,1650,56.1
S00063,medium,Desktop Computer,PC-M3,4811,1185,24,96.22,2.64,3.43,3.5,4,47.6,0,1,new,12,720,26,5.27,144,130,4.31,3.92,Yes,80.32,6.21,65000,-4.62,62000,50.0
S00371,medium,Smart TV,TV-M2,723,70,66,99.34,0.88,0.99,1.0,0,19.2,1,1,new,0,104,9,2.5,11,2,4.63,4.74,Yes,100,16.85,35000,2.43,35850,77.8
S00118,small,Gaming Console,CON-M4,62,27,14,86.38,10.13,12.13,4.6,0,60.3,0,0,new,0,206,5,11.64,4,4,2.33,1.97,No,60.8,49.57,78000,-29.1,55300,4.2
S00387,big,Mobile Phone,MOB-M1,21188,2382,60,99.12,0.69,1.3,0.8,9,32.2,1,1,new,6,144,365,2.88,255,64,4.71,4.72,Yes,90.77,10.1,12000,-2.92,11650,54.9
S00148,medium,Desktop Computer,PC-M5,3985,993,53,97.26,1.83,2.46,1.5,3,42.2,1,0,new,12,240,34,3.46,44,40,4.36,4.18,Yes,71.82,21.75,160000,1.06,161700,72.5
S00218,small,Smart TV,TV-M2,14,3,34,100,0.1,3.03,0.8,0,34.5,0,0,new,6,75,13,1.51,0,0,,,No,,,35000,7.29,37550,96.3
S00258,small,Digital Camera,CAM-M4,110,35,2,94.22,2.58,3.31,5.4,0,41.7,0,0,new,6,15,2,3.0,14,11,3.93,3.67,Yes,89.0,12.58,100000,-14.25,85750,29.3
S00241,small,Power Bank,PWR-M2,92,56,23,87.06,9.52,11.91,9.6,0,55.4,0,0,new,6,247,7,12.07,0,0,,,No,,,1800,-25.0,1350,5.3
S00038,small,Wireless Earbuds,EAR-M3,128,52,12,92.23,3.38,5.93,5.8,0,46.8,1,0,new,12,85,3,5.98,0,0,,,No,,,5500,-20.36,4380,9.0
S00481,small,Gaming Console,CON-M3,516,114,52,98.4,1.06,2.32,1.1,1,46.4,1,0,new,12,24,8,4.29,14,7,4.55,4.29,Yes,100,19.71,62000,-9.19,56300,32.0
S00440,medium,Desktop Computer,PC-M3,2112,454,46,98.34,0.73,1.64,1.1,1,36.0,1,0,new,0,323,13,3.0,25,15,4.55,4.45,Yes,88.85,18.07,65000,-7.31,60250,38.3
S00531,medium,Power Bank,PWR-M3,2453,341,29,98.57,1.31,2.11,2.0,1,25.8,0,0,new,0,93,17,4.31,68,35,4.5,4.69,Yes,83.38,16.42,3000,-16.33,2510,13.5
S00263,small,Smart TV,TV-M1,55,24,6,94.07,2.04,1.75,2.7,0,57.2,0,0,new,6,79,4,4.91,0,0,,,No,,,22000,-13.41,19050,22.4
S00086,medium,Power Bank,PWR-M3,3263,961,25,97.61,1.74,2.35,1.1,1,51.9,1,0,new,6,187,20,4.58,43,42,4.41,4.16,Yes,85.51,18.01,3000,2.67,3080,71.2
S00233,small,Wi-Fi Router,RTR-M4,272,53,4,98.04,0.36,2.07,2.9,0,40.3,1,0,new,0,112,10,2.77,18,9,4.47,4.4,Yes,87.34,5.96,9500,-9.16,8630,38.7
S00309,small,Desktop Computer,PC-M3,112,26,33,98.09,1.45,1.71,1.8,0,42.4,0,1,new,0,281,5,1.79,11,6,4.87,4.95,Yes,96.5,17.03,65000,1.85,66200,80.0
S00043,small,Gaming Console,CON-M2,226,34,11,100,0.64,0.41,1.0,0,32.1,1,0,new,12,67,7,2.2,20,5,4.56,4.25,Yes,87.2,5.52,52000,-0.77,51600,68.0
S00537,medium,Power Bank,PWR-M1,1371,94,38,97.38,1.58,2.27,2.5,0,53.6,1,0,new,0,139,23,4.35,14,2,4.27,4.64,Yes,100,22.22,1100,-9.09,1000,35.7
S00437,small,Mobile Phone,MOB-M5,163,76,19,91.94,6.3,6.8,7.0,1,41.7,1,0,new,0,176,6,7.4,8,8,3.53,3.22,No,73.65,43.53,140000,-10.54,125250,34.5
S00337,small,Smartwatch,WCH-M1,97,32,10,95.15,3.15,4.72,3.5,0,35.6,0,0,new,12,118,2,5.67,4,3,3.84,3.33,Yes,98.97,19.4,2000,0.0,2000,70.0
S00398,big,Laptop,LAP-M4,11064,3893,108,93.84,4.17,5.17,4.1,22,66.6,1,1,new,12,325,122,7.74,99,84,3.88,3.72,Yes,75.8,35.97,120000,-28.33,86000,5.5
S00184,small,Digital Camera,CAM-M1,21,10,31,88.08,5.69,5.11,5.6,0,31.6,0,0,new,12,74,12,5.58,0,0,,,No,,,35000,-5.29,33150,51.6
S00038,small,Desktop Computer,PC-M4,128,52,12,92.23,3.38,5.93,5.8,0,46.8,1,0,new,0,311,4,4.28,4,4,3.91,3.65,Yes,73.26,49.11,95000,-15.53,80250,7.5
S00475,small,Wireless Earbuds,EAR-M2,143,34,14,100,0.1,0.62,1.1,0,54.1,1,0,new,0,220,2,3.33,9,5,5,4.73,Yes,93.04,34.63,2500,0.0,2500,76.1
S00306,small,Mobile Phone,MOB-M5,84,36,8,84.94,6.39,7.97,2.0,0,27.1,0,0,new,6,240,14,7.42,7,7,3.25,3.02,No,70.86,41.27,140000,-29.86,98200,3.4
S00372,small,Laptop,LAP-M4,64,29,15,85.94,10.17,12.0,5.9,0,49.0,0,0,new,3,450,2,9.69,6,6,2.58,2.39,No,58.11,82.77,120000,-15.33,101600,21.8
S00518,big,Wireless Earbuds,EAR-M3,8523,2007,89,98.21,1.38,1.87,1.2,2,44.8,1,1,new,12,416,128,4.29,50,41,4.93,4.93,Yes,95.07,9.79,5500,12.73,6200,94.0
S00198,small,Smart TV,TV-M5,137,30,10,95.29,1.61,3.62,1.6,0,37.2,0,0,new,3,184,2,4.01,21,11,3.94,4.06,Yes,67.76,13.14,180000,-7.5,166500,42.9
S00238,small,Power Bank,PWR-M1,94,36,5,92.25,2.64,3.23,3.1,0,41.5,1,0,new,6,87,5,4.7,17,14,4.54,4.39,Yes,71.05,35.37,1100,-10.0,990,33.9
S00085,small,Laptop,LAP-M1,39,11,20,95.33,0.1,2.32,1.3,0,46.9,0,0,used,6,146,12,4.38,0,0,,,No,,,38000,-10.92,33850,30.0
S00266,small,Power Bank,PWR-M5,48,23,11,87.33,7.99,11.59,7.1,0,61.7,0,0,used,0,330,8,9.61,2,2,2.92,2.71,No,58.04,32.62,8500,-47.06,4500,1.8
S00467,medium,Wireless Earbuds,EAR-M4,956,112,30,96.85,2.57,3.53,1.9,0,54.5,1,0,new,12,454,30,7.2,17,6,4.15,3.99,Yes,86.52,11.09,12000,-6.25,11250,55.8
S00116,big,Power Bank,PWR-M4,50189,14179,123,96.13,2.57,3.34,1.3,47,34.4,1,1,new,12,341,32,4.06,495,244,4.37,4.42,Yes,85.11,19.79,4800,8.96,5230,96.5
S00201,small,Wireless Earbuds,EAR-M1,265,146,28,91.26,5.56,6.2,6.3,0,57.2,0,0,new,6,133,3,9.61,13,13,3.67,3.1,Yes,71.52,36.65,1200,-16.67,1000,13.8
S00338,medium,Smart TV,TV-M3,2583,638,47,97.17,1.47,2.26,3.0,1,36.4,1,0,new,12,405,46,3.14,108,94,4.59,4.26,Yes,95.97,17.74,55000,-15.36,46550,22.0
S00216,big,Mobile Phone,MOB-M4,25438,8397,94,94.36,3.7,4.75,3.5,37,54.8,1,1,new,3,1052,24,5.87,307,197,4.01,3.89,Yes,69.17,38.63,65000,-19.15,52550,2.4
S00274,small,Laptop,LAP-M4,110,28,12,95.08,2.6,4.4,2.5,1,44.9,1,0,new,12,15,4,6.26,2,1,3.91,3.75,Yes,64.17,38.08,120000,-9.83,108200,45.5
S00543,big,Bluetooth Speaker,SPK-M3,12131,2576,57,99.31,0.67,1.16,1.8,7,39.7,1,1,new,12,75,150,4.94,82,34,4.72,4.26,Yes,97.73,29.5,7000,-1.86,6870,63.0
S00080,small,Desktop Computer,PC-M5,275,67,16,95.82,3.35,3.83,2.3,1,29.2,0,0,new,0,480,18,4.41,20,9,4.0,3.93,Yes,83.12,46.19,160000,-14.5,136800,15.9
S00298,small,Power Bank,PWR-M2,57,16,6,92.31,6.37,7.77,8.1,0,41.1,0,1,new,6,16,4,9.41,6,5,3.21,3.14,No,70.2,25.23,1800,-22.78,1390,10.5
S00383,small,Smart TV,TV-M4,87,48,14,86.94,8.66,9.2,9.7,0,36.0,1,0,new,0,400,7,5.94,4,4,2.74,2.46,No,65.08,62.91,90000,-19.17,72750,13.7
S00101,big,Digital Camera,CAM-M1,10178,1192,106,98.66,0.9,1.45,1.3,8,28.4,1,1,new,12,32,199,3.59,141,44,4.74,5,Yes,92.86,8.98,35000,-1.14,34600,71.0
S00062,medium,Smart TV,TV-M1,2241,619,33,98.4,1.06,1.41,1.4,1,49.6,1,0,refurbished,12,58,10,2.83,79,62,4.34,4.31,Yes,83.03,26.17,22000,-8.86,20050,37.9
S00184,small,Digital Camera,CAM-M5,21,10,31,88.08,5.69,5.11,5.6,0,31.6,0,0,new,0,856,9,6.1,0,0,,,No,,,180000,-5.72,169700,50.8
S00140,small,Bluetooth Speaker,SPK-M5,304,175,32,90.06,6.83,8.39,4.8,0,50.1,0,0,new,0,922,7,7.27,4,4,3.32,2.87,No,90.37,34.55,30000,-29.17,21250,3.0
S00387,big,Wireless Earbuds,EAR-M4,21188,2382,60,99.12,0.69,1.3,0.8,9,32.2,1,1,new,3,119,33,5.36,250,51,4.91,4.78,Yes,97.27,0,12000,-5.0,11400,60.5
S00476,small,Desktop Computer,PC-M3,212,103,3,89.87,5.62,7.62,6.6,0,49.8,0,0,new,6,90,1,6.8,3,3,3.35,3.27,No,68.49,42.71,65000,-14.77,55400,18.3
S00242,medium,Power Bank,PWR-M1,2241,112,50,99.35,0.67,0.99,0.9,0,28.2,0,0,new,0,221,15,2.04,155,16,4.98,4.52,Yes,99.73,19.21,1100,-7.27,1020,46.4
S00208,small,Wi-Fi Router,RTR-M3,122,11,11,96.54,0.22,1.29,2.8,0,20.4,1,0,new,12,295,10,0.87,2,0,4.97,,Yes,95.76,0,5500,-5.64,5190,47.8
S00373,small,Laptop,LAP-M2,681,148,9,99.0,0.59,1.42,2.0,1,73.2,1,0,new,3,28,2,1.01,45,19,4.43,4.31,Yes,97.03,14.82,55000,-10.64,49150,26.3
S00329,medium,Wireless Earbuds,EAR-M3,1239,61,35,99.02,0.78,0.98,0.6,1,27.7,1,0,new,12,89,72,3.92,11,2,4.78,4.54,Yes,96.64,0,5500,-8.18,5050,31.3
S00161,small,Digital Camera,CAM-M3,80,25,6,95.75,6.26,4.62,5.9,0,37.4,0,0,used,0,180,4,4.82,5,3,4.06,3.51,Yes,79.48,47.6,80000,-17.25,66200,16.1
S00272,small,Digital Camera,CAM-M3,257,37,15,97.53,2.97,2.36,3.4,0,64.2,0,0,refurbished,3,126,4,2.66,10,4,4.26,3.94,Yes,85.46,32.61,80000,-19.94,64050,10.7
S00307,medium,Smartwatch,WCH-M1,583,94,31,96.85,2.48,3.04,2.4,1,23.7,1,1,new,6,145,45,6.43,18,10,4.02,4.03,Yes,92.13,0,2000,7.0,2140,90.0
S00548,medium,Desktop Computer,PC-M5,1113,528,41,93.83,4.14,5.38,3.7,0,39.0,0,1,new,12,437,18,4.73,52,52,4.09,4.12,Yes,67.92,33.97,160000,8.06,172900,92.8
S00035,medium,Wi-Fi Router,RTR-M2,6000,1256,32,94.18,3.55,4.6,4.7,8,58.1,1,0,new,0,104,21,8.68,140,75,3.62,3.52,Yes,88.14,12.46,3200,-6.87,2980,37.8
S00523,small,Wireless Earbuds,EAR-M4,70,29,15,94.32,3.32,4.49,2.6,1,57.9,1,1,new,6,450,4,7.12,2,1,3.65,3.33,Yes,57.02,46.45,12000,-10.83,10700,30.2
S00133,small,Wireless Earbuds,EAR-M5,75,18,7,98.59,0.68,1.97,2.8,0,52.1,1,0,new,3,210,4,6.56,2,1,4.55,4.33,Yes,95.03,23.06,28000,-12.14,24600,22.6
S00256,small,Bluetooth Speaker,SPK-M4,188,28,12,98.85,1.17,1.84,1.7,0,15.7,1,0,new,12,360,5,5.66,10,3,4.48,3.95,Yes,93.89,15.99,14000,-14.29,12000,13.5
S00439,small,Wi-Fi Router,RTR-M4,429,130,10,93.31,3.55,4.63,2.6,1,41.9,0,0,new,0,32,5,5.08,34,30,3.76,3.47,Yes,88.59,33.1,9500,3.05,9790,83.9
S00227,medium,Smartwatch,WCH-M3,1685,573,57,97.46,1.47,1.83,1.4,1,49.3,1,1,new,12,345,24,6.56,58,55,4.52,4.38,Yes,97.15,32.7,9000,-10.22,8080,38.7
S00249,small,Bluetooth Speaker,SPK-M5,220,88,16,94.67,4.06,4.75,2.4,0,42.0,0,0,new,6,60,4,6.49,5,5,3.78,3.71,Yes,78.79,26.58,30000,-16.5,25050,16.4
S00008,small,Laptop,LAP-M3,84,20,3,100,0.1,1.65,1.2,0,30.4,0,0,new,12,90,17,4.23,11,5,5,5,Yes,89.49,6.42,80000,-4.81,76150,67.2
S00278,small,Laptop,LAP-M4,458,232,6,86.69,8.98,10.98,4.8,9,46.9,0,0,new,12,180,6,8.38,60,60,2.57,1.86,No,52.68,73.19,120000,-21.33,94400,9.1
S00322,small,Wi-Fi Router,RTR-M2,54,23,12,95.07,2.93,2.85,3.0,0,41.0,1,0,new,6,68,5,4.4,0,0,,,No,,,3200,-1.56,3150,64.4
S00116,big,Desktop Computer,PC-M4,50189,14179,123,96.13,2.57,3.34,1.3,47,34.4,1,1,new,12,176,25,5.34,716,576,4.23,4.18,Yes,86.36,24.59,95000,-10.95,84600,20.8
S00503,small,Smartwatch,WCH-M1,221,88,6,91.27,4.9,6.2,3.4,0,63.9,1,0,new,0,114,16,8.59,7,7,3.62,3.6,Yes,80.11,42.13,2000,-6.0,1880,30.0
S00467,medium,Desktop Computer,PC-M5,956,112,30,96.85,2.57,3.53,1.9,0,54.5,1,0,new,12,900,14,1.86,13,4,4.55,4.75,Yes,89.75,22.64,160000,-17.09,132650,11.6
S00014,medium,Power Bank,PWR-M3,1814,557,47,96.61,1.93,2.81,3.1,0,44.5,1,0,new,12,68,12,4.4,50,40,4.51,4.35,Yes,92.98,11.0,3000,-12.0,2640,17.3
S00288,small,Digital Camera,CAM-M1,60,11,12,97.84,1.47,1.19,1.9,0,8.8,0,0,new,12,160,5,2.79,2,1,4.27,3.9,Yes,85.77,5.05,35000,-1.29,34550,69.4
S00110,small,Wireless Earbuds,EAR-M1,439,124,20,97.5,1.5,2.42,1.5,0,51.9,0,0,new,12,113,7,5.92,27,22,4.29,3.93,Yes,78.6,25.56,1200,-10.83,1070,25.9
S00053,small,Smartwatch,WCH-M2,229,29,7,99.2,1.02,1.65,1.2,0,20.2,0,0,new,0,150,3,4.34,19,6,5,4.64,Yes,99.9,4.92,4500,2.22,4600,85.0
S00006,medium,Desktop Computer,PC-M1,2030,218,36,99.01,0.62,1.13,0.7,1,51.2,1,0,new,12,262,21,4.45,81,19,5.0,5,Yes,85.24,21.56,30000,-6.67,28000,35.5
S00263,small,Desktop Computer,PC-M2,55,24,6,94.07,2.04,1.75,2.7,0,57.2,0,0,new,12,90,9,4.01,1,1,4.36,4.08,Yes,66.72,25.5,45000,-11.11,40000,23.6
S00414,small,Wi-Fi Router,RTR-M1,257,22,6,100,0.5,1.23,1.1,0,25.7,1,0,used,12,133,5,2.53,28,7,4.86,4.9,Yes,92.74,23.79,1800,1.67,1830,79.7
S00150,big,Digital Camera,CAM-M5,16547,2862,75,98.1,1.2,1.87,1.4,11,32.1,1,0,new,12,305,55,1.01,198,66,4.81,4.53,Yes,96.15,15.82,180000,5.56,190000,96.7
S00442,small,Digital Camera,CAM-M4,66,39,4,89.6,6.48,11.13,6.8,0,56.5,0,0,new,6,120,6,9.09,1,1,3.22,2.81,No,62.61,57.29,100000,-33.45,66550,3.4
S00274,small,Bluetooth Speaker,SPK-M3,110,28,12,95.08,2.6,4.4,2.5,1,44.9,1,0,refurbished,3,26,10,7.22,6,4,4.03,3.84,Yes,88.19,30.07,7000,-24.57,5280,5.6
S00134,small,Mobile Phone,MOB-M1,72,20,37,93.16,3.86,5.74,3.9,0,36.4,0,0,new,12,33,10,5.03,5,3,4.0,3.92,Yes,84.51,45.62,12000,4.17,12500,84.3
S00520,small,Digital Camera,CAM-M5,79,26,7,90.29,4.8,7.22,2.5,0,41.7,0,0,new,12,61,20,4.7,2,2,3.46,3.0,No,83.6,43.86,180000,-14.31,154250,21.3
S00224,small,Laptop,LAP-M5,363,72,10,96.65,2.78,4.18,3.1,0,28.3,0,0,new,6,300,7,3.65,11,4,4.15,3.98,Yes,87.45,16.91,190000,10.42,209800,91.9
S00101,big,Wi-Fi Router,RTR-M5,10178,1192,106,98.66,0.9,1.45,1.3,8,28.4,1,1,new,12,859,26,2.33,98,33,4.5,4.0,Yes,82.6,8.59,16000,1.88,16300,70.2
S00326,small,Bluetooth Speaker,SPK-M1,59,40,7,78.31,12.82,17.06,9.1,0,61.7,0,0,used,0,66,5,12.72,1,1,1.6,1,No,48.76,53.66,1500,-14.67,1280,23.6
S00041,medium,Gaming Console,CON-M4,2253,675,30,94.38,3.76,4.41,4.1,2,49.4,1,0,new,12,719,14,4.56,49,38,3.78,3.41,Yes,76.48,34.12,78000,4.62,81600,91.7
S00514,small,Laptop,LAP-M2,58,8,9,97.22,1.84,1.32,2.9,0,27.4,0,0,used,0,160,5,2.91,3,1,4.64,4.43,Yes,95.76,35.48,55000,-21.82,43000,7.0
S00105,small,Wireless Earbuds,EAR-M1,267,37,41,96.39,1.78,2.72,3.2,0,20.5,1,0,new,3,13,2,6.91,10,4,4.29,3.91,Yes,89.38,17.38,1200,5.0,1260,86.2
S00282,small,Wireless Earbuds,EAR-M2,58,13,3,97.96,1.15,2.57,1.4,0,41.9,0,0,new,12,81,5,4.11,2,1,4.44,4.72,Yes,83.78,0,2500,1.2,2530,78.3
S00386,small,Laptop,LAP-M4,45,6,11,92.33,2.32,4.38,3.5,0,51.3,1,0,new,6,330,19,6.86,2,1,3.82,3.59,Yes,92.44,11.88,120000,0.75,120900,81.8
S00286,small,Smart TV,TV-M2,94,14,3,100,0.85,0.34,0.7,0,32.3,0,0,new,12,87,4,3.78,7,2,4.95,5,Yes,96.16,11.97,35000,-14.57,29900,11.1
S00306,small,Smart TV,TV-M2,84,36,8,84.94,6.39,7.97,2.0,0,27.1,0,0,new,0,81,15,7.64,2,2,3.06,2.36,No,60.24,41.36,35000,-10.14,31450,25.9
S00150,big,Gaming Console,CON-M2,16547,2862,75,98.1,1.2,1.87,1.4,11,32.1,1,0,new,12,388,83,3.38,238,91,4.6,4.68,Yes,94.61,29.03,52000,-5.58,49100,44.0
S00220,small,Gaming Console,CON-M2,122,28,4,96.38,0.8,0.47,0.7,0,28.4,1,0,new,6,81,13,1.88,1,1,5,4.86,Yes,91.29,26.8,52000,-17.31,43000,8.0
S00294,small,Mobile Phone,MOB-M1,244,59,12,98.16,0.61,1.73,0.8,0,27.1,0,0,new,0,32,3,1.89,25,15,4.66,4.61,Yes,89.68,30.06,12000,4.17,12500,84.3
S00518,big,Gaming Console,CON-M3,8523,2007,89,98.21,1.38,1.87,1.2,2,44.8,1,1,new,12,2386,81,4.16,99,62,4.34,4.21,Yes,98.16,25.78,62000,-14.11,53250,16.0
S00390,small,Wi-Fi Router,RTR-M5,61,19,12,95.11,4.4,3.49,5.9,0,42.5,1,0,new,6,360,5,5.85,5,5,3.92,3.97,Yes,73.04,37.81,16000,-1.56,15750,51.1
S00431,small,Wi-Fi Router,RTR-M4,18,11,5,94.65,5.34,8.49,7.7,0,29.2,1,0,new,6,150,5,7.74,0,0,,,No,,,9500,-20.0,7600,17.7
S00523,small,Wireless Earbuds,EAR-M3,70,29,15,94.32,3.32,4.49,2.6,1,57.9,1,1,new,0,188,5,5.77,0,0,,,No,,,5500,-5.82,5180,38.8
S00397,small,Bluetooth Speaker,SPK-M3,99,45,23,90.33,7.14,7.98,5.0,0,50.0,0,0,used,3,436,2,6.74,3,3,3.16,2.95,No,48.35,41.52,7000,-6.0,6580,38.9
S00074,medium,Digital Camera,CAM-M5,1675,358,24,97.76,1.44,2.2,2.3,2,25.7,1,0,new,6,157,21,4.9,22,8,4.57,4.4,Yes,96.63,12.49,180000,-4.64,171650,55.7
S00214,medium,Power Bank,PWR-M5,3846,1192,73,92.2,4.85,6.09,3.9,9,41.0,0,0,new,12,144,15,8.47,152,107,3.36,3.25,No,64.49,43.1,8500,-14.59,7260,16.4
S00510,small,Smart TV,TV-M2,94,29,5,91.92,3.78,5.51,4.6,0,62.6,0,0,new,12,125,10,5.4,1,1,4.31,3.93,Yes,81.74,28.53,35000,-11.43,31000,22.2
S00298,small,Power Bank,PWR-M4,57,16,6,92.31,6.37,7.77,8.1,0,41.1,0,1,new,0,46,4,7.94,9,5,3.63,3.4,Yes,81.31,53.05,4800,8.13,5190,93.0
S00111,small,Power Bank,PWR-M5,223,53,9,99.56,1.01,1.17,1.3,0,46.7,1,0,new,6,201,2,4.43,14,8,4.69,4.55,Yes,80.37,19.56,8500,0.59,8550,65.5
S00013,big,Wi-Fi Router,RTR-M4,15432,3591,35,95.68,2.86,3.7,2.5,27,30.3,1,1,new,3,64,47,4.25,215,147,4.62,4.61,Yes,78.14,34.08,9500,-0.21,9480,74.2
S00069,small,Power Bank,PWR-M2,27,7,20,94.93,3.96,3.58,2.0,0,31.1,0,0,new,0,600,3,6.02,1,1,3.93,3.69,Yes,74.88,27.49,1800,-23.89,1370,7.0
S00441,small,Smartwatch,WCH-M5,9,4,17,94.12,7.15,9.89,6.8,0,31.6,0,0,new,3,119,10,7.67,0,0,,,No,,,45000,-14.44,38500,23.2
S00531,medium,Smart TV,TV-M1,2453,341,29,98.57,1.31,2.11,2.0,1,25.8,0,0,refurbished,6,335,28,4.5,21,5,4.64,4.76,Yes,94.72,0,22000,-7.27,20400,48.3
S00397,small,Digital Camera,CAM-M5,99,45,23,90.33,7.14,7.98,5.0,0,50.0,0,0,new,6,277,6,4.7,1,1,3.19,3.01,No,62.51,56.74,180000,-12.08,158250,27.9
S00117,small,Power Bank,PWR-M3,224,49,6,94.61,4.01,3.93,4.0,0,22.1,1,0,used,12,61,4,4.51,7,3,3.79,3.51,Yes,86.97,36.49,3000,-9.0,2730,30.8
S00318,medium,Gaming Console,CON-M4,1708,120,43,99.18,0.47,1.16,0.9,0,33.1,1,0,new,3,27,22,3.38,25,5,4.81,4.67,Yes,85.12,30.1,78000,-8.27,71550,45.8
S00465,small,Laptop,LAP-M5,95,30,12,93.95,5.62,6.63,4.5,1,15.1,0,0,new,0,314,9,9.8,15,10,3.23,3.1,No,69.99,43.19,190000,-22.79,146700,3.2
S00487,small,Power Bank,PWR-M1,75,20,2,98.74,1.96,1.1,4.2,0,27.9,0,0,refurbished,12,60,8,3.29,9,6,4.46,4.27,Yes,100,19.0,1100,1.82,1120,69.6
S00456,small,Desktop Computer,PC-M3,135,24,13,97.54,0.9,1.48,1.4,0,25.6,1,0,new,12,112,4,2.32,3,2,5,4.86,Yes,93.76,23.64,65000,-1.69,63900,60.0
S00438,medium,Wi-Fi Router,RTR-M2,593,110,39,99.12,0.67,0.93,1.0,0,13.5,1,0,new,0,31,18,3.86,20,9,4.69,4.37,Yes,100,26.66,3200,-4.69,3050,46.7
S00203,small,Laptop,LAP-M2,96,38,34,94.59,4.17,4.11,2.3,0,36.5,1,0,refurbished,0,1020,4,5.32,4,3,3.68,3.94,Yes,98.28,14.83,55000,5.45,58000,87.7
S00398,big,Desktop Computer,PC-M3,11064,3893,108,93.84,4.17,5.17,4.1,22,66.6,1,1,new,12,445,37,6.2,180,145,3.71,3.59,Yes,70.81,47.02,65000,-7.69,60000,33.3
S00304,small,Digital Camera,CAM-M4,56,21,6,93.23,2.95,4.55,8.9,0,53.3,1,0,new,12,119,4,5.43,2,2,3.81,3.71,Yes,80.39,31.78,100000,-3.7,96300,63.8
S00159,small,Desktop Computer,PC-M5,16,4,20,98.84,0.15,0,1.7,0,29.9,1,0,used,6,90,8,4.12,0,0,,,No,,,160000,-0.31,159500,66.7
S00014,medium,Digital Camera,CAM-M3,1814,557,47,96.61,1.93,2.81,3.1,0,44.5,1,0,new,12,740,25,3.07,130,88,4.02,3.75,Yes,58.58,46.33,80000,3.62,82900,91.1
S00213,small,Power Bank,PWR-M2,66,11,21,96.08,3.4,3.71,1.8,0,44.6,0,0,new,6,456,2,8.07,11,3,4.1,3.99,Yes,92.25,36.6,1800,-9.44,1630,45.6
S00437,small,Smartwatch,WCH-M5,163,76,19,91.94,6.3,6.8,7.0,1,41.7,1,0,new,12,339,8,8.59,9,9,3.5,3.21,No,72.06,48.75,45000,7.89,48550,91.1
S00438,medium,Bluetooth Speaker,SPK-M3,593,110,39,99.12,0.67,0.93,1.0,0,13.5,1,0,new,12,541,10,4.77,16,7,5.0,5,Yes,99.17,2.14,7000,-10.43,6270,31.5
S00040,medium,Gaming Console,CON-M2,1133,296,22,97.52,1.99,2.87,1.6,1,53.1,1,1,new,0,660,152,0.74,48,25,4.46,4.15,Yes,97.73,31.33,52000,-10.87,46350,30.0
S00056,small,Smart TV,TV-M2,341,116,13,92.81,4.07,5.13,2.2,0,25.8,1,0,new,6,390,17,5.4,22,20,3.51,3.53,No,79.97,47.07,35000,3.57,36250,83.3
S00096,small,Mobile Phone,MOB-M2,172,73,15,90.03,6.35,8.28,9.2,0,37.3,0,0,new,6,214,5,7.32,15,15,3.4,3.5,No,69.25,40.64,22000,4.32,22950,89.1
S00510,small,Gaming Console,CON-M3,94,29,5,91.92,3.78,5.51,4.6,0,62.6,0,0,new,6,24,5,6.83,3,3,3.5,3.27,No,74.06,33.01,62000,-3.95,59550,56.0
S00402,small,Power Bank,PWR-M4,140,62,13,90.46,4.79,7.51,3.7,0,51.0,0,0,new,0,165,7,6.13,2,1,3.26,3.32,No,69.82,56.96,4800,-11.67,4240,31.6
S00174,medium,Laptop,LAP-M3,2603,515,49,99.63,0.52,0.9,1.1,0,24.8,1,0,new,3,488,31,5.75,134,74,4.81,4.6,Yes,96.27,0,80000,2.5,82000,86.2
S00184,small,Digital Camera,CAM-M4,21,10,31,88.08,5.69,5.11,5.6,0,31.6,0,0,used,6,135,7,8.1,1,1,3.49,2.83,No,73.6,29.65,100000,-25.4,74600,5.2
S00478,small,Bluetooth Speaker,SPK-M2,100,10,16,98.39,2.16,1.8,2.7,0,33.9,1,0,new,12,47,8,4.15,8,3,4.36,3.86,Yes,84.79,20.36,3500,-5.43,3310,37.9
S00318,medium,Mobile Phone,MOB-M4,1708,120,43,99.18,0.47,1.16,0.9,0,33.1,1,0,new,12,67,80,5.42,52,11,4.48,4.25,Yes,80.74,7.36,65000,-6.92,60500,33.3
S00096,small,Mobile Phone,MOB-M3,172,73,15,90.03,6.35,8.28,9.2,0,37.3,0,0,new,3,168,3,8.38,15,15,2.89,2.47,No,55.54,32.53,38000,6.05,40300,90.7
S00091,small,Desktop Computer,PC-M1,66,15,25,98.05,3.56,3.83,5.7,0,36.6,0,0,new,12,230,13,4.74,1,1,4.03,3.72,Yes,78.56,37.31,30000,-4.5,28650,45.2
S00246,medium,Power Bank,PWR-M1,1860,559,29,95.99,2.58,2.99,2.6,2,45.8,1,0,new,12,82,12,4.8,57,34,4.19,4.19,Yes,97.92,26.9,1100,-8.18,1010,42.9
S00545,medium,Bluetooth Speaker,SPK-M1,1302,151,52,98.31,1.44,1.7,1.8,0,39.9,1,0,new,12,181,27,4.49,45,12,4.56,4.37,Yes,90.65,24.2,1500,8.67,1630,89.1
S00507,small,Bluetooth Speaker,SPK-M2,311,28,8,98.49,0.42,2.25,2.0,0,57.9,1,0,new,12,95,9,4.38,25,4,4.35,4.0,Yes,100,20.57,3500,-11.14,3110,22.4
S00005,small,Power Bank,PWR-M4,80,39,18,88.67,8.43,10.78,4.5,1,50.9,0,0,new,0,85,10,7.85,5,5,2.86,2.36,No,54.66,50.92,4800,-34.79,3130,5.3
S00445,small,Wireless Earbuds,EAR-M1,73,8,13,99.54,0.11,2.29,3.3,0,27.3,1,0,new,6,390,6,6.67,2,0,4.28,,Yes,94.94,26.59,1200,-10.0,1080,31.0
S00216,big,Laptop,LAP-M3,25438,8397,94,94.36,3.7,4.75,3.5,37,54.8,1,1,new,12,302,301,7.66,141,141,3.66,3.47,Yes,97.25,35.74,80000,-3.94,76850,72.4
S00145,small,Desktop Computer,PC-M3,181,33,18,94.17,4.25,4.44,7.3,1,52.9,0,0,new,12,79,4,4.86,13,7,3.62,3.41,Yes,72.76,34.21,65000,-16.08,54550,15.0
S00371,medium,Smartwatch,WCH-M3,723,70,66,99.34,0.88,0.99,1.0,0,19.2,1,1,new,0,209,30,5.68,22,7,5,4.94,Yes,100,11.49,9000,6.78,9610,93.5
S00083,big,Mobile Phone,MOB-M4,16028,2954,75,97.99,1.46,2.02,1.4,7,38.8,1,0,new,0,98,90,5.15,263,114,4.28,4.03,Yes,97.44,21.45,65000,-8.85,59250,26.2
S00259,small,Desktop Computer,PC-M1,290,110,42,92.18,5.09,5.69,6.7,0,34.9,0,0,new,0,236,10,6.71,7,6,3.61,3.25,Yes,67.68,34.28,30000,-7.33,27800,29.0
S00045,small,Power Bank,PWR-M3,106,13,24,97.73,2.76,2.57,1.8,0,61.3,1,0,new,0,288,3,7.01,6,2,3.99,3.97,Yes,82.7,29.02,3000,-5.0,2850,46.2
S00071,big,Mobile Phone,MOB-M5,19291,4612,63,98.68,0.86,1.46,1.1,15,18.4,1,1,new,3,189,512,5.53,381,288,4.68,4.49,Yes,82.36,1.29,140000,-11.54,123850,29.3
S00285,small,Laptop,LAP-M2,231,59,11,100,1.13,1.66,1.2,0,32.5,0,0,new,6,16,10,3.63,13,8,4.71,4.62,Yes,82.38,21.7,55000,-2.55,53600,68.4
S00408,big,Bluetooth Speaker,SPK-M3,13087,2037,52,99.32,0.57,1.07,1.1,2,45.1,1,1,new,12,14,155,4.04,162,48,4.53,4.45,Yes,95.05,16.53,7000,-11.29,6210,27.8
S00206,small,Bluetooth Speaker,SPK-M1,46,19,8,92.19,6.67,5.84,4.9,0,45.1,0,0,new,0,45,2,7.59,2,2,3.42,3.04,No,82.87,29.18,1500,-2.0,1470,60.0
S00443,medium,Power Bank,PWR-M3,2892,687,69,97.5,1.89,2.93,1.2,0,33.4,1,0,new,3,181,15,5.09,51,24,4.15,3.86,Yes,98.64,44.36,3000,-8.67,2740,32.7
S00107,small,Wi-Fi Router,RTR-M3,86,13,30,98.19,1.69,1.44,1.2,0,44.8,1,0,refurbished,12,219,12,1.37,3,1,4.78,4.63,Yes,84.34,0,5500,2.18,5620,91.3
S00530,small,Bluetooth Speaker,SPK-M5,77,29,14,96.61,2.3,3.96,3.3,0,34.6,1,0,new,12,73,6,6.18,2,2,3.88,3.51,Yes,93.3,14.04,30000,10.83,33250,98.5
S00277,small,Power Bank,PWR-M3,139,74,6,88.93,6.06,7.04,4.7,0,48.5,1,0,used,3,180,2,6.52,19,19,3.2,2.75,No,72.45,35.31,3000,-5.0,2850,46.2
S00495,big,Mobile Phone,MOB-M4,10614,3105,84,97.15,1.88,2.6,1.8,11,9.7,1,0,new,12,486,90,5.67,119,53,3.85,3.72,Yes,87.08,33.56,65000,-2.54,63350,61.9
S00290,medium,Bluetooth Speaker,SPK-M5,1924,337,63,98.49,1.54,1.37,1.8,0,38.1,1,1,new,3,173,12,2.79,44,18,4.67,4.39,Yes,89.06,0,30000,-5.5,28350,47.8
S00129,small,Wireless Earbuds,EAR-M1,76,17,18,99.38,2.07,2.32,1.7,0,36.6,0,0,new,12,208,5,4.84,6,4,4.78,4.21,Yes,83.89,26.2,1200,4.17,1250,82.8
S00248,small,Gaming Console,CON-M2,52,15,17,94.11,4.05,5.84,3.1,0,33.1,1,0,new,6,180,8,5.4,1,1,3.89,3.74,Yes,61.88,42.16,52000,-0.19,51900,70.0
S00473,small,Wi-Fi Router,RTR-M5,120,35,8,96.0,2.81,3.83,3.5,0,33.4,1,0,new,3,134,9,3.25,13,10,4.3,4.28,Yes,80.71,29.42,16000,-7.5,14800,29.8
S00177,medium,Smartwatch,WCH-M2,2784,918,85,92.94,4.26,5.47,6.0,4,48.3,0,0,new,0,450,12,6.74,83,60,3.78,3.55,Yes,87.22,34.79,4500,-1.33,4440,80.0
S00310,small,Desktop Computer,PC-M2,50,27,17,87.69,7.05,9.39,3.8,0,46.6,0,0,new,6,32,3,9.31,12,12,2.68,2.61,No,69.24,64.3,45000,-31.33,30900,1.8
S00496,medium,Gaming Console,CON-M4,2254,603,78,98.29,1.04,1.35,1.4,0,40.5,1,1,new,6,578,46,3.8,135,126,4.57,4.22,Yes,82.61,4.35,78000,-13.4,67550,27.1
S00071,big,Gaming Console,CON-M4,19291,4612,63,98.68,0.86,1.46,1.1,15,18.4,1,1,new,12,366,54,2.61,246,116,4.78,4.53,Yes,84.99,12.63,78000,-16.6,65050,22.9
S00045,small,Wireless Earbuds,EAR-M3,106,13,24,97.73,2.76,2.57,1.8,0,61.3,1,0,refurbished,12,53,4,5.64,1,0,4.01,,Yes,88.08,20.03,5500,-1.27,5430,61.2
S00123,small,Power Bank,PWR-M1,700,213,59,94.18,3.77,5.1,2.6,1,34.5,0,0,new,12,321,8,5.0,18,12,3.85,3.76,Yes,70.22,22.49,1100,-6.36,1030,48.2
S00417,medium,Wi-Fi Router,RTR-M4,1133,275,28,97.76,1.75,2.52,1.2,0,43.7,1,0,used,0,40,84,2.93,39,18,4.7,4.48,Yes,100,19.2,9500,0.95,9590,77.4
S00327,medium,Smart TV,TV-M4,2408,754,63,96.65,1.72,2.73,1.5,0,31.8,1,0,new,6,16,27,2.77,85,41,4.19,3.93,Yes,87.82,23.25,90000,15.33,103800,100.0
S00313,big,Laptop,LAP-M4,38276,4207,64,99.32,0.56,1.07,1.2,19,34.8,1,0,new,6,177,133,2.45,484,114,5,4.75,Yes,100,6.92,120000,0.29,120350,80.0
S00506,small,Bluetooth Speaker,SPK-M3,52,10,2,96.83,2.3,3.88,2.3,0,38.8,0,0,new,12,60,2,6.42,0,0,,,No,,,7000,-22.43,5430,7.4
S00502,small,Wireless Earbuds,EAR-M5,65,25,14,95.12,4.3,4.86,2.1,0,31.5,0,0,new,12,42,3,5.23,3,2,4.01,3.86,Yes,86.66,30.2,28000,8.57,30400,94.3
S00484,small,Power Bank,PWR-M2,61,23,11,92.0,6.31,6.39,11.0,0,29.6,0,0,new,6,328,8,8.95,2,2,3.22,3.1,No,68.02,39.34,1800,-10.56,1610,40.4
S00382,medium,Laptop,LAP-M1,1331,268,45,97.49,1.32,1.76,2.5,1,60.4,1,0,new,6,65,29,7.28,44,25,4.45,4.48,Yes,73.78,15.71,38000,-7.63,35100,44.0
S00363,big,Bluetooth Speaker,SPK-M5,11473,3227,34,98.05,1.24,1.88,1.6,3,40.7,1,0,new,12,157,148,5.01,165,158,4.18,4.05,Yes,100,19.85,30000,-13.33,26000,20.9
S00504,small,Laptop,LAP-M2,114,26,33,98.24,2.4,2.38,1.1,0,32.9,1,0,new,12,139,17,4.43,1,1,4.45,4.49,Yes,98.13,21.84,55000,-9.64,49700,29.8
S00230,small,Wi-Fi Router,RTR-M5,180,35,8,93.27,4.52,5.08,3.9,0,40.8,1,0,new,12,115,4,4.09,10,4,4.11,4.19,Yes,90.67,19.24,16000,21.56,19450,100.0
S00478,small,Bluetooth Speaker,SPK-M1,100,10,16,98.39,2.16,1.8,2.7,0,33.9,1,0,refurbished,6,480,5,6.05,3,1,4.31,4.4,Yes,80.89,0,1500,4.0,1560,81.8
S00072,small,Digital Camera,CAM-M1,74,36,6,87.76,8.22,10.79,6.2,1,44.0,0,0,new,6,180,9,6.79,2,2,2.78,2.38,No,50.45,54.71,35000,-3.86,33650,58.1
S00041,medium,Smart TV,TV-M1,2253,675,30,94.38,3.76,4.41,4.1,2,49.4,1,0,new,3,130,8,6.5,54,48,3.63,3.71,Yes,74.8,11.43,22000,-12.73,19200,25.9
S00168,small,Bluetooth Speaker,SPK-M1,236,114,24,91.97,6.59,8.15,4.4,2,48.9,1,0,new,0,34,5,9.26,6,6,2.96,2.7,No,100,30.21,1500,-18.67,1220,10.9
S00121,small,Power Bank,PWR-M5,82,30,33,97.98,2.88,4.38,3.6,0,58.0,0,0,new,3,9,6,7.03,2,2,3.59,3.02,No,77.93,33.3,8500,-6.59,7940,40.0
S00153,small,Bluetooth Speaker,SPK-M5,700,204,24,95.73,3.39,4.67,3.9,3,56.1,0,0,new,3,428,4,6.03,74,65,4.2,3.82,Yes,78.4,31.46,30000,-9.83,27050,32.8
S00523,small,Wi-Fi Router,RTR-M1,70,29,15,94.32,3.32,4.49,2.6,1,57.9,1,1,new,6,88,7,3.61,2,2,3.82,3.48,Yes,80.24,15.27,1800,-11.67,1590,25.0
S00220,small,Laptop,LAP-M3,122,28,4,96.38,0.8,0.47,0.7,0,28.4,1,0,new,12,66,5,4.21,1,1,4.58,4.71,Yes,99.56,22.83,80000,-10.69,71450,43.1
S00382,medium,Mobile Phone,MOB-M5,1331,268,45,97.49,1.32,1.76,2.5,1,60.4,1,0,new,6,159,28,4.96,39,16,4.84,4.77,Yes,83.04,31.63,140000,1.54,142150,82.8
S00152,small,Digital Camera,CAM-M3,118,31,6,97.1,0.84,1.04,1.0,0,32.6,1,0,new,0,180,6,3.36,2,1,4.53,4.77,Yes,79.11,15.44,80000,-0.75,79400,71.4
S00466,small,Bluetooth Speaker,SPK-M3,55,15,34,96.43,3.56,3.76,2.7,0,65.9,1,0,new,12,433,4,5.32,2,1,4.39,4.0,Yes,88.07,18.23,7000,-1.14,6920,64.8
S00342,medium,Bluetooth Speaker,SPK-M3,1844,718,27,97.94,1.49,2.51,2.4,2,39.2,1,1,new,3,69,25,5.92,13,10,4.09,3.79,Yes,77.31,27.78,7000,-4.57,6680,50.0
S00152,small,Digital Camera,CAM-M1,118,31,6,97.1,0.84,1.04,1.0,0,32.6,1,0,new,6,180,8,1.9,13,10,4.88,4.86,Yes,83.68,19.0,35000,1.43,35500,79.0
S00293,medium,Mobile Phone,MOB-M3,862,53,56,98.33,1.07,1.27,1.9,0,20.7,1,0,new,0,701,20,3.53,24,3,4.32,3.91,Yes,80.19,5.79,38000,7.63,40900,94.4
S00301,small,Mobile Phone,MOB-M1,77,11,37,92.05,3.3,3.86,1.7,0,48.3,0,0,new,12,285,14,5.86,3,1,3.93,3.65,Yes,82.28,6.01,12000,9.58,13150,96.1
S00466,small,Wi-Fi Router,RTR-M1,55,15,34,96.43,3.56,3.76,2.7,0,65.9,1,0,refurbished,6,300,2,2.88,5,3,4.24,3.56,Yes,77.37,9.75,1800,-10.0,1620,34.4
S00012,small,Mobile Phone,MOB-M4,86,40,5,91.34,5.73,7.65,3.5,0,41.4,1,0,new,12,97,4,7.85,4,4,3.08,2.89,No,59.94,42.88,65000,-12.08,57150,21.4
S00059,small,Power Bank,PWR-M1,380,23,14,98.98,0.81,1.8,1.8,0,70.3,1,0,new,6,258,2,5.67,56,7,4.38,4.51,Yes,77.48,8.79,1100,-7.27,1020,46.4
S00037,big,Gaming Console,CON-M1,13894,694,69,98.34,1.08,1.55,1.3,6,38.6,1,0,new,6,48,268,2.72,103,10,4.53,4.27,Yes,86.2,17.95,38000,2.76,39050,71.4
S00209,medium,Bluetooth Speaker,SPK-M2,1626,329,14,98.69,0.77,1.14,1.4,1,25.5,1,0,new,3,73,21,2.94,44,25,4.83,4.99,Yes,93.57,15.74,3500,-4.57,3340,41.4
S00204,small,Laptop,LAP-M1,66,12,46,97.22,0.1,0.58,0.9,0,48.8,0,0,new,3,775,5,5.47,1,0,4.87,,Yes,87.01,20.85,38000,-5.53,35900,52.0
S00191,small,Bluetooth Speaker,SPK-M4,22,10,11,84.17,9.4,5.59,4.5,0,46.9,0,0,new,0,231,8,7.66,0,0,,,No,,,14000,-0.36,13950,71.2
S00324,small,Gaming Console,CON-M1,453,80,16,97.72,1.42,1.66,1.7,1,45.4,0,0,new,3,160,12,1.64,46,24,4.68,4.52,Yes,84.18,20.85,38000,-0.53,37800,66.7
S00035,medium,Digital Camera,CAM-M2,6000,1256,32,94.18,3.55,4.6,4.7,8,58.1,1,0,new,12,188,91,5.77,323,145,3.77,3.77,Yes,68.03,40.84,55000,-1.55,54150,56.1
S00116,big,Mobile Phone,MOB-M3,50189,14179,123,96.13,2.57,3.34,1.3,47,34.4,1,1,new,12,96,52,3.82,624,412,4.22,3.85,Yes,79.74,22.4,38000,-20.39,30250,9.3
S00412,big,Smartwatch,WCH-M5,22291,5838,77,97.25,1.78,2.4,1.4,15,30.0,1,0,new,3,69,412,4.98,194,131,4.22,3.97,Yes,78.52,20.15,45000,-3.0,43650,55.4
S00179,small,Smartwatch,WCH-M2,65,9,10,95.2,0.1,2.44,0.7,0,45.0,1,0,new,12,300,6,4.65,0,0,,,No,,,4500,10.22,4960,100.0
S00205,big,Bluetooth Speaker,SPK-M4,16429,2409,121,98.29,1.26,1.82,2.5,11,3.7,1,1,new,0,131,102,4.96,277,98,4.81,4.74,Yes,93.91,23.12,14000,-0.71,13900,65.4
S00354,small,Bluetooth Speaker,SPK-M1,220,100,13,91.96,4.34,5.13,3.4,0,51.1,0,0,refurbished,3,363,8,8.58,13,13,3.59,3.59,No,71.89,28.74,1500,2.67,1540,76.4
S00147,small,Mobile Phone,MOB-M1,57,6,10,100,0.1,1.37,1.2,0,30.9,1,0,new,6,49,2,4.13,8,2,4.34,4.43,Yes,100,30.97,12000,7.92,12950,94.1
S00334,small,Bluetooth Speaker,SPK-M4,80,15,27,98.46,1.34,1.15,2.0,0,42.4,0,0,used,12,78,6,4.46,7,3,4.49,4.43,Yes,100,21.81,14000,-0.36,13950,71.2
S00264,medium,Digital Camera,CAM-M2,1677,234,10,97.41,1.43,2.4,1.4,0,34.3,1,0,new,12,34,37,3.88,47,19,4.87,4.71,Yes,83.5,7.32,55000,14.18,62800,98.2
S00074,medium,Smartwatch,WCH-M2,1675,358,24,97.76,1.44,2.2,2.3,2,25.7,1,0,new,6,36,32,4.12,58,30,4.3,4.32,Yes,98.83,22.66,4500,-5.56,4250,63.3
S00187,small,Mobile Phone,MOB-M4,81,12,7,99.07,2.19,1.05,1.1,0,21.0,0,0,new,12,117,13,4.89,2,1,4.4,4.34,Yes,84.96,22.0,65000,-12.31,57000,19.0
S00305,small,Smart TV,TV-M1,109,20,5,97.29,0.68,1.82,1.7,1,30.1,0,0,new,0,150,5,3.48,4,2,4.51,4.55,Yes,84.59,10.45,22000,-3.41,21250,63.8
S00150,big,Power Bank,PWR-M3,16547,2862,75,98.1,1.2,1.87,1.4,11,32.1,1,0,new,12,392,118,4.43,271,98,4.47,4.21,Yes,74.04,18.33,3000,1.33,3040,61.5
S00391,small,Wireless Earbuds,EAR-M2,107,21,13,100,0.17,1.38,2.9,0,38.1,1,0,new,3,25,4,3.31,3,1,4.54,4.23,Yes,86.65,8.75,2500,-6.4,2340,50.0
S00317,small,Wi-Fi Router,RTR-M3,253,35,8,95.14,1.57,2.56,2.4,1,42.1,1,0,new,3,168,8,5.26,9,3,4.45,4.19,Yes,100,22.41,5500,-2.18,5380,65.2
S00122,big,Smartwatch,WCH-M5,8629,1777,66,95.64,2.74,3.64,3.8,12,38.2,1,0,new,6,352,113,7.07,249,191,4.04,4.32,Yes,75.76,24.4,45000,8.78,48950,94.6
S00193,small,Digital Camera,CAM-M3,576,93,11,98.61,0.96,1.72,1.5,1,30.0,1,0,new,0,300,4,3.13,32,11,4.42,4.24,Yes,90.2,0,80000,-6.5,74800,39.3
S00059,small,Power Bank,PWR-M2,380,23,14,98.98,0.81,1.8,1.8,0,70.3,1,0,new,12,211,5,5.55,54,9,4.42,4.13,Yes,100,4.04,1800,4.44,1880,91.2
S00518,big,Laptop,LAP-M1,8523,2007,89,98.21,1.38,1.87,1.2,2,44.8,1,1,new,12,36,53,7.01,65,33,4.38,3.96,Yes,100,29.34,38000,1.58,38600,80.0
S00430,small,Bluetooth Speaker,SPK-M4,28,12,19,93.84,6.11,9.02,12.3,0,34.6,0,0,new,0,26,5,7.1,0,0,,,No,,,14000,-27.5,10150,3.8
S00412,big,Smart TV,TV-M3,22291,5838,77,97.25,1.78,2.4,1.4,15,30.0,1,0,new,12,352,63,1.8,333,251,4.75,4.21,Yes,74.76,26.05,55000,-14.64,46950,24.0
S00174,medium,Desktop Computer,PC-M3,2603,515,49,99.63,0.52,0.9,1.1,0,24.8,1,0,new,12,86,69,3.86,45,27,4.6,4.82,Yes,93.52,22.47,65000,-5.15,61650,45.0
S00084,small,Gaming Console,CON-M4,305,66,16,100,0.77,0.41,0.4,0,39.7,0,0,new,12,94,3,2.74,15,6,4.9,4.67,Yes,90.82,16.39,78000,3.01,80350,89.6
S00425,small,Bluetooth Speaker,SPK-M4,127,26,2,94.94,1.96,4.72,4.8,0,41.0,0,0,new,0,60,5,6.28,7,3,4.06,4.15,Yes,72.93,18.9,14000,-9.64,12650,25.0
S00489,small,Laptop,LAP-M5,55,17,47,90.74,5.85,5.2,4.7,0,51.9,1,0,new,12,184,5,5.43,2,2,4.33,3.87,Yes,78.39,42.88,190000,-6.68,177300,33.9
S00345,medium,Smart TV,TV-M1,1751,507,25,94.19,3.6,4.7,4.4,2,43.3,1,0,new,12,168,27,6.51,50,42,3.7,3.49,Yes,73.19,46.73,22000,6.36,23400,91.4
S00108,small,Mobile Phone,MOB-M1,116,21,11,98.31,0.46,2.7,0.9,0,34.4,0,0,new,12,330,8,3.14,17,5,4.82,4.59,Yes,100,6.44,12000,13.33,13600,100.0
S00110,small,Wi-Fi Router,RTR-M4,439,124,20,97.5,1.5,2.42,1.5,0,51.9,0,0,new,12,421,2,3.75,12,12,4.26,4.12,Yes,91.43,31.48,9500,-8.42,8700,41.9
S00315,medium,Mobile Phone,MOB-M2,1511,439,48,93.56,4.15,5.57,9.3,3,61.5,1,1,new,0,269,14,6.2,62,56,3.91,3.63,Yes,78.61,32.97,22000,-1.82,21600,65.5
S00436,small,Power Bank,PWR-M3,23,6,4,97.22,0.26,2.2,4.7,0,32.1,0,0,new,3,120,4,4.11,4,3,3.99,3.38,Yes,81.57,22.13,3000,14.33,3430,100.0
S00338,medium,Bluetooth Speaker,SPK-M3,2583,638,47,97.17,1.47,2.26,3.0,1,36.4,1,0,new,3,181,24,5.32,84,64,4.56,4.26,Yes,85.01,7.18,7000,-3.86,6730,55.6
S00134,small,Mobile Phone,MOB-M3,72,20,37,93.16,3.86,5.74,3.9,0,36.4,0,0,new,12,235,5,4.82,11,11,3.66,3.43,Yes,93.39,33.27,38000,-12.37,33300,27.8
S00222,big,Laptop,LAP-M2,17934,2698,30,99.03,0.77,1.29,0.9,7,21.7,1,1,new,3,113,63,1.63,207,101,5,5,Yes,82.11,24.63,55000,-5.55,51950,52.6
S00545,medium,Bluetooth Speaker,SPK-M2,1302,151,52,98.31,1.44,1.7,1.8,0,39.9,1,0,refurbished,6,82,28,2.93,55,15,4.71,4.78,Yes,86.85,48.32,3500,-1.43,3450,60.3
S00171,small,Laptop,LAP-M1,93,62,6,82.78,12.82,14.77,8.2,2,61.0,0,0,new,12,94,3,13.22,4,4,1.76,1.49,No,61.97,69.85,38000,-21.32,29900,16.0
S00418,small,Bluetooth Speaker,SPK-M4,39,5,17,96.38,0.1,2.03,1.4,0,54.5,1,0,new,12,83,5,4.78,1,0,4.81,,Yes,97.2,0,14000,1.43,14200,75.0
S00477,medium,Bluetooth Speaker,SPK-M2,638,176,39,98.75,0.23,1.49,1.1,0,25.3,1,0,new,12,510,35,4.36,43,30,4.45,4.63,Yes,95.79,20.13,3500,-2.86,3400,50.0
S00448,small,Desktop Computer,PC-M5,127,29,23,97.38,2.12,1.69,2.1,0,20.6,1,0,new,6,28,5,2.87,8,5,4.89,4.35,Yes,82.49,22.86,160000,-6.22,150050,44.9
S00404,small,Smart TV,TV-M3,498,234,21,87.97,8.56,9.87,18.0,5,60.4,1,0,refurbished,0,43,8,7.74,13,13,3.47,3.26,No,60.01,47.38,55000,-17.09,45600,14.0
S00455,small,Bluetooth Speaker,SPK-M5,53,21,3,89.27,7.17,9.04,9.1,0,53.6,0,0,new,3,90,15,8.13,4,4,2.96,3.16,No,66.77,54.13,30000,-22.17,23350,10.4
S00284,small,Smartwatch,WCH-M3,62,13,25,94.84,1.91,4.28,1.5,0,21.3,0,0,new,12,750,11,4.67,0,0,,,No,,,9000,-12.11,7910,30.6
S00171,small,Laptop,LAP-M5,93,62,6,82.78,12.82,14.77,8.2,2,61.0,0,0,used,12,64,5,11.71,1,1,2.11,1.97,No,43.13,65.35,190000,-27.87,137050,1.6
S00421,small,Gaming Console,CON-M2,25,8,13,86.14,7.61,6.86,6.9,0,48.5,0,0,new,0,227,6,5.44,2,2,3.03,2.82,No,78.23,30.63,52000,11.92,58200,100.0
S00174,medium,Laptop,LAP-M4,2603,515,49,99.63,0.52,0.9,1.1,0,24.8,1,0,new,0,117,50,4.97,54,32,4.92,4.92,Yes,91.62,6.53,120000,-14.17,103000,25.5
S00166,small,Mobile Phone,MOB-M3,30,12,7,87.56,5.19,5.44,7.2,0,53.3,0,0,new,0,122,2,7.86,1,1,3.43,3.31,No,72.27,49.07,38000,15.39,43850,100.0
S00488,small,Laptop,LAP-M3,219,74,29,95.54,3.18,4.42,5.1,1,39.5,1,0,new,12,204,9,6.47,11,10,3.8,3.38,Yes,91.8,42.4,80000,17.62,94100,100.0
S00363,big,Smart TV,TV-M1,11473,3227,34,98.05,1.24,1.88,1.6,3,40.7,1,0,new,12,61,121,3.72,87,52,4.84,4.73,Yes,100,25.11,22000,-5.45,20800,51.7
S00147,small,Mobile Phone,MOB-M3,57,6,10,100,0.1,1.37,1.2,0,30.9,1,0,used,12,300,15,4.52,2,1,4.69,4.31,Yes,80.11,12.8,38000,-13.68,32800,16.7
S00458,big,Smartwatch,WCH-M5,19893,8155,45,94.84,3.46,4.36,1.3,24,32.2,1,0,new,6,85,48,8.39,179,140,3.75,3.72,Yes,86.45,13.59,45000,-5.67,42450,44.6
S00158,medium,Desktop Computer,PC-M3,1989,555,22,98.47,1.14,1.67,1.7,0,34.5,1,0,new,12,147,15,4.18,54,27,4.2,4.16,Yes,85.98,4.3,65000,-14.85,55350,16.7
S00485,medium,Laptop,LAP-M4,2484,588,30,98.91,0.64,1.45,1.2,1,37.7,1,1,new,12,279,16,5.1,84,52,4.72,4.58,Yes,94.82,10.14,120000,2.83,123400,89.1
S00033,small,Gaming Console,CON-M2,54,34,4,84.52,12.55,11.12,6.6,0,51.7,0,0,new,12,120,2,6.95,0,0,,,No,,,52000,-14.04,44700,20.0
S00067,medium,Gaming Console,CON-M3,1436,281,49,99.93,0.65,0.92,0.8,1,21.1,1,0,new,12,36,87,3.79,37,16,4.52,3.84,Yes,93.55,18.37,62000,4.35,64700,84.0
S00201,small,Gaming Console,CON-M2,265,146,28,91.26,5.56,6.2,6.3,0,57.2,0,0,new,12,48,3,4.92,5,5,3.38,2.82,No,57.44,35.04,52000,10.58,57500,96.0
S00003,big,Smartwatch,WCH-M4,18215,2451,45,97.19,1.81,2.54,2.6,9,44.6,1,0,new,6,93,33,6.97,224,71,4.46,4.7,Yes,87.74,11.14,22000,-8.18,20200,27.3
S00401,medium,Desktop Computer,PC-M3,1499,492,47,97.22,1.52,2.51,1.9,1,35.8,1,0,new,6,54,34,4.0,39,31,4.21,4.41,Yes,93.65,36.52,65000,3.31,67150,83.3
S00362,small,Digital Camera,CAM-M1,246,118,15,89.49,5.69,6.98,4.9,0,34.5,0,0,new,0,303,8,7.0,4,4,3.71,3.48,Yes,72.91,50.17,35000,11.14,38900,100.0
S00250,medium,Wireless Earbuds,EAR-M1,1595,394,40,97.22,1.8,2.76,1.6,0,19.1,1,0,new,0,370,30,5.65,84,56,4.67,4.4,Yes,100,20.68,1200,-8.33,1100,37.9
S00358,medium,Power Bank,PWR-M2,1591,121,63,98.09,0.93,1.85,2.4,0,30.0,1,0,new,12,69,38,3.78,33,7,4.95,4.92,Yes,95.96,11.64,1800,-4.44,1720,68.4
S00306,small,Smart TV,TV-M4,84,36,8,84.94,6.39,7.97,2.0,0,27.1,0,0,new,6,240,5,6.34,6,6,3.34,3.19,No,52.98,33.41,90000,-10.28,80750,35.3
S00037,big,Wireless Earbuds,EAR-M2,13894,694,69,98.34,1.08,1.55,1.3,6,38.6,1,0,new,12,58,198,3.08,276,40,4.46,4.23,Yes,100,0.98,2500,15.6,2890,97.8
S00458,big,Digital Camera,CAM-M1,19893,8155,45,94.84,3.46,4.36,1.3,24,32.2,1,0,new,12,346,192,2.07,297,297,4.0,3.82,Yes,71.43,24.91,35000,-0.43,34850,72.6
S00366,small,Bluetooth Speaker,SPK-M4,58,15,16,95.12,2.39,0.5,2.0,0,51.5,1,0,new,12,301,11,4.82,9,5,4.59,4.43,Yes,82.72,0,14000,3.93,14550,80.8
S00053,small,Laptop,LAP-M1,229,29,7,99.2,1.02,1.65,1.2,0,20.2,0,0,new,12,24,12,6.46,21,5,4.94,4.95,Yes,91.38,15.79,38000,-6.05,35700,48.0
S00086,medium,Digital Camera,CAM-M3,3263,961,25,97.61,1.74,2.35,1.1,1,51.9,1,0,new,0,109,44,4.38,40,32,4.46,4.43,Yes,79.7,26.35,80000,6.19,84950,94.6
S00244,medium,Wireless Earbuds,EAR-M3,3636,703,56,98.6,0.84,1.45,1.2,3,40.4,1,1,new,0,135,12,4.32,56,19,4.35,4.0,Yes,80.82,31.88,5500,-7.82,5070,32.8
S00459,small,Digital Camera,CAM-M2,63,11,20,96.37,0.95,2.62,1.1,0,49.0,1,0,new,12,218,6,2.45,3,1,4.59,4.47,Yes,93.65,18.98,55000,-8.18,50500,26.3
S00515,small,Desktop Computer,PC-M5,119,21,20,98.2,1.81,2.37,2.9,0,24.6,1,0,new,12,134,4,1.51,15,5,4.59,4.29,Yes,91.68,30.54,160000,5.81,169300,88.4
S00469,big,Bluetooth Speaker,SPK-M2,11377,1954,82,97.08,2.01,2.85,1.5,5,43.1,1,0,new,12,37,36,5.0,245,76,4.65,4.62,Yes,79.4,18.36,3500,-6.29,3280,34.5
S00419,small,Desktop Computer,PC-M4,113,39,22,96.97,2.03,3.59,2.6,0,41.6,0,0,new,6,35,3,2.28,9,9,4.37,4.18,Yes,86.36,36.41,95000,-10.05,85450,28.3
S00102,small,Gaming Console,CON-M3,12,5,15,94.89,6.81,4.67,2.7,0,43.0,0,0,new,12,25,6,4.79,1,1,3.66,3.72,Yes,75.34,61.05,62000,0.56,62350,76.0
S00274,small,Bluetooth Speaker,SPK-M5,110,28,12,95.08,2.6,4.4,2.5,1,44.9,1,0,new,12,91,5,4.83,4,2,3.99,3.77,Yes,66.37,12.86,30000,6.17,31850,88.1
S00369,small,Wi-Fi Router,RTR-M1,95,16,33,99.34,1.84,2.12,1.4,0,46.5,1,0,refurbished,6,82,4,3.09,1,1,4.45,4.43,Yes,75.82,25.44,1800,-7.22,1670,46.9
S00019,medium,Wi-Fi Router,RTR-M5,2817,227,56,97.34,1.57,2.45,1.8,1,45.0,1,1,new,12,116,31,3.64,67,17,4.57,4.42,Yes,100,8.79,16000,1.25,16200,66.0
S00368,small,Bluetooth Speaker,SPK-M2,114,20,47,98.72,1.19,2.73,1.4,0,33.1,0,0,new,0,269,19,5.75,7,3,4.48,4.15,Yes,83.83,37.8,3500,-2.0,3430,53.4
S00489,small,Smartwatch,WCH-M5,55,17,47,90.74,5.85,5.2,4.7,0,51.9,1,0,new,12,114,9,6.54,1,1,3.67,3.44,Yes,65.87,34.49,45000,-9.44,40750,32.1
S00435,small,Desktop Computer,PC-M1,65,17,3,100,1.96,2.23,2.9,0,30.6,0,0,new,0,90,15,2.06,10,10,4.32,4.28,Yes,96.14,17.55,30000,5.33,31600,88.7
S00342,medium,Laptop,LAP-M3,1844,718,27,97.94,1.49,2.51,2.4,2,39.2,1,1,new,12,38,26,5.91,62,55,4.48,4.14,Yes,85.04,16.7,80000,-11.5,70800,34.5
S00071,big,Smart TV,TV-M3,19291,4612,63,98.68,0.86,1.46,1.1,15,18.4,1,1,new,3,121,115,2.94,137,93,4.54,4.39,Yes,99.02,0,55000,10.18,60600,92.0
S00309,small,Digital Camera,CAM-M2,112,26,33,98.09,1.45,1.71,1.8,0,42.4,0,1,new,6,49,8,3.8,8,5,4.81,4.68,Yes,94.28,19.69,55000,-3.09,53300,47.4
S00327,medium,Bluetooth Speaker,SPK-M4,2408,754,63,96.65,1.72,2.73,1.5,0,31.8,1,0,new,12,160,25,5.63,42,38,3.97,4.04,Yes,82.33,26.91,14000,-4.64,13350,40.4
S00028,small,Bluetooth Speaker,SPK-M1,18,10,17,90.11,5.46,10.18,4.9,0,40.2,0,0,new,0,173,6,10.26,1,1,2.72,3.14,No,65.0,61.68,1500,-28.0,1080,7.3
S00256,small,Wireless Earbuds,EAR-M3,188,28,12,98.85,1.17,1.84,1.7,0,15.7,1,0,new,6,175,7,5.28,10,3,4.97,4.89,Yes,90.57,2.91,5500,-2.73,5350,50.7
S00151,medium,Wi-Fi Router,RTR-M1,2106,679,25,97.27,1.46,2.47,2.2,1,48.6,1,0,new,12,192,22,3.51,72,57,4.6,4.34,Yes,99.63,7.08,1800,-5.0,1710,57.8
S00154,medium,Digital Camera,CAM-M4,1213,219,74,95.07,2.93,3.81,2.0,4,43.8,1,0,new,6,301,83,2.62,63,27,4.68,4.49,Yes,87.14,12.89,100000,0.9,100900,75.9
S00093,small,Gaming Console,CON-M3,169,15,9,100,0.86,0.52,1.4,0,35.5,1,0,new,6,47,13,3.22,14,3,4.66,4.19,Yes,94.28,0.52,62000,-2.34,60550,66.0
S00115,small,Desktop Computer,PC-M1,52,23,14,91.16,4.81,7.0,4.7,0,37.1,0,0,new,3,372,4,7.34,2,2,3.62,3.57,Yes,81.39,32.67,30000,-0.5,29850,64.5
S00401,medium,Desktop Computer,PC-M5,1499,492,47,97.22,1.52,2.51,1.9,1,35.8,1,0,new,12,136,33,2.58,34,16,4.43,4.67,Yes,82.28,21.72,160000,-2.41,156150,56.5
S00218,small,Mobile Phone,MOB-M2,14,3,34,100,0.1,3.03,0.8,0,34.5,0,0,new,12,202,6,2.69,2,1,5,4.7,Yes,95.17,4.05,22000,-10.45,19700,36.4
S00410,small,Laptop,LAP-M2,91,14,14,96.29,3.17,3.36,4.5,0,36.1,1,0,new,12,53,4,3.57,4,1,4.14,3.97,Yes,99.28,19.41,55000,-12.09,48350,22.8
S00088,small,Smartwatch,WCH-M5,73,26,21,91.86,5.93,4.25,4.8,0,39.2,0,0,new,0,101,5,7.7,8,6,3.64,3.54,Yes,81.75,37.39,45000,-14.89,38300,21.4
S00023,small,Gaming Console,CON-M3,91,39,4,95.57,3.86,4.81,3.2,0,27.4,0,0,new,6,73,9,4.91,4,4,3.79,3.57,Yes,70.47,23.62,62000,-3.71,59700,58.0
S00164,small,Smart TV,TV-M2,60,26,26,90.0,5.69,4.22,2.4,1,53.2,0,0,new,12,65,10,6.52,13,13,3.37,3.45,No,81.94,38.7,35000,-11.57,30950,20.4
S00339,small,Bluetooth Speaker,SPK-M2,200,53,28,95.93,1.91,3.55,2.9,0,22.7,0,0,refurbished,12,143,4,5.31,9,5,4.13,3.93,Yes,88.51,24.88,3500,10.29,3860,93.1
S00195,small,Wireless Earbuds,EAR-M4,53,16,6,96.76,3.44,3.81,1.5,0,43.8,1,0,new,12,21,8,6.13,10,6,4.11,3.78,Yes,98.77,12.41,12000,-1.67,11800,79.1
S00115,small,Gaming Console,CON-M1,52,23,14,91.16,4.81,7.0,4.7,0,37.1,0,0,new,0,420,3,5.0,1,1,3.73,3.12,Yes,71.64,45.82,38000,-40.26,22700,2.4
S00384,medium,Desktop Computer,PC-M5,1381,574,43,91.81,5.02,6.37,4.3,3,48.3,0,0,new,12,495,37,3.39,24,24,3.79,3.2,Yes,58.33,38.05,160000,1.22,161950,73.9
S00532,small,Digital Camera,CAM-M4,39,24,19,85.28,8.69,9.75,8.2,0,66.6,0,0,new,12,90,5,6.17,1,1,2.62,1.96,No,57.74,63.58,100000,-10.7,89300,37.9
S00333,medium,Gaming Console,CON-M4,1444,222,59,98.93,0.57,1.07,1.2,0,41.7,0,0,new,6,51,16,3.05,53,28,4.89,4.54,Yes,93.09,0,78000,-13.14,67750,29.2
S00323,small,Gaming Console,CON-M4,11,1,19,97.15,0.1,1.68,2.3,0,26.9,0,0,refurbished,3,309,9,2.36,0,0,,,No,,,78000,-0.77,77400,79.2
S00026,small,Digital Camera,CAM-M5,64,15,4,97.85,0.1,0.61,2.7,0,50.4,1,0,new,12,120,2,3.58,3,2,4.36,4.56,Yes,92.13,0,180000,-6.25,168750,47.5
S00346,small,Mobile Phone,MOB-M5,117,25,17,95.4,0.25,3.18,2.0,0,48.0,0,0,new,6,238,4,4.53,9,4,3.75,3.42,Yes,92.62,17.28,140000,0.04,140050,74.1
S00221,small,Bluetooth Speaker,SPK-M5,54,22,7,90.03,4.87,6.49,4.3,0,48.3,0,0,refurbished,6,210,5,6.43,6,6,3.84,3.51,Yes,78.14,37.32,30000,-11.17,26650,25.4
S00039,medium,Desktop Computer,PC-M5,1152,346,34,95.13,3.07,3.8,2.4,5,38.5,1,0,used,12,656,39,5.74,29,18,4.04,3.89,Yes,89.86,19.17,160000,-10.09,143850,26.1
S00155,small,Gaming Console,CON-M5,48,7,21,92.12,3.76,3.54,2.9,0,50.0,0,0,new,3,75,3,2.06,3,1,4.08,4.04,Yes,91.03,19.52,95000,-9.21,86250,30.0
S00179,small,Mobile Phone,MOB-M3,65,9,10,95.2,0.1,2.44,0.7,0,45.0,1,0,new,6,28,7,3.6,2,1,4.56,4.68,Yes,93.73,12.61,38000,-0.66,37750,74.1
S00517,medium,Power Bank,PWR-M4,950,170,39,99.25,0.76,1.19,1.5,1,22.3,1,1,new,12,96,57,3.44,13,7,4.31,4.41,Yes,100,7.83,4800,-8.96,4370,38.6
S00548,medium,Desktop Computer,PC-M2,1113,528,41,93.83,4.14,5.38,3.7,0,39.0,0,1,new,12,329,72,4.96,26,26,3.76,3.76,Yes,70.02,32.86,45000,-17.44,37150,9.1
S00340,small,Laptop,LAP-M4,603,43,5,97.7,1.63,2.33,3.3,0,35.9,1,0,new,12,150,6,6.34,33,6,4.06,4.15,Yes,94.92,1.34,120000,-18.92,97300,12.7
S00374,small,Smart TV,TV-M1,181,29,14,99.67,1.61,1.74,0.7,0,33.8,0,0,refurbished,0,170,1,3.53,4,2,4.53,4.15,Yes,100,11.31,22000,-4.55,21000,60.3
S00401,medium,Mobile Phone,MOB-M2,1499,492,47,97.22,1.52,2.51,1.9,1,35.8,1,0,new,12,222,37,3.87,32,28,4.76,4.6,Yes,96.76,18.06,22000,4.32,22950,89.1
S00527,small,Mobile Phone,MOB-M5,45,5,21,95.12,2.94,2.46,1.4,0,27.4,0,0,new,6,53,6,6.1,5,1,4.43,4.25,Yes,74.54,41.11,140000,-25.86,103800,6.9
S00047,small,Smart TV,TV-M5,59,30,9,87.35,9.82,11.03,4.9,1,43.5,1,0,new,0,39,10,11.05,6,5,2.83,2.12,No,54.64,56.45,180000,-34.28,118300,1.8
S00363,big,Desktop Computer,PC-M5,11473,3227,34,98.05,1.24,1.88,1.6,3,40.7,1,0,refurbished,3,113,109,4.2,125,77,4.57,4.54,Yes,90.97,3.6,160000,1.47,162350,75.4
S00302,small,Gaming Console,CON-M4,416,53,7,96.21,2.58,3.41,1.9,2,32.3,1,0,new,12,135,3,4.85,11,4,3.71,3.6,Yes,92.78,42.72,78000,-6.15,73200,56.2
S00526,small,Smart TV,TV-M5,101,39,25,90.92,4.33,7.14,7.3,0,54.0,1,0,new,6,43,29,7.57,9,7,3.43,3.13,No,54.27,23.93,180000,-33.75,119250,3.6
S00475,small,Wireless Earbuds,EAR-M4,143,34,14,100,0.1,0.62,1.1,0,54.1,1,0,new,12,171,2,5.17,11,6,4.7,4.56,Yes,100,13.35,12000,-7.92,11050,39.5
S00487,small,Mobile Phone,MOB-M3,75,20,2,98.74,1.96,1.1,4.2,0,27.9,0,0,new,6,60,6,3.53,1,1,4.74,4.53,Yes,86.46,44.35,38000,-28.55,27150,1.9
S00247,small,Mobile Phone,MOB-M2,52,25,11,90.74,5.61,7.09,2.5,0,61.3,0,0,new,6,179,7,6.65,0,0,,,No,,,22000,-17.73,18100,14.5
S00290,medium,Bluetooth Speaker,SPK-M1,1924,337,63,98.49,1.54,1.37,1.8,0,38.1,1,1,new,12,9,21,4.48,135,57,4.6,4.76,Yes,92.12,14.33,1500,-0.67,1490,65.5
S00003,big,Wi-Fi Router,RTR-M3,18215,2451,45,97.19,1.81,2.54,2.6,9,44.6,1,0,new,12,252,31,4.55,273,70,4.53,4.71,Yes,89.65,4.45,5500,-1.45,5420,69.6
S00324,small,Laptop,LAP-M1,453,80,16,97.72,1.42,1.66,1.7,1,45.4,0,0,new,6,68,4,6.01,34,15,4.7,5,Yes,88.71,25.71,38000,-8.82,34650,40.0
S00458,big,Desktop Computer,PC-M4,19893,8155,45,94.84,3.46,4.36,1.3,24,32.2,1,0,new,12,39,103,5.7,311,311,3.99,3.96,Yes,83.1,40.13,95000,-8.53,86900,32.1
S00144,medium,Wi-Fi Router,RTR-M5,3085,1463,51,92.82,4.43,5.6,3.7,8,44.3,0,0,new,12,171,10,6.14,89,89,3.67,3.34,Yes,69.24,39.35,16000,3.75,16600,78.7
S00316,small,Digital Camera,CAM-M4,41,10,8,100,1.54,1.0,2.3,0,30.0,1,0,new,0,7,4,1.35,4,2,4.64,4.68,Yes,90.44,9.02,100000,-15.45,84550,24.1
S00242,medium,Wi-Fi Router,RTR-M2,2241,112,50,99.35,0.67,0.99,0.9,0,28.2,0,0,new,6,101,34,5.64,129,16,4.87,4.88,Yes,92.06,6.46,3200,-4.69,3050,46.7
S00458,big,Digital Camera,CAM-M4,19893,8155,45,94.84,3.46,4.36,1.3,24,32.2,1,0,new,3,32,84,3.29,292,292,4.21,4.14,Yes,82.43,16.12,100000,-7.45,92550,51.7
S00116,big,Laptop,LAP-M5,50189,14179,123,96.13,2.57,3.34,1.3,47,34.4,1,1,new,12,41,119,5.31,914,515,3.91,3.58,Yes,81.79,17.17,190000,8.68,206500,87.1
S00279,small,Digital Camera,CAM-M3,88,45,4,87.4,9.38,12.65,10.2,0,45.6,1,0,new,0,86,3,9.53,24,24,2.41,2.57,No,44.13,58.08,80000,1.25,81000,82.1
S00485,medium,Digital Camera,CAM-M5,2484,588,30,98.91,0.64,1.45,1.2,1,37.7,1,1,new,3,176,67,2.83,48,26,4.61,4.42,Yes,93.27,26.84,180000,-5.39,170300,52.5
S00019,medium,Wireless Earbuds,EAR-M5,2817,227,56,97.34,1.57,2.45,1.8,1,45.0,1,1,new,12,136,85,4.22,50,10,4.45,3.85,Yes,99.64,18.59,28000,8.04,30250,92.5
S00474,small,Smart TV,TV-M3,327,143,12,89.4,7.41,8.71,5.0,3,45.0,1,0,new,0,165,6,8.39,20,20,3.24,2.92,No,70.13,60.92,55000,0.55,55300,74.0
S00023,small,Power Bank,PWR-M1,91,39,4,95.57,3.86,4.81,3.2,0,27.4,0,0,used,12,120,5,5.56,3,3,4.11,3.55,Yes,76.53,26.9,1100,0.0,1100,67.9
S00511,small,Power Bank,PWR-M4,98,17,42,97.81,2.36,1.04,2.8,0,40.6,0,0,new,0,94,5,5.31,2,1,4.7,4.54,Yes,89.83,7.68,4800,-13.54,4150,24.6
S00449,small,Gaming Console,CON-M3,47,29,6,92.04,7.97,8.26,6.5,1,17.5,0,0,new,3,162,6,7.87,2,2,2.85,2.71,No,55.45,57.21,62000,-17.02,51450,8.0
S00439,small,Desktop Computer,PC-M5,429,130,10,93.31,3.55,4.63,2.6,1,41.9,0,0,new,12,58,8,3.18,18,8,4.08,3.95,Yes,63.38,45.59,160000,-19.75,128400,10.1
S00285,small,Wireless Earbuds,EAR-M5,231,59,11,100,1.13,1.66,1.2,0,32.5,0,0,new,12,27,11,3.33,8,5,4.55,4.42,Yes,94.64,17.72,28000,-2.86,27200,60.4
S00110,small,Wi-Fi Router,RTR-M5,439,124,20,97.5,1.5,2.42,1.5,0,51.9,0,0,new,12,217,3,5.25,28,18,4.0,4.06,Yes,68.68,41.38,16000,6.56,17050,85.1
S00401,medium,Mobile Phone,MOB-M4,1499,492,47,97.22,1.52,2.51,1.9,1,35.8,1,0,new,12,172,35,4.22,34,22,4.28,3.85,Yes,89.78,18.22,65000,-15.54,54900,4.8
S00488,small,Smart TV,TV-M5,219,74,29,95.54,3.18,4.42,5.1,1,39.5,1,0,refurbished,0,58,4,7.54,10,9,3.97,3.85,Yes,87.45,33.87,180000,-2.31,175850,60.7
S00222,big,Wireless Earbuds,EAR-M4,17934,2698,30,99.03,0.77,1.29,0.9,7,21.7,1,1,new,6,26,149,4.71,251,65,4.87,4.59,Yes,100,8.42,12000,-3.75,11550,62.8
S00193,small,Laptop,LAP-M1,576,93,11,98.61,0.96,1.72,1.5,1,30.0,1,0,new,12,330,10,5.77,23,9,4.31,4.21,Yes,99.53,16.88,38000,19.08,45250,100.0
S00495,big,Smart TV,TV-M4,10614,3105,84,97.15,1.88,2.6,1.8,11,9.7,1,0,new,0,266,39,2.44,138,126,4.92,5,Yes,93.67,21.85,90000,-0.56,89500,76.5
S00466,small,Bluetooth Speaker,SPK-M5,55,15,34,96.43,3.56,3.76,2.7,0,65.9,1,0,used,12,136,3,4.98,2,1,4.13,4.03,Yes,97.14,26.52,30000,-6.33,28100,43.3
S00508,medium,Laptop,LAP-M5,1567,427,46,99.29,0.64,1.36,1.3,1,44.0,1,1,new,6,274,23,5.94,62,50,4.3,4.27,Yes,89.27,33.79,190000,-8.82,173250,24.2
S00048,small,Gaming Console,CON-M5,24,6,24,94.78,7.5,2.58,1.7,0,24.9,0,0,refurbished,12,325,10,3.01,1,1,4.12,3.8,Yes,83.54,1.17,95000,2.68,97550,88.0
S00411,small,Desktop Computer,PC-M2,39,4,14,99.51,0.86,4.13,1.9,0,49.3,1,0,new,12,186,7,1.96,3,1,4.83,4.9,Yes,82.9,13.99,45000,-21.56,35300,5.5
S00517,medium,Power Bank,PWR-M3,950,170,39,99.25,0.76,1.19,1.5,1,22.3,1,1,new,12,259,31,5.25,22,9,5,4.81,Yes,94.79,5.47,3000,1.67,3050,63.5
S00077,medium,Wi-Fi Router,RTR-M4,1056,191,33,94.62,3.03,3.81,2.9,1,41.3,1,0,new,12,357,22,3.99,15,5,4.08,3.87,Yes,82.56,44.43,9500,-4.84,9040,61.3
S00448,small,Power Bank,PWR-M2,127,29,23,97.38,2.12,1.69,2.1,0,20.6,1,0,new,3,690,9,6.88,2,1,4.11,4.17,Yes,85.82,21.11,1800,2.22,1840,87.7
S00485,medium,Desktop Computer,PC-M4,2484,588,30,98.91,0.64,1.45,1.2,1,37.7,1,1,new,0,267,20,3.53,72,55,4.83,5,Yes,98.67,15.63,95000,-3.63,91550,60.4
S00449,small,Gaming Console,CON-M5,47,29,6,92.04,7.97,8.26,6.5,1,17.5,0,0,new,6,62,5,7.36,2,2,3.09,2.63,No,50.79,54.86,95000,-8.58,86850,40.0
S00119,small,Wireless Earbuds,EAR-M1,9,4,8,86.44,12.27,9.8,5.7,0,58.3,0,0,new,6,240,4,8.03,1,1,2.72,2.68,No,72.27,35.64,1200,-35.0,780,1.7
S00429,big,Mobile Phone,MOB-M2,18008,3471,109,99.1,0.74,1.31,0.7,10,13.7,1,1,new,6,135,123,3.73,292,113,4.92,4.63,Yes,91.26,11.71,22000,0.45,22100,74.5
S00349,medium,Desktop Computer,PC-M5,2129,647,38,96.2,2.45,3.13,2.5,2,55.9,0,0,refurbished,0,1011,28,3.43,62,55,4.5,4.73,Yes,79.57,22.39,160000,3.03,164850,82.6
S00345,medium,Laptop,LAP-M2,1751,507,25,94.19,3.6,4.7,4.4,2,43.3,1,0,new,0,59,44,6.34,24,15,3.86,4.04,Yes,72.23,39.31,55000,4.55,57500,86.0
S00036,small,Gaming Console,CON-M5,106,21,13,96.02,1.58,1.92,2.6,0,25.3,1,0,new,3,390,5,3.57,12,6,4.45,4.1,Yes,84.59,25.12,95000,-13.53,82150,20.0
S00003,big,Bluetooth Speaker,SPK-M3,18215,2451,45,97.19,1.81,2.54,2.6,9,44.6,1,0,refurbished,6,162,152,3.73,354,130,4.39,4.41,Yes,94.18,5.33,7000,-0.57,6960,70.4
S00016,small,Power Bank,PWR-M2,174,64,17,98.14,2.08,2.58,1.6,1,42.3,0,0,new,3,164,6,6.47,6,4,4.2,4.11,Yes,77.98,32.4,1800,-12.22,1580,35.1
S00309,small,Desktop Computer,PC-M5,112,26,33,98.09,1.45,1.71,1.8,0,42.4,0,1,new,6,180,10,0.97,6,4,4.82,4.41,Yes,100,26.61,160000,-7.72,147650,33.3
S00381,medium,Power Bank,PWR-M5,876,177,30,99.93,0.75,1.78,0.6,1,14.0,1,0,new,12,900,18,4.56,63,25,4.49,4.33,Yes,87.15,30.01,8500,9.88,9340,94.5
S00216,big,Bluetooth Speaker,SPK-M5,25438,8397,94,94.36,3.7,4.75,3.5,37,54.8,1,1,new,0,79,71,5.71,266,187,3.36,3.3,No,74.82,44.2,30000,-27.17,21850,6.0
S00037,big,Desktop Computer,PC-M1,13894,694,69,98.34,1.08,1.55,1.3,6,38.6,1,0,used,12,724,175,4.38,137,13,4.77,4.75,Yes,94.52,15.13,30000,1.33,30400,72.6
S00105,small,Wireless Earbuds,EAR-M3,267,37,41,96.39,1.78,2.72,3.2,0,20.5,1,0,new,12,343,8,5.97,15,5,4.18,4.29,Yes,82.34,32.3,5500,-16.73,4580,14.9
S00367,medium,Desktop Computer,PC-M3,1298,195,10,98.21,1.52,1.83,2.6,1,47.4,1,0,new,6,300,23,3.39,38,16,4.29,4.11,Yes,92.44,13.7,65000,-13.15,56450,20.0
S00241,small,Power Bank,PWR-M1,92,56,23,87.06,9.52,11.91,9.6,0,55.4,0,0,new,6,239,8,12.98,1,1,2.42,2.21,No,55.98,64.79,1100,-36.36,700,3.6
S00429,big,Bluetooth Speaker,SPK-M4,18008,3471,109,99.1,0.74,1.31,0.7,10,13.7,1,1,new,3,342,95,3.87,118,73,4.75,4.94,Yes,79.38,10.8,14000,6.79,14950,88.5
S00230,small,Desktop Computer,PC-M3,180,35,8,93.27,4.52,5.08,3.9,0,40.8,1,0,new,3,240,6,4.46,4,2,3.93,3.8,Yes,96.31,37.24,65000,-1.08,64300,68.3
S00362,small,Power Bank,PWR-M5,246,118,15,89.49,5.69,6.98,4.9,0,34.5,0,0,new,12,47,4,6.93,7,7,3.0,2.67,No,68.02,54.67,8500,-9.29,7710,23.6
S00015,medium,Laptop,LAP-M5,2126,622,43,93.03,4.51,5.16,2.7,1,40.1,0,0,new,6,255,16,5.77,81,67,3.65,3.71,Yes,84.75,16.71,190000,-4.97,180550,41.9
S00507,small,Desktop Computer,PC-M2,311,28,8,98.49,0.42,2.25,2.0,0,57.9,1,0,new,0,80,4,1.85,20,5,4.85,4.72,Yes,90.66,14.09,45000,-5.33,42600,38.2
S00216,big,Wireless Earbuds,EAR-M3,25438,8397,94,94.36,3.7,4.75,3.5,37,54.8,1,1,new,0,237,79,6.31,407,245,3.96,3.37,Yes,73.22,16.93,5500,-32.91,3690,3.0
S00433,small,Digital Camera,CAM-M4,38,15,4,89.79,7.2,7.88,9.5,0,56.2,0,0,new,6,120,5,5.66,2,2,3.08,2.75,No,68.8,55.29,100000,-13.65,86350,32.8
S00486,small,Smartwatch,WCH-M2,109,42,10,89.04,6.72,9.82,9.2,0,49.7,0,0,new,3,300,6,9.98,10,9,2.95,2.52,No,48.77,35.55,4500,9.78,4940,98.3
S00353,small,Power Bank,PWR-M2,93,21,10,97.54,1.57,3.44,2.3,0,43.4,0,0,new,3,289,10,4.55,6,4,4.07,3.77,Yes,71.83,10.73,1800,-20.0,1440,14.0
S00296,small,Smartwatch,WCH-M2,29,11,12,94.47,3.24,3.07,2.9,0,33.8,1,0,new,0,43,8,4.7,2,1,3.63,3.71,Yes,83.67,26.1,4500,-2.89,4370,75.0
S00272,small,Smartwatch,WCH-M2,257,37,15,97.53,2.97,2.36,3.4,0,64.2,0,0,new,12,330,7,5.95,8,2,4.03,3.99,Yes,86.07,4.34,4500,-18.89,3650,13.3
S00401,medium,Digital Camera,CAM-M5,1499,492,47,97.22,1.52,2.51,1.9,1,35.8,1,0,new,12,239,96,3.78,15,11,4.07,3.79,Yes,91.82,42.05,180000,4.25,187650,91.8
S00349,medium,Wireless Earbuds,EAR-M5,2129,647,38,96.2,2.45,3.13,2.5,2,55.9,0,0,new,0,87,17,5.64,96,92,3.96,3.79,Yes,100,11.49,28000,-2.86,27200,60.4
S00548,medium,Digital Camera,CAM-M1,1113,528,41,93.83,4.14,5.38,3.7,0,39.0,0,1,new,0,220,29,4.36,47,46,3.92,3.82,Yes,71.78,24.0,35000,-7.71,32300,43.5
S00442,small,Desktop Computer,PC-M4,66,39,4,89.6,6.48,11.13,6.8,0,56.5,0,0,new,6,120,3,6.51,5,5,3.03,3.05,No,65.21,43.29,95000,2.79,97650,77.4
S00308,small,Laptop,LAP-M3,267,66,16,98.73,1.18,1.85,2.3,2,32.9,1,0,new,3,370,8,6.63,16,11,4.39,4.14,Yes,85.36,6.92,80000,-9.13,72700,50.0
S00246,medium,Wi-Fi Router,RTR-M3,1860,559,29,95.99,2.58,2.99,2.6,2,45.8,1,0,new,12,136,19,3.4,95,67,4.12,3.95,Yes,76.75,48.48,5500,-3.45,5310,56.5
S00386,small,Laptop,LAP-M5,45,6,11,92.33,2.32,4.38,3.5,0,51.3,1,0,new,3,53,4,6.98,2,1,4.11,3.72,Yes,94.23,12.7,190000,-8.26,174300,25.8
S00106,small,Smart TV,TV-M1,408,173,27,94.88,4.0,4.89,3.3,3,32.5,1,0,new,3,151,4,4.93,15,15,3.82,3.49,Yes,83.18,46.48,22000,4.77,23050,87.9
S00469,big,Laptop,LAP-M3,11377,1954,82,97.08,2.01,2.85,1.5,5,43.1,1,0,new,0,31,162,6.02,280,129,4.53,4.81,Yes,97.51,0.46,80000,-6.44,74850,58.6
S00236,small,Wi-Fi Router,RTR-M1,64,42,4,80.74,12.03,14.57,16.2,0,35.9,0,0,refurbished,6,120,20,12.99,5,5,1.51,1.15,No,39.84,72.76,1800,-11.11,1600,31.2
S00013,big,Bluetooth Speaker,SPK-M2,15432,3591,35,95.68,2.86,3.7,2.5,27,30.3,1,1,new,0,224,155,4.52,245,140,4.35,4.2,Yes,85.83,22.52,3500,-4.57,3340,41.4
S00426,small,Smartwatch,WCH-M3,197,50,19,94.13,3.13,3.38,2.2,0,58.7,0,0,new,12,558,9,7.81,26,18,3.97,3.89,Yes,95.8,11.63,9000,-6.11,8450,50.0
S00170,medium,Mobile Phone,MOB-M4,2546,222,25,98.82,0.39,1.17,0.7,2,27.9,1,0,new,12,69,25,3.63,178,40,4.54,4.31,Yes,100,16.37,65000,-5.69,61300,42.9
S00020,small,Desktop Computer,PC-M3,121,18,25,99.03,0.1,2.03,0.5,0,44.3,1,0,new,6,309,6,3.27,5,2,4.74,4.63,Yes,96.88,2.55,65000,-6.54,60750,41.7
S00126,small,Mobile Phone,MOB-M5,57,15,13,97.5,1.65,3.22,4.8,0,39.5,1,0,new,6,83,4,6.04,3,2,3.76,3.41,Yes,81.38,16.83,140000,-8.21,128500,43.1
S00002,small,Digital Camera,CAM-M3,89,17,11,95.59,4.07,2.96,2.8,0,28.5,1,0,new,3,148,10,5.6,5,2,4.5,4.63,Yes,87.21,27.64,80000,-13.5,69200,23.2
S00428,small,Smart TV,TV-M5,19,7,25,83.11,7.03,12.11,10.3,0,69.7,0,0,used,0,255,3,11.06,1,1,2.22,2.01,No,62.65,55.12,180000,6.08,190950,85.7
S00048,small,Smartwatch,WCH-M1,24,6,24,94.78,7.5,2.58,1.7,0,24.9,0,0,new,3,339,5,4.55,0,0,,,No,,,2000,5.0,2100,82.5
S00349,medium,Wireless Earbuds,EAR-M1,2129,647,38,96.2,2.45,3.13,2.5,2,55.9,0,0,new,12,164,26,5.93,56,34,4.56,4.55,Yes,68.16,16.97,1200,1.67,1220,67.2
S00083,big,Laptop,LAP-M5,16028,2954,75,97.99,1.46,2.02,1.4,7,38.8,1,0,new,12,67,181,3.98,126,67,4.37,4.44,Yes,92.27,8.13,190000,-8.03,174750,27.4
S00205,big,Desktop Computer,PC-M1,16429,2409,121,98.29,1.26,1.82,2.5,11,3.7,1,1,new,3,103,109,3.87,303,143,4.67,4.21,Yes,71.05,14.19,30000,-4.67,28600,43.5
S00504,small,Digital Camera,CAM-M1,114,26,33,98.24,2.4,2.38,1.1,0,32.9,1,0,new,12,183,9,1.91,4,3,4.66,4.16,Yes,81.89,34.25,35000,6.43,37250,95.2
S00369,small,Wi-Fi Router,RTR-M4,95,16,33,99.34,1.84,2.12,1.4,0,46.5,1,0,new,12,165,16,3.17,2,1,4.37,4.01,Yes,87.2,37.05,9500,-18.84,7710,19.4
S00071,big,Gaming Console,CON-M1,19291,4612,63,98.68,0.86,1.46,1.1,15,18.4,1,1,new,12,42,236,2.23,200,104,4.88,4.85,Yes,91.76,14.95,38000,4.74,39800,85.7
S00345,medium,Wi-Fi Router,RTR-M4,1751,507,25,94.19,3.6,4.7,4.4,2,43.3,1,0,new,6,90,42,3.93,40,29,4.22,3.6,Yes,73.29,39.44,9500,2.0,9690,79.0
S00104,medium,Laptop,LAP-M1,632,125,50,98.65,1.04,1.78,1.9,0,33.0,1,0,new,6,67,29,6.45,51,25,4.17,4.18,Yes,100,6.42,38000,-1.05,37600,70.0
S00342,medium,Bluetooth Speaker,SPK-M2,1844,718,27,97.94,1.49,2.51,2.4,2,39.2,1,1,new,12,125,21,3.51,19,17,4.45,4.2,Yes,76.67,18.1,3500,1.71,3560,70.7
S00464,small,Digital Camera,CAM-M4,32,8,16,94.78,2.21,1.09,2.1,0,52.6,1,0,new,12,118,5,0.78,2,1,5,4.76,Yes,95.43,18.61,100000,7.4,107400,94.8
S00311,medium,Smart TV,TV-M2,1632,438,32,98.47,1.54,2.12,1.3,1,56.1,1,1,new,6,38,25,4.33,45,36,4.31,3.98,Yes,100,24.38,35000,-2.14,34250,64.8
S00349,medium,Wireless Earbuds,EAR-M3,2129,647,38,96.2,2.45,3.13,2.5,2,55.9,0,0,new,6,166,22,6.96,26,23,4.23,4.31,Yes,73.51,19.85,5500,-0.73,5460,65.7
S00074,medium,Wi-Fi Router,RTR-M1,1675,358,24,97.76,1.44,2.2,2.3,2,25.7,1,0,new,6,720,89,1.25,34,18,4.72,4.61,Yes,93.58,15.62,1800,-7.22,1670,46.9
S00158,medium,Laptop,LAP-M5,1989,555,22,98.47,1.14,1.67,1.7,0,34.5,1,0,new,12,207,14,4.4,57,36,4.8,4.57,Yes,74.07,28.02,190000,2.95,195600,77.4
S00011,small,Mobile Phone,MOB-M5,152,59,14,92.52,4.19,6.41,4.9,0,35.6,0,0,refurbished,0,420,7,7.6,4,4,3.49,3.05,No,57.38,37.71,140000,-16.46,116950,17.2
S00159,small,Laptop,LAP-M5,16,4,20,98.84,0.15,0,1.7,0,29.9,1,0,new,0,59,13,4.72,2,2,4.65,4.46,Yes,90.23,9.39,190000,1.05,192000,69.4
S00338,medium,Smart TV,TV-M4,2583,638,47,97.17,1.47,2.26,3.0,1,36.4,1,0,new,3,1014,56,2.81,112,75,4.53,4.49,Yes,92.36,9.03,90000,-15.06,76450,21.6
S00174,medium,Smart TV,TV-M4,2603,515,49,99.63,0.52,0.9,1.1,0,24.8,1,0,refurbished,6,23,21,2.66,89,50,4.73,4.34,Yes,87.88,5.83,90000,-0.44,89600,80.4
S00401,medium,Power Bank,PWR-M2,1499,492,47,97.22,1.52,2.51,1.9,1,35.8,1,0,new,3,169,91,5.99,18,12,4.64,4.5,Yes,82.04,18.74,1800,-4.44,1720,68.4
S00148,medium,Bluetooth Speaker,SPK-M1,3985,993,53,97.26,1.83,2.46,1.5,3,42.2,1,0,new,12,19,48,5.41,87,52,4.44,4.02,Yes,98.04,42.17,1500,-2.67,1460,56.4
S00156,small,Digital Camera,CAM-M5,284,55,25,99.34,0.45,0.8,0.9,0,25.8,1,0,used,0,90,4,1.89,10,4,4.66,4.44,Yes,83.78,14.53,180000,-1.28,177700,77.0
S00237,medium,Mobile Phone,MOB-M4,924,137,48,99.82,0.66,1.45,1.2,0,49.7,1,1,new,0,48,39,4.3,12,5,4.64,4.18,Yes,79.06,17.65,65000,0.38,65250,78.6
S00018,medium,Gaming Console,CON-M4,500,142,32,98.05,2.27,3.51,5.9,0,26.9,1,0,new,12,164,20,5.24,8,6,3.98,3.66,Yes,92.8,13.86,78000,-5.58,73650,58.3
S00488,small,Laptop,LAP-M2,219,74,29,95.54,3.18,4.42,5.1,1,39.5,1,0,new,0,707,5,4.38,11,10,3.93,3.76,Yes,70.9,43.62,55000,-5.18,52150,59.6
S00528,small,Digital Camera,CAM-M3,82,24,9,93.65,2.62,4.99,1.8,0,38.0,0,1,new,6,164,3,4.15,4,3,3.68,3.66,Yes,70.79,25.69,80000,-6.69,74650,35.7
S00021,small,Mobile Phone,MOB-M1,66,20,17,94.66,3.06,3.57,3.6,0,42.5,1,0,refurbished,6,363,8,5.06,1,1,3.85,3.47,Yes,73.74,31.98,12000,-4.17,11500,45.1
S00358,medium,Bluetooth Speaker,SPK-M4,1591,121,63,98.09,0.93,1.85,2.4,0,30.0,1,0,refurbished,0,213,35,4.14,28,6,4.12,3.85,Yes,100,4.68,14000,-1.07,13850,63.5
S00542,small,Smartwatch,WCH-M4,287,72,22,95.67,4.16,4.15,3.0,0,25.8,0,0,new,12,210,6,7.52,18,10,3.85,3.41,Yes,78.69,30.53,22000,-13.18,19100,11.4
S00122,big,Digital Camera,CAM-M2,8629,1777,66,95.64,2.74,3.64,3.8,12,38.2,1,0,new,6,566,90,6.57,163,81,3.93,3.78,Yes,83.18,23.09,55000,13.64,62500,96.5
S00311,medium,Smart TV,TV-M4,1632,438,32,98.47,1.54,2.12,1.3,1,56.1,1,1,new,3,54,15,0.84,72,46,4.51,4.41,Yes,89.16,22.09,90000,-0.06,89950,82.4
S00053,small,Laptop,LAP-M4,229,29,7,99.2,1.02,1.65,1.2,0,20.2,0,0,new,12,72,4,5.31,3,1,5,4.89,Yes,89.33,0,120000,3.88,124650,90.9
S00237,medium,Wireless Earbuds,EAR-M4,924,137,48,99.82,0.66,1.45,1.2,0,49.7,1,1,new,6,222,42,5.87,21,9,4.37,4.54,Yes,100,10.77,12000,-3.33,11600,65.1
S00142,small,Wi-Fi Router,RTR-M5,30,4,14,94.3,4.11,3.27,2.2,0,44.2,0,0,new,6,355,11,7.72,0,0,,,No,,,16000,15.31,18450,93.6
S00446,medium,Digital Camera,CAM-M4,2221,955,62,93.19,4.28,5.35,2.7,5,54.7,1,1,new,12,116,14,2.47,47,41,3.69,3.58,Yes,79.01,42.47,100000,-13.35,86650,36.2
S00486,small,Wireless Earbuds,EAR-M4,109,42,10,89.04,6.72,9.82,9.2,0,49.7,0,0,new,6,76,17,10.86,4,3,2.91,2.65,No,64.8,52.34,12000,-1.67,11800,79.1
S00235,small,Mobile Phone,MOB-M1,22,3,4,100,2.24,0,1.0,0,9.5,1,0,new,12,120,6,1.91,5,1,4.91,4.66,Yes,100,18.29,12000,4.17,12500,84.3
S00184,small,Wi-Fi Router,RTR-M1,21,10,31,88.08,5.69,5.11,5.6,0,31.6,0,0,new,0,131,3,6.18,0,0,,,No,,,1800,-13.33,1560,20.3
S00408,big,Smartwatch,WCH-M4,13087,2037,52,99.32,0.57,1.07,1.1,2,45.1,1,1,new,6,148,49,5.83,164,104,4.82,4.35,Yes,88.5,30.47,22000,2.5,22550,65.9
S00189,medium,Wireless Earbuds,EAR-M3,1742,113,52,97.81,1.34,1.55,2.0,0,44.4,1,1,new,12,584,32,4.93,52,8,4.18,4.36,Yes,100,0,5500,7.09,5890,91.0
S00232,small,Laptop,LAP-M3,331,132,9,89.98,6.56,8.14,6.9,1,47.3,1,0,new,12,80,5,10.19,9,9,2.79,2.72,No,84.82,41.71,80000,-22.69,61850,10.3
S00235,small,Mobile Phone,MOB-M3,22,3,4,100,2.24,0,1.0,0,9.5,1,0,new,12,87,8,2.2,3,1,4.96,4.96,Yes,99.95,3.84,38000,-5.79,35800,50.0
S00519,small,Bluetooth Speaker,SPK-M1,95,24,30,99.62,1.46,2.08,3.5,0,42.4,0,0,new,12,28,13,5.68,1,1,4.39,4.07,Yes,73.25,17.98,1500,2.67,1540,76.4
S00151,medium,Power Bank,PWR-M4,2106,679,25,97.27,1.46,2.47,2.2,1,48.6,1,0,new,12,26,9,6.19,36,33,3.98,4.04,Yes,84.96,25.77,4800,3.96,4990,80.7
S00368,small,Gaming Console,CON-M5,114,20,47,98.72,1.19,2.73,1.4,0,33.1,0,0,new,6,20,2,2.12,2,1,4.24,4.35,Yes,100,18.48,95000,-1.11,93950,70.0
S00495,big,Smartwatch,WCH-M1,10614,3105,84,97.15,1.88,2.6,1.8,11,9.7,1,0,new,6,231,33,4.56,207,113,4.27,4.04,Yes,79.57,16.0,2000,-2.0,1960,55.0
S00321,small,Mobile Phone,MOB-M2,34,8,13,94.09,4.19,5.19,3.9,0,42.1,1,0,new,0,187,12,5.49,1,0,3.63,,Yes,82.62,30.28,22000,3.18,22700,81.8
S00365,small,Laptop,LAP-M4,45,14,27,96.0,2.6,6.68,4.6,0,41.9,0,0,refurbished,0,32,6,7.88,9,5,3.66,3.51,Yes,83.29,46.52,120000,-16.17,100600,18.2
S00508,medium,Desktop Computer,PC-M2,1567,427,46,99.29,0.64,1.36,1.3,1,44.0,1,1,new,6,25,48,3.47,53,35,4.92,4.74,Yes,94.29,29.93,45000,0.67,45300,63.6
S00080,small,Desktop Computer,PC-M2,275,67,16,95.82,3.35,3.83,2.3,1,29.2,0,0,new,0,480,12,3.65,33,23,4.05,3.92,Yes,73.32,25.2,45000,6.56,47950,87.3
S00446,medium,Desktop Computer,PC-M3,2221,955,62,93.19,4.28,5.35,2.7,5,54.7,1,1,new,12,125,17,6.47,85,85,3.49,2.78,No,100,36.64,65000,5.62,68650,93.3
S00383,small,Smart TV,TV-M5,87,48,14,86.94,8.66,9.2,9.7,0,36.0,1,0,new,0,39,9,10.96,7,7,2.63,2.26,No,41.52,56.63,180000,-19.0,145800,17.9
S00226,medium,Bluetooth Speaker,SPK-M4,1764,385,55,98.72,0.44,1.02,0.9,1,34.8,1,0,new,6,781,16,2.15,45,31,4.6,4.58,Yes,100,22.82,14000,-4.29,13400,44.2
S00528,small,Smartwatch,WCH-M3,82,24,9,93.65,2.62,4.99,1.8,0,38.0,0,1,new,6,270,10,8.16,2,1,3.81,3.25,Yes,79.75,44.03,9000,-18.0,7380,19.4
S00202,medium,Digital Camera,CAM-M1,1863,420,32,99.42,0.95,1.27,1.1,3,37.2,1,0,refurbished,6,39,37,0.98,59,45,4.72,4.71,Yes,86.43,18.04,35000,-13.57,30250,24.2
S00097,small,Smartwatch,WCH-M5,42,25,12,85.86,7.63,12.18,8.9,0,42.3,0,0,refurbished,6,144,4,8.33,2,2,2.8,2.84,No,56.29,59.99,45000,-23.0,34650,7.1
S00114,small,Gaming Console,CON-M2,99,28,15,96.32,0.81,3.44,2.1,0,48.2,0,0,new,12,179,1,4.04,6,5,4.17,4.16,Yes,74.76,0,52000,1.73,52900,80.0
S00371,medium,Digital Camera,CAM-M3,723,70,66,99.34,0.88,0.99,1.0,0,19.2,1,1,new,6,66,26,3.02,10,2,4.51,4.02,Yes,75.69,24.23,80000,2.37,81900,89.3
S00257,big,Wi-Fi Router,RTR-M3,11676,785,101,98.83,0.95,1.34,1.4,4,16.3,1,1,new,12,715,121,3.02,165,30,4.72,4.87,Yes,92.76,14.96,5500,2.0,5610,89.1
S00531,medium,Wireless Earbuds,EAR-M1,2453,341,29,98.57,1.31,2.11,2.0,1,25.8,0,0,new,12,378,17,3.5,34,13,4.72,4.14,Yes,100,11.33,1200,2.5,1230,81.0
S00085,small,Mobile Phone,MOB-M5,39,11,20,95.33,0.1,2.32,1.3,0,46.9,0,0,new,0,289,4,4.14,1,1,4.67,4.53,Yes,87.87,19.54,140000,-5.82,131850,51.7
S00299,small,Bluetooth Speaker,SPK-M2,34,7,17,98.28,2.81,3.79,1.4,0,44.8,0,0,new,12,510,2,3.16,6,4,4.82,5,Yes,91.86,7.99,3500,5.43,3690,84.5
S00385,medium,Mobile Phone,MOB-M4,1924,220,37,97.31,1.33,2.43,2.5,1,32.2,1,0,new,6,123,12,4.53,15,3,4.59,4.33,Yes,81.39,19.7,65000,-5.77,61250,40.5
S00113,medium,Wireless Earbuds,EAR-M5,3376,406,53,97.11,1.36,2.37,0.6,1,21.7,1,0,new,12,34,20,7.01,89,31,4.58,4.73,Yes,91.23,31.51,28000,-12.32,24550,20.8
S00538,big,Power Bank,PWR-M3,21530,8371,76,95.25,3.2,4.03,3.2,31,65.0,1,0,refurbished,0,137,69,3.72,280,280,4.08,3.8,Yes,100,36.63,3000,-10.33,2690,26.9
S00075,medium,Smart TV,TV-M3,1920,765,57,94.16,3.97,4.6,3.8,1,42.7,0,0,refurbished,6,32,47,5.38,99,75,3.94,3.76,Yes,68.29,36.61,55000,1.27,55700,76.0
S00232,small,Smartwatch,WCH-M3,331,132,9,89.98,6.56,8.14,6.9,1,47.3,1,0,new,6,270,4,9.11,9,9,2.72,2.31,No,81.42,49.72,9000,-14.67,7680,25.8
S00246,medium,Wi-Fi Router,RTR-M5,1860,559,29,95.99,2.58,2.99,2.6,2,45.8,1,0,new,6,40,12,6.15,52,45,4.37,4.56,Yes,83.57,31.75,16000,-16.25,13400,12.8
S00083,big,Gaming Console,CON-M2,16028,2954,75,97.99,1.46,2.02,1.4,7,38.8,1,0,new,6,487,330,0.74,141,66,4.42,4.3,Yes,74.82,14.05,52000,-14.9,44250,16.0
S00385,medium,Desktop Computer,PC-M4,1924,220,37,97.31,1.33,2.43,2.5,1,32.2,1,0,refurbished,6,439,16,3.26,59,19,4.0,3.52,Yes,96.88,18.11,95000,-4.42,90800,58.5
S00130,small,Power Bank,PWR-M2,102,44,4,86.58,7.9,10.31,6.0,1,31.3,0,0,new,12,120,3,8.9,5,5,2.29,1.96,No,53.03,49.61,1800,-22.78,1390,10.5
S00432,small,Bluetooth Speaker,SPK-M1,198,33,27,94.33,2.3,4.27,1.2,0,44.5,1,0,new,3,237,6,8.46,13,5,4.0,3.85,Yes,93.13,14.65,1500,1.33,1520,67.3
S00375,small,Smart TV,TV-M4,43,5,13,99.63,0.89,2.45,2.3,0,28.8,1,0,new,6,118,4,2.45,9,3,4.4,4.07,Yes,100,7.26,90000,2.11,91900,84.3
S00183,small,Desktop Computer,PC-M1,172,9,10,100,1.53,1.38,2.1,0,27.8,0,0,new,0,65,5,3.54,2,0,4.86,,Yes,100,18.12,30000,-7.83,27650,27.4
S00344,small,Smart TV,TV-M2,45,15,7,94.79,1.98,3.53,2.0,0,46.7,0,0,new,6,72,9,4.33,3,3,4.64,4.28,Yes,100,37.68,35000,-2.43,34150,61.1
S00363,big,Mobile Phone,MOB-M5,11473,3227,34,98.05,1.24,1.88,1.6,3,40.7,1,0,new,0,110,57,6.24,62,40,4.63,4.49,Yes,91.99,8.78,140000,-1.07,138500,70.7
S00518,big,Wi-Fi Router,RTR-M2,8523,2007,89,98.21,1.38,1.87,1.2,2,44.8,1,1,new,6,127,97,3.6,92,44,4.49,4.54,Yes,100,12.21,3200,3.12,3300,80.0
S00291,small,Wireless Earbuds,EAR-M4,23,9,15,91.82,5.18,7.58,4.8,0,39.1,0,0,new,6,106,11,7.2,1,1,3.45,3.43,No,71.56,28.63,12000,-21.25,9450,7.0
S00526,small,Smart TV,TV-M2,101,39,25,90.92,4.33,7.14,7.3,0,54.0,1,0,new,0,750,4,6.89,4,2,3.46,2.79,No,73.76,46.16,35000,-14.14,30050,13.0
S00368,small,Gaming Console,CON-M3,114,20,47,98.72,1.19,2.73,1.4,0,33.1,0,0,new,6,388,8,3.91,4,2,4.2,4.24,Yes,80.31,23.49,62000,-1.77,60900,68.0
S00101,big,Desktop Computer,PC-M2,10178,1192,106,98.66,0.9,1.45,1.3,8,28.4,1,1,new,12,22,191,2.33,58,18,4.54,4.63,Yes,87.56,0,45000,5.78,47600,81.8
S00014,medium,Power Bank,PWR-M1,1814,557,47,96.61,1.93,2.81,3.1,0,44.5,1,0,new,6,229,39,6.44,148,107,4.24,4.1,Yes,98.46,23.53,1100,-5.45,1040,51.8
S00318,medium,Bluetooth Speaker,SPK-M1,1708,120,43,99.18,0.47,1.16,0.9,0,33.1,1,0,new,6,75,7,2.49,95,19,4.57,4.86,Yes,100,2.08,1500,-5.33,1420,49.1
S00316,small,Bluetooth Speaker,SPK-M2,41,10,8,100,1.54,1.0,2.3,0,30.0,1,0,new,12,204,7,1.95,2,2,4.44,4.51,Yes,86.87,10.15,3500,-7.43,3240,29.3
S00230,small,Laptop,LAP-M1,180,35,8,93.27,4.52,5.08,3.9,0,40.8,1,0,new,3,240,3,8.09,7,4,3.99,3.92,Yes,84.83,26.99,38000,-13.29,32950,26.0
S00394,small,Mobile Phone,MOB-M5,19,11,8,88.93,10.47,15.68,6.3,0,71.3,1,0,new,6,61,5,11.97,0,0,,,No,,,140000,-23.07,107700,10.3
S00528,small,Digital Camera,CAM-M5,82,24,9,93.65,2.62,4.99,1.8,0,38.0,0,1,new,12,159,7,4.11,3,2,4.26,4.03,Yes,71.66,11.15,180000,-21.47,141350,9.8
S00529,small,Laptop,LAP-M2,77,24,6,96.78,1.78,2.02,2.8,0,40.8,0,0,new,3,180,3,2.46,10,8,4.73,4.82,Yes,69.03,36.17,55000,-21.0,43450,8.8
S00282,small,Desktop Computer,PC-M5,58,13,3,97.96,1.15,2.57,1.4,0,41.9,0,0,new,12,90,3,2.36,2,1,4.45,4.14,Yes,85.83,16.37,160000,6.56,170500,89.9
S00329,medium,Power Bank,PWR-M5,1239,61,35,99.02,0.78,0.98,0.6,1,27.7,1,0,new,6,105,25,4.48,32,3,4.83,4.74,Yes,100,1.39,8500,6.0,9010,89.1
S00150,big,Smartwatch,WCH-M2,16547,2862,75,98.1,1.2,1.87,1.4,11,32.1,1,0,new,12,205,113,5.31,262,101,4.5,4.2,Yes,91.16,0.18,4500,2.67,4620,86.7
S00052,small,Power Bank,PWR-M4,86,4,7,99.63,1.03,0.45,1.4,0,38.3,0,0,new,3,91,3,3.83,7,1,5,4.64,Yes,82.12,3.77,4800,7.29,5150,87.7
S00102,small,Wi-Fi Router,RTR-M5,12,5,15,94.89,6.81,4.67,2.7,0,43.0,0,0,new,12,111,8,5.88,0,0,,,No,,,16000,12.5,18000,91.5
S00245,small,Wi-Fi Router,RTR-M1,103,67,14,86.31,12.77,14.74,13.7,2,45.2,0,0,new,3,415,4,12.67,4,4,1.72,1.49,No,29.44,81.24,1800,-12.22,1580,23.4
S00233,small,Wi-Fi Router,RTR-M3,272,53,4,98.04,0.36,2.07,2.9,0,40.3,1,0,new,3,120,4,3.85,19,9,4.4,4.25,Yes,99.48,8.48,5500,-3.82,5290,54.3
S00083,big,Digital Camera,CAM-M3,16028,2954,75,97.99,1.46,2.02,1.4,7,38.8,1,0,new,12,85,96,4.79,190,97,4.2,3.83,Yes,80.51,26.1,80000,-3.81,76950,51.8
S00478,small,Desktop Computer,PC-M5,100,10,16,98.39,2.16,1.8,2.7,0,33.9,1,0,new,3,55,5,1.89,3,1,4.59,4.89,Yes,86.36,26.48,160000,-6.72,149250,40.6
S00371,medium,Laptop,LAP-M4,723,70,66,99.34,0.88,0.99,1.0,0,19.2,1,1,new,6,65,25,4.62,10,3,4.48,4.55,Yes,82.33,18.5,120000,-1.21,118550,67.3
S00200,small,Mobile Phone,MOB-M1,18,7,23,96.32,6.72,4.3,9.8,0,31.6,0,0,refurbished,12,159,9,6.16,0,0,,,No,,,12000,-26.25,8850,5.9
S00197,small,Power Bank,PWR-M1,41,8,22,94.25,3.24,5.87,3.4,0,21.9,1,0,new,0,120,7,4.13,2,1,3.64,3.67,Yes,79.54,9.2,1100,3.64,1140,80.4
S00204,small,Bluetooth Speaker,SPK-M5,66,12,46,97.22,0.1,0.58,0.9,0,48.8,0,0,new,12,238,2,3.7,0,0,,,No,,,30000,7.33,32200,92.5
S00544,medium,Smartwatch,WCH-M2,5124,680,66,97.91,1.31,1.95,2.1,1,36.8,1,0,new,3,58,10,2.3,388,111,4.54,4.56,Yes,90.56,12.39,4500,4.89,4720,91.7
S00202,medium,Smart TV,TV-M4,1863,420,32,99.42,0.95,1.27,1.1,3,37.2,1,0,new,12,269,9,2.07,52,22,5,5,Yes,94.99,4.71,90000,-1.56,88600,74.5
S00511,small,Laptop,LAP-M5,98,17,42,97.81,2.36,1.04,2.8,0,40.6,0,0,new,12,45,4,3.11,3,2,4.55,4.28,Yes,99.68,0,190000,-13.97,163450,14.5
S00403,medium,Bluetooth Speaker,SPK-M4,1752,382,31,96.66,2.37,3.16,1.7,1,41.5,1,0,used,12,572,13,3.66,40,25,4.09,4.01,Yes,75.57,22.14,14000,-0.36,13950,71.2
S00407,small,Mobile Phone,MOB-M3,47,9,44,98.04,2.72,0.66,1.6,0,43.0,0,0,new,12,679,15,5.19,2,1,4.1,3.75,Yes,88.73,13.43,38000,5.92,40250,88.9
S00066,medium,Smartwatch,WCH-M3,1645,284,63,97.06,1.08,1.7,2.4,0,55.1,1,1,new,12,168,44,6.43,60,23,4.26,4.01,Yes,97.56,4.56,9000,2.89,9260,83.9
S00113,medium,Wi-Fi Router,RTR-M3,3376,406,53,97.11,1.36,2.37,0.6,1,21.7,1,0,new,6,37,22,3.65,237,61,4.43,4.33,Yes,100,9.56,5500,-0.18,5490,82.6
S00183,small,Wireless Earbuds,EAR-M1,172,9,10,100,1.53,1.38,2.1,0,27.8,0,0,refurbished,12,107,6,5.45,8,1,4.54,4.36,Yes,100,22.26,1200,-7.5,1110,41.4
S00067,medium,Wireless Earbuds,EAR-M5,1436,281,49,99.93,0.65,0.92,0.8,1,21.1,1,0,new,0,488,22,3.94,36,13,4.91,4.91,Yes,81.1,24.58,28000,-13.04,24350,18.9
S00158,medium,Smartwatch,WCH-M4,1989,555,22,98.47,1.14,1.67,1.7,0,34.5,1,0,used,6,499,12,5.08,54,48,4.29,4.2,Yes,72.77,1.0,22000,9.55,24100,86.4
S00362,small,Smartwatch,WCH-M4,246,118,15,89.49,5.69,6.98,4.9,0,34.5,0,0,refurbished,6,147,8,9.24,7,7,3.43,2.97,No,87.91,60.78,22000,-7.05,20450,31.8
S00215,small,Gaming Console,CON-M4,65,32,14,86.0,9.54,11.69,4.3,0,55.0,1,0,new,6,41,4,8.41,3,3,2.34,2.15,No,73.24,47.49,78000,-17.18,64600,18.8
S00518,big,Power Bank,PWR-M1,8523,2007,89,98.21,1.38,1.87,1.2,2,44.8,1,1,new,3,532,72,3.19,51,39,4.14,4.27,Yes,100,16.99,1100,2.73,1130,75.0
S00078,small,Power Bank,PWR-M5,61,21,19,93.81,7.47,8.19,3.2,2,55.6,0,0,new,0,118,3,8.75,3,3,3.41,2.99,No,66.27,42.59,8500,1.53,8630,69.1
S00056,small,Smart TV,TV-M1,341,116,13,92.81,4.07,5.13,2.2,0,25.8,1,0,new,6,313,9,4.5,12,10,4.42,4.2,Yes,82.03,32.17,22000,-20.68,17450,12.1
S00350,small,Laptop,LAP-M4,90,18,25,97.11,1.02,2.13,0.9,0,34.5,1,0,refurbished,6,655,3,6.88,8,4,4.12,3.82,Yes,100,32.05,120000,-6.83,111800,50.9
S00336,medium,Mobile Phone,MOB-M3,1172,433,32,94.15,3.71,5.1,3.8,2,17.5,1,0,new,3,57,46,5.67,40,35,3.73,3.65,Yes,78.81,35.66,38000,5.13,39950,85.2
S00302,small,Smart TV,TV-M4,416,53,7,96.21,2.58,3.41,1.9,2,32.3,1,0,new,12,113,7,3.37,20,6,3.96,3.92,Yes,86.37,16.48,90000,-15.89,75700,17.6
S00495,big,Laptop,LAP-M1,10614,3105,84,97.15,1.88,2.6,1.8,11,9.7,1,0,new,0,92,218,5.7,283,188,4.8,4.95,Yes,72.93,23.06,38000,8.55,41250,94.0
S00015,medium,Laptop,LAP-M3,2126,622,43,93.03,4.51,5.16,2.7,1,40.1,0,0,new,3,234,37,7.46,77,52,3.89,3.77,Yes,93.04,42.29,80000,-8.69,73050,53.4
S00336,medium,Bluetooth Speaker,SPK-M5,1172,433,32,94.15,3.71,5.1,3.8,2,17.5,1,0,new,0,75,23,5.35,33,33,4.08,4.14,Yes,71.43,36.68,30000,-6.83,27950,41.8
S00363,big,Smartwatch,WCH-M5,11473,3227,34,98.05,1.24,1.88,1.6,3,40.7,1,0,used,12,103,47,3.14,235,187,4.84,4.95,Yes,86.55,30.2,45000,-0.56,44750,60.7
S00345,medium,Power Bank,PWR-M1,1751,507,25,94.19,3.6,4.7,4.4,2,43.3,1,0,refurbished,3,137,30,6.76,54,49,3.97,3.92,Yes,75.86,43.18,1100,12.73,1240,98.2
S00492,small,Mobile Phone,MOB-M5,38,20,5,87.48,8.89,9.53,6.4,0,32.3,1,0,new,0,21,12,9.15,2,2,2.52,2.26,No,67.43,62.62,140000,-30.54,97250,1.7
S00496,medium,Laptop,LAP-M4,2254,603,78,98.29,1.04,1.35,1.4,0,40.5,1,1,new,0,891,41,5.66,45,29,4.79,4.42,Yes,100,18.71,120000,5.83,127000,94.5
S00303,big,Gaming Console,CON-M5,24007,4159,86,97.46,1.67,2.38,1.6,15,41.0,1,0,new,12,69,83,1.48,284,102,4.93,4.81,Yes,83.22,10.0,95000,-3.42,91750,60.0
S00478,small,Smart TV,TV-M4,100,10,16,98.39,2.16,1.8,2.7,0,33.9,1,0,new,12,89,5,3.55,0,0,,,No,,,90000,3.5,93150,88.2
S00460,small,Bluetooth Speaker,SPK-M1,38,4,24,99.69,0.1,2.12,2.0,0,24.0,0,0,new,3,70,7,4.03,3,1,4.45,4.35,Yes,91.72,20.93,1500,-5.33,1420,49.1
S00485,medium,Gaming Console,CON-M2,2484,588,30,98.91,0.64,1.45,1.2,1,37.7,1,1,new,3,419,36,1.12,68,27,4.8,4.48,Yes,79.24,19.78,52000,-15.29,44050,14.0
S00311,medium,Bluetooth Speaker,SPK-M2,1632,438,32,98.47,1.54,2.12,1.3,1,56.1,1,1,new,12,432,17,2.95,81,53,4.84,4.58,Yes,89.79,28.61,3500,-7.14,3250,31.0
S00057,small,Laptop,LAP-M4,52,25,13,83.4,6.97,9.94,6.3,0,67.5,1,0,refurbished,0,115,4,10.73,2,2,2.58,2.19,No,66.76,63.97,120000,-10.92,106900,36.4
S00222,big,Gaming Console,CON-M2,17934,2698,30,99.03,0.77,1.29,0.9,7,21.7,1,1,new,6,105,385,0.6,189,53,4.86,5,Yes,100,19.69,52000,-1.44,51250,64.0
S00369,small,Smartwatch,WCH-M1,95,16,33,99.34,1.84,2.12,1.4,0,46.5,1,0,new,6,351,5,5.6,4,2,4.52,4.51,Yes,79.45,27.46,2000,5.5,2110,85.0
S00226,medium,Mobile Phone,MOB-M3,1764,385,55,98.72,0.44,1.02,0.9,1,34.8,1,0,new,12,405,16,2.33,24,12,4.4,4.31,Yes,94.08,0,38000,-10.26,34100,31.5
S00227,medium,Laptop,LAP-M3,1685,573,57,97.46,1.47,1.83,1.4,1,49.3,1,1,new,12,110,14,4.9,43,43,4.42,4.24,Yes,86.78,23.46,80000,-18.5,65200,15.5
S00141,small,Gaming Console,CON-M3,76,42,34,87.71,7.33,9.65,7.0,1,61.8,0,0,new,12,175,9,9.23,6,6,2.58,2.34,No,63.03,46.38,62000,-6.94,57700,44.0
S00402,small,Digital Camera,CAM-M5,140,62,13,90.46,4.79,7.51,3.7,0,51.0,0,0,new,6,33,5,5.95,5,4,3.49,2.79,No,75.85,40.23,180000,-19.14,145550,13.1
S00076,small,Smartwatch,WCH-M5,105,62,20,85.71,9.59,12.11,7.1,1,58.2,0,0,new,6,106,4,8.59,3,3,2.81,2.48,No,72.03,62.94,45000,-32.44,30400,3.6
S00083,big,Smart TV,TV-M2,16028,2954,75,97.99,1.46,2.02,1.4,7,38.8,1,0,new,6,203,106,4.11,176,68,4.71,4.59,Yes,97.13,31.71,35000,-14.57,29900,11.1
S00290,medium,Laptop,LAP-M2,1924,337,63,98.49,1.54,1.37,1.8,0,38.1,1,1,new,12,49,47,0.98,147,98,4.67,4.52,Yes,100,20.28,55000,-5.82,51800,47.4
S00067,medium,Desktop Computer,PC-M4,1436,281,49,99.93,0.65,0.92,0.8,1,21.1,1,0,new,0,25,11,2.43,30,20,4.41,4.05,Yes,89.46,18.65,95000,-5.79,89500,41.5
S00076,small,Wireless Earbuds,EAR-M4,105,62,20,85.71,9.59,12.11,7.1,1,58.2,0,0,refurbished,12,113,5,9.97,5,5,2.52,2.33,No,67.83,56.42,12000,-12.92,10450,23.3
S00118,small,Smartwatch,WCH-M3,62,27,14,86.38,10.13,12.13,4.6,0,60.3,0,0,new,6,182,2,12.91,3,3,2.25,2.01,No,56.83,30.74,9000,-24.22,6820,6.5
S00176,medium,Desktop Computer,PC-M5,1354,277,49,99.31,0.67,1.15,0.9,0,53.1,1,0,new,3,91,8,3.34,75,44,4.74,4.45,Yes,95.15,30.51,160000,14.66,183450,100.0
S00026,small,Gaming Console,CON-M1,64,15,4,97.85,0.1,0.61,2.7,0,50.4,1,0,new,0,86,4,1.01,4,3,4.58,4.33,Yes,86.06,37.47,38000,4.61,39750,83.3
S00201,small,Gaming Console,CON-M5,265,146,28,91.26,5.56,6.2,6.3,0,57.2,0,0,new,12,730,18,5.15,6,6,3.84,3.44,Yes,72.7,40.79,95000,-10.74,84800,26.0
S00030,small,Wi-Fi Router,RTR-M1,169,30,12,95.6,2.01,3.07,2.9,0,25.1,1,0,new,3,43,3,3.14,15,7,4.27,4.44,Yes,91.45,17.4,1800,-1.67,1770,70.3
S00316,small,Digital Camera,CAM-M2,41,10,8,100,1.54,1.0,2.3,0,30.0,1,0,new,0,159,6,2.88,2,1,4.82,4.66,Yes,96.8,23.58,55000,0.64,55350,70.2
S00358,medium,Gaming Console,CON-M5,1591,121,63,98.09,0.93,1.85,2.4,0,30.0,1,0,new,12,157,41,2.48,42,8,4.65,4.64,Yes,83.02,30.02,95000,2.68,97550,88.0
S00086,medium,Power Bank,PWR-M1,3263,961,25,97.61,1.74,2.35,1.1,1,51.9,1,0,new,12,178,40,5.61,52,41,4.28,4.27,Yes,100,30.47,1100,8.18,1190,89.3
S00537,medium,Digital Camera,CAM-M1,1371,94,38,97.38,1.58,2.27,2.5,0,53.6,1,0,new,3,45,13,3.33,31,4,4.3,3.72,Yes,99.39,23.41,35000,-8.29,32100,40.3
S00118,small,Gaming Console,CON-M3,62,27,14,86.38,10.13,12.13,4.6,0,60.3,0,0,refurbished,12,38,6,8.94,5,5,2.52,2.4,No,66.26,63.72,62000,-9.11,56350,34.0
S00132,small,Gaming Console,CON-M4,390,24,24,98.73,1.13,1.74,1.4,0,25.6,0,1,new,3,174,6,2.75,44,8,4.78,4.82,Yes,96.03,21.01,78000,-10.77,69600,35.4
S00122,big,Laptop,LAP-M4,8629,1777,66,95.64,2.74,3.64,3.8,12,38.2,1,0,new,12,130,27,6.34,169,62,4.17,3.48,Yes,87.5,34.53,120000,-21.46,94250,7.3
S00287,small,Smartwatch,WCH-M4,143,56,16,95.61,2.56,4.32,3.0,1,47.2,0,0,new,6,121,16,7.94,7,7,3.8,3.54,Yes,77.14,32.04,22000,-9.32,19950,25.0
S00003,big,Power Bank,PWR-M3,18215,2451,45,97.19,1.81,2.54,2.6,9,44.6,1,0,new,12,163,74,4.24,234,81,4.23,4.28,Yes,78.16,1.87,3000,3.67,3110,73.1
S00274,small,Power Bank,PWR-M2,110,28,12,95.08,2.6,4.4,2.5,1,44.9,1,0,used,0,144,5,5.84,6,5,4.25,3.97,Yes,80.85,5.4,1800,-17.22,1490,21.1
S00287,small,Smartwatch,WCH-M3,143,56,16,95.61,2.56,4.32,3.0,1,47.2,0,0,new,0,141,4,8.73,9,9,3.58,3.67,No,76.95,32.93,9000,-19.44,7250,12.9
S00208,small,Wi-Fi Router,RTR-M4,122,11,11,96.54,0.22,1.29,2.8,0,20.4,1,0,new,3,330,4,2.49,2,0,4.49,,Yes,77.11,37.67,9500,-0.42,9460,72.6
S00301,small,Bluetooth Speaker,SPK-M4,77,11,37,92.05,3.3,3.86,1.7,0,48.3,0,0,refurbished,6,106,5,6.58,2,1,4.15,4.0,Yes,79.92,9.84,14000,14.64,16050,96.2
S00342,medium,Wi-Fi Router,RTR-M1,1844,718,27,97.94,1.49,2.51,2.4,2,39.2,1,1,new,6,107,76,2.84,41,31,4.43,4.2,Yes,80.86,49.76,1800,-13.33,1560,20.3
S00028,small,Power Bank,PWR-M5,18,10,17,90.11,5.46,10.18,4.9,0,40.2,0,0,new,0,510,4,8.1,0,0,,,No,,,8500,-13.88,7320,18.2
S00148,medium,Gaming Console,CON-M1,3985,993,53,97.26,1.83,2.46,1.5,3,42.2,1,0,new,0,360,45,2.74,49,36,4.83,4.65,Yes,85.36,40.73,38000,6.45,40450,90.5
S00209,medium,Smart TV,TV-M4,1626,329,14,98.69,0.77,1.14,1.4,1,25.5,1,0,new,6,137,17,3.32,46,19,4.71,5,Yes,97.98,27.55,90000,5.5,94950,96.1
S00038,small,Smartwatch,WCH-M3,128,52,12,92.23,3.38,5.93,5.8,0,46.8,1,0,refurbished,6,360,10,7.79,3,3,3.71,3.29,Yes,71.86,47.64,9000,-3.56,8680,62.9
S00083,big,Laptop,LAP-M3,16028,2954,75,97.99,1.46,2.02,1.4,7,38.8,1,0,new,12,13,43,5.42,245,128,3.98,3.78,Yes,98.64,8.42,80000,-0.31,79750,82.8
S00313,big,Desktop Computer,PC-M4,38276,4207,64,99.32,0.56,1.07,1.2,19,34.8,1,0,used,12,246,97,4.31,378,110,4.33,4.33,Yes,100,6.91,95000,-5.0,90250,50.9
S00246,medium,Power Bank,PWR-M5,1860,559,29,95.99,2.58,2.99,2.6,2,45.8,1,0,new,3,131,65,7.19,88,60,3.8,3.55,Yes,87.39,33.32,8500,17.76,10010,100.0
S00028,small,Bluetooth Speaker,SPK-M5,18,10,17,90.11,5.46,10.18,4.9,0,40.2,0,0,new,12,442,6,8.27,2,2,2.75,2.41,No,51.14,32.48,30000,-19.5,24150,14.9
S00001,small,Smart TV,TV-M2,252,178,28,83.21,11.68,12.93,10.6,4,47.3,0,0,new,6,82,4,7.43,13,13,2.3,1.91,No,42.08,58.8,35000,-30.86,24200,1.9
S00053,small,Laptop,LAP-M5,229,29,7,99.2,1.02,1.65,1.2,0,20.2,0,0,new,3,31,8,3.71,10,3,4.73,4.47,Yes,100,18.95,190000,3.32,196300,79.0
S00496,medium,Desktop Computer,PC-M1,2254,603,78,98.29,1.04,1.35,1.4,0,40.5,1,1,new,12,7,13,5.15,50,44,4.39,4.16,Yes,93.15,5.5,30000,-1.33,29600,59.7
S00330,small,Power Bank,PWR-M2,98,41,12,93.34,4.8,5.72,2.6,0,55.7,0,0,new,0,267,7,9.32,5,5,3.52,3.41,No,63.09,27.95,1800,1.67,1830,86.0
S00257,big,Wi-Fi Router,RTR-M4,11676,785,101,98.83,0.95,1.34,1.4,4,16.3,1,1,new,12,186,404,2.5,263,43,5,4.83,Yes,92.04,0,9500,7.37,10200,95.2
S00349,medium,Power Bank,PWR-M5,2129,647,38,96.2,2.45,3.13,2.5,2,55.9,0,0,new,6,73,56,5.82,56,36,4.09,4.28,Yes,85.03,34.87,8500,7.06,9100,90.9
S00083,big,Smartwatch,WCH-M5,16028,2954,75,97.99,1.46,2.02,1.4,7,38.8,1,0,new,3,154,109,5.75,201,91,4.03,4.2,Yes,93.2,26.03,45000,8.22,48700,92.9
S00013,big,Wireless Earbuds,EAR-M4,15432,3591,35,95.68,2.86,3.7,2.5,27,30.3,1,1,new,6,252,17,8.39,356,146,3.84,3.75,Yes,75.28,37.02,12000,-12.08,10550,25.6
S00380,small,Smart TV,TV-M2,40,23,17,86.36,13.67,13.32,6.2,0,59.9,0,0,new,0,80,4,11.93,2,2,1.52,1.36,No,38.82,61.76,35000,-18.86,28400,3.7
S00406,small,Mobile Phone,MOB-M4,164,75,23,94.39,4.43,4.52,4.0,0,48.2,0,0,new,6,271,4,5.35,17,16,3.49,3.47,No,84.56,35.01,65000,-1.54,64000,69.0
S00144,medium,Smart TV,TV-M3,3085,1463,51,92.82,4.43,5.6,3.7,8,44.3,0,0,new,0,284,72,3.58,65,63,3.84,3.62,Yes,71.11,35.81,55000,-9.36,49850,30.0
S00368,small,Bluetooth Speaker,SPK-M3,114,20,47,98.72,1.19,2.73,1.4,0,33.1,0,0,refurbished,12,134,4,4.72,3,1,4.49,4.56,Yes,96.77,28.05,7000,-5.57,6610,44.4
S00082,small,Mobile Phone,MOB-M5,33,10,9,100,1.18,3.46,3.5,0,43.7,1,0,used,6,82,16,4.53,0,0,,,No,,,140000,-7.32,129750,46.6
S00344,small,Laptop,LAP-M3,45,15,7,94.79,1.98,3.53,2.0,0,46.7,0,0,new,6,210,5,5.02,1,1,4.69,4.51,Yes,90.63,44.99,80000,3.94,83150,89.7
S00125,medium,Digital Camera,CAM-M3,1692,1017,70,88.87,7.66,8.8,3.7,16,45.3,1,0,used,0,471,29,6.83,54,54,2.83,2.36,No,67.39,56.03,80000,-21.81,62550,5.4
S00303,big,Digital Camera,CAM-M3,24007,4159,86,97.46,1.67,2.38,1.6,15,41.0,1,0,refurbished,12,55,61,4.52,234,102,4.51,4.15,Yes,78.42,17.73,80000,-1.38,78900,62.5
S00168,small,Bluetooth Speaker,SPK-M4,236,114,24,91.97,6.59,8.15,4.4,2,48.9,1,0,refurbished,0,141,3,5.76,6,6,3.39,3.27,No,85.69,45.46,14000,-7.5,12950,30.8
S00457,small,Wireless Earbuds,EAR-M3,83,39,20,93.56,4.16,5.41,5.0,0,47.9,0,0,new,6,277,12,7.68,2,2,3.71,3.2,Yes,62.27,48.29,5500,-3.64,5300,46.3
S00348,small,Laptop,LAP-M5,53,23,27,93.79,3.69,6.19,3.1,0,38.9,1,0,new,6,162,4,6.13,4,4,3.96,4.17,Yes,78.32,24.77,190000,-7.79,175200,30.6
S00357,medium,Desktop Computer,PC-M4,2759,451,21,99.79,0.61,1.07,0.8,1,55.4,1,1,new,12,64,21,3.21,59,24,4.77,4.73,Yes,87.85,13.52,95000,1.79,96700,71.7
S00116,big,Mobile Phone,MOB-M5,50189,14179,123,96.13,2.57,3.34,1.3,47,34.4,1,1,new,6,100,31,8.23,802,527,3.54,3.32,No,62.32,31.62,140000,-8.54,128050,41.4
S00390,small,Wi-Fi Router,RTR-M4,61,19,12,95.11,4.4,3.49,5.9,0,42.5,1,0,new,3,360,2,5.03,3,3,3.98,3.91,Yes,91.79,30.33,9500,-13.47,8220,24.2
S00020,small,Bluetooth Speaker,SPK-M1,121,18,25,99.03,0.1,2.03,0.5,0,44.3,1,0,new,12,342,6,4.93,6,3,4.83,4.79,Yes,89.38,0.9,1500,-2.0,1470,60.0
S00058,small,Laptop,LAP-M5,52,25,8,85.48,9.91,9.48,5.1,0,49.6,0,0,new,0,240,8,10.01,3,3,2.64,2.16,No,69.54,34.23,190000,-2.63,185000,48.4
S00075,medium,Digital Camera,CAM-M1,1920,765,57,94.16,3.97,4.6,3.8,1,42.7,0,0,new,3,118,23,3.67,47,47,4.16,4.09,Yes,77.13,43.35,35000,-1.57,34450,66.1
S00341,small,Mobile Phone,MOB-M4,64,18,11,97.91,0.43,1.57,1.3,0,33.3,1,0,new,3,222,4,5.76,4,3,4.31,4.01,Yes,95.41,25.81,65000,-4.69,61950,52.4
S00204,small,Wi-Fi Router,RTR-M3,66,12,46,97.22,0.1,0.58,0.9,0,48.8,0,0,new,6,101,11,4.0,5,3,4.6,4.48,Yes,92.63,19.07,5500,-5.27,5210,52.2
S00019,medium,Smartwatch,WCH-M4,2817,227,56,97.34,1.57,2.45,1.8,1,45.0,1,1,new,12,22,20,7.64,71,19,4.27,4.11,Yes,82.31,29.0,22000,-5.23,20850,43.2
S00063,medium,Smart TV,TV-M5,4811,1185,24,96.22,2.64,3.43,3.5,4,47.6,0,1,new,0,65,32,4.37,116,74,4.07,4.12,Yes,90.7,39.37,180000,-24.81,135350,8.9
S00222,big,Smartwatch,WCH-M4,17934,2698,30,99.03,0.77,1.29,0.9,7,21.7,1,1,new,3,320,41,7.84,252,83,4.71,4.89,Yes,88.96,15.69,22000,-0.91,21800,52.3
S00324,small,Gaming Console,CON-M5,453,80,16,97.72,1.42,1.66,1.7,1,45.4,0,0,new,12,208,6,2.91,37,14,4.17,3.94,Yes,87.96,17.98,95000,-0.63,94400,72.0
S00139,medium,Bluetooth Speaker,SPK-M2,4909,1074,62,96.33,2.46,3.13,3.4,5,35.7,1,0,new,0,1214,35,5.82,116,80,4.14,4.16,Yes,89.67,20.87,3500,2.0,3570,74.1
S00143,small,Power Bank,PWR-M3,103,23,23,93.54,2.5,1.78,1.9,0,35.9,0,0,new,12,50,4,5.4,4,2,4.65,4.41,Yes,91.12,11.57,3000,4.67,3140,78.8
S00148,medium,Mobile Phone,MOB-M1,3985,993,53,97.26,1.83,2.46,1.5,3,42.2,1,0,new,12,359,28,4.08,86,45,4.38,4.26,Yes,93.05,15.55,12000,-2.92,11650,54.9
S00218,small,Smart TV,TV-M3,14,3,34,100,0.1,3.03,0.8,0,34.5,0,0,new,6,39,5,3.8,0,0,,,No,,,55000,-4.64,52450,42.0
S00411,small,Desktop Computer,PC-M4,39,4,14,99.51,0.86,4.13,1.9,0,49.3,1,0,new,6,133,9,3.18,1,0,4.92,,Yes,93.01,5.24,95000,2.16,97050,75.5
S00387,big,Wireless Earbuds,EAR-M2,21188,2382,60,99.12,0.69,1.3,0.8,9,32.2,1,1,new,0,352,80,3.63,255,70,4.39,4.33,Yes,89.38,2.84,2500,17.6,2940,100.0
S00012,small,Digital Camera,CAM-M3,86,40,5,91.34,5.73,7.65,3.5,0,41.4,1,0,new,3,150,4,4.55,2,2,3.71,3.77,Yes,66.31,30.51,80000,-6.37,74900,41.1
S00133,small,Wireless Earbuds,EAR-M2,75,18,7,98.59,0.68,1.97,2.8,0,52.1,1,0,new,6,19,8,3.6,1,1,4.38,4.11,Yes,92.31,25.2,2500,-6.0,2350,54.3
S00011,small,Smartwatch,WCH-M5,152,59,14,92.52,4.19,6.41,4.9,0,35.6,0,0,new,12,420,2,6.45,5,4,3.87,3.72,Yes,77.2,42.51,45000,14.44,51500,98.2
S00138,small,Wi-Fi Router,RTR-M4,238,50,15,94.24,3.4,4.92,6.6,1,41.5,0,0,new,6,260,5,1.82,14,11,3.92,3.9,Yes,68.12,31.97,9500,-13.68,8200,22.6
S00371,medium,Wi-Fi Router,RTR-M2,723,70,66,99.34,0.88,0.99,1.0,0,19.2,1,1,new,3,47,15,5.08,12,3,4.54,4.76,Yes,84.16,17.47,3200,-18.13,2620,17.8
S00085,small,Laptop,LAP-M5,39,11,20,95.33,0.1,2.32,1.3,0,46.9,0,0,new,12,384,4,5.46,1,1,4.3,4.57,Yes,100,15.16,190000,11.53,211900,95.2
S00349,medium,Power Bank,PWR-M1,2129,647,38,96.2,2.45,3.13,2.5,2,55.9,0,0,new,3,131,64,5.59,69,52,4.04,3.91,Yes,91.97,31.01,1100,-8.18,1010,42.9
S00397,small,Mobile Phone,MOB-M2,99,45,23,90.33,7.14,7.98,5.0,0,50.0,0,0,refurbished,0,443,7,6.06,5,5,3.03,2.63,No,61.85,47.01,22000,-12.05,19350,32.7
S00038,small,Smartwatch,WCH-M2,128,52,12,92.23,3.38,5.93,5.8,0,46.8,1,0,new,6,218,2,9.33,8,8,3.41,3.57,No,80.84,51.61,4500,-9.56,4070,46.7
S00532,small,Desktop Computer,PC-M3,39,24,19,85.28,8.69,9.75,8.2,0,66.6,0,0,new,0,156,7,8.62,1,1,2.73,2.38,No,62.1,59.84,65000,-33.15,43450,1.7
S00528,small,Desktop Computer,PC-M1,82,24,9,93.65,2.62,4.99,1.8,0,38.0,0,1,new,6,270,7,6.46,6,3,3.85,4.03,Yes,83.86,31.13,30000,-2.33,29300,56.5
S00494,medium,Mobile Phone,MOB-M1,1542,549,43,95.36,2.69,4.23,5.0,2,27.5,1,0,new,0,458,55,5.51,50,47,3.77,3.78,Yes,92.77,32.14,12000,-1.67,11800,64.7
S00253,small,Bluetooth Speaker,SPK-M3,135,7,3,100,1.11,1.05,0.9,0,27.5,1,0,new,12,28,4,2.35,7,1,4.58,4.51,Yes,100,0,7000,-4.86,6660,48.1
S00502,small,Wireless Earbuds,EAR-M3,65,25,14,95.12,4.3,4.86,2.1,0,31.5,0,0,new,0,13,11,7.2,6,6,3.79,3.64,Yes,74.34,21.84,5500,2.36,5630,76.1
S00458,big,Laptop,LAP-M1,19893,8155,45,94.84,3.46,4.36,1.3,24,32.2,1,0,new,12,251,109,8.25,95,92,3.47,3.31,No,74.6,22.08,38000,5.92,40250,90.0
S00262,small,Smartwatch,WCH-M1,346,110,21,96.95,1.34,2.42,2.3,0,31.6,1,0,new,6,32,4,4.32,10,7,4.29,4.18,Yes,91.88,40.5,2000,-12.5,1750,17.5
S00469,big,Bluetooth Speaker,SPK-M5,11377,1954,82,97.08,2.01,2.85,1.5,5,43.1,1,0,new,3,658,150,5.5,87,42,4.13,4.01,Yes,88.26,21.62,30000,1.83,30550,73.1
S00533,small,Power Bank,PWR-M1,30,20,5,89.14,7.81,10.82,10.5,0,54.5,1,1,new,12,72,3,7.74,0,0,,,No,,,1100,-21.82,860,17.9
S00124,medium,Digital Camera,CAM-M5,1200,129,53,99.59,0.72,1.19,1.0,0,25.6,1,0,new,12,474,10,4.49,39,12,4.38,4.06,Yes,100,16.38,180000,1.44,182600,83.6
S00485,medium,Digital Camera,CAM-M2,2484,588,30,98.91,0.64,1.45,1.2,1,37.7,1,1,new,12,142,21,2.05,31,15,4.8,4.45,Yes,100,37.45,55000,-4.45,52550,43.9
S00405,small,Wi-Fi Router,RTR-M1,581,263,6,93.1,4.92,5.72,3.4,1,50.8,0,0,new,12,96,6,5.24,41,41,2.96,2.76,No,76.28,29.89,1800,-12.22,1580,23.4
S00487,small,Smartwatch,WCH-M1,75,20,2,98.74,1.96,1.1,4.2,0,27.9,0,0,new,0,60,4,4.59,3,2,4.86,4.8,Yes,90.51,19.67,2000,8.5,2170,95.0
S00385,medium,Desktop Computer,PC-M5,1924,220,37,97.31,1.33,2.43,2.5,1,32.2,1,0,new,6,199,38,2.3,63,16,4.8,4.85,Yes,95.45,22.77,160000,-1.41,157750,59.4
S00547,small,Wireless Earbuds,EAR-M3,192,39,5,98.48,2.67,2.19,2.8,0,35.6,0,0,new,12,150,17,8.45,37,16,4.22,4.25,Yes,88.97,14.2,5500,-2.0,5390,55.2
S00175,medium,Digital Camera,CAM-M3,929,177,30,96.62,2.63,3.07,2.2,0,32.3,1,1,new,3,324,39,4.99,33,14,4.36,4.48,Yes,79.78,27.66,80000,-5.69,75450,46.4
S00133,small,Mobile Phone,MOB-M2,75,18,7,98.59,0.68,1.97,2.8,0,52.1,1,0,new,12,77,6,3.09,3,1,4.49,4.54,Yes,85.02,14.09,22000,-13.64,19000,27.3
S00439,small,Wi-Fi Router,RTR-M1,429,130,10,93.31,3.55,4.63,2.6,1,41.9,0,0,new,12,177,2,2.78,22,13,4.32,3.84,Yes,79.75,32.33,1800,-6.67,1680,53.1
S00350,small,Smartwatch,WCH-M1,90,18,25,97.11,1.02,2.13,0.9,0,34.5,1,0,new,3,353,12,5.18,6,4,4.58,4.2,Yes,78.58,10.13,2000,-1.5,1970,57.5
S00322,small,Smartwatch,WCH-M2,54,23,12,95.07,2.93,2.85,3.0,0,41.0,1,0,new,6,269,11,7.28,3,3,3.63,3.61,Yes,65.5,44.94,4500,-16.22,3770,20.0
S00011,small,Smartwatch,WCH-M2,152,59,14,92.52,4.19,6.41,4.9,0,35.6,0,0,new,6,420,3,5.7,4,4,3.86,3.65,Yes,77.54,29.07,4500,-7.78,4150,56.7
S00266,small,Smartwatch,WCH-M3,48,23,11,87.33,7.99,11.59,7.1,0,61.7,0,0,new,12,254,4,12.66,1,1,2.47,2.61,No,46.49,51.36,9000,-18.78,7310,14.5
S00408,big,Bluetooth Speaker,SPK-M5,13087,2037,52,99.32,0.57,1.07,1.1,2,45.1,1,1,new,12,263,129,4.12,268,67,4.69,4.59,Yes,83.91,15.67,30000,-8.33,27500,37.3
S00249,small,Bluetooth Speaker,SPK-M1,220,88,16,94.67,4.06,4.75,2.4,0,42.0,0,0,new,0,22,3,5.77,9,7,3.84,3.83,Yes,74.45,22.62,1500,-20.67,1190,9.1
S00345,medium,Smart TV,TV-M5,1751,507,25,94.19,3.6,4.7,4.4,2,43.3,1,0,new,0,99,33,4.19,22,13,4.11,3.82,Yes,70.36,41.65,180000,-18.72,146300,19.6
S00261,small,Smartwatch,WCH-M5,172,74,18,92.34,5.15,4.77,3.4,2,18.4,0,0,refurbished,6,142,4,4.44,17,16,3.84,3.7,Yes,72.75,39.93,45000,-18.22,36800,14.3
S00101,big,Smartwatch,WCH-M2,10178,1192,106,98.66,0.9,1.45,1.3,8,28.4,1,1,new,3,163,41,2.92,127,37,4.81,4.56,Yes,87.22,29.02,4500,-12.0,3960,36.7
S00464,small,Digital Camera,CAM-M2,32,8,16,94.78,2.21,1.09,2.1,0,52.6,1,0,new,6,47,6,3.69,1,1,4.56,4.14,Yes,89.63,0,55000,11.82,61500,93.0
S00303,big,Wi-Fi Router,RTR-M1,24007,4159,86,97.46,1.67,2.38,1.6,15,41.0,1,0,new,6,46,95,1.81,170,79,4.44,3.9,Yes,87.05,36.81,1800,-5.56,1700,54.7
S00098,small,Digital Camera,CAM-M5,47,5,6,95.81,0.8,2.74,2.1,0,35.7,0,0,used,6,180,10,5.46,0,0,,,No,,,180000,-3.53,173650,59.0
S00496,medium,Desktop Computer,PC-M5,2254,603,78,98.29,1.04,1.35,1.4,0,40.5,1,1,new,0,170,69,3.29,108,61,4.77,4.53,Yes,71.12,1.75,160000,-7.25,148400,37.7
S00446,medium,Digital Camera,CAM-M3,2221,955,62,93.19,4.28,5.35,2.7,5,54.7,1,1,new,12,115,32,7.59,85,77,3.64,3.53,Yes,87.97,49.39,80000,-13.94,68850,21.4
S00440,medium,Bluetooth Speaker,SPK-M4,2112,454,46,98.34,0.73,1.64,1.1,1,36.0,1,0,new,0,92,12,6.4,21,10,4.78,4.73,Yes,100,26.16,14000,1.43,14200,75.0
S00225,small,Wireless Earbuds,EAR-M5,35,12,28,95.54,2.33,5.44,5.2,0,56.8,0,0,refurbished,12,40,4,7.5,5,3,4.47,4.53,Yes,81.46,27.72,28000,-5.71,26400,43.4
S00404,small,Bluetooth Speaker,SPK-M1,498,234,21,87.97,8.56,9.87,18.0,5,60.4,1,0,new,0,138,2,9.4,7,7,2.87,2.72,No,68.1,42.36,1500,-31.33,1030,3.6
S00175,medium,Bluetooth Speaker,SPK-M5,929,177,30,96.62,2.63,3.07,2.2,0,32.3,1,1,new,12,52,19,7.51,24,11,4.11,4.06,Yes,84.17,13.05,30000,-8.33,27500,37.3
S00541,medium,Digital Camera,CAM-M5,2360,1111,47,92.09,5.24,6.5,6.5,4,50.8,0,0,new,3,633,33,6.13,47,47,3.41,3.17,No,53.26,41.44,180000,-39.44,109000,1.6
S00121,small,Gaming Console,CON-M5,82,30,33,97.98,2.88,4.38,3.6,0,58.0,0,0,new,12,378,1,2.08,2,2,4.36,3.74,Yes,65.51,39.66,95000,12.84,107200,100.0
S00418,small,Smart TV,TV-M3,39,5,17,96.38,0.1,2.03,1.4,0,54.5,1,0,new,12,151,6,1.48,4,2,4.91,4.3,Yes,100,9.79,55000,-6.91,51200,38.0
S00206,small,Wi-Fi Router,RTR-M5,46,19,8,92.19,6.67,5.84,4.9,0,45.1,0,0,new,6,194,6,6.69,2,2,4.17,4.05,Yes,57.68,24.59,16000,0.31,16050,61.7
S00484,small,Gaming Console,CON-M1,61,23,11,92.0,6.31,6.39,11.0,0,29.6,0,0,new,12,72,8,4.74,1,1,3.41,2.96,No,60.74,42.37,38000,-22.89,29300,9.5
S00147,small,Desktop Computer,PC-M4,57,6,10,100,0.1,1.37,1.2,0,30.9,1,0,new,12,200,1,2.5,7,1,4.52,4.36,Yes,90.75,22.55,95000,-3.0,92150,64.2
S00248,small,Wi-Fi Router,RTR-M1,52,15,17,94.11,4.05,5.84,3.1,0,33.1,1,0,new,12,120,5,5.12,1,1,3.79,3.91,Yes,70.23,26.6,1800,-11.11,1600,31.2
S00485,medium,Gaming Console,CON-M3,2484,588,30,98.91,0.64,1.45,1.2,1,37.7,1,1,new,12,396,16,3.33,48,18,4.57,4.46,Yes,97.19,22.16,62000,0.16,62100,74.0
S00243,small,Laptop,LAP-M5,21,15,16,79.72,14.68,16.07,14.8,0,62.8,0,0,new,0,173,7,13.29,1,1,1.37,1,No,45.94,71.22,190000,-19.87,152250,6.5
S00149,small,Wi-Fi Router,RTR-M5,566,96,10,98.0,1.45,2.3,3.2,0,8.1,1,0,new,3,148,5,4.5,70,28,4.36,4.27,Yes,88.85,5.3,16000,2.81,16450,74.5
S00495,big,Desktop Computer,PC-M1,10614,3105,84,97.15,1.88,2.6,1.8,11,9.7,1,0,new,12,261,163,4.45,208,195,4.28,4.0,Yes,91.34,28.21,30000,3.0,30900,82.3
S00499,small,Gaming Console,CON-M1,172,8,4,98.57,1.61,1.49,3.5,0,38.9,1,0,new,6,120,9,1.56,10,1,4.86,4.78,Yes,98.14,4.47,38000,-3.16,36800,59.5
S00242,medium,Power Bank,PWR-M4,2241,112,50,99.35,0.67,0.99,0.9,0,28.2,0,0,new,12,38,28,4.22,29,3,4.91,4.89,Yes,100,0,4800,8.75,5220,94.7
S00391,small,Gaming Console,CON-M5,107,21,13,100,0.17,1.38,2.9,0,38.1,1,0,new,6,189,5,1.9,6,3,4.6,4.5,Yes,72.36,12.33,95000,-14.32,81400,16.0
S00412,big,Wireless Earbuds,EAR-M1,22291,5838,77,97.25,1.78,2.4,1.4,15,30.0,1,0,new,3,80,51,6.33,125,63,4.3,4.14,Yes,87.24,14.96,1200,-15.83,1010,15.5
S00259,small,Digital Camera,CAM-M3,290,110,42,92.18,5.09,5.69,6.7,0,34.9,0,0,new,0,596,4,5.92,10,10,3.65,3.19,Yes,75.8,41.93,80000,-19.81,64150,12.5
S00319,small,Smart TV,TV-M1,147,70,26,91.98,4.11,6.93,4.6,0,49.7,1,0,new,6,119,14,9.66,2,2,2.93,2.4,No,83.68,42.78,22000,-7.5,20350,43.1
S00373,small,Power Bank,PWR-M5,681,148,9,99.0,0.59,1.42,2.0,1,73.2,1,0,new,6,270,3,3.37,33,15,5,4.57,Yes,96.59,3.83,8500,-8.47,7780,29.1
S00511,small,Laptop,LAP-M3,98,17,42,97.81,2.36,1.04,2.8,0,40.6,0,0,new,3,59,6,6.86,6,3,4.29,3.86,Yes,92.17,11.29,80000,-4.13,76700,70.7
S00363,big,Bluetooth Speaker,SPK-M2,11473,3227,34,98.05,1.24,1.88,1.6,3,40.7,1,0,new,12,144,60,5.91,162,111,4.78,4.58,Yes,90.99,21.03,3500,-16.0,2940,15.5
S00146,medium,Wireless Earbuds,EAR-M4,817,198,35,97.8,1.17,2.17,4.6,1,42.2,1,0,new,3,277,13,6.02,27,21,4.66,4.43,Yes,98.07,20.53,12000,-0.83,11900,81.4
S00548,medium,Power Bank,PWR-M3,1113,528,41,93.83,4.14,5.38,3.7,0,39.0,0,1,new,12,714,10,6.22,44,44,3.53,3.73,No,78.09,38.86,3000,-16.0,2520,15.4
S00494,medium,Mobile Phone,MOB-M3,1542,549,43,95.36,2.69,4.23,5.0,2,27.5,1,0,new,6,148,33,5.01,70,52,4.1,4.02,Yes,82.36,37.87,38000,-22.5,29450,5.6
S00440,medium,Desktop Computer,PC-M5,2112,454,46,98.34,0.73,1.64,1.1,1,36.0,1,0,new,12,220,26,2.57,45,31,4.31,4.47,Yes,89.04,22.8,160000,-11.31,141900,24.6
S00237,medium,Gaming Console,CON-M2,924,137,48,99.82,0.66,1.45,1.2,0,49.7,1,1,new,6,267,46,2.13,24,9,4.94,5,Yes,79.91,16.7,52000,-5.19,49300,48.0
S00215,small,Wireless Earbuds,EAR-M1,65,32,14,86.0,9.54,11.69,4.3,0,55.0,1,0,new,12,111,10,11.05,2,2,2.43,2.4,No,50.05,61.29,1200,-8.33,1100,37.9
S00488,small,Wireless Earbuds,EAR-M5,219,74,29,95.54,3.18,4.42,5.1,1,39.5,1,0,refurbished,6,30,6,6.56,14,14,3.63,3.33,Yes,80.54,17.57,28000,-18.93,22700,11.3
S00226,medium,Wi-Fi Router,RTR-M3,1764,385,55,98.72,0.44,1.02,0.9,1,34.8,1,0,new,6,47,39,4.07,86,51,4.52,4.61,Yes,97.95,11.74,5500,6.36,5850,97.8
S00100,small,Smart TV,TV-M3,69,16,14,99.58,0.99,0.67,1.3,0,14.8,0,0,refurbished,12,295,2,3.2,6,4,4.51,4.12,Yes,90.39,21.37,55000,-0.45,54750,66.0
S00245,small,Smart TV,TV-M5,103,67,14,86.31,12.77,14.74,13.7,2,45.2,0,0,used,0,33,11,11.03,6,6,2.06,1.95,No,46.8,75.96,180000,-15.56,152000,26.8
S00120,small,Mobile Phone,MOB-M2,115,44,8,94.41,5.25,4.78,2.4,0,43.6,1,0,new,0,240,3,5.76,5,4,3.82,3.71,Yes,82.68,35.89,22000,8.64,23900,98.2
S00090,medium,Smart TV,TV-M4,1191,278,46,98.34,0.92,1.73,3.0,1,56.2,1,1,new,0,144,6,1.39,73,33,4.66,4.53,Yes,100,15.29,90000,-6.5,84150,49.0
S00358,medium,Mobile Phone,MOB-M3,1591,121,63,98.09,0.93,1.85,2.4,0,30.0,1,0,new,12,22,19,2.78,80,12,4.65,4.03,Yes,84.89,12.52,38000,5.0,39900,83.3
S00538,big,Laptop,LAP-M3,21530,8371,76,95.25,3.2,4.03,3.2,31,65.0,1,0,new,3,108,32,5.85,120,120,4.58,4.53,Yes,65.71,29.78,80000,-11.12,71100,41.4
S00224,small,Laptop,LAP-M4,363,72,10,96.65,2.78,4.18,3.1,0,28.3,0,0,new,0,158,19,6.93,20,13,3.98,3.68,Yes,86.65,31.09,120000,2.08,122500,87.3
S00382,medium,Mobile Phone,MOB-M2,1331,268,45,97.49,1.32,1.76,2.5,1,60.4,1,0,new,12,111,23,3.01,43,23,4.6,4.53,Yes,100,11.76,22000,-5.45,20800,47.3
S00401,medium,Smart TV,TV-M2,1499,492,47,97.22,1.52,2.51,1.9,1,35.8,1,0,new,12,439,36,4.08,8,5,4.67,4.48,Yes,88.7,29.67,35000,-11.71,30900,18.5
S00486,small,Smartwatch,WCH-M1,109,42,10,89.04,6.72,9.82,9.2,0,49.7,0,0,new,6,70,8,10.53,7,6,2.82,2.21,No,52.54,44.6,2000,-45.0,1100,2.5
S00448,small,Power Bank,PWR-M5,127,29,23,97.38,2.12,1.69,2.1,0,20.6,1,0,new,0,31,3,4.93,7,5,4.88,4.62,Yes,61.76,25.2,8500,-6.59,7940,40.0
S00363,big,Digital Camera,CAM-M4,11473,3227,34,98.05,1.24,1.88,1.6,3,40.7,1,0,refurbished,12,54,68,3.02,221,127,4.48,4.48,Yes,91.99,27.83,100000,-5.75,94250,56.9
S00526,small,Desktop Computer,PC-M2,101,39,25,90.92,4.33,7.14,7.3,0,54.0,1,0,new,6,344,4,5.67,5,5,3.64,3.25,Yes,83.91,39.75,45000,-4.33,43050,40.0
