seller_id,seller_scale,product_name,model_id,seller_txn_count,txn_last_30d,seller_account_age_months,order_success_rate_pct,refund_rate_pct,late_delivery_rate_pct,avg_response_time_hours,complaint_report_count,cod_order_share_pct,seller_verified,authorized_dealer,product_condition,warranty_months,listing_age_days,stock_quantity,product_issue_rate_pct,review_count_all_time,review_count_last_30d,product_rating_all_time,product_rating_last_30d,recommend_to_others,verified_purchase_review_pct,early_review_burst_pct,model_avg_price_bdt,price_deviation_pct,product_price_bdt,price_percentile_within_model,risk_probability,risk_score,risk_band
S00444,small,Smartwatch,WCH-M2,109,23,8,95.59,1.75,2.51,3.6,0,63.1,0,0,new,12,199,8,4.64,3,2,4.61,4.55,Yes,100.0,4.09,4500,-4.0,4320,34.7,0.0,0,low
S00103,small,Gaming Console,CON-M1,162,21,10,93.26,2.47,3.15,2.9,1,19.4,0,0,new,3,211,14,5.42,6,3,3.86,3.59,Yes,100.0,10.57,38000,8.29,41150,96.1,0.0,0,low
S00439,medium,Digital Camera,CAM-M5,2840,102,39,95.34,2.39,3.14,1.4,2,54.0,0,0,new,12,238,10,6.09,154,13,3.71,3.59,Yes,97.61,8.45,180000,-1.39,177500,67.3,0.0,0,low
S00058,medium,Desktop Computer,PC-M5,3458,139,24,97.82,1.36,2.07,1.8,2,32.6,1,0,new,6,116,11,3.12,191,18,4.49,4.5,Yes,99.79,9.31,160000,-2.25,156400,38.5,0.0,0,low
S00296,big,Wireless Earbuds,EAR-M5,17968,277,80,98.07,1.13,1.72,1.6,15,19.4,1,1,new,12,171,207,4.94,316,13,4.51,4.69,Yes,93.62,5.17,28000,-6.43,26200,13.5,0.0,0,low
S00295,small,Desktop Computer,PC-M1,259,17,23,98.17,1.47,2.62,1.3,0,56.7,0,0,new,3,91,9,3.7,44,6,4.41,4.16,Yes,100.0,16.82,30000,-4.17,28750,28.1,0.0,0,low
S00021,small,Power Bank,PWR-M5,229,25,11,98.14,2.34,2.13,1.3,0,36.6,1,0,new,12,143,1,5.37,18,4,3.91,3.96,Yes,87.51,2.23,8500,5.76,8990,95.0,0.0,0,low
S00028,big,Laptop,LAP-M4,10246,214,30,98.28,1.01,1.67,1.1,13,37.1,1,0,new,0,33,165,5.76,212,12,4.07,4.2,Yes,96.25,10.33,120000,-3.17,116200,45.9,0.0,0,low
S00167,big,Wi-Fi Router,RTR-M5,29079,775,47,97.51,1.39,1.9,2.3,18,37.2,1,1,new,12,210,282,4.0,369,26,4.63,4.76,Yes,93.57,10.64,16000,-5.63,15100,17.6,0.0,0,low
S00128,small,Laptop,LAP-M1,58,38,4,84.99,8.92,10.16,7.1,1,60.0,0,0,new,0,1,73,12.62,11,11,4.88,3.51,Yes,19.14,51.39,38000,-23.55,29050,19.4,1.0,100,high
S00139,medium,Desktop Computer,PC-M5,707,64,10,96.94,2.07,2.45,2.3,1,50.6,1,0,new,6,300,48,3.43,9,2,4.3,4.06,Yes,88.5,6.9,160000,-4.69,152500,17.3,0.0,0,low
S00402,small,Gaming Console,CON-M4,62,1,22,82.99,6.62,7.83,4.5,0,81.2,0,0,new,3,100,16,7.5,3,0,2.47,,No,84.88,12.8,78000,-0.58,77550,57.6,0.0,0,low
S00166,small,Smartwatch,WCH-M2,127,20,11,94.72,0.82,2.71,3.0,0,62.1,0,0,new,6,67,2,5.04,8,2,4.88,5.0,Yes,93.36,18.42,4500,2.44,4610,85.7,0.0,0,low
S00358,small,Power Bank,PWR-M3,70,3,13,91.1,5.17,5.32,2.8,0,60.9,0,0,new,3,135,6,5.92,12,1,3.57,3.65,No,85.76,6.94,3000,3.67,3110,85.7,0.0,0,low
S00009,small,Smartwatch,WCH-M1,188,6,32,91.27,5.17,7.29,3.2,0,35.5,1,0,new,12,38,7,5.76,8,1,3.57,3.38,No,87.8,12.52,2000,6.5,2130,100.0,0.0,0,low
S00460,small,Mobile Phone,MOB-M4,144,16,12,95.17,3.27,4.76,3.8,1,49.4,1,0,new,3,151,8,5.14,4,1,4.23,4.37,Yes,95.72,12.42,65000,0.92,65600,73.3,0.0,0,low
S00518,small,Laptop,LAP-M1,26,1,18,97.37,0.92,4.31,2.0,0,40.9,0,0,used,6,87,7,6.87,2,0,3.77,,Yes,97.91,17.63,38000,-29.34,26850,16.4,0.0,0,low
S00346,small,Smartwatch,WCH-M2,108,15,5,93.96,1.2,2.47,2.8,0,50.7,1,0,new,6,80,1,8.04,9,2,3.64,3.91,Yes,95.19,8.29,4500,-9.11,4090,14.3,0.0,0,low
S00313,small,Digital Camera,CAM-M4,97,33,3,90.53,4.49,6.42,2.5,0,33.2,0,0,new,0,90,17,6.67,5,5,2.99,3.09,No,91.8,12.86,100000,4.15,104150,86.0,0.0,0,low
S00368,small,Bluetooth Speaker,SPK-M3,26,3,12,96.71,0.1,5.85,4.1,0,53.9,0,0,new,0,122,8,6.52,3,1,4.03,3.78,Yes,99.64,2.18,7000,-7.43,6480,18.2,0.0,0,low
S00323,small,Laptop,LAP-M5,58,16,5,100.0,1.11,2.27,1.6,0,73.0,1,0,used,6,150,4,5.89,3,3,4.07,4.41,Yes,96.0,6.32,190000,-38.66,116550,15.8,0.0,0,low
S00003,medium,Wireless Earbuds,EAR-M4,2007,22,81,93.04,3.54,4.54,4.3,3,76.3,1,0,new,12,73,43,10.39,46,1,3.19,3.21,No,98.33,26.74,12000,-5.0,11400,21.2,0.0,0,low
S00129,big,Power Bank,PWR-M3,16423,119,103,96.97,1.8,2.49,2.3,8,15.2,1,0,new,6,25,49,4.39,255,6,4.78,4.43,Yes,95.57,30.2,3000,-1.0,2970,54.8,0.0,0,low
S00291,small,Desktop Computer,PC-M5,154,7,16,95.89,1.48,1.64,1.0,0,39.7,1,0,new,12,165,8,2.08,4,1,4.65,4.56,Yes,100.0,15.57,160000,6.56,170500,100.0,0.0,0,low
S00551,big,Bluetooth Speaker,SPK-M2,23658,307,57,98.86,0.84,1.37,1.5,15,28.0,1,0,new,12,301,68,1.74,417,20,4.99,4.63,Yes,95.24,1.3,3500,-0.57,3480,52.5,0.0,0,low
S00477,small,Bluetooth Speaker,SPK-M4,129,8,22,89.2,3.28,4.91,3.2,0,52.0,0,0,new,3,220,12,6.39,1,0,3.33,,No,92.72,15.79,14000,2.14,14300,76.5,0.0,0,low
S00252,big,Digital Camera,CAM-M5,12635,91,95,96.31,1.6,2.38,3.2,10,22.2,1,0,new,12,137,36,3.95,234,4,4.19,3.77,Yes,93.19,16.78,180000,-2.53,175450,57.1,0.0,0,low
S00291,small,Smart TV,TV-M1,154,7,16,95.89,1.48,1.64,1.0,0,39.7,1,0,new,12,35,6,3.76,4,0,4.49,,Yes,95.21,11.72,22000,0.68,22150,74.0,0.0,0,low
S00427,small,Power Bank,PWR-M5,94,10,8,100.0,0.1,1.15,1.1,0,58.2,1,0,refurbished,3,88,15,4.75,5,1,4.86,4.66,Yes,91.01,15.35,8500,-14.59,7260,11.7,0.0,0,low
S00328,medium,Wireless Earbuds,EAR-M2,1453,22,64,93.17,3.22,3.85,3.0,2,60.9,1,0,new,3,53,59,6.25,52,2,3.86,4.2,Yes,96.58,6.8,2500,-4.0,2400,45.7,0.0,0,low
S00279,small,Wireless Earbuds,EAR-M4,700,48,12,93.76,3.63,5.07,3.4,0,37.1,1,0,new,3,360,3,10.27,28,5,3.24,3.03,No,93.23,4.25,12000,-0.42,11950,65.4,0.0,0,low
S00499,small,Smartwatch,WCH-M2,19,0,41,99.96,4.9,4.91,7.1,0,66.4,0,0,new,3,181,3,8.04,1,0,3.48,,No,92.82,6.25,4500,7.11,4820,100.0,0.0,0,low
S00159,small,Laptop,LAP-M5,160,9,16,88.92,7.86,8.93,4.6,0,41.8,0,0,new,0,93,8,9.4,14,2,2.87,2.87,No,98.6,4.32,190000,6.45,202250,96.5,0.0,0,low
S00420,small,Bluetooth Speaker,SPK-M5,185,1,51,87.25,4.73,6.2,3.9,1,35.4,0,0,new,0,53,13,7.88,18,0,3.13,,No,86.86,6.73,30000,3.33,31000,90.6,0.0,0,low
S00316,small,Bluetooth Speaker,SPK-M2,128,22,8,97.21,0.33,0.38,0.6,0,73.0,1,0,new,0,214,4,0.83,4,2,5.0,4.75,Yes,90.35,0.69,3500,7.14,3750,97.5,0.0,0,low
S00194,small,Wireless Earbuds,EAR-M3,106,7,19,91.8,2.63,3.35,5.6,0,67.5,0,0,new,0,132,2,4.88,4,1,3.81,3.76,Yes,93.25,6.98,5500,10.0,6050,100.0,0.0,0,low
S00340,small,Laptop,LAP-M3,49,2,31,85.6,7.22,7.78,8.2,0,66.5,1,0,new,6,930,4,8.95,1,0,3.1,,No,91.2,21.35,80000,-5.37,75700,31.2,0.0,0,low
S00342,big,Digital Camera,CAM-M3,22236,160,105,94.67,2.81,3.61,1.9,36,32.8,1,1,new,12,468,140,6.1,273,4,3.75,4.04,Yes,92.43,2.81,80000,3.25,82600,90.2,0.0,0,low
S00283,medium,Desktop Computer,PC-M1,1333,18,55,96.91,1.66,2.22,1.7,0,66.1,1,0,new,3,388,72,5.13,18,1,4.33,4.23,Yes,100.0,8.88,30000,2.5,30750,86.0,0.0,0,low
S00200,small,Laptop,LAP-M3,251,6,43,96.73,1.88,2.47,5.1,0,33.0,0,0,refurbished,0,190,12,6.18,19,1,3.97,4.01,Yes,94.03,16.75,80000,-20.38,63700,18.8,0.0,0,low
S00495,small,Mobile Phone,MOB-M3,225,26,9,88.12,6.01,7.63,6.9,0,43.2,1,1,new,12,162,2,5.7,11,4,2.94,2.92,No,89.39,11.79,38000,1.18,38450,73.8,0.0,0,low
S00014,medium,Power Bank,PWR-M2,2318,65,33,94.49,2.74,3.86,4.6,0,54.0,1,0,new,12,123,51,8.26,51,4,3.44,3.47,No,95.78,26.42,1800,3.89,1870,96.1,0.0,0,low
S00209,medium,Smart TV,TV-M5,2043,282,12,97.52,1.2,1.7,3.2,1,31.3,1,0,new,0,172,13,5.01,93,37,4.41,4.26,Yes,99.95,14.5,180000,-1.31,177650,48.2,0.0,0,low
S00241,small,Laptop,LAP-M2,196,133,6,93.2,3.0,4.19,2.2,2,23.3,1,0,new,6,58,129,6.08,16,16,4.61,3.99,Yes,49.79,86.29,55000,-13.45,47600,13.5,1.0,100,high
S00010,small,Wireless Earbuds,EAR-M4,120,4,22,99.9,2.63,1.52,3.9,0,60.8,1,0,new,12,157,18,4.41,2,0,5.0,,Yes,100.0,4.3,12000,0.83,12100,71.2,0.0,0,low
S00421,medium,Bluetooth Speaker,SPK-M3,1312,34,26,94.43,2.88,2.79,2.6,2,36.1,0,0,new,12,614,15,5.71,36,2,4.0,4.02,Yes,87.38,4.54,7000,5.57,7390,96.4,0.0,0,low
S00516,big,Smart TV,TV-M4,25726,176,105,97.86,1.3,1.76,0.8,8,22.0,1,0,new,6,27,37,3.84,116,2,4.58,4.94,Yes,92.04,15.21,90000,3.22,92900,83.9,0.0,0,low
S00200,small,Laptop,LAP-M2,251,6,43,96.73,1.88,2.47,5.1,0,33.0,0,0,new,6,54,5,5.42,24,1,4.13,3.93,Yes,100.0,9.37,55000,0.09,55050,69.2,0.0,0,low
S00407,small,Wireless Earbuds,EAR-M1,40,6,7,98.6,0.1,0.01,2.5,0,54.7,0,0,new,12,210,3,4.59,0,0,,,No,,,1200,-2.5,1170,47.7,0.0,0,low
S00080,small,Wi-Fi Router,RTR-M2,49,4,9,89.79,9.83,8.53,4.6,0,83.3,1,0,new,3,270,11,9.12,3,1,2.77,2.93,No,92.46,7.29,3200,-3.12,3100,46.3,0.0,0,low
S00531,medium,Desktop Computer,PC-M2,1044,27,37,99.13,0.58,1.33,1.8,0,34.6,1,0,new,12,167,15,2.66,28,3,4.59,4.63,Yes,100.0,6.72,45000,0.22,45100,69.6,0.0,0,low
S00335,small,Mobile Phone,MOB-M4,91,2,34,99.25,0.1,4.08,2.9,0,46.5,0,0,new,6,184,11,5.91,0,0,,,No,,,65000,9.46,71150,100.0,0.0,0,low
S00094,small,Laptop,LAP-M3,43,5,20,100.0,3.29,0.0,2.2,0,71.7,0,0,new,6,51,6,5.23,1,0,4.48,,Yes,100.0,10.69,80000,2.63,82100,75.0,0.0,0,low
S00070,medium,Smart TV,TV-M5,1345,43,33,99.17,0.95,1.58,1.0,1,31.8,1,0,new,0,409,7,6.42,9,1,4.27,4.05,Yes,97.65,26.6,180000,-1.89,176600,41.1,0.0,0,low
S00476,medium,Smartwatch,WCH-M4,2222,76,14,97.8,0.86,1.78,2.0,0,48.3,1,0,new,12,17,28,5.38,70,9,4.58,4.73,Yes,98.23,7.82,22000,-6.59,20550,23.6,0.0,0,low
S00027,small,Digital Camera,CAM-M3,28,0,34,94.29,7.05,9.66,5.7,1,44.3,0,0,new,12,222,8,8.28,1,0,2.73,,No,90.72,3.85,80000,0.88,80700,76.5,0.0,0,low
S00277,big,Laptop,LAP-M5,44244,759,51,98.56,0.95,1.46,1.1,16,56.4,1,1,new,6,47,180,3.13,411,18,4.94,5.0,Yes,95.52,33.99,190000,-6.63,177400,31.6,0.0,0,low
S00211,small,Smartwatch,WCH-M5,207,21,7,95.62,3.72,3.34,6.3,0,22.6,0,0,new,6,15,4,4.18,17,6,4.43,4.28,Yes,93.5,4.29,45000,5.78,47600,96.3,0.0,0,low
S00465,small,Power Bank,PWR-M1,82,3,18,91.27,5.48,4.5,4.1,0,51.4,1,0,refurbished,0,129,10,6.95,3,0,3.25,,No,93.24,16.13,1100,-52.73,520,4.0,0.0,0,low
S00008,small,Laptop,LAP-M3,350,29,10,97.83,1.17,2.68,2.3,0,39.1,1,1,new,12,43,3,4.48,20,5,4.58,4.62,Yes,100.0,21.65,80000,3.12,82500,79.7,0.0,0,low
S00075,big,Desktop Computer,PC-M5,31838,212,94,95.92,2.22,2.98,2.8,30,24.2,1,1,new,6,33,76,4.56,499,7,4.42,4.67,Yes,99.56,27.88,160000,-4.53,152750,19.2,0.0,0,low
S00461,big,Mobile Phone,MOB-M1,10254,368,30,95.17,2.62,3.53,3.0,7,43.7,0,1,new,12,33,72,6.12,69,7,4.16,4.05,Yes,91.08,7.49,12000,-7.5,11100,27.6,0.0,0,low
S00376,small,Smart TV,TV-M1,99,6,23,97.62,1.57,0.45,2.5,0,62.1,0,0,new,6,690,8,2.94,3,0,4.49,,Yes,90.79,6.25,22000,-0.23,21950,64.9,0.0,0,low
S00498,medium,Laptop,LAP-M4,877,13,51,95.34,1.3,2.48,1.9,0,25.0,1,0,new,12,311,16,5.06,26,1,4.86,4.74,Yes,100.0,8.82,120000,1.92,122300,85.1,0.0,0,low
S00093,small,Wireless Earbuds,EAR-M1,81,2,31,94.72,1.05,1.55,2.2,0,74.9,1,0,used,12,81,2,6.07,7,0,4.27,,Yes,96.92,7.99,1200,-33.33,800,6.2,0.0,0,low
S00289,small,Mobile Phone,MOB-M5,98,5,15,98.2,3.26,4.07,3.9,0,51.8,1,0,new,12,324,5,6.18,5,1,3.4,3.7,No,85.91,5.71,140000,-0.39,139450,66.0,0.0,0,low
S00439,medium,Power Bank,PWR-M4,2840,102,39,95.34,2.39,3.14,1.4,2,54.0,0,0,new,6,96,9,6.99,78,7,3.57,3.94,No,94.62,19.31,4800,-4.58,4580,21.7,0.0,0,low
S00282,small,Wi-Fi Router,RTR-M1,184,27,11,82.75,9.48,12.83,6.7,0,27.9,0,0,new,12,180,18,9.94,6,2,1.94,1.96,No,88.49,32.41,1800,-0.56,1790,60.0,0.0,0,low
S00176,small,Laptop,LAP-M4,47,29,1,89.02,4.74,6.85,8.7,0,61.4,0,0,new,6,30,5,9.76,5,5,3.18,3.36,No,86.95,3.05,120000,-4.75,114300,40.5,0.0,0,low
S00036,big,Wi-Fi Router,RTR-M4,10995,152,61,97.1,1.6,2.17,3.2,8,24.3,1,0,new,3,60,75,3.21,144,4,4.17,4.26,Yes,93.8,6.65,9500,-6.0,8930,23.3,0.0,0,low
S00525,small,Gaming Console,CON-M3,53,40,2,85.01,7.85,10.97,7.3,1,9.5,1,0,new,3,28,181,7.02,45,45,4.92,4.54,Yes,33.71,67.54,62000,-66.77,20600,4.0,1.0,100,high
S00347,small,Wireless Earbuds,EAR-M5,574,57,8,97.13,2.19,2.21,1.3,0,62.3,0,0,new,0,240,7,6.39,17,3,3.72,4.09,Yes,95.36,10.51,28000,3.21,28900,90.4,0.0,0,low
S00056,medium,Bluetooth Speaker,SPK-M3,1104,29,40,96.31,1.15,2.1,1.2,0,62.9,1,1,new,12,112,13,6.97,40,2,3.76,4.05,Yes,94.78,10.62,7000,-5.57,6610,25.5,0.0,0,low
S00070,medium,Smart TV,TV-M2,1345,43,33,99.17,0.95,1.58,1.0,1,31.8,1,0,new,0,38,44,3.41,37,2,4.54,4.64,Yes,96.7,10.72,35000,0.0,35000,72.9,0.0,0,low
S00090,small,Smartwatch,WCH-M1,36,1,27,96.8,5.82,4.87,7.3,0,42.1,1,0,new,6,705,8,8.74,0,0,,,No,,,2000,3.5,2070,97.7,0.0,0,low
S00410,small,Gaming Console,CON-M4,103,6,23,92.11,3.73,5.67,4.1,0,42.2,0,0,new,6,176,48,5.68,2,0,3.65,,Yes,94.93,12.05,78000,-0.45,77650,62.1,0.0,0,low
S00322,big,Smartwatch,WCH-M3,13542,231,65,99.08,0.88,1.45,1.7,9,43.2,1,1,new,12,111,152,6.32,102,4,4.39,4.38,Yes,100.0,12.81,9000,-6.44,8420,15.3,0.0,0,low
S00006,small,Gaming Console,CON-M5,69,14,4,99.51,1.82,2.94,1.9,0,67.6,1,0,refurbished,6,120,6,1.1,2,1,4.39,4.45,Yes,95.55,21.8,95000,-45.95,51350,6.5,0.0,0,low
S00271,big,Wireless Earbuds,EAR-M5,8010,200,86,98.26,1.12,1.81,1.4,5,32.3,1,1,new,12,57,44,6.49,165,14,4.38,4.36,Yes,99.78,2.53,28000,4.11,29150,92.3,0.0,0,low
S00524,medium,Mobile Phone,MOB-M2,867,43,25,97.13,1.95,1.7,2.0,0,38.2,1,0,new,6,22,34,1.95,18,2,4.46,4.56,Yes,91.92,24.19,22000,-7.73,20300,22.6,0.0,0,low
S00269,small,Power Bank,PWR-M2,169,12,10,98.03,2.05,2.79,1.1,1,90.2,0,0,refurbished,6,121,3,7.17,14,2,4.28,4.62,Yes,91.79,8.92,1800,-25.56,1340,5.9,0.0,0,low
S00059,medium,Mobile Phone,MOB-M1,1011,28,55,93.52,3.12,3.2,2.7,1,32.3,1,0,new,6,291,23,6.38,32,3,3.73,3.78,Yes,94.39,4.52,12000,-2.5,11700,48.3,0.0,0,low
S00355,small,Bluetooth Speaker,SPK-M3,56,2,24,95.25,2.32,2.06,2.8,0,59.7,1,0,new,12,73,9,2.77,1,0,4.32,,Yes,96.51,9.84,7000,2.71,7190,85.5,0.0,0,low
S00527,small,Wi-Fi Router,RTR-M1,58,2,16,96.04,5.53,4.31,3.4,0,71.5,1,0,used,0,101,16,6.04,0,0,,,No,,,1800,-18.89,1460,8.0,0.0,0,low
S00449,small,Bluetooth Speaker,SPK-M1,14,0,56,89.85,0.1,7.21,6.2,0,95.0,0,0,new,6,80,5,7.27,0,0,,,No,,,1500,-1.33,1480,64.3,0.0,0,low
S00421,medium,Smart TV,TV-M4,1312,34,26,94.43,2.88,2.79,2.6,2,36.1,0,0,new,0,15,24,3.94,49,3,3.64,3.75,Yes,96.25,33.29,90000,-6.67,84000,21.0,0.0,0,low
S00227,small,Power Bank,PWR-M4,124,2,34,85.18,6.6,9.21,5.2,2,63.6,1,0,new,0,25,8,8.4,5,0,2.77,,No,93.56,0.94,4800,6.04,5090,93.3,0.0,0,low
S00465,small,Wireless Earbuds,EAR-M2,82,3,18,91.27,5.48,4.5,4.1,0,51.4,1,0,new,12,284,9,4.18,3,0,3.78,,Yes,97.66,5.02,2500,-1.2,2470,71.7,0.0,0,low
S00192,small,Smart TV,TV-M3,121,5,14,98.48,0.85,1.44,0.6,0,32.3,0,0,new,12,27,18,2.04,5,1,4.64,4.36,Yes,94.51,24.51,55000,3.91,57150,87.5,0.0,0,low
S00191,small,Desktop Computer,PC-M4,168,60,4,94.95,0.47,2.59,2.3,0,65.4,1,0,new,12,120,5,2.42,7,7,4.12,4.21,Yes,93.82,6.36,95000,-5.68,89600,21.7,0.0,0,low
S00209,medium,Digital Camera,CAM-M3,2043,282,12,97.52,1.2,1.7,3.2,1,31.3,1,0,new,3,360,73,4.27,74,22,4.74,4.53,Yes,93.27,2.0,80000,3.62,82900,94.1,0.0,0,low
S00461,big,Wireless Earbuds,EAR-M3,10254,368,30,95.17,2.62,3.53,3.0,7,43.7,0,1,new,12,155,50,7.16,52,5,3.87,3.69,Yes,93.72,0.64,5500,-2.0,5390,48.5,0.0,0,low
S00557,small,Mobile Phone,MOB-M3,51,12,6,100.0,0.1,2.57,1.5,0,59.2,0,0,new,12,179,4,4.1,7,5,4.55,4.76,Yes,96.55,4.25,38000,5.79,40200,95.1,0.0,0,low
S00385,medium,Gaming Console,CON-M3,933,8,50,97.27,1.29,1.35,2.9,2,25.1,1,0,new,0,129,7,3.99,30,1,4.45,4.56,Yes,97.56,17.9,62000,-0.32,61800,64.0,0.0,0,low
S00313,small,Wireless Earbuds,EAR-M1,97,33,3,90.53,4.49,6.42,2.5,0,33.2,0,0,new,6,35,8,7.57,2,1,3.1,3.11,No,94.79,20.87,1200,-7.5,1110,13.8,0.0,0,low
S00128,small,Digital Camera,CAM-M2,58,38,4,84.99,8.92,10.16,7.1,1,60.0,0,0,new,3,5,183,10.01,3,3,4.75,2.83,Yes,62.52,67.36,55000,-31.55,37650,8.3,1.0,100,high
S00413,small,Mobile Phone,MOB-M5,64,6,8,93.84,3.36,4.21,2.7,0,57.6,1,0,new,0,172,10,6.8,2,1,4.37,4.47,Yes,94.82,14.07,140000,1.79,142500,84.0,0.0,0,low
S00332,medium,Wi-Fi Router,RTR-M5,1380,23,59,92.41,4.0,5.1,3.0,1,41.6,1,0,new,12,212,16,7.16,34,1,3.28,3.55,No,92.73,19.29,16000,-1.25,15800,56.9,0.0,0,low
S00387,medium,Laptop,LAP-M2,2590,48,41,98.19,1.29,2.12,2.0,1,40.7,1,0,new,12,547,31,3.03,68,3,4.49,4.75,Yes,96.77,8.11,55000,-2.27,53750,42.3,0.0,0,low
S00554,small,Bluetooth Speaker,SPK-M1,280,21,31,96.81,2.78,3.28,3.1,0,52.0,0,0,new,12,390,19,5.64,21,5,4.19,4.04,Yes,91.72,15.43,1500,4.0,1560,90.5,0.0,0,low
S00440,big,Laptop,LAP-M1,27243,487,52,97.08,1.47,2.27,1.9,18,31.0,1,1,new,12,142,246,7.15,379,14,4.12,4.33,Yes,96.35,14.91,38000,-3.29,36750,49.3,0.0,0,low
S00267,medium,Bluetooth Speaker,SPK-M1,1407,49,33,92.95,3.67,4.64,2.9,0,42.0,0,1,new,3,139,30,4.23,43,3,3.71,3.26,Yes,92.86,3.07,1500,1.33,1520,81.0,0.0,0,low
S00438,small,Smartwatch,WCH-M3,130,19,11,96.75,1.98,2.76,1.9,0,61.7,1,0,new,12,330,4,6.59,9,5,3.92,3.96,Yes,91.03,21.76,9000,1.0,9090,84.7,0.0,0,low
S00281,small,Laptop,LAP-M3,131,6,26,99.52,1.05,2.96,1.8,0,45.1,0,0,new,3,140,9,5.21,8,1,4.39,4.39,Yes,100.0,14.67,80000,5.88,84700,95.3,0.0,0,low
S00308,medium,Wi-Fi Router,RTR-M2,796,35,37,97.21,1.33,2.43,2.4,0,55.3,1,1,new,6,96,69,3.16,20,2,4.45,4.62,Yes,94.53,7.9,3200,-1.25,3160,68.5,0.0,0,low
S00282,small,Digital Camera,CAM-M3,184,27,11,82.75,9.48,12.83,6.7,0,27.9,0,0,refurbished,12,10,2,8.81,24,7,1.87,1.82,No,79.74,6.1,80000,-25.06,59950,9.8,0.3163,32,low
S00048,small,Power Bank,PWR-M2,275,9,34,97.1,2.06,1.48,1.5,0,60.9,1,0,new,0,57,4,6.61,14,1,4.3,4.41,Yes,100.0,11.53,1800,-3.89,1730,43.1,0.0,0,low
S00344,small,Digital Camera,CAM-M1,290,42,5,83.45,6.87,9.58,4.9,2,37.3,1,0,new,3,150,3,7.52,4,2,2.45,2.66,No,91.4,6.82,35000,0.86,35300,76.9,0.0,0,low
S00545,small,Smart TV,TV-M5,48,0,48,88.61,3.83,7.45,7.1,0,59.1,1,0,new,6,151,5,6.74,3,0,3.31,,No,87.15,15.74,180000,-1.56,177200,44.6,0.0,0,low
S00384,small,Smartwatch,WCH-M5,73,7,20,96.24,2.63,3.57,1.7,0,45.7,0,0,new,3,152,4,4.48,6,1,3.96,3.86,Yes,96.28,4.08,45000,-0.89,44600,51.9,0.0,0,low
S00115,small,Smart TV,TV-M3,193,27,5,92.2,4.93,4.72,6.2,0,52.9,0,1,new,12,52,5,5.38,23,11,3.27,3.15,No,88.98,5.62,55000,13.91,62650,100.0,0.0,0,low
S00078,medium,Gaming Console,CON-M1,3467,63,83,95.06,2.65,3.55,1.8,0,52.9,1,0,new,12,77,17,2.54,60,2,4.06,4.14,Yes,92.61,9.64,38000,-3.16,36800,37.3,0.0,0,low
S00442,small,Wireless Earbuds,EAR-M1,23,0,20,99.62,1.5,4.06,2.8,0,72.1,0,0,new,0,17,5,8.98,4,0,3.47,,No,90.63,1.37,1200,-4.17,1150,29.2,0.0,0,low
S00100,medium,Smart TV,TV-M2,1896,50,48,98.88,1.14,1.29,3.1,2,35.4,1,0,new,12,74,24,2.64,51,3,4.82,5.0,Yes,100.0,21.0,35000,-3.29,33850,45.8,0.0,0,low
S00210,big,Wi-Fi Router,RTR-M1,13189,193,98,95.84,2.16,2.87,2.0,13,32.6,1,0,new,3,487,30,4.1,334,13,4.09,3.78,Yes,91.79,9.65,1800,-4.44,1720,26.0,0.0,0,low
S00066,small,Bluetooth Speaker,SPK-M4,296,27,10,93.4,1.96,4.08,2.5,0,43.8,1,0,new,6,63,9,5.1,15,3,4.45,4.47,Yes,87.82,16.3,14000,-4.64,13350,25.5,0.0,0,low
S00549,small,Smart TV,TV-M1,190,12,15,97.88,0.34,2.59,1.3,0,42.0,0,0,new,12,450,3,4.24,11,2,4.26,4.5,Yes,100.0,19.56,22000,4.09,22900,88.3,0.0,0,low
S00197,medium,Laptop,LAP-M4,1923,40,69,94.34,2.79,3.44,2.0,2,30.8,1,0,new,6,215,47,5.55,36,3,4.09,4.01,Yes,86.09,11.9,120000,-3.37,115950,43.2,0.0,0,low
S00113,big,Power Bank,PWR-M2,11440,310,57,97.48,1.52,2.11,1.9,6,25.3,1,1,new,12,219,47,6.05,137,7,4.67,4.65,Yes,99.17,5.81,1800,1.67,1830,88.2,0.0,0,low
S00507,small,Smartwatch,WCH-M3,251,105,2,88.0,5.15,8.01,11.3,0,53.0,0,0,new,12,60,6,8.91,14,12,3.29,3.4,No,93.63,12.15,9000,0.56,9050,76.3,0.0,0,low
S00022,small,Smart TV,TV-M4,123,6,28,95.83,2.18,3.26,2.2,1,51.5,1,0,new,3,535,6,4.7,3,0,4.84,,Yes,95.89,10.89,90000,-2.56,87700,45.2,0.0,0,low
S00283,medium,Desktop Computer,PC-M3,1333,18,55,96.91,1.66,2.22,1.7,0,66.1,1,0,new,3,730,18,6.22,11,0,4.53,,Yes,91.85,3.27,65000,5.62,68650,97.9,0.0,0,low
S00291,small,Smartwatch,WCH-M1,154,7,16,95.89,1.48,1.64,1.0,0,39.7,1,0,new,3,480,8,4.94,8,1,4.28,4.03,Yes,90.14,14.87,2000,-2.5,1950,60.5,0.0,0,low
S00467,medium,Mobile Phone,MOB-M3,500,13,38,96.69,1.16,2.32,3.2,0,52.5,1,0,new,3,57,37,5.48,7,1,4.14,3.99,Yes,91.78,17.56,38000,-3.55,36650,39.3,0.0,0,low
S00339,medium,Smart TV,TV-M2,976,23,46,98.5,0.47,1.44,1.9,0,51.4,1,1,new,12,140,94,2.49,21,1,4.66,4.97,Yes,97.03,9.31,35000,-4.14,33550,40.7,0.0,0,low
S00289,small,Power Bank,PWR-M5,98,5,15,98.2,3.26,4.07,3.9,0,51.8,1,0,new,6,107,9,7.62,2,0,3.44,,No,91.69,16.16,8500,-4.71,8100,36.7,0.0,0,low
S00046,medium,Wireless Earbuds,EAR-M2,1035,47,21,96.96,1.02,1.95,1.0,0,20.2,0,0,new,12,630,24,4.65,33,3,4.52,3.96,Yes,95.8,1.26,2500,-5.2,2370,37.0,0.0,0,low
S00288,medium,Smartwatch,WCH-M1,1416,42,35,94.23,2.64,3.89,1.4,2,43.0,1,0,new,6,114,30,6.87,19,2,3.51,3.95,No,87.36,7.39,2000,-4.5,1910,37.2,0.0,0,low
S00105,big,Gaming Console,CON-M5,16216,133,100,89.08,5.86,7.29,9.8,58,47.8,1,1,new,6,111,241,3.99,391,9,3.13,3.0,No,92.26,1.61,95000,-8.63,86800,22.6,0.0,0,low
S00531,medium,Mobile Phone,MOB-M2,1044,27,37,99.13,0.58,1.33,1.8,0,34.6,1,0,refurbished,12,206,12,3.13,21,1,4.3,4.06,Yes,98.34,5.74,22000,-24.09,16700,13.2,0.0,0,low
S00070,medium,Laptop,LAP-M3,1345,43,33,99.17,0.95,1.58,1.0,1,31.8,1,0,new,12,33,43,7.42,31,2,3.9,4.21,Yes,96.05,20.15,80000,-5.69,75450,28.1,0.0,0,low
S00195,small,Power Bank,PWR-M3,184,19,8,93.53,2.85,3.63,1.2,1,60.9,1,0,new,12,240,6,7.03,11,2,4.0,3.48,Yes,95.17,5.55,3000,2.67,3080,78.6,0.0,0,low
S00180,small,Mobile Phone,MOB-M5,244,49,7,91.48,4.55,5.32,4.3,0,37.1,0,0,new,12,67,6,6.95,7,3,3.41,3.08,No,91.3,1.51,140000,0.11,140150,72.0,0.0,0,low
S00378,medium,Desktop Computer,PC-M2,1033,22,63,93.23,3.63,4.56,4.7,0,35.7,1,0,new,3,103,44,5.56,27,2,3.43,3.55,No,94.53,4.06,45000,-5.33,42600,25.0,0.0,0,low
S00061,small,Desktop Computer,PC-M5,46,2,14,95.74,6.26,5.55,3.3,0,95.0,0,0,new,12,420,4,6.32,2,0,2.9,,No,92.58,22.11,160000,3.78,166050,94.2,0.0,0,low
S00110,small,Wireless Earbuds,EAR-M4,166,11,12,99.47,0.1,0.8,2.1,0,47.1,0,0,new,6,190,5,4.34,14,2,4.74,5.0,Yes,99.07,8.5,12000,2.5,12300,82.7,0.0,0,low
S00210,big,Smart TV,TV-M4,13189,193,98,95.84,2.16,2.87,2.0,13,32.6,1,0,new,12,705,38,1.83,272,12,4.08,3.91,Yes,95.53,7.87,90000,-38.06,55750,9.7,0.0,0,low
S00164,small,Wi-Fi Router,RTR-M4,96,14,10,99.03,2.41,2.14,3.9,0,70.1,0,0,new,6,143,6,3.98,2,1,3.72,3.49,Yes,96.01,4.01,9500,2.84,9770,86.7,0.0,0,low
S00017,small,Wi-Fi Router,RTR-M5,32,1,25,92.23,3.68,6.61,7.4,0,47.3,1,0,new,12,216,4,6.13,1,0,3.72,,Yes,93.83,26.75,16000,-2.19,15650,47.1,0.0,0,low
S00144,medium,Smartwatch,WCH-M4,1221,23,71,92.78,3.85,4.36,2.4,2,46.9,1,0,new,12,1255,9,8.28,40,2,3.4,3.7,No,95.38,15.52,22000,-5.23,20850,29.1,0.0,0,low
S00366,small,Wi-Fi Router,RTR-M1,235,8,32,95.57,1.56,1.87,1.5,0,69.3,1,0,new,0,62,5,1.51,39,2,4.66,4.76,Yes,90.48,16.12,1800,2.78,1850,84.0,0.0,0,low
S00361,small,Bluetooth Speaker,SPK-M4,33,1,21,92.44,7.32,10.08,7.3,0,58.8,0,0,new,12,240,12,9.68,1,0,2.7,,No,84.29,1.45,14000,-0.36,13950,52.9,0.0,0,low
S00498,medium,Laptop,LAP-M3,877,13,51,95.34,1.3,2.48,1.9,0,25.0,1,0,new,6,136,21,6.14,24,1,4.14,3.83,Yes,95.1,5.64,80000,-4.25,76600,37.5,0.0,0,low
S00276,medium,Bluetooth Speaker,SPK-M1,1137,23,43,94.69,2.83,3.51,6.7,3,39.8,1,1,new,6,1005,28,5.39,26,2,4.24,4.35,Yes,89.46,27.77,1500,7.33,1610,100.0,0.0,0,low
S00353,medium,Bluetooth Speaker,SPK-M3,1270,11,55,95.55,2.39,2.99,2.5,1,47.4,1,1,new,12,159,12,5.83,47,1,3.88,3.82,Yes,91.68,11.82,7000,-5.14,6640,27.3,0.0,0,low
S00271,big,Mobile Phone,MOB-M4,8010,200,86,98.26,1.12,1.81,1.4,5,32.3,1,1,new,12,227,66,6.23,148,9,4.46,4.33,Yes,99.25,7.26,65000,-1.92,63750,53.3,0.0,0,low
S00556,small,Smart TV,TV-M2,46,2,26,89.2,9.64,11.02,5.4,0,38.4,1,0,new,3,37,4,7.12,1,0,2.78,,No,94.25,8.76,35000,4.71,36650,91.5,0.0,0,low
S00487,small,Wi-Fi Router,RTR-M1,436,80,6,94.45,2.64,2.98,5.0,0,41.5,1,0,new,12,180,6,3.64,88,35,4.13,4.47,Yes,91.63,1.91,1800,5.0,1890,98.0,0.0,0,low
S00299,small,Gaming Console,CON-M2,236,25,11,94.4,4.08,4.5,5.5,1,52.8,0,0,new,6,55,4,3.43,6,2,4.0,4.35,Yes,99.21,13.03,52000,-5.38,49200,30.2,0.0,0,low
S00329,small,Smartwatch,WCH-M3,62,6,11,98.48,3.14,3.42,2.3,0,34.4,0,0,new,12,22,11,6.53,5,1,4.37,4.28,Yes,91.87,15.49,9000,-1.0,8910,50.8,0.0,0,low
S00087,medium,Wi-Fi Router,RTR-M4,1043,28,60,95.84,2.26,2.56,2.5,0,68.1,1,0,new,3,38,39,2.02,11,1,4.01,3.87,Yes,99.0,16.43,9500,-1.68,9340,53.3,0.0,0,low
S00551,big,Smart TV,TV-M5,23658,307,57,98.86,0.84,1.37,1.5,15,28.0,1,0,new,12,49,157,3.31,302,11,4.83,4.62,Yes,96.45,16.69,180000,-4.64,171650,26.8,0.0,0,low
S00251,small,Smartwatch,WCH-M2,100,16,7,89.33,6.63,8.37,5.9,0,30.6,1,0,new,12,210,7,10.93,5,2,2.65,2.62,No,88.12,8.26,4500,4.67,4710,95.9,0.0,0,low
S00170,big,Wireless Earbuds,EAR-M5,24282,382,90,96.38,1.83,2.7,2.6,14,20.6,1,1,new,12,71,47,7.25,186,7,4.28,4.28,Yes,92.86,18.08,28000,-3.75,26950,25.0,0.0,0,low
S00424,small,Smart TV,TV-M1,209,15,9,93.84,1.89,3.05,2.9,0,68.1,0,0,new,12,73,4,6.04,11,2,3.79,3.9,Yes,96.9,4.36,22000,-8.86,20050,20.8,0.0,0,low
S00420,small,Bluetooth Speaker,SPK-M2,185,1,51,87.25,4.73,6.2,3.9,1,35.4,0,0,new,12,67,7,7.47,11,0,2.82,,No,100.0,11.36,3500,0.86,3530,65.0,0.0,0,low
S00328,medium,Wi-Fi Router,RTR-M1,1453,22,64,93.17,3.22,3.85,3.0,2,60.9,1,0,new,0,1246,39,3.8,47,1,3.95,4.24,Yes,91.86,10.22,1800,-2.78,1750,46.0,0.0,0,low
S00274,small,Gaming Console,CON-M3,104,19,9,94.39,2.97,1.83,1.8,0,38.9,0,0,new,6,270,7,4.51,7,4,4.45,4.81,Yes,97.9,16.21,62000,-0.24,61850,66.0,0.0,0,low
S00461,big,Bluetooth Speaker,SPK-M3,10254,368,30,95.17,2.62,3.53,3.0,7,43.7,0,1,new,3,370,76,5.24,91,11,3.6,3.85,Yes,89.75,14.17,7000,-4.29,6700,30.9,0.0,0,low
S00516,big,Mobile Phone,MOB-M1,25726,176,105,97.86,1.3,1.76,0.8,8,22.0,1,0,new,6,70,115,4.17,268,3,3.96,3.86,Yes,97.17,6.61,12000,-0.83,11900,67.2,0.0,0,low
S00520,small,Wireless Earbuds,EAR-M3,700,40,13,96.47,2.66,4.21,2.9,1,62.4,0,0,new,3,191,21,6.43,14,2,3.75,3.56,Yes,94.16,6.6,5500,-35.45,3550,9.1,0.0,0,low
S00380,medium,Bluetooth Speaker,SPK-M3,735,7,56,94.31,2.93,4.7,6.4,0,58.0,1,0,new,3,121,45,6.65,9,0,4.04,,Yes,91.77,23.65,7000,-2.43,6830,45.5,0.0,0,low
S00011,small,Laptop,LAP-M4,252,13,18,91.01,2.97,5.5,4.7,0,55.9,1,0,new,0,153,4,6.99,3,0,3.66,,Yes,96.33,6.8,120000,4.42,125300,94.6,0.0,0,low
S00026,small,Smart TV,TV-M1,700,21,22,90.8,4.9,5.76,3.7,1,69.6,1,0,new,12,31,3,7.58,32,2,3.23,3.26,No,90.4,10.8,22000,-0.68,21850,58.4,0.0,0,low
S00259,small,Desktop Computer,PC-M5,194,37,7,94.07,2.25,4.77,3.2,0,46.2,0,0,new,12,117,5,5.05,5,2,3.67,3.23,Yes,100.0,17.49,160000,1.06,161700,63.5,0.0,0,low
S00427,small,Gaming Console,CON-M1,94,10,8,100.0,0.1,1.15,1.1,0,58.2,1,0,new,12,26,6,3.19,3,1,4.19,4.33,Yes,100.0,19.11,38000,0.39,38150,66.7,0.0,0,low
S00495,small,Wi-Fi Router,RTR-M5,225,26,9,88.12,6.01,7.63,6.9,0,43.2,1,1,new,6,166,7,7.23,6,2,2.91,2.9,No,85.83,11.02,16000,2.19,16350,86.3,0.0,0,low
S00561,medium,Mobile Phone,MOB-M3,1045,19,48,95.03,2.99,3.77,4.7,1,48.3,1,0,new,0,243,38,5.36,36,1,3.89,3.87,Yes,100.0,12.51,38000,3.68,39400,88.5,0.0,0,low
S00330,small,Wireless Earbuds,EAR-M4,48,9,9,92.7,3.89,2.87,5.2,0,67.1,1,0,new,12,74,3,8.15,5,2,4.02,4.03,Yes,94.39,11.39,12000,1.67,12200,75.0,0.0,0,low
S00462,small,Smart TV,TV-M2,4,3,5,72.72,4.52,10.9,12.8,0,26.0,0,0,new,0,38,270,11.66,0,0,,,No,,,35000,-57.86,14750,1.7,1.0,100,high
S00461,big,Wi-Fi Router,RTR-M1,10254,368,30,95.17,2.62,3.53,3.0,7,43.7,0,1,new,12,57,105,3.44,107,11,3.99,3.89,Yes,95.05,1.17,1800,3.89,1870,90.0,0.0,0,low
S00079,small,Wireless Earbuds,EAR-M4,119,5,29,91.64,5.62,6.69,4.4,0,44.8,1,0,new,12,306,5,9.92,6,0,2.76,,No,89.52,8.67,12000,0.0,12000,69.2,0.0,0,low
S00470,medium,Wireless Earbuds,EAR-M2,1661,51,31,98.02,0.84,1.53,0.7,1,49.6,1,0,new,0,268,72,2.91,92,6,4.21,4.4,Yes,96.92,13.66,2500,1.6,2540,84.8,0.0,0,low
S00132,medium,Digital Camera,CAM-M1,2214,147,17,96.17,2.4,3.17,1.8,2,26.9,1,0,new,12,361,9,2.72,41,5,4.16,4.03,Yes,94.36,15.26,35000,-3.29,33850,42.3,0.0,0,low
S00463,small,Desktop Computer,PC-M4,178,6,25,95.58,1.86,3.06,3.6,0,58.9,1,0,new,3,251,5,4.66,9,1,4.15,4.26,Yes,95.8,22.65,95000,-1.26,93800,52.2,0.0,0,low
S00198,small,Desktop Computer,PC-M1,251,18,21,100.0,1.22,1.24,1.8,1,69.0,0,0,new,0,72,8,4.04,20,3,4.89,4.88,Yes,99.88,14.09,30000,9.67,32900,100.0,0.0,0,low
S00426,small,Smart TV,TV-M3,36,2,13,97.21,0.57,2.95,1.9,0,63.8,0,0,new,12,36,7,4.03,1,0,4.17,,Yes,88.22,1.57,55000,3.45,56900,85.7,0.0,0,low
S00291,small,Smartwatch,WCH-M3,154,7,16,95.89,1.48,1.64,1.0,0,39.7,1,0,new,12,244,5,4.35,4,1,4.36,4.29,Yes,97.42,31.05,9000,0.33,9030,69.5,0.0,0,low
S00250,medium,Laptop,LAP-M2,1278,27,47,91.69,3.84,5.41,4.3,4,42.6,0,0,new,3,17,46,4.03,24,1,3.76,3.88,Yes,96.78,16.07,55000,9.27,60100,98.1,0.0,0,low
S00070,medium,Laptop,LAP-M1,1345,43,33,99.17,0.95,1.58,1.0,1,31.8,1,0,new,12,99,7,3.79,16,1,5.0,5.0,Yes,99.81,7.89,38000,0.26,38100,71.6,0.0,0,low
S00031,small,Wireless Earbuds,EAR-M1,279,5,36,97.56,1.6,1.29,1.6,1,46.7,1,0,new,6,141,2,4.95,6,0,4.76,,Yes,91.0,18.06,1200,-2.5,1170,47.7,0.0,0,low
S00167,big,Power Bank,PWR-M4,29079,775,47,97.51,1.39,1.9,2.3,18,37.2,1,1,new,12,45,57,4.8,358,19,4.41,4.61,Yes,93.99,5.55,4800,-1.67,4720,41.7,0.0,0,low
S00545,small,Bluetooth Speaker,SPK-M4,48,0,48,88.61,3.83,7.45,7.1,0,59.1,1,0,new,12,594,5,5.49,1,0,3.71,,Yes,91.41,9.93,14000,2.5,14350,78.4,0.0,0,low
S00202,medium,Gaming Console,CON-M3,644,16,34,98.09,1.62,1.85,1.8,1,52.6,1,0,new,12,203,10,3.99,16,1,4.62,4.71,Yes,94.25,3.02,62000,5.24,65250,94.0,0.0,0,low
S00062,small,Wi-Fi Router,RTR-M5,169,8,28,92.33,3.11,3.79,2.1,1,63.5,1,0,new,12,512,3,3.39,6,1,4.71,4.51,Yes,93.17,17.94,16000,2.81,16450,90.2,0.0,0,low
S00461,big,Power Bank,PWR-M5,10254,368,30,95.17,2.62,3.53,3.0,7,43.7,0,1,new,12,59,93,5.28,113,12,3.94,3.73,Yes,93.88,16.54,8500,-6.71,7930,20.0,0.0,0,low
S00034,small,Wireless Earbuds,EAR-M1,44,2,21,95.42,5.47,4.75,7.0,0,87.5,1,0,new,12,397,3,6.31,0,0,,,No,,,1200,0.83,1210,73.8,0.0,0,low
S00167,big,Desktop Computer,PC-M4,29079,775,47,97.51,1.39,1.9,2.3,18,37.2,1,1,new,12,546,75,2.53,226,13,4.25,4.13,Yes,93.99,3.9,95000,-1.05,94000,54.3,0.0,0,low
S00208,small,Gaming Console,CON-M3,121,73,3,100.0,0.99,2.22,2.3,0,58.5,1,0,new,6,50,8,4.01,4,4,3.86,3.9,Yes,95.11,15.42,62000,-3.31,59950,44.0,0.0,0,low
S00193,small,Laptop,LAP-M3,73,3,28,88.96,7.5,7.63,6.6,0,63.1,0,0,new,6,250,10,9.54,3,0,2.64,,No,91.38,8.21,80000,-7.13,74300,26.6,0.0,0,low
S00036,big,Bluetooth Speaker,SPK-M1,10995,152,61,97.1,1.6,2.17,3.2,8,24.3,1,0,new,6,534,114,5.58,160,6,3.96,3.89,Yes,94.78,21.48,1500,-1.33,1480,64.3,0.0,0,low
S00440,big,Mobile Phone,MOB-M3,27243,487,52,97.08,1.47,2.27,1.9,18,31.0,1,1,new,6,597,153,3.95,489,17,4.16,4.15,Yes,92.64,10.8,38000,-1.58,37400,54.1,0.0,0,low
S00076,small,Digital Camera,CAM-M4,254,8,20,100.0,0.89,0.5,1.1,0,36.7,0,0,refurbished,6,404,13,2.18,5,0,4.88,,Yes,100.0,6.56,100000,-40.3,59700,8.0,0.0,0,low
S00194,small,Wireless Earbuds,EAR-M1,106,7,19,91.8,2.63,3.35,5.6,0,67.5,0,0,new,12,127,6,7.9,5,1,2.77,3.12,No,92.85,13.4,1200,0.0,1200,66.2,0.0,0,low
S00381,small,Smartwatch,WCH-M5,212,6,19,91.43,3.16,4.4,2.1,1,36.7,0,0,new,12,395,6,7.34,10,1,3.67,3.55,Yes,97.44,12.47,45000,21.11,54500,100.0,0.0,0,low
S00210,big,Desktop Computer,PC-M4,13189,193,98,95.84,2.16,2.87,2.0,13,32.6,1,0,new,12,91,296,6.63,200,9,4.06,3.94,Yes,97.8,4.9,95000,3.37,98200,87.0,0.0,0,low
S00347,small,Digital Camera,CAM-M1,574,57,8,97.13,2.19,2.21,1.3,0,62.3,0,0,new,12,36,9,2.96,19,6,4.44,4.38,Yes,93.78,12.23,35000,6.86,37400,98.1,0.0,0,low
S00361,small,Desktop Computer,PC-M5,33,1,21,92.44,7.32,10.08,7.3,0,58.8,0,0,new,3,163,10,5.11,1,0,3.32,,No,95.3,10.64,160000,3.75,166000,90.4,0.0,0,low
S00513,small,Bluetooth Speaker,SPK-M1,159,7,21,88.78,3.59,7.95,6.1,0,58.7,0,0,new,12,75,6,7.34,12,1,3.09,3.23,No,90.67,0.8,1500,-2.67,1460,50.0,0.0,0,low
S00167,big,Smartwatch,WCH-M5,29079,775,47,97.51,1.39,1.9,2.3,18,37.2,1,1,new,12,164,51,5.11,152,8,4.7,5.0,Yes,94.41,12.65,45000,-4.56,42950,25.9,0.0,0,low
S00155,medium,Wireless Earbuds,EAR-M3,1521,36,36,95.68,2.08,2.82,1.8,3,42.8,1,0,new,0,72,32,6.83,77,5,3.8,4.09,Yes,98.35,1.72,5500,1.09,5560,81.8,0.0,0,low
S00452,small,Gaming Console,CON-M4,50,30,4,92.49,5.79,4.59,5.3,0,32.7,0,0,new,0,38,314,6.2,2,2,4.75,3.67,Yes,48.16,34.92,78000,-21.54,61200,15.2,1.0,100,high
S00464,small,Desktop Computer,PC-M2,278,30,7,97.14,1.03,1.98,0.9,0,61.9,1,0,new,6,116,20,5.01,50,14,4.48,4.52,Yes,96.66,6.33,45000,7.0,48150,100.0,0.0,0,low
S00050,small,Smartwatch,WCH-M1,109,103,1,92.4,6.21,5.43,4.4,0,78.6,1,0,new,0,30,4,8.5,1,1,3.15,3.23,No,94.53,10.13,2000,-1.0,1980,69.8,0.0,0,low
S00342,big,Digital Camera,CAM-M4,22236,160,105,94.67,2.81,3.61,1.9,36,32.8,1,1,new,12,288,105,3.94,314,5,3.81,3.73,Yes,87.65,3.88,100000,-1.4,98600,46.0,0.0,0,low
S00467,medium,Mobile Phone,MOB-M1,500,13,38,96.69,1.16,2.32,3.2,0,52.5,1,0,new,12,47,11,2.14,16,1,4.34,4.14,Yes,91.8,26.0,12000,-5.83,11300,37.9,0.0,0,low
S00051,medium,Digital Camera,CAM-M3,2738,59,34,96.71,1.48,2.21,1.7,2,55.8,1,0,new,12,10,15,1.8,56,3,4.4,4.2,Yes,92.89,13.84,80000,-1.56,78750,54.9,0.0,0,low
S00519,small,Laptop,LAP-M4,13,8,5,93.39,7.45,7.64,13.6,0,42.1,0,0,refurbished,3,14,177,8.0,0,0,,,No,,,120000,-47.92,62500,4.1,1.0,100,high
S00182,big,Laptop,LAP-M1,24268,669,60,98.02,1.0,1.56,1.1,14,37.0,1,1,new,12,66,39,6.37,172,8,3.86,3.94,Yes,96.84,13.15,38000,0.79,38300,76.1,0.0,0,low
S00465,small,Smartwatch,WCH-M1,82,3,18,91.27,5.48,4.5,4.1,0,51.4,1,0,new,6,42,20,7.11,2,0,3.38,,No,91.93,19.99,2000,-5.5,1890,32.6,0.0,0,low
S00020,big,Smartwatch,WCH-M2,20754,268,68,96.9,1.7,2.43,2.0,20,29.7,1,1,new,3,310,165,5.49,266,9,4.04,3.57,Yes,94.24,24.32,4500,0.22,4510,67.3,0.0,0,low
S00110,small,Wi-Fi Router,RTR-M2,166,11,12,99.47,0.1,0.8,2.1,0,47.1,0,0,new,6,360,3,4.57,5,1,4.8,4.68,Yes,96.97,25.47,3200,-2.5,3120,51.9,0.0,0,low
S00435,small,Smartwatch,WCH-M1,179,14,8,96.91,0.76,1.31,2.0,0,51.3,1,0,used,6,221,6,4.09,7,1,4.42,4.71,Yes,100.0,6.19,2000,-22.5,1550,4.7,0.0,0,low
S00210,big,Smartwatch,WCH-M3,13189,193,98,95.84,2.16,2.87,2.0,13,32.6,1,0,new,0,761,160,6.96,275,10,4.38,4.48,Yes,99.03,5.45,9000,-1.11,8900,45.8,0.0,0,low
S00515,small,Gaming Console,CON-M3,46,3,27,100.0,0.19,1.51,0.5,0,23.0,0,0,new,6,158,4,3.59,3,1,5.0,4.83,Yes,91.48,6.91,62000,-4.6,59150,36.0,0.0,0,low
S00428,small,Smartwatch,WCH-M3,93,3,27,94.49,2.92,3.52,2.2,0,75.1,0,0,new,0,20,7,6.47,6,1,4.1,4.12,Yes,97.12,9.84,9000,-6.56,8410,13.6,0.0,0,low
S00102,small,Desktop Computer,PC-M2,41,15,4,92.03,2.5,5.07,3.1,1,61.2,0,0,new,3,89,12,3.82,1,1,3.83,3.49,Yes,99.47,24.73,45000,2.89,46300,83.9,0.0,0,low
S00505,medium,Mobile Phone,MOB-M4,2401,45,33,98.15,1.56,1.8,1.6,3,21.4,1,0,new,3,63,9,5.64,30,2,4.45,4.62,Yes,100.0,18.84,65000,-5.85,61200,40.0,0.0,0,low
S00440,big,Power Bank,PWR-M5,27243,487,52,97.08,1.47,2.27,1.9,18,31.0,1,1,new,6,593,416,3.59,364,17,4.09,4.3,Yes,89.98,11.83,8500,-5.18,8060,31.7,0.0,0,low
S00184,small,Smart TV,TV-M1,102,5,22,87.4,3.75,4.88,4.8,0,58.6,0,0,new,3,201,3,7.76,12,1,3.06,3.03,No,90.35,6.92,22000,-3.64,21200,37.7,0.0,0,low
S00559,small,Wireless Earbuds,EAR-M1,304,12,23,97.1,0.78,1.23,1.2,0,54.2,0,0,new,12,127,19,3.52,9,1,4.61,4.79,Yes,93.09,12.22,1200,0.83,1210,73.8,0.0,0,low
S00297,small,Laptop,LAP-M4,50,2,12,99.38,1.56,2.57,1.2,0,51.8,1,0,new,6,320,4,4.42,3,0,4.83,,Yes,89.42,34.91,120000,-2.21,117350,55.4,0.0,0,low
S00105,big,Smart TV,TV-M5,16216,133,100,89.08,5.86,7.29,9.8,58,47.8,1,1,new,12,294,125,8.12,254,5,2.88,3.12,No,88.74,17.57,180000,1.92,183450,75.0,0.0,0,low
S00226,small,Power Bank,PWR-M1,138,13,10,95.82,2.53,2.25,3.3,0,54.9,0,0,new,0,252,2,5.22,10,3,4.05,4.26,Yes,92.48,2.78,1100,-2.73,1070,40.0,0.0,0,low
S00457,small,Wireless Earbuds,EAR-M1,42,2,15,87.51,10.86,9.15,9.9,1,56.1,1,1,new,12,261,4,11.98,5,1,2.25,2.23,No,81.85,18.93,1200,-40.83,710,4.6,0.0,0,low
S00383,small,Digital Camera,CAM-M5,185,9,13,96.34,1.29,2.17,2.3,0,63.1,0,0,new,12,58,10,4.73,7,1,4.88,4.93,Yes,98.52,1.01,180000,-1.81,176750,59.2,0.0,0,low
S00277,big,Gaming Console,CON-M4,44244,759,51,98.56,0.95,1.46,1.1,16,56.4,1,1,new,12,498,147,2.29,298,15,4.83,4.41,Yes,98.64,10.75,78000,-1.22,77050,50.0,0.0,0,low
S00037,small,Bluetooth Speaker,SPK-M4,148,2,53,96.07,1.35,3.52,2.6,0,48.6,0,0,new,6,436,7,5.35,2,0,3.91,,Yes,92.06,33.95,14000,-2.5,13650,37.3,0.0,0,low
S00231,small,Power Bank,PWR-M3,174,8,23,91.45,3.05,4.56,4.1,0,53.3,0,0,new,12,294,17,6.51,11,1,3.5,3.65,No,94.38,21.12,3000,0.33,3010,69.0,0.0,0,low
S00148,big,Desktop Computer,PC-M2,12646,155,102,96.7,1.86,2.51,2.2,9,18.7,1,0,new,6,56,55,4.93,117,4,3.99,3.86,Yes,97.62,1.03,45000,-1.67,44250,53.6,0.0,0,low
S00556,small,Wireless Earbuds,EAR-M4,46,2,26,89.2,9.64,11.02,5.4,0,38.4,1,0,new,6,179,4,9.44,1,0,2.51,,No,85.33,13.66,12000,-4.58,11450,28.8,0.0,0,low
S00542,small,Wireless Earbuds,EAR-M4,269,14,23,90.55,4.93,6.48,2.9,1,64.1,0,0,new,12,216,7,9.13,8,1,3.01,2.76,No,95.6,10.31,12000,5.42,12650,94.2,0.0,0,low
S00490,small,Laptop,LAP-M5,34,5,4,96.46,0.1,2.64,0.9,0,61.8,0,0,new,6,120,7,4.11,0,0,,,No,,,190000,3.92,197450,87.7,0.0,0,low
S00138,small,Desktop Computer,PC-M4,69,3,28,89.64,6.65,6.37,3.7,1,46.9,0,0,used,6,264,9,6.36,2,0,2.92,,No,95.08,25.29,95000,-34.58,62150,8.7,0.0,0,low
S00450,small,Digital Camera,CAM-M5,144,17,10,78.34,9.63,10.69,8.4,2,75.4,1,0,new,6,166,7,9.25,2,1,2.37,2.5,No,92.63,28.23,180000,-4.14,172550,42.9,0.0,0,low
S00516,big,Digital Camera,CAM-M1,25726,176,105,97.86,1.3,1.76,0.8,8,22.0,1,0,new,12,137,89,3.27,335,4,4.49,4.27,Yes,100.0,10.7,35000,-5.0,33250,25.0,0.0,0,low
S00141,small,Gaming Console,CON-M5,248,9,21,92.37,3.87,4.89,5.4,0,56.6,1,0,new,12,99,3,4.91,14,1,3.53,3.52,No,90.47,20.07,95000,3.32,98150,87.1,0.0,0,low
S00408,small,Desktop Computer,PC-M4,163,21,6,91.11,3.41,3.71,4.9,0,69.7,1,0,refurbished,12,31,4,3.99,20,8,4.41,4.58,Yes,92.34,2.82,95000,-12.42,83200,15.2,0.0,0,low
S00249,small,Wireless Earbuds,EAR-M3,320,10,34,95.05,3.83,4.63,6.0,1,32.6,1,0,new,3,32,4,6.12,23,1,3.78,4.08,Yes,98.13,8.5,5500,1.64,5590,86.4,0.0,0,low
S00514,small,Smart TV,TV-M5,143,13,9,92.58,1.77,5.69,5.1,0,49.3,1,0,new,12,270,8,6.56,25,5,3.91,3.78,Yes,93.04,5.87,180000,-5.39,170300,21.4,0.0,0,low
S00139,medium,Power Bank,PWR-M4,707,64,10,96.94,2.07,2.45,2.3,1,50.6,1,0,new,6,300,37,7.09,18,4,3.74,3.8,Yes,92.34,24.28,4800,0.42,4820,63.3,0.0,0,low
S00209,medium,Wireless Earbuds,EAR-M3,2043,282,12,97.52,1.2,1.7,3.2,1,31.3,1,0,new,12,175,27,5.08,79,32,4.04,3.73,Yes,91.16,12.38,5500,-0.73,5460,63.6,0.0,0,low
S00529,small,Smartwatch,WCH-M4,127,38,3,96.94,2.43,3.69,3.0,0,50.1,1,0,new,12,90,8,8.56,4,2,3.32,3.55,No,89.16,13.3,22000,-1.59,21650,61.8,0.0,0,low
S00440,big,Smartwatch,WCH-M2,27243,487,52,97.08,1.47,2.27,1.9,18,31.0,1,1,new,12,200,37,5.12,402,15,3.91,4.16,Yes,93.96,39.27,4500,-4.67,4290,32.7,0.0,0,low
S00551,big,Laptop,LAP-M5,23658,307,57,98.86,0.84,1.37,1.5,15,28.0,1,0,new,12,313,192,3.56,218,6,4.56,4.04,Yes,98.25,19.61,190000,-0.42,189200,63.2,0.0,0,low
S00234,medium,Wi-Fi Router,RTR-M4,5840,118,46,96.37,1.97,2.84,2.2,4,65.6,1,0,refurbished,3,141,13,3.08,158,7,3.99,3.91,Yes,99.5,4.5,9500,-34.84,6190,6.7,0.0,0,low
S00255,small,Gaming Console,CON-M5,75,7,11,100.0,0.1,3.22,1.6,0,61.6,0,0,new,6,330,11,2.42,8,2,4.31,4.35,Yes,90.18,22.99,95000,1.21,96150,71.0,0.0,0,low
S00148,big,Smartwatch,WCH-M1,12646,155,102,96.7,1.86,2.51,2.2,9,18.7,1,0,new,3,605,221,5.75,76,2,3.93,3.85,Yes,92.59,1.69,2000,0.5,2010,76.7,0.0,0,low
S00330,small,Power Bank,PWR-M5,48,9,9,92.7,3.89,2.87,5.2,0,67.1,1,0,new,12,222,6,6.53,6,3,3.45,3.49,No,92.54,14.97,8500,0.82,8570,73.3,0.0,0,low
S00386,small,Bluetooth Speaker,SPK-M3,177,28,7,92.83,5.97,6.98,4.1,0,58.4,0,0,new,12,210,3,6.26,24,9,3.18,3.82,No,88.5,12.51,7000,5.57,7390,96.4,0.0,0,low
S00314,small,Wireless Earbuds,EAR-M4,98,3,27,99.04,0.27,0.67,1.3,0,52.5,1,0,refurbished,0,20,4,4.44,5,0,4.62,,Yes,99.72,18.29,12000,-49.17,6100,7.7,0.0,0,low
S00038,small,Desktop Computer,PC-M4,102,11,17,98.81,3.81,3.91,2.5,0,52.1,1,0,used,3,183,11,4.78,11,3,4.01,3.99,Yes,90.82,15.6,95000,-19.47,76500,10.9,0.0,0,low
S00484,medium,Bluetooth Speaker,SPK-M3,1457,24,64,95.49,2.19,3.04,1.7,0,48.7,1,1,new,3,313,23,6.02,62,2,4.24,4.44,Yes,94.93,8.91,7000,-3.86,6730,34.5,0.0,0,low
S00334,small,Gaming Console,CON-M5,66,1,44,97.7,2.28,2.44,1.2,0,45.2,1,0,new,0,174,3,0.2,1,0,5.0,,Yes,100.0,19.67,95000,-0.26,94750,61.3,0.0,0,low
S00079,small,Smart TV,TV-M2,119,5,29,91.64,5.62,6.69,4.4,0,44.8,1,0,new,12,490,14,6.45,5,1,3.11,3.08,No,93.06,4.91,35000,2.71,35950,81.4,0.0,0,low
S00110,small,Wireless Earbuds,EAR-M5,166,11,12,99.47,0.1,0.8,2.1,0,47.1,0,0,new,12,125,15,5.05,7,2,4.56,4.49,Yes,97.06,11.56,28000,1.96,28550,82.7,0.0,0,low
S00361,small,Power Bank,PWR-M4,33,1,21,92.44,7.32,10.08,7.3,0,58.8,0,0,new,12,76,8,10.05,1,0,2.72,,No,84.23,13.46,4800,-0.21,4790,55.0,0.0,0,low
S00091,medium,Smart TV,TV-M2,3775,80,51,91.09,4.28,5.81,6.2,8,44.7,1,0,new,3,447,36,4.81,216,12,3.55,3.76,No,87.54,2.84,35000,7.57,37650,100.0,0.0,0,low
S00050,small,Wireless Earbuds,EAR-M5,109,103,1,92.4,6.21,5.43,4.4,0,78.6,1,0,new,0,30,3,9.43,2,2,3.01,3.16,No,91.85,23.73,28000,1.61,28450,78.8,0.0,0,low
S00270,small,Power Bank,PWR-M4,43,0,72,88.35,5.53,8.24,5.6,0,36.4,1,0,new,6,139,8,6.34,2,0,2.91,,No,92.31,7.34,4800,-3.54,4630,28.3,0.0,0,low
S00434,small,Laptop,LAP-M5,82,44,2,86.83,3.78,6.4,5.8,1,47.9,0,0,new,6,60,4,8.86,7,7,2.69,2.49,No,94.85,10.01,190000,-5.13,180250,40.4,0.0,0,low
S00398,small,Digital Camera,CAM-M3,21,13,4,74.79,14.57,13.92,10.0,1,13.2,0,0,new,3,59,235,12.53,45,45,4.71,3.03,Yes,59.02,33.28,80000,-12.5,70000,17.6,1.0,100,high
S00274,small,Bluetooth Speaker,SPK-M4,104,19,9,94.39,2.97,1.83,1.8,0,38.9,0,0,new,3,64,10,5.17,0,0,,,No,,,14000,0.0,14000,58.8,0.0,0,low
S00421,medium,Digital Camera,CAM-M5,1312,34,26,94.43,2.88,2.79,2.6,2,36.1,0,0,new,12,122,25,6.47,34,2,3.94,4.06,Yes,92.62,23.64,180000,-4.22,172400,38.8,0.0,0,low
S00470,medium,Smart TV,TV-M5,1661,51,31,98.02,0.84,1.53,0.7,1,49.6,1,0,new,6,215,52,5.82,80,5,4.55,4.49,Yes,95.42,6.52,180000,-2.31,175850,37.5,0.0,0,low
S00444,small,Digital Camera,CAM-M3,109,23,8,95.59,1.75,2.51,3.6,0,63.1,0,0,new,6,56,10,5.71,5,3,3.97,4.09,Yes,92.33,1.15,80000,-5.37,75700,33.3,0.0,0,low
S00170,big,Power Bank,PWR-M2,24282,382,90,96.38,1.83,2.7,2.6,14,20.6,1,1,new,12,230,92,6.92,138,6,3.76,3.99,Yes,91.45,8.96,1800,-1.67,1770,62.7,0.0,0,low
S00543,small,Mobile Phone,MOB-M2,356,157,2,97.02,1.75,1.82,3.1,0,48.6,1,0,new,12,60,15,3.96,14,14,4.48,4.56,Yes,94.21,9.1,22000,10.0,24200,98.1,0.0,0,low
S00373,small,Smartwatch,WCH-M3,49,1,23,100.0,4.28,4.74,3.6,0,21.8,0,0,new,0,690,7,6.57,3,0,3.43,,No,92.58,15.58,9000,0.67,9060,79.7,0.0,0,low
S00239,small,Digital Camera,CAM-M5,164,18,13,96.12,1.63,3.76,3.2,0,50.9,0,0,new,12,390,4,5.66,25,5,3.92,3.47,Yes,93.01,8.0,180000,7.0,192600,95.9,0.0,0,low
S00293,medium,Wi-Fi Router,RTR-M3,1911,20,54,95.46,2.36,3.62,3.3,4,26.8,0,0,new,12,150,30,3.84,55,1,4.02,3.7,Yes,93.66,17.17,5500,-0.18,5490,65.2,0.0,0,low
S00075,big,Smart TV,TV-M1,31838,212,94,95.92,2.22,2.98,2.8,30,24.2,1,1,new,12,130,93,7.24,301,5,3.86,3.62,Yes,86.88,23.21,22000,-5.45,20800,29.9,0.0,0,low
S00214,medium,Wireless Earbuds,EAR-M5,1470,38,51,94.27,2.09,2.83,4.3,2,50.6,0,1,new,12,323,11,5.76,32,2,4.24,4.43,Yes,96.11,15.24,28000,-2.32,27350,40.4,0.0,0,low
S00213,small,Power Bank,PWR-M1,63,2,34,94.14,3.32,3.7,5.8,0,65.5,1,0,new,12,329,14,3.8,4,0,3.89,,Yes,93.66,2.87,1100,0.0,1100,70.0,0.0,0,low
S00170,big,Gaming Console,CON-M5,24282,382,90,96.38,1.83,2.7,2.6,14,20.6,1,1,new,12,192,95,1.48,262,15,4.18,3.92,Yes,99.67,6.25,95000,-1.0,94050,56.5,0.0,0,low
S00088,small,Laptop,LAP-M5,13,8,1,80.4,4.59,12.54,10.1,0,0.0,0,0,new,0,59,199,10.77,57,57,4.34,3.17,Yes,35.66,77.28,190000,-36.76,120150,17.5,1.0,100,high
S00515,small,Wi-Fi Router,RTR-M2,46,3,27,100.0,0.19,1.51,0.5,0,23.0,0,0,new,12,466,6,3.77,2,0,4.71,,Yes,99.86,5.92,3200,1.25,3240,87.0,0.0,0,low
S00114,small,Smart TV,TV-M4,32,24,5,80.11,11.02,9.86,5.9,0,21.4,0,0,new,0,5,225,6.54,0,0,,,No,,,90000,6.11,95500,95.2,1.0,100,high
S00084,small,Power Bank,PWR-M5,87,10,7,98.61,3.41,3.57,3.0,0,71.7,0,0,new,3,164,12,4.25,8,3,3.69,3.76,Yes,94.18,23.67,8500,2.82,8740,81.7,0.0,0,low
S00476,medium,Smartwatch,WCH-M2,2222,76,14,97.8,0.86,1.78,2.0,0,48.3,1,0,new,12,280,14,4.41,26,2,4.16,4.04,Yes,94.24,29.17,4500,-2.0,4410,51.0,0.0,0,low
S00396,medium,Wi-Fi Router,RTR-M5,1760,49,29,89.56,5.0,6.85,3.8,6,10.4,1,1,new,12,74,22,8.37,48,2,2.9,2.83,No,94.54,3.08,16000,-12.81,13950,9.8,0.0,0,low
S00034,small,Wi-Fi Router,RTR-M1,44,2,21,95.42,5.47,4.75,7.0,0,87.5,1,0,new,12,273,6,4.87,1,0,3.36,,No,88.5,6.89,1800,-5.56,1700,18.0,0.0,0,low
S00087,medium,Bluetooth Speaker,SPK-M3,1043,28,60,95.84,2.26,2.56,2.5,0,68.1,1,0,new,6,1110,42,4.43,13,1,4.14,4.29,Yes,100.0,9.0,7000,-3.14,6780,38.2,0.0,0,low
S00353,medium,Desktop Computer,PC-M4,1270,11,55,95.55,2.39,2.99,2.5,1,47.4,1,1,new,12,111,21,4.09,50,1,3.9,3.9,Yes,94.58,21.36,95000,-4.32,90900,30.4,0.0,0,low
S00073,small,Smartwatch,WCH-M5,211,20,16,91.57,4.42,5.2,9.1,1,58.8,1,1,new,12,480,14,7.06,31,7,3.47,3.35,No,90.94,4.69,45000,-4.44,43000,27.8,0.0,0,low
S00020,big,Desktop Computer,PC-M2,20754,268,68,96.9,1.7,2.43,2.0,20,29.7,1,1,new,12,283,148,3.88,322,11,4.3,4.33,Yes,87.63,14.13,45000,-5.11,42700,28.6,0.0,0,low
S00129,big,Desktop Computer,PC-M3,16423,119,103,96.97,1.8,2.49,2.3,8,15.2,1,0,new,12,79,42,2.81,202,3,4.3,4.25,Yes,99.66,33.43,65000,-2.46,63400,41.7,0.0,0,low
S00067,small,Mobile Phone,MOB-M1,359,41,9,94.83,2.23,2.44,1.2,0,39.4,0,0,new,6,142,9,4.0,26,8,4.01,4.08,Yes,90.14,16.82,12000,-5.83,11300,37.9,0.0,0,low
S00522,small,Mobile Phone,MOB-M2,222,13,18,93.81,2.42,2.63,1.9,1,44.3,0,0,new,12,97,3,2.68,9,1,5.0,5.0,Yes,100.0,6.99,22000,0.23,22050,77.4,0.0,0,low
S00273,small,Wi-Fi Router,RTR-M5,118,6,18,96.05,3.22,3.43,4.3,0,32.3,0,0,new,3,8,8,4.6,2,0,4.06,,Yes,91.66,20.28,16000,-2.81,15550,43.1,0.0,0,low
S00074,small,Digital Camera,CAM-M4,106,50,2,95.72,3.53,3.15,3.4,0,44.7,0,0,new,12,60,3,3.92,7,7,3.23,3.15,No,92.92,29.83,100000,0.2,100200,68.0,0.0,0,low
S00527,small,Smart TV,TV-M3,58,2,16,96.04,5.53,4.31,3.4,0,71.5,1,0,new,12,480,5,4.46,2,0,3.53,,No,93.3,5.39,55000,-1.0,54450,50.0,0.0,0,low
S00522,small,Mobile Phone,MOB-M3,222,13,18,93.81,2.42,2.63,1.9,1,44.3,0,0,new,6,159,10,3.69,4,1,3.52,3.65,No,99.36,9.03,38000,3.95,39500,90.2,0.0,0,low
S00238,small,Smartwatch,WCH-M3,66,1,36,94.88,4.04,2.28,2.9,0,61.9,1,0,new,6,117,7,6.34,2,0,4.35,,Yes,100.0,4.56,9000,0.11,9010,67.8,0.0,0,low
S00392,small,Desktop Computer,PC-M5,63,5,12,92.87,5.3,2.45,3.3,1,76.5,0,0,new,12,188,8,4.72,4,1,3.49,3.21,No,98.92,15.39,160000,2.16,163450,78.8,0.0,0,low
S00354,small,Smartwatch,WCH-M2,97,3,16,95.88,1.04,2.11,1.8,0,32.1,0,0,new,3,161,15,5.54,6,0,4.04,,Yes,91.41,13.98,4500,-3.56,4340,38.8,0.0,0,low
S00466,small,Smartwatch,WCH-M2,170,26,5,92.07,4.61,5.17,9.5,0,58.4,1,0,new,3,150,2,5.5,3,2,3.38,3.32,No,90.3,8.13,4500,-7.11,4180,16.3,0.0,0,low
S00140,medium,Power Bank,PWR-M1,878,9,58,96.63,2.46,2.84,1.7,0,36.9,1,0,new,12,33,30,5.63,18,1,3.67,3.6,Yes,100.0,17.92,1100,3.64,1140,86.0,0.0,0,low
S00178,small,Smart TV,TV-M1,123,2,33,98.87,0.84,2.89,3.6,0,69.7,1,0,new,6,337,5,6.43,3,0,3.57,,No,91.38,9.63,22000,-2.73,21400,44.2,0.0,0,low
S00390,small,Power Bank,PWR-M3,69,4,14,92.72,5.23,8.39,5.7,0,70.2,0,1,new,12,420,9,7.13,9,1,2.65,2.77,No,95.86,17.16,3000,3.33,3100,81.0,0.0,0,low
S00551,big,Wi-Fi Router,RTR-M4,23658,307,57,98.86,0.84,1.37,1.5,15,28.0,1,0,new,3,90,153,3.04,353,11,4.91,5.0,Yes,100.0,22.47,9500,0.63,9560,75.0,0.0,0,low
S00526,small,Wireless Earbuds,EAR-M4,70,4,20,91.0,3.13,4.96,4.1,0,62.3,0,0,new,3,142,5,8.14,4,0,3.42,,No,94.93,19.1,12000,2.5,12300,82.7,0.0,0,low
S00261,medium,Mobile Phone,MOB-M2,6000,328,10,98.06,1.12,1.81,2.5,6,47.0,1,0,new,0,63,46,3.68,112,11,5.0,4.85,Yes,91.44,12.14,22000,-2.95,21350,49.1,0.0,0,low
S00250,medium,Digital Camera,CAM-M2,1278,27,47,91.69,3.84,5.41,4.3,4,42.6,0,0,new,12,40,20,7.08,14,1,3.77,4.04,Yes,89.25,12.11,55000,0.55,55300,66.7,0.0,0,low
S00124,small,Wireless Earbuds,EAR-M4,215,14,10,99.48,0.42,0.78,1.2,0,40.9,0,0,new,12,300,2,4.69,14,4,4.48,4.47,Yes,97.66,16.49,12000,-0.83,11900,59.6,0.0,0,low
S00096,small,Gaming Console,CON-M5,25,0,31,99.96,7.3,1.84,4.2,0,44.5,0,0,new,12,35,5,4.09,2,0,3.98,,Yes,95.49,20.38,95000,3.95,98750,90.3,0.0,0,low
S00095,medium,Power Bank,PWR-M3,3258,84,52,95.14,2.89,3.81,4.5,4,40.1,1,0,new,6,349,36,4.21,35,3,3.92,3.65,Yes,91.03,22.9,3000,2.67,3080,78.6,0.0,0,low
S00523,small,Gaming Console,CON-M1,173,10,18,95.19,3.36,4.52,5.6,3,21.1,1,0,refurbished,12,540,8,4.76,9,1,3.21,2.99,No,99.13,4.56,38000,-32.11,25800,9.8,0.0,0,low
S00179,medium,Smartwatch,WCH-M1,1484,19,48,96.66,2.09,2.85,2.2,1,60.3,1,0,new,12,145,21,4.87,35,1,4.41,4.68,Yes,93.58,1.96,2000,-5.5,1890,32.6,0.0,0,low
S00209,medium,Smart TV,TV-M1,2043,282,12,97.52,1.2,1.7,3.2,1,31.3,1,0,new,3,163,27,4.12,66,19,4.39,4.49,Yes,95.0,14.92,22000,-0.23,21950,64.9,0.0,0,low
S00492,small,Gaming Console,CON-M1,83,4,19,93.35,2.06,3.72,3.6,0,55.3,0,0,refurbished,12,209,3,2.3,1,0,4.43,,Yes,94.75,13.31,38000,-28.42,27200,13.7,0.0,0,low
S00425,medium,Wi-Fi Router,RTR-M5,1915,32,56,92.44,3.7,5.17,3.0,3,59.7,1,0,new,12,113,76,6.37,60,3,3.35,3.44,No,90.53,5.02,16000,-1.25,15800,56.9,0.0,0,low
S00293,medium,Wi-Fi Router,RTR-M4,1911,20,54,95.46,2.36,3.62,3.3,4,26.8,0,0,new,0,165,16,5.03,72,2,4.22,4.23,Yes,100.0,15.0,9500,3.79,9860,90.0,0.0,0,low
S00262,small,Power Bank,PWR-M2,192,14,12,93.99,4.78,6.99,7.1,0,77.8,1,0,new,12,31,2,10.79,26,4,2.95,3.32,No,94.35,12.27,1800,-2.78,1750,54.9,0.0,0,low
S00461,big,Digital Camera,CAM-M1,10254,368,30,95.17,2.62,3.53,3.0,7,43.7,0,1,new,12,259,33,3.32,50,5,4.03,4.01,Yes,87.97,14.97,35000,-2.86,34000,44.2,0.0,0,low
S00017,small,Mobile Phone,MOB-M1,32,1,25,92.23,3.68,6.61,7.4,0,47.3,1,0,new,6,137,7,6.47,2,0,3.76,,Yes,86.32,14.97,12000,7.08,12850,100.0,0.0,0,low
S00485,medium,Desktop Computer,PC-M4,998,17,51,95.88,1.73,2.53,2.1,0,53.0,1,0,new,12,180,10,3.86,16,1,4.78,5.0,Yes,92.95,14.81,95000,-7.89,87500,17.4,0.0,0,low
S00088,small,Mobile Phone,MOB-M4,13,8,1,80.4,4.59,12.54,10.1,0,0.0,0,0,new,6,9,164,11.82,0,0,,,No,,,65000,-61.08,25300,2.2,1.0,100,high
S00179,medium,Desktop Computer,PC-M3,1484,19,48,96.66,2.09,2.85,2.2,1,60.3,1,0,new,3,956,17,6.25,50,1,3.9,4.12,Yes,100.0,12.19,65000,1.31,65850,85.4,0.0,0,low
S00113,big,Wireless Earbuds,EAR-M2,11440,310,57,97.48,1.52,2.11,1.9,6,25.3,1,1,new,12,161,45,2.38,178,14,4.54,4.42,Yes,99.83,11.29,2500,-4.4,2390,43.5,0.0,0,low
S00446,medium,Gaming Console,CON-M1,2242,57,52,93.83,3.38,3.62,8.1,4,48.7,1,0,new,0,89,71,5.13,81,6,3.81,3.71,Yes,89.75,3.35,38000,22.76,46650,100.0,0.0,0,low
S00202,medium,Smart TV,TV-M4,644,16,34,98.09,1.62,1.85,1.8,1,52.6,1,0,new,0,77,38,2.88,29,2,3.98,3.77,Yes,100.0,12.29,90000,-2.17,88050,48.4,0.0,0,low
S00044,small,Laptop,LAP-M4,158,82,8,94.7,4.18,4.4,4.7,2,30.4,1,0,refurbished,6,11,259,8.36,21,20,4.91,4.59,Yes,38.3,46.39,120000,-23.38,91950,18.9,1.0,100,high
S00461,big,Gaming Console,CON-M1,10254,368,30,95.17,2.62,3.53,3.0,7,43.7,0,1,new,12,148,180,3.61,73,7,3.67,3.54,Yes,96.15,34.09,38000,1.45,38550,76.5,0.0,0,low
S00133,medium,Wi-Fi Router,RTR-M5,1754,40,59,96.83,1.51,2.6,2.3,0,44.1,1,0,refurbished,3,785,16,3.29,41,3,4.21,4.11,Yes,99.76,7.61,16000,-41.25,9400,3.9,0.0,0,low
S00277,big,Smartwatch,WCH-M1,44244,759,51,98.56,0.95,1.46,1.1,16,56.4,1,1,new,12,219,60,5.08,314,11,4.43,4.57,Yes,98.32,5.79,2000,-6.5,1870,23.3,0.0,0,low
S00133,medium,Mobile Phone,MOB-M5,1754,40,59,96.83,1.51,2.6,2.3,0,44.1,1,0,refurbished,12,153,18,4.93,23,1,4.08,4.03,Yes,96.41,15.39,140000,-18.25,114450,18.0,0.0,0,low
S00035,small,Digital Camera,CAM-M2,54,16,3,93.86,4.17,2.9,3.9,0,34.5,0,0,refurbished,12,90,3,4.87,7,6,3.64,3.57,Yes,92.88,13.65,55000,-34.18,36200,5.0,0.0,0,low
S00049,small,Gaming Console,CON-M4,196,50,5,93.32,5.58,5.6,5.0,0,88.3,1,0,new,6,23,3,4.46,1,1,3.07,3.17,No,96.61,12.96,78000,0.45,78350,72.7,0.0,0,low
S00060,small,Smartwatch,WCH-M2,192,5,27,95.56,3.49,3.7,5.4,1,64.9,0,0,new,0,56,8,6.7,7,1,3.58,3.8,No,90.65,7.7,4500,3.33,4650,93.9,0.0,0,low
S00060,small,Smartwatch,WCH-M1,192,5,27,95.56,3.49,3.7,5.4,1,64.9,0,0,new,12,82,5,6.04,12,1,3.95,4.2,Yes,88.8,41.38,2000,3.0,2060,95.3,0.0,0,low
S00234,medium,Mobile Phone,MOB-M4,5840,118,46,96.37,1.97,2.84,2.2,4,65.6,1,0,new,3,161,25,2.82,187,14,4.51,4.69,Yes,92.14,3.35,65000,-0.77,64500,62.2,0.0,0,low
S00472,small,Power Bank,PWR-M1,52,10,10,90.58,3.55,5.98,3.3,0,53.8,0,0,new,12,300,4,4.74,0,0,,,No,,,1100,-1.82,1080,50.0,0.0,0,low
S00556,small,Bluetooth Speaker,SPK-M5,46,2,26,89.2,9.64,11.02,5.4,0,38.4,1,0,new,12,62,3,6.89,1,0,3.0,,No,93.88,30.71,30000,-2.17,29350,45.3,0.0,0,low
S00078,medium,Wireless Earbuds,EAR-M2,3467,63,83,95.06,2.65,3.55,1.8,0,52.9,1,0,new,0,352,36,3.55,84,4,3.87,3.81,Yes,92.58,12.8,2500,-8.0,2300,23.9,0.0,0,low
S00133,medium,Bluetooth Speaker,SPK-M2,1754,40,59,96.83,1.51,2.6,2.3,0,44.1,1,0,new,6,39,13,3.92,28,1,4.48,4.18,Yes,96.62,4.01,3500,-4.0,3360,27.5,0.0,0,low
S00276,medium,Digital Camera,CAM-M2,1137,23,43,94.69,2.83,3.51,6.7,3,39.8,1,1,new,12,105,61,5.22,19,1,4.14,4.19,Yes,99.7,9.56,55000,0.82,55450,68.3,0.0,0,low
S00099,small,Laptop,LAP-M3,51,1,48,93.3,0.34,2.61,0.7,0,93.5,1,0,new,12,944,7,6.15,4,0,4.37,,Yes,97.7,9.28,80000,5.75,84600,93.8,0.0,0,low
S00487,small,Wi-Fi Router,RTR-M4,436,80,6,94.45,2.64,2.98,5.0,0,41.5,1,0,refurbished,0,96,4,2.36,51,24,4.84,5.0,Yes,92.8,24.28,9500,-26.63,6970,8.3,0.0,0,low
S00455,medium,Wi-Fi Router,RTR-M2,3907,92,55,90.15,5.04,6.65,13.3,6,49.8,1,1,new,3,184,31,10.61,41,2,2.88,2.72,No,91.47,6.88,3200,-1.88,3140,61.1,0.0,0,low
S00375,small,Digital Camera,CAM-M4,104,6,15,92.17,2.67,4.87,2.3,0,72.5,1,0,new,6,184,1,1.73,8,1,3.71,3.88,Yes,95.49,12.36,100000,-1.9,98100,40.0,0.0,0,low
S00401,small,Mobile Phone,MOB-M2,64,4,19,95.58,2.96,2.24,1.9,0,64.0,1,0,new,6,171,10,4.49,3,0,4.69,,Yes,99.01,14.4,22000,3.64,22800,90.6,0.0,0,low
S00129,big,Wireless Earbuds,EAR-M5,16423,119,103,96.97,1.8,2.49,2.3,8,15.2,1,0,new,12,90,128,6.25,122,2,4.14,3.84,Yes,96.4,11.07,28000,-2.32,27350,40.4,0.0,0,low
S00251,small,Smartwatch,WCH-M5,100,16,7,89.33,6.63,8.37,5.9,0,30.6,1,0,refurbished,3,49,4,9.31,8,3,2.78,2.9,No,89.66,5.42,45000,-19.78,36100,14.8,0.0,0,low
S00178,small,Smartwatch,WCH-M3,123,2,33,98.87,0.84,2.89,3.6,0,69.7,1,0,new,3,83,5,7.43,1,0,4.27,,Yes,96.24,3.18,9000,-1.56,8860,44.1,0.0,0,low
S00272,small,Mobile Phone,MOB-M2,101,28,3,94.19,1.24,2.03,2.6,0,76.1,1,0,new,12,90,4,4.25,7,5,4.7,4.96,Yes,98.04,18.15,22000,0.68,22150,79.2,0.0,0,low
S00172,medium,Wireless Earbuds,EAR-M3,1924,43,50,95.64,2.2,3.03,3.8,0,57.7,1,1,new,12,84,25,7.57,37,2,4.15,4.02,Yes,86.82,15.46,5500,3.09,5670,90.9,0.0,0,low
S00561,medium,Gaming Console,CON-M4,1045,19,48,95.03,2.99,3.77,4.7,1,48.3,1,0,new,0,642,25,4.08,33,1,3.91,4.16,Yes,100.0,12.18,78000,1.15,78900,81.8,0.0,0,low
S00403,small,Gaming Console,CON-M1,216,5,26,88.59,6.04,6.81,4.6,1,86.5,1,0,new,12,108,5,5.57,16,1,2.48,2.29,No,87.38,11.68,38000,-3.03,36850,43.1,0.0,0,low
S00441,medium,Smart TV,TV-M4,1153,36,47,100.0,0.54,1.6,1.3,0,25.0,1,0,new,12,254,12,1.09,50,5,4.84,4.69,Yes,94.79,9.72,90000,-1.67,88500,59.7,0.0,0,low
S00269,small,Mobile Phone,MOB-M3,169,12,10,98.03,2.05,2.79,1.1,1,90.2,0,0,used,3,67,4,3.65,16,4,4.77,4.91,Yes,100.0,3.35,38000,-41.32,22300,4.9,0.0,0,low
S00472,small,Power Bank,PWR-M5,52,10,10,90.58,3.55,5.98,3.3,0,53.8,0,0,new,6,66,8,9.44,5,2,2.54,2.44,No,89.54,13.5,8500,-4.59,8110,38.3,0.0,0,low
S00448,small,Wi-Fi Router,RTR-M4,154,41,5,88.11,6.53,7.19,8.1,2,56.9,0,0,new,6,127,5,6.86,13,8,2.98,3.37,No,91.48,10.23,9500,3.58,9840,88.3,0.0,0,low
S00129,big,Desktop Computer,PC-M2,16423,119,103,96.97,1.8,2.49,2.3,8,15.2,1,0,new,12,31,92,3.25,226,4,4.26,4.39,Yes,94.29,10.15,45000,-3.33,43500,42.9,0.0,0,low
S00020,big,Smart TV,TV-M5,20754,268,68,96.9,1.7,2.43,2.0,20,29.7,1,1,new,12,239,178,4.72,350,9,4.48,4.49,Yes,96.66,13.14,180000,0.58,181050,69.6,0.0,0,low
S00283,medium,Mobile Phone,MOB-M3,1333,18,55,96.91,1.66,2.22,1.7,0,66.1,1,0,new,6,171,29,2.29,7,0,4.36,,Yes,97.15,4.3,38000,-0.79,37700,57.4,0.0,0,low
S00246,small,Gaming Console,CON-M4,700,42,21,92.64,4.38,5.22,4.1,2,61.7,0,0,used,6,472,3,3.29,61,7,3.54,3.37,No,88.36,9.88,78000,-32.63,52550,10.6,0.0,0,low
S00070,medium,Wi-Fi Router,RTR-M2,1345,43,33,99.17,0.95,1.58,1.0,1,31.8,1,0,new,6,22,67,5.82,29,3,4.4,4.45,Yes,93.96,17.46,3200,-1.56,3150,63.0,0.0,0,low
S00553,small,Power Bank,PWR-M1,95,13,7,93.41,6.26,6.62,8.1,0,64.7,1,0,refurbished,6,210,2,8.54,6,2,3.65,3.74,Yes,97.7,7.47,1100,-23.64,840,8.0,0.0,0,low
S00222,small,Laptop,LAP-M5,26,17,5,83.36,6.43,9.65,5.2,1,20.3,0,0,new,0,19,300,8.93,22,22,4.62,2.82,Yes,16.35,53.09,190000,-44.08,106250,8.8,1.0,100,high
S00455,medium,Power Bank,PWR-M4,3907,92,55,90.15,5.04,6.65,13.3,6,49.8,1,1,new,12,275,43,8.59,59,4,3.33,3.06,No,90.13,11.39,4800,4.37,5010,85.0,0.0,0,low
S00176,small,Mobile Phone,MOB-M1,47,29,1,89.02,4.74,6.85,8.7,0,61.4,0,0,new,12,30,6,8.11,2,2,3.11,2.93,No,84.85,8.88,12000,0.42,12050,77.6,0.0,0,low
S00100,medium,Digital Camera,CAM-M2,1896,50,48,98.88,1.14,1.29,3.1,2,35.4,1,0,new,3,266,10,5.64,70,4,4.92,5.0,Yes,94.27,4.15,55000,2.91,56600,80.0,0.0,0,low
S00492,small,Gaming Console,CON-M2,83,4,19,93.35,2.06,3.72,3.6,0,55.3,0,0,new,0,570,3,3.04,3,0,4.2,,Yes,92.0,13.58,52000,1.73,52900,79.2,0.0,0,low
S00542,small,Mobile Phone,MOB-M2,269,14,23,90.55,4.93,6.48,2.9,1,64.1,0,0,new,12,81,7,6.16,16,2,3.48,3.7,No,94.78,42.69,22000,-6.14,20650,30.2,0.0,0,low
S00436,small,Digital Camera,CAM-M5,185,9,23,95.62,3.33,4.26,2.7,0,71.7,1,0,new,0,53,3,6.13,7,1,4.01,4.05,Yes,94.73,2.03,180000,2.67,184800,89.8,0.0,0,low
S00549,small,Desktop Computer,PC-M1,190,12,15,97.88,0.34,2.59,1.3,0,42.0,0,0,new,3,293,24,5.07,4,1,4.3,4.55,Yes,100.0,2.1,30000,-6.17,28150,19.3,0.0,0,low
S00146,small,Desktop Computer,PC-M4,100,9,10,100.0,1.64,1.35,1.0,0,55.3,1,0,new,0,69,9,3.73,2,1,4.51,4.42,Yes,96.43,10.26,95000,-5.26,90000,28.3,0.0,0,low
S00409,medium,Smart TV,TV-M4,1332,45,34,94.96,2.57,3.74,4.6,2,56.4,1,1,new,3,569,17,3.64,54,4,4.18,4.47,Yes,92.49,0.56,90000,-3.83,86550,33.9,0.0,0,low
S00261,medium,Smartwatch,WCH-M2,6000,328,10,98.06,1.12,1.81,2.5,6,47.0,1,0,new,6,22,22,5.01,193,24,4.32,4.07,Yes,93.32,4.55,4500,-6.0,4230,22.4,0.0,0,low
S00300,small,Smart TV,TV-M2,305,41,9,83.2,9.42,10.03,4.9,1,61.0,1,0,new,12,144,5,6.93,7,1,2.35,2.11,No,88.48,10.72,35000,5.43,36900,93.2,0.0,0,low
S00148,big,Digital Camera,CAM-M5,12646,155,102,96.7,1.86,2.51,2.2,9,18.7,1,0,new,0,98,22,4.05,168,4,4.42,4.34,Yes,97.32,1.5,180000,3.94,187100,91.8,0.0,0,low
S00332,medium,Wi-Fi Router,RTR-M4,1380,23,59,92.41,4.0,5.1,3.0,1,41.6,1,0,new,6,268,18,6.24,54,2,3.44,3.77,No,98.64,17.49,9500,4.84,9960,93.3,0.0,0,low
S00022,small,Mobile Phone,MOB-M3,123,6,28,95.83,2.18,3.26,2.2,1,51.5,1,0,refurbished,12,118,4,3.94,6,1,3.66,3.65,Yes,95.63,7.56,38000,-36.58,24100,9.8,0.0,0,low
S00105,big,Mobile Phone,MOB-M2,16216,133,100,89.08,5.86,7.29,9.8,58,47.8,1,1,new,12,100,101,6.76,282,6,3.23,3.04,No,97.24,4.78,22000,-6.36,20600,28.3,0.0,0,low
S00404,small,Bluetooth Speaker,SPK-M5,143,6,24,98.16,0.46,1.32,1.4,0,59.2,1,0,new,12,71,3,6.22,5,1,4.41,4.56,Yes,94.55,6.37,30000,-2.83,29150,35.8,0.0,0,low
S00525,small,Mobile Phone,MOB-M4,53,40,2,85.01,7.85,10.97,7.3,1,9.5,1,0,new,3,30,272,9.37,0,0,,,No,,,65000,-40.69,38550,13.3,1.0,100,high
S00509,small,Mobile Phone,MOB-M1,200,85,12,91.93,2.49,3.93,3.3,1,43.1,1,0,new,0,58,287,6.22,29,29,4.61,3.02,Yes,29.36,67.58,12000,-22.08,9350,19.0,1.0,100,high
S00059,medium,Wi-Fi Router,RTR-M1,1011,28,55,93.52,3.12,3.2,2.7,1,32.3,1,0,new,0,272,22,3.77,40,2,4.02,4.1,Yes,85.95,5.74,1800,-4.44,1720,26.0,0.0,0,low
S00342,big,Desktop Computer,PC-M1,22236,160,105,94.67,2.81,3.61,1.9,36,32.8,1,1,new,3,244,49,7.41,173,2,3.7,3.73,Yes,95.45,11.43,30000,-3.0,29100,38.6,0.0,0,low
S00404,small,Gaming Console,CON-M4,143,6,24,98.16,0.46,1.32,1.4,0,59.2,1,0,new,6,118,11,2.87,7,1,4.27,4.09,Yes,96.35,8.3,78000,2.18,79700,90.9,0.0,0,low
S00553,small,Bluetooth Speaker,SPK-M1,95,13,7,93.41,6.26,6.62,8.1,0,64.7,1,0,used,12,210,4,9.33,2,1,2.86,2.8,No,90.83,21.75,1500,-49.33,760,4.8,0.0,0,low
S00562,small,Mobile Phone,MOB-M3,123,10,14,94.08,3.98,4.83,5.6,0,59.0,1,0,new,12,188,8,8.2,4,1,3.55,3.35,No,91.66,8.33,38000,2.24,38850,85.2,0.0,0,low
S00123,small,Smart TV,TV-M1,98,21,4,95.67,2.26,0.07,1.2,0,58.9,0,0,new,6,52,7,5.1,3,2,4.29,4.47,Yes,95.48,10.52,22000,1.82,22400,80.5,0.0,0,low
S00404,small,Bluetooth Speaker,SPK-M4,143,6,24,98.16,0.46,1.32,1.4,0,59.2,1,0,new,12,142,2,3.94,4,0,4.25,,Yes,99.59,0.5,14000,3.57,14500,90.2,0.0,0,low
S00144,medium,Power Bank,PWR-M3,1221,23,71,92.78,3.85,4.36,2.4,2,46.9,1,0,new,6,267,39,6.57,53,2,3.76,4.01,Yes,85.45,3.92,3000,-1.33,2960,47.6,0.0,0,low
S00100,medium,Bluetooth Speaker,SPK-M5,1896,50,48,98.88,1.14,1.29,3.1,2,35.4,1,0,new,12,63,39,4.26,30,4,4.78,4.67,Yes,92.54,26.23,30000,-4.5,28650,20.8,0.0,0,low
S00353,medium,Power Bank,PWR-M5,1270,11,55,95.55,2.39,2.99,2.5,1,47.4,1,1,new,12,42,37,4.88,18,0,4.08,,Yes,87.51,7.13,8500,2.94,8750,86.7,0.0,0,low
S00070,medium,Digital Camera,CAM-M3,1345,43,33,99.17,0.95,1.58,1.0,1,31.8,1,0,new,6,305,30,4.01,18,2,4.42,4.24,Yes,96.0,2.03,80000,-5.44,75650,31.4,0.0,0,low
S00485,medium,Power Bank,PWR-M4,998,17,51,95.88,1.73,2.53,2.1,0,53.0,1,0,new,12,25,23,4.9,39,2,4.61,4.63,Yes,93.33,18.56,4800,0.21,4810,61.7,0.0,0,low
S00458,small,Gaming Console,CON-M2,126,16,5,87.3,4.33,4.63,5.2,0,44.6,0,0,new,12,150,5,4.77,3,2,3.25,3.49,No,91.18,26.43,52000,4.13,54150,86.8,0.0,0,low
S00003,medium,Laptop,LAP-M3,2007,22,81,93.04,3.54,4.54,4.3,3,76.3,1,0,used,6,104,39,7.04,21,0,3.66,,Yes,93.47,33.34,80000,-19.69,64250,20.3,0.0,0,low
S00199,small,Laptop,LAP-M4,95,2,32,95.03,3.45,3.38,3.4,0,54.0,1,0,new,3,109,4,7.13,4,0,3.48,,No,90.33,19.28,120000,2.67,123200,89.2,0.0,0,low
S00418,small,Gaming Console,CON-M4,52,7,10,84.61,6.64,7.77,7.1,0,49.0,1,0,new,12,18,7,6.59,0,0,,,No,,,78000,5.26,82100,97.0,0.0,0,low
S00126,small,Smartwatch,WCH-M1,350,102,3,92.26,3.14,4.59,2.8,1,40.9,1,0,new,0,90,8,6.42,10,9,4.12,4.05,Yes,96.6,11.52,2000,3.0,2060,95.3,0.0,0,low
S00536,small,Wi-Fi Router,RTR-M5,70,11,6,97.68,2.85,2.73,2.2,0,61.0,0,0,new,3,180,5,5.71,5,1,3.65,4.02,Yes,97.26,10.12,16000,2.19,16350,86.3,0.0,0,low
S00121,medium,Gaming Console,CON-M5,1856,18,63,98.5,0.85,1.5,2.2,0,44.9,1,0,new,6,69,53,3.89,49,1,4.38,4.5,Yes,96.74,12.23,95000,1.11,96050,69.4,0.0,0,low
S00547,small,Laptop,LAP-M1,282,6,40,88.75,4.19,8.19,5.2,1,40.5,1,0,new,3,169,4,10.35,6,0,2.69,,No,96.52,11.22,38000,-10.0,34200,26.9,0.0,0,low
S00019,medium,Digital Camera,CAM-M3,3267,43,51,97.95,1.31,1.79,1.3,1,34.8,1,1,new,12,63,27,3.48,103,4,4.48,4.66,Yes,98.75,20.45,80000,-1.31,78950,60.8,0.0,0,low
S00317,medium,Smart TV,TV-M5,4634,155,35,90.0,5.33,6.59,6.9,12,43.4,1,0,new,12,78,28,9.93,129,12,2.92,2.61,No,90.26,13.3,180000,-0.58,178950,60.7,0.0,0,low
S00437,small,Mobile Phone,MOB-M2,8,7,3,84.54,0.69,14.56,4.7,0,28.4,0,0,refurbished,0,22,95,9.62,0,0,,,No,,,22000,-27.27,16000,7.5,1.0,100,high
S00226,small,Power Bank,PWR-M5,138,13,10,95.82,2.53,2.25,3.3,0,54.9,0,0,refurbished,12,84,9,7.2,5,1,4.09,4.32,Yes,93.35,1.8,8500,-34.35,5580,6.7,0.0,0,low
S00036,big,Desktop Computer,PC-M4,10995,152,61,97.1,1.6,2.17,3.2,8,24.3,1,0,new,6,67,58,3.9,150,5,4.08,3.96,Yes,93.43,32.96,95000,-5.47,89800,26.1,0.0,0,low
S00403,small,Power Bank,PWR-M2,216,5,26,88.59,6.04,6.81,4.6,1,86.5,1,0,new,6,328,8,8.85,18,1,3.08,3.01,No,90.94,1.08,1800,-2.78,1750,54.9,0.0,0,low
S00265,small,Digital Camera,CAM-M3,57,38,4,72.78,10.21,13.03,11.4,2,55.7,0,0,refurbished,0,19,167,8.95,67,67,4.73,3.61,Yes,30.48,42.44,80000,-33.88,52900,5.9,1.0,100,high
S00282,small,Wi-Fi Router,RTR-M3,184,27,11,82.75,9.48,12.83,6.7,0,27.9,0,0,new,3,256,5,9.89,13,4,2.19,2.03,No,92.7,4.49,5500,4.36,5740,93.5,0.0,0,low
S00322,big,Laptop,LAP-M2,13542,231,65,99.08,0.88,1.45,1.7,9,43.2,1,1,new,12,77,83,2.48,246,11,5.0,5.0,Yes,100.0,7.32,55000,-3.36,53150,36.5,0.0,0,low
S00458,small,Wireless Earbuds,EAR-M3,126,16,5,87.3,4.33,4.63,5.2,0,44.6,0,0,refurbished,12,31,11,6.61,4,1,3.66,3.6,Yes,90.85,18.55,5500,-40.91,3250,7.6,0.0,0,low
S00087,medium,Wireless Earbuds,EAR-M2,1043,28,60,95.84,2.26,2.56,2.5,0,68.1,1,0,new,12,52,39,5.0,13,1,4.11,4.35,Yes,95.81,26.04,2500,-1.2,2470,71.7,0.0,0,low
S00377,small,Wi-Fi Router,RTR-M2,83,4,15,88.62,7.06,9.86,8.6,1,47.6,1,0,new,12,450,13,10.51,11,1,2.33,2.25,No,93.42,9.91,3200,-2.81,3110,50.0,0.0,0,low
S00172,medium,Laptop,LAP-M4,1924,43,50,95.64,2.2,3.03,3.8,0,57.7,1,1,new,12,404,39,5.69,13,2,4.16,4.19,Yes,87.29,10.4,120000,-5.37,113550,35.1,0.0,0,low
S00554,small,Wi-Fi Router,RTR-M5,280,21,31,96.81,2.78,3.28,3.1,0,52.0,0,0,new,12,44,9,3.25,30,8,3.7,3.59,Yes,92.63,1.16,16000,0.0,16000,68.6,0.0,0,low
S00565,small,Smart TV,TV-M2,102,66,9,94.2,5.03,4.93,2.2,3,36.9,1,0,new,0,34,217,4.02,28,28,4.58,4.0,Yes,70.68,51.1,35000,-4.29,33500,39.0,1.0,100,high
S00342,big,Wireless Earbuds,EAR-M5,22236,160,105,94.67,2.81,3.61,1.9,36,32.8,1,1,new,12,1728,56,8.59,223,4,3.56,3.57,No,98.33,16.96,28000,-3.04,27150,26.9,0.0,0,low
S00540,small,Mobile Phone,MOB-M1,394,10,21,88.23,4.93,7.82,4.2,1,65.2,0,1,new,12,322,15,8.03,10,1,3.03,2.47,No,86.78,13.86,12000,2.5,12300,89.7,0.0,0,low
S00259,small,Laptop,LAP-M5,194,37,7,94.07,2.25,4.77,3.2,0,46.2,0,0,refurbished,6,210,4,7.07,9,4,3.3,2.98,No,97.49,10.39,190000,-27.37,138000,21.1,0.0,0,low
S00461,big,Digital Camera,CAM-M2,10254,368,30,95.17,2.62,3.53,3.0,7,43.7,0,1,new,12,106,183,4.42,132,9,3.78,4.03,Yes,94.07,15.78,55000,-1.27,54300,50.0,0.0,0,low
S00208,small,Desktop Computer,PC-M2,121,73,3,100.0,0.99,2.22,2.3,0,58.5,1,0,new,6,90,3,4.19,3,3,4.11,4.2,Yes,94.06,14.04,45000,-1.11,44500,55.4,0.0,0,low
S00208,small,Gaming Console,CON-M4,121,73,3,100.0,0.99,2.22,2.3,0,58.5,1,0,new,12,90,14,5.21,3,3,3.59,3.76,No,100.0,24.0,78000,0.06,78050,69.7,0.0,0,low
S00436,small,Digital Camera,CAM-M3,185,9,23,95.62,3.33,4.26,2.7,0,71.7,1,0,new,12,508,7,5.74,9,1,3.96,3.78,Yes,91.6,18.48,80000,1.69,81350,82.4,0.0,0,low
S00481,small,Wi-Fi Router,RTR-M3,119,4,30,96.83,1.85,1.94,1.9,1,38.9,0,0,new,6,84,15,4.32,8,1,4.37,4.54,Yes,95.48,23.83,5500,-4.0,5280,39.1,0.0,0,low
S00529,small,Smart TV,TV-M2,127,38,3,96.94,2.43,3.69,3.0,0,50.1,1,0,new,0,90,4,4.49,5,4,4.41,4.38,Yes,100.0,7.91,35000,-2.43,34150,50.8,0.0,0,low
S00056,medium,Wi-Fi Router,RTR-M2,1104,29,40,96.31,1.15,2.1,1.2,0,62.9,1,1,new,6,269,22,6.93,28,2,4.55,4.67,Yes,93.81,18.77,3200,-8.13,2940,14.8,0.0,0,low
S00140,medium,Power Bank,PWR-M5,878,9,58,96.63,2.46,2.84,1.7,0,36.9,1,0,new,6,112,33,4.56,38,1,3.84,4.16,Yes,95.13,5.9,8500,-7.41,7870,16.7,0.0,0,low
S00437,small,Mobile Phone,MOB-M5,8,7,3,84.54,0.69,14.56,4.7,0,28.4,0,0,new,3,16,366,12.62,34,34,4.58,3.59,Yes,38.74,36.38,140000,-22.07,109100,16.0,1.0,100,high
S00482,small,Smartwatch,WCH-M5,119,9,8,98.93,0.1,0.0,1.0,0,74.5,0,0,refurbished,12,240,10,2.1,3,1,4.6,4.65,Yes,100.0,21.9,45000,-34.89,29300,7.4,0.0,0,low
S00172,medium,Gaming Console,CON-M3,1924,43,50,95.64,2.2,3.03,3.8,0,57.7,1,1,new,12,121,49,4.56,40,3,3.88,3.56,Yes,100.0,7.75,62000,-2.66,60350,46.0,0.0,0,low
S00335,small,Digital Camera,CAM-M2,91,2,34,99.25,0.1,4.08,2.9,0,46.5,0,0,new,6,91,3,4.81,5,0,4.86,,Yes,98.8,5.65,55000,1.09,55600,71.7,0.0,0,low
S00495,small,Mobile Phone,MOB-M2,225,26,9,88.12,6.01,7.63,6.9,0,43.2,1,1,new,12,270,10,5.52,10,3,2.87,2.89,No,86.14,25.89,22000,-9.77,19850,18.9,0.0,0,low
S00072,small,Mobile Phone,MOB-M1,146,27,10,94.15,5.46,5.23,8.3,2,66.6,0,0,new,6,300,4,5.16,16,9,3.14,3.44,No,90.47,11.07,12000,-3.33,11600,43.1,0.0,0,low
S00181,medium,Desktop Computer,PC-M4,2490,46,45,98.81,1.08,1.62,3.8,1,42.5,1,0,new,3,99,39,2.93,59,2,4.84,4.83,Yes,100.0,36.22,95000,4.0,98800,93.5,0.0,0,low
S00532,small,Gaming Console,CON-M3,195,10,11,88.49,6.3,8.18,4.1,0,50.5,0,0,new,0,133,20,8.88,7,1,3.18,2.73,No,92.93,3.42,62000,0.16,62100,70.0,0.0,0,low
S00145,big,Power Bank,PWR-M5,22641,132,155,95.79,2.28,2.99,3.2,23,41.7,1,0,new,12,378,109,4.13,358,7,3.99,4.21,Yes,97.52,10.2,8500,0.82,8570,73.3,0.0,0,low
S00363,medium,Gaming Console,CON-M3,1598,38,42,97.19,2.03,2.51,2.9,0,57.7,1,1,new,12,160,9,3.4,62,4,4.5,4.62,Yes,98.94,16.88,62000,-4.03,59500,42.0,0.0,0,low
S00386,small,Bluetooth Speaker,SPK-M4,177,28,7,92.83,5.97,6.98,4.1,0,58.4,0,0,new,0,210,8,8.45,22,9,2.95,2.66,No,99.53,2.82,14000,5.36,14750,92.2,0.0,0,low
S00144,medium,Power Bank,PWR-M4,1221,23,71,92.78,3.85,4.36,2.4,2,46.9,1,0,new,12,317,18,7.11,24,1,3.27,3.43,No,96.35,1.57,4800,2.29,4910,70.0,0.0,0,low
S00277,big,Mobile Phone,MOB-M1,44244,759,51,98.56,0.95,1.46,1.1,16,56.4,1,1,new,12,781,119,5.46,311,16,4.56,4.47,Yes,100.0,27.61,12000,-2.08,11750,53.4,0.0,0,low
S00500,small,Laptop,LAP-M4,414,16,31,94.2,3.24,4.38,5.2,2,39.2,0,1,new,12,146,20,3.98,10,1,4.13,4.05,Yes,95.64,4.55,120000,4.0,124800,93.2,0.0,0,low
S00277,big,Power Bank,PWR-M4,44244,759,51,98.56,0.95,1.46,1.1,16,56.4,1,1,new,3,97,52,4.78,387,16,4.46,4.12,Yes,94.53,41.29,4800,-5.21,4550,20.0,0.0,0,low
S00051,medium,Gaming Console,CON-M2,2738,59,34,96.71,1.48,2.21,1.7,2,55.8,1,0,new,0,159,25,2.37,94,5,4.66,4.79,Yes,97.64,22.71,52000,1.83,52950,81.1,0.0,0,low
S00557,small,Mobile Phone,MOB-M4,51,12,6,100.0,0.1,2.57,1.5,0,59.2,0,0,refurbished,12,108,4,6.14,2,2,4.25,4.18,Yes,97.28,18.02,65000,-40.77,38500,11.1,0.0,0,low
S00247,small,Gaming Console,CON-M4,77,2,26,85.63,7.99,7.77,3.9,0,65.1,0,0,new,6,94,4,7.81,8,0,3.09,,No,93.64,20.61,78000,1.28,79000,83.3,0.0,0,low
S00134,medium,Desktop Computer,PC-M1,2474,94,37,94.11,2.65,3.78,6.5,5,40.4,1,0,new,6,206,28,5.42,190,19,4.29,4.47,Yes,100.0,6.96,30000,-5.17,28450,24.6,0.0,0,low
S00061,small,Bluetooth Speaker,SPK-M3,46,2,14,95.74,6.26,5.55,3.3,0,95.0,0,0,new,6,170,9,8.26,3,0,2.85,,No,96.56,31.29,7000,-2.71,6810,43.6,0.0,0,low
S00005,small,Wi-Fi Router,RTR-M2,271,14,21,92.73,2.0,3.29,2.7,0,58.5,0,0,new,0,24,5,8.03,8,1,3.49,3.26,No,95.92,8.21,3200,-6.25,3000,29.6,0.0,0,low
S00172,medium,Wireless Earbuds,EAR-M5,1924,43,50,95.64,2.2,3.03,3.8,0,57.7,1,1,new,12,142,15,6.35,18,1,3.73,3.4,Yes,99.2,24.24,28000,-0.71,27800,53.8,0.0,0,low
S00498,medium,Power Bank,PWR-M5,877,13,51,95.34,1.3,2.48,1.9,0,25.0,1,0,new,12,51,45,4.96,30,1,4.19,4.17,Yes,93.1,18.19,8500,3.18,8770,88.3,0.0,0,low
S00401,small,Digital Camera,CAM-M4,64,4,19,95.58,2.96,2.24,1.9,0,64.0,1,0,new,6,121,10,3.72,1,0,4.02,,Yes,92.11,12.19,100000,-0.3,99700,64.0,0.0,0,low
S00355,small,Bluetooth Speaker,SPK-M5,56,2,24,95.25,2.32,2.06,2.8,0,59.7,1,0,new,0,116,4,3.25,4,0,4.38,,Yes,100.0,15.74,30000,2.17,30650,88.7,0.0,0,low
S00014,medium,Laptop,LAP-M3,2318,65,33,94.49,2.74,3.86,4.6,0,54.0,1,0,new,12,114,51,6.11,61,4,4.29,4.15,Yes,94.24,9.18,80000,0.25,80200,59.4,0.0,0,low
S00108,small,Laptop,LAP-M5,191,7,37,92.21,3.11,5.05,4.5,0,77.0,1,1,new,12,292,10,5.78,6,1,4.2,4.39,Yes,95.42,20.41,190000,7.55,204350,98.2,0.0,0,low
S00246,small,Gaming Console,CON-M5,700,42,21,92.64,4.38,5.22,4.1,2,61.7,0,0,new,6,132,5,5.05,22,3,3.6,3.58,Yes,94.72,6.91,95000,-6.42,88900,29.0,0.0,0,low
S00203,medium,Smart TV,TV-M1,1800,74,56,98.72,0.88,1.36,1.6,2,31.7,1,1,new,12,22,14,5.14,33,4,4.4,4.4,Yes,99.81,16.09,22000,-8.18,20200,23.4,0.0,0,low
S00060,small,Smart TV,TV-M2,192,5,27,95.56,3.49,3.7,5.4,1,64.9,0,0,new,12,35,3,5.85,24,2,4.11,4.51,Yes,94.02,28.68,35000,-5.57,33050,30.5,0.0,0,low
S00322,big,Smart TV,TV-M5,13542,231,65,99.08,0.88,1.45,1.7,9,43.2,1,1,new,12,121,15,4.56,90,3,4.49,4.36,Yes,97.82,7.23,180000,-6.33,168600,16.1,0.0,0,low
S00313,small,Power Bank,PWR-M5,97,33,3,90.53,4.49,6.42,2.5,0,33.2,0,0,refurbished,0,90,9,8.77,3,2,2.84,2.83,No,88.5,7.83,8500,-39.76,5120,3.3,0.0,0,low
S00090,small,Smartwatch,WCH-M4,36,1,27,96.8,5.82,4.87,7.3,0,42.1,1,0,refurbished,12,22,13,7.62,4,0,3.02,,No,90.09,27.0,22000,-30.23,15350,10.9,0.0,0,low
S00308,medium,Smartwatch,WCH-M4,796,35,37,97.21,1.33,2.43,2.4,0,55.3,1,1,new,12,74,13,7.07,8,1,4.44,4.6,Yes,93.07,7.85,22000,0.45,22100,80.0,0.0,0,low
S00208,small,Bluetooth Speaker,SPK-M1,121,73,3,100.0,0.99,2.22,2.3,0,58.5,1,0,new,12,90,4,4.5,2,2,4.44,4.63,Yes,96.12,23.83,1500,-3.33,1450,42.9,0.0,0,low
S00337,small,Mobile Phone,MOB-M3,35,0,58,92.21,1.84,3.95,0.8,0,44.1,1,0,new,3,113,7,4.87,2,0,3.83,,Yes,100.0,8.93,38000,-3.82,36550,37.7,0.0,0,low
S00007,small,Power Bank,PWR-M3,101,15,7,96.04,3.43,3.95,1.1,0,76.8,1,0,new,12,210,3,7.19,6,2,3.49,3.7,No,97.01,1.89,3000,1.67,3050,73.8,0.0,0,low
S00252,big,Wireless Earbuds,EAR-M3,12635,91,95,96.31,1.6,2.38,3.2,10,22.2,1,0,new,0,245,30,7.38,191,3,3.89,4.01,Yes,94.63,5.64,5500,-1.82,5400,51.5,0.0,0,low
S00197,medium,Power Bank,PWR-M4,1923,40,69,94.34,2.79,3.44,2.0,2,30.8,1,0,new,12,85,20,5.13,75,4,3.96,3.45,Yes,94.03,21.97,4800,2.08,4900,68.3,0.0,0,low
S00170,big,Mobile Phone,MOB-M3,24282,382,90,96.38,1.83,2.7,2.6,14,20.6,1,1,new,6,29,83,4.64,406,15,4.03,3.97,Yes,97.15,6.52,38000,0.13,38050,62.3,0.0,0,low
S00180,small,Mobile Phone,MOB-M1,244,49,7,91.48,4.55,5.32,4.3,0,37.1,0,0,refurbished,6,210,9,6.61,16,8,3.95,3.85,Yes,94.46,19.31,12000,-53.75,5550,1.7,0.0,0,low
S00148,big,Gaming Console,CON-M1,12646,155,102,96.7,1.86,2.51,2.2,9,18.7,1,0,new,6,124,99,3.36,123,4,4.08,4.23,Yes,100.0,20.54,38000,-3.29,36750,35.3,0.0,0,low
S00112,small,Laptop,LAP-M2,85,9,12,89.92,2.32,2.85,3.3,0,66.1,0,0,new,12,221,10,6.65,2,0,3.63,,Yes,92.58,35.06,55000,-5.55,51950,19.2,0.0,0,low
S00018,small,Wi-Fi Router,RTR-M3,39,3,11,99.87,1.44,2.28,3.0,0,34.1,0,0,new,0,18,2,4.72,1,0,4.07,,Yes,93.29,29.53,5500,-4.18,5270,37.0,0.0,0,low
S00312,medium,Smartwatch,WCH-M3,1961,32,52,95.03,2.8,3.11,3.0,1,52.6,1,0,new,6,342,88,6.1,139,5,4.06,4.15,Yes,89.73,0.97,9000,0.44,9040,72.9,0.0,0,low
S00332,medium,Digital Camera,CAM-M3,1380,23,59,92.41,4.0,5.1,3.0,1,41.6,1,0,new,0,48,70,7.19,53,2,3.28,3.68,No,97.05,5.28,80000,-1.62,78700,52.9,0.0,0,low
S00226,small,Digital Camera,CAM-M1,138,13,10,95.82,2.53,2.25,3.3,0,54.9,0,0,new,3,159,15,3.35,6,2,3.79,3.96,Yes,88.01,18.73,35000,2.43,35850,84.6,0.0,0,low
S00130,medium,Desktop Computer,PC-M2,721,36,32,95.95,2.71,3.21,3.9,0,43.7,1,1,new,12,254,6,6.24,23,4,4.04,3.91,Yes,99.16,1.52,45000,6.33,47850,96.4,0.0,0,low
S00108,small,Wi-Fi Router,RTR-M2,191,7,37,92.21,3.11,5.05,4.5,0,77.0,1,1,new,12,65,2,7.45,6,1,3.47,3.77,No,90.3,5.43,3200,6.88,3420,100.0,0.0,0,low
S00470,medium,Wireless Earbuds,EAR-M1,1661,51,31,98.02,0.84,1.53,0.7,1,49.6,1,0,new,12,414,22,4.93,84,9,4.24,4.36,Yes,100.0,9.44,1200,0.83,1210,73.8,0.0,0,low
S00121,medium,Smartwatch,WCH-M2,1856,18,63,98.5,0.85,1.5,2.2,0,44.9,1,0,new,0,419,19,3.17,81,2,4.6,4.75,Yes,98.16,9.25,4500,-1.78,4420,53.1,0.0,0,low
S00197,medium,Power Bank,PWR-M5,1923,40,69,94.34,2.79,3.44,2.0,2,30.8,1,0,new,6,103,47,7.79,59,3,4.37,4.29,Yes,97.82,23.69,8500,-1.88,8340,58.3,0.0,0,low
S00382,small,Laptop,LAP-M5,584,32,20,91.44,4.35,5.48,3.3,0,40.4,0,0,new,12,53,6,8.77,30,4,3.06,3.32,No,97.66,7.57,190000,-8.24,174350,26.3,0.0,0,low
S00123,small,Smart TV,TV-M2,98,21,4,95.67,2.26,0.07,1.2,0,58.9,0,0,new,6,120,16,3.73,2,1,4.62,4.49,Yes,98.52,4.76,35000,-5.14,33200,33.9,0.0,0,low
S00059,medium,Power Bank,PWR-M5,1011,28,55,93.52,3.12,3.2,2.7,1,32.3,1,0,new,0,235,65,5.97,22,1,4.19,4.32,Yes,92.51,13.81,8500,-3.76,8180,41.7,0.0,0,low
S00173,small,Power Bank,PWR-M5,70,9,15,86.47,2.72,5.76,5.4,0,27.9,0,0,new,12,171,16,8.24,3,1,3.69,3.57,Yes,94.04,24.13,8500,1.53,8630,78.3,0.0,0,low
S00283,medium,Desktop Computer,PC-M5,1333,18,55,96.91,1.66,2.22,1.7,0,66.1,1,0,new,6,85,20,2.71,20,1,4.57,4.9,Yes,91.82,30.24,160000,1.31,162100,69.2,0.0,0,low
S00284,small,Mobile Phone,MOB-M2,93,4,27,99.5,3.31,4.54,1.6,0,69.0,1,0,new,12,79,13,5.89,8,1,4.0,3.74,Yes,98.91,14.23,22000,-1.82,21600,62.3,0.0,0,low
S00060,small,Smart TV,TV-M5,192,5,27,95.56,3.49,3.7,5.4,1,64.9,0,0,new,12,185,7,6.96,6,0,3.88,,Yes,97.03,5.68,180000,2.03,183650,78.6,0.0,0,low
S00293,medium,Laptop,LAP-M4,1911,20,54,95.46,2.36,3.62,3.3,4,26.8,0,0,new,12,463,28,7.33,46,1,3.91,3.78,Yes,91.38,17.95,120000,-8.63,109650,24.3,0.0,0,low
S00266,small,Gaming Console,CON-M2,75,6,12,95.95,1.61,2.62,2.5,0,47.6,1,0,new,3,50,3,4.02,3,0,4.68,,Yes,94.1,4.67,52000,1.54,52800,75.5,0.0,0,low
S00482,small,Gaming Console,CON-M1,119,9,8,98.93,0.1,0.0,1.0,0,74.5,0,0,new,12,240,4,3.39,10,1,4.65,5.0,Yes,96.49,9.55,38000,-2.89,36900,45.1,0.0,0,low
S00294,small,Desktop Computer,PC-M5,224,15,15,97.59,1.42,1.57,2.5,0,87.0,0,0,new,0,65,5,3.52,13,2,4.45,4.5,Yes,95.7,4.57,160000,-0.81,158700,48.1,0.0,0,low
S00256,small,Wireless Earbuds,EAR-M4,94,4,15,95.07,4.88,4.87,5.4,0,37.9,0,0,used,6,187,6,9.07,3,0,3.47,,No,97.72,12.4,12000,-39.17,7300,9.6,0.0,0,low
S00189,medium,Laptop,LAP-M3,806,41,25,91.55,4.19,5.33,3.2,2,45.2,0,0,new,0,132,50,9.76,19,3,3.2,3.21,No,90.59,26.01,80000,-3.12,77500,42.2,0.0,0,low
S00539,medium,Laptop,LAP-M5,617,24,36,96.41,1.78,1.82,1.2,1,43.7,1,0,new,12,216,30,3.92,18,2,4.08,4.29,Yes,94.5,9.69,190000,-6.05,178500,35.1,0.0,0,low
S00436,small,Smartwatch,WCH-M5,185,9,23,95.62,3.33,4.26,2.7,0,71.7,1,0,new,12,26,17,5.64,7,1,3.69,3.85,Yes,94.27,13.52,45000,5.67,47550,92.6,0.0,0,low
S00132,medium,Digital Camera,CAM-M4,2214,147,17,96.17,2.4,3.17,1.8,2,26.9,1,0,new,0,396,21,2.51,36,6,4.51,4.59,Yes,93.2,14.78,100000,1.7,101700,82.0,0.0,0,low
S00130,medium,Power Bank,PWR-M3,721,36,32,95.95,2.71,3.21,3.9,0,43.7,1,1,new,12,323,22,3.12,3,0,4.43,,Yes,99.04,11.36,3000,6.67,3200,95.2,0.0,0,low
S00124,small,Smart TV,TV-M4,215,14,10,99.48,0.42,0.78,1.2,0,40.9,0,0,new,6,80,7,2.87,11,2,4.91,5.0,Yes,95.64,9.54,90000,0.83,90750,74.2,0.0,0,low
S00101,small,Bluetooth Speaker,SPK-M5,256,9,18,92.64,1.77,5.3,1.9,1,35.3,0,0,new,12,37,5,5.06,52,4,3.64,3.58,Yes,93.37,17.69,30000,-2.17,29350,45.3,0.0,0,low
S00298,small,Wi-Fi Router,RTR-M1,24,1,13,95.15,3.38,4.38,2.4,0,61.2,1,0,new,6,132,10,4.32,1,0,3.47,,No,93.91,1.31,1800,-7.22,1670,12.0,0.0,0,low
S00484,medium,Laptop,LAP-M4,1457,24,64,95.49,2.19,3.04,1.7,0,48.7,1,1,new,12,217,26,6.55,65,2,4.1,4.67,Yes,96.35,23.08,120000,-2.54,116950,52.7,0.0,0,low
S00433,medium,Laptop,LAP-M5,1648,89,27,91.11,5.09,6.26,8.1,8,26.7,1,1,new,12,24,35,7.8,37,4,3.19,3.43,No,92.0,36.05,190000,-0.08,189850,70.2,0.0,0,low
S00455,medium,Smartwatch,WCH-M5,3907,92,55,90.15,5.04,6.65,13.3,6,49.8,1,1,new,12,94,12,8.55,114,7,3.05,2.94,No,89.7,12.91,45000,-6.44,42100,22.2,0.0,0,low
S00449,small,Mobile Phone,MOB-M3,14,0,56,89.85,0.1,7.21,6.2,0,95.0,0,0,new,6,105,7,3.58,0,0,,,No,,,38000,0.92,38350,72.1,0.0,0,low
S00322,big,Bluetooth Speaker,SPK-M5,13542,231,65,99.08,0.88,1.45,1.7,9,43.2,1,1,new,12,278,48,3.88,202,6,4.92,5.0,Yes,94.29,16.21,30000,-4.5,28650,20.8,0.0,0,low
S00293,medium,Desktop Computer,PC-M3,1911,20,54,95.46,2.36,3.62,3.3,4,26.8,0,0,new,12,141,25,4.39,24,1,3.86,3.69,Yes,98.89,17.29,65000,2.38,66550,89.6,0.0,0,low
S00100,medium,Bluetooth Speaker,SPK-M2,1896,50,48,98.88,1.14,1.29,3.1,2,35.4,1,0,new,12,197,10,3.69,31,2,4.82,4.95,Yes,96.2,23.62,3500,-0.29,3490,57.5,0.0,0,low
S00092,small,Mobile Phone,MOB-M5,231,7,35,94.02,1.73,2.49,2.3,0,59.9,1,0,new,6,206,10,5.65,2,0,4.02,,Yes,98.33,3.76,140000,0.14,140200,74.0,0.0,0,low
S00308,medium,Wi-Fi Router,RTR-M5,796,35,37,97.21,1.33,2.43,2.4,0,55.3,1,1,new,12,1110,38,5.34,28,3,4.37,4.44,Yes,86.0,17.63,16000,-3.12,15500,37.3,0.0,0,low
S00251,small,Wireless Earbuds,EAR-M5,100,16,7,89.33,6.63,8.37,5.9,0,30.6,1,0,new,3,210,6,10.09,4,1,2.4,2.83,No,86.63,25.08,28000,-0.18,27950,57.7,0.0,0,low
S00120,small,Gaming Console,CON-M3,7,4,1,83.11,16.12,14.46,5.8,0,25.7,0,0,new,12,41,176,10.7,57,49,5.0,4.64,Yes,73.14,82.17,62000,-48.63,31850,10.0,1.0,100,high
S00541,medium,Bluetooth Speaker,SPK-M4,2896,57,61,87.97,7.11,8.47,7.6,13,40.5,1,0,new,12,541,24,10.39,247,9,2.96,2.99,No,93.3,19.58,14000,8.21,15150,98.0,0.0,0,low
S00440,big,Smart TV,TV-M3,27243,487,52,97.08,1.47,2.27,1.9,18,31.0,1,1,new,12,109,127,1.8,456,17,4.36,4.07,Yes,95.55,15.6,55000,-1.09,54400,48.2,0.0,0,low
S00248,small,Digital Camera,CAM-M4,237,42,6,94.27,2.77,4.33,3.7,0,74.7,1,0,new,12,180,10,2.65,10,4,3.97,3.8,Yes,97.63,29.19,100000,2.55,102550,84.0,0.0,0,low
S00135,small,Digital Camera,CAM-M3,53,31,5,79.82,9.74,13.0,4.8,5,15.2,0,0,new,0,31,157,10.34,1,1,4.78,3.06,Yes,59.83,53.73,80000,-15.06,67950,15.7,1.0,100,high
S00483,big,Bluetooth Speaker,SPK-M4,6835,176,51,98.04,1.38,2.08,1.6,4,36.3,1,1,new,6,197,31,5.22,104,8,4.68,4.75,Yes,94.16,14.19,14000,-2.5,13650,37.3,0.0,0,low
S00070,medium,Bluetooth Speaker,SPK-M1,1345,43,33,99.17,0.95,1.58,1.0,1,31.8,1,0,new,0,76,19,4.75,14,2,4.3,4.1,Yes,92.69,24.32,1500,0.67,1510,76.2,0.0,0,low
S00406,medium,Laptop,LAP-M3,2932,64,49,94.13,3.4,4.32,3.4,4,27.5,1,0,new,6,176,14,7.79,53,3,4.03,3.85,Yes,89.55,5.55,80000,-2.12,78300,46.9,0.0,0,low
S00156,small,Bluetooth Speaker,SPK-M5,161,8,18,82.51,8.59,9.98,3.3,1,60.0,1,0,new,0,465,2,10.16,17,3,2.46,2.45,No,92.7,20.46,30000,6.5,31950,96.2,0.0,0,low
S00059,medium,Power Bank,PWR-M2,1011,28,55,93.52,3.12,3.2,2.7,1,32.3,1,0,new,12,255,31,7.18,11,1,4.14,4.23,Yes,97.11,7.3,1800,3.33,1860,92.2,0.0,0,low
S00351,small,Smartwatch,WCH-M4,81,24,4,95.08,0.19,0.99,2.2,0,57.1,0,0,new,6,120,8,7.04,2,2,4.26,4.29,Yes,92.62,5.39,22000,0.23,22050,74.5,0.0,0,low
S00435,small,Smart TV,TV-M3,179,14,8,96.91,0.76,1.31,2.0,0,51.3,1,0,new,12,183,5,2.39,5,1,4.82,4.89,Yes,98.72,21.54,55000,6.91,58800,96.4,0.0,0,low
S00286,small,Desktop Computer,PC-M4,67,5,15,100.0,0.1,1.28,2.5,0,47.2,0,0,used,6,392,3,3.28,1,0,4.59,,Yes,88.76,21.18,95000,-12.79,82850,13.0,0.0,0,low
S00090,small,Digital Camera,CAM-M5,36,1,27,96.8,5.82,4.87,7.3,0,42.1,1,0,new,12,189,11,5.35,2,0,3.17,,No,83.64,12.61,180000,0.06,180100,75.5,0.0,0,low
S00499,small,Laptop,LAP-M1,19,0,41,99.96,4.9,4.91,7.1,0,66.4,0,0,refurbished,12,19,13,9.13,2,0,3.07,,No,88.38,22.09,38000,-51.97,18250,9.0,0.0,0,low
S00421,medium,Bluetooth Speaker,SPK-M1,1312,34,26,94.43,2.88,2.79,2.6,2,36.1,0,0,new,12,9,29,4.5,27,2,3.76,3.88,Yes,93.05,3.82,1500,-1.33,1480,64.3,0.0,0,low
S00332,medium,Digital Camera,CAM-M2,1380,23,59,92.41,4.0,5.1,3.0,1,41.6,1,0,new,0,233,17,4.98,51,2,3.73,3.6,Yes,96.37,3.3,55000,5.18,57850,90.0,0.0,0,low
S00380,medium,Smartwatch,WCH-M1,735,7,56,94.31,2.93,4.7,6.4,0,58.0,1,0,new,12,142,13,5.66,12,0,3.69,,Yes,89.28,6.99,2000,-5.5,1890,32.6,0.0,0,low
S00458,small,Gaming Console,CON-M1,126,16,5,87.3,4.33,4.63,5.2,0,44.6,0,0,new,3,150,9,3.86,3,1,3.77,3.68,Yes,99.74,18.7,38000,0.13,38050,64.7,0.0,0,low
S00519,small,Gaming Console,CON-M3,13,8,5,93.39,7.45,7.64,13.6,0,42.1,0,0,new,0,27,178,9.15,19,19,4.67,4.29,Yes,74.81,59.84,62000,-40.56,36850,14.0,1.0,100,high
S00303,small,Wireless Earbuds,EAR-M3,151,10,14,96.86,2.35,3.18,1.7,0,78.4,0,0,refurbished,6,120,4,7.72,10,3,3.76,3.76,Yes,99.0,7.68,5500,-21.82,4300,15.2,0.0,0,low
S00274,small,Wi-Fi Router,RTR-M4,104,19,9,94.39,2.97,1.83,1.8,0,38.9,0,0,new,3,54,4,2.22,3,1,4.52,4.61,Yes,97.66,13.33,9500,-3.16,9200,35.0,0.0,0,low
S00467,medium,Wi-Fi Router,RTR-M3,500,13,38,96.69,1.16,2.32,3.2,0,52.5,1,0,new,12,170,44,4.24,10,1,4.17,3.68,Yes,94.05,5.51,5500,4.73,5760,95.7,0.0,0,low
S00032,small,Power Bank,PWR-M2,45,1,49,90.02,2.93,4.29,3.9,0,54.1,1,0,new,12,110,4,11.59,2,0,3.07,,No,95.25,7.33,1800,5.56,1900,100.0,0.0,0,low
S00322,big,Digital Camera,CAM-M3,13542,231,65,99.08,0.88,1.45,1.7,9,43.2,1,1,new,12,84,65,2.31,223,8,4.61,4.78,Yes,88.44,6.19,80000,-3.31,77350,43.1,0.0,0,low
S00327,small,Gaming Console,CON-M1,153,1,70,95.4,0.98,0.51,0.8,0,44.1,0,1,new,12,170,7,2.28,5,0,5.0,,Yes,99.59,15.58,38000,2.11,38800,84.3,0.0,0,low
S00428,small,Wireless Earbuds,EAR-M5,93,3,27,94.49,2.92,3.52,2.2,0,75.1,0,0,new,3,88,7,8.01,2,0,4.19,,Yes,83.04,4.68,28000,2.86,28800,86.5,0.0,0,low
S00449,small,Bluetooth Speaker,SPK-M3,14,0,56,89.85,0.1,7.21,6.2,0,95.0,0,0,new,3,305,4,4.41,1,0,4.07,,Yes,96.99,11.2,7000,3.14,7220,89.1,0.0,0,low
S00457,small,Desktop Computer,PC-M2,42,2,15,87.51,10.86,9.15,9.9,1,56.1,1,1,new,12,91,2,10.09,6,1,2.12,2.0,No,92.82,11.65,45000,-6.0,42300,21.4,0.0,0,low
S00454,small,Laptop,LAP-M2,49,3,7,96.28,1.39,4.17,7.5,0,44.5,0,0,new,0,53,4,3.22,1,0,4.06,,Yes,100.0,11.97,55000,-5.27,52100,21.2,0.0,0,low
S00334,small,Desktop Computer,PC-M4,66,1,44,97.7,2.28,2.44,1.2,0,45.2,1,0,new,0,172,3,3.02,6,0,4.85,,Yes,97.29,2.01,95000,-0.95,94100,56.5,0.0,0,low
S00349,small,Wireless Earbuds,EAR-M2,78,8,9,88.45,3.38,4.06,1.9,0,50.1,0,0,new,0,108,7,6.45,15,3,3.71,3.97,Yes,92.76,7.75,2500,6.0,2650,100.0,0.0,0,low
S00361,small,Desktop Computer,PC-M3,33,1,21,92.44,7.32,10.08,7.3,0,58.8,0,0,refurbished,6,173,3,6.7,3,0,3.01,,No,94.28,16.21,65000,-26.85,47550,6.2,0.0,0,low
S00394,small,Wi-Fi Router,RTR-M3,174,18,12,91.25,3.4,4.0,2.1,0,59.9,0,0,new,3,360,3,4.09,9,3,3.21,3.55,No,94.37,9.15,5500,-3.27,5320,41.3,0.0,0,low
S00278,small,Gaming Console,CON-M5,200,19,13,99.39,1.69,1.95,1.4,0,61.5,1,0,new,3,47,10,0.93,7,1,4.73,4.73,Yes,97.48,11.97,95000,5.05,99800,96.8,0.0,0,low
S00113,big,Bluetooth Speaker,SPK-M2,11440,310,57,97.48,1.52,2.11,1.9,6,25.3,1,1,new,12,149,198,3.79,191,12,4.04,4.13,Yes,95.99,21.11,3500,-2.86,3400,42.5,0.0,0,low
S00461,big,Mobile Phone,MOB-M2,10254,368,30,95.17,2.62,3.53,3.0,7,43.7,0,1,new,12,253,135,3.59,67,6,3.89,3.69,Yes,96.61,15.87,22000,-1.59,21650,64.2,0.0,0,low
S00498,medium,Power Bank,PWR-M4,877,13,51,95.34,1.3,2.48,1.9,0,25.0,1,0,new,12,81,54,3.59,6,0,4.16,,Yes,96.64,10.3,4800,-1.25,4740,45.0,0.0,0,low
S00290,small,Bluetooth Speaker,SPK-M5,106,30,5,89.73,4.39,5.34,5.5,1,41.4,1,0,refurbished,12,112,2,7.18,9,8,3.74,3.98,Yes,92.31,20.7,30000,-15.67,25300,9.4,0.0,0,low
S00033,small,Wireless Earbuds,EAR-M1,60,2,29,84.56,8.2,11.04,3.1,0,73.9,1,0,new,0,44,9,8.75,5,1,2.8,2.73,No,88.95,16.86,1200,4.17,1250,93.8,0.0,0,low
S00369,small,Desktop Computer,PC-M1,356,14,18,91.66,4.88,5.25,3.7,0,77.3,0,0,new,3,27,5,7.64,28,3,3.03,3.24,No,96.1,2.97,30000,-1.67,29500,49.1,0.0,0,low
S00541,medium,Smartwatch,WCH-M3,2896,57,61,87.97,7.11,8.47,7.6,13,40.5,1,0,new,12,347,95,10.39,113,7,2.42,2.43,No,93.78,14.28,9000,-0.33,8970,62.7,0.0,0,low
S00523,small,Power Bank,PWR-M4,173,10,18,95.19,3.36,4.52,5.6,3,21.1,1,0,new,3,186,3,6.1,12,2,3.54,3.5,No,88.7,13.5,4800,9.38,5250,95.0,0.0,0,low
S00154,small,Smartwatch,WCH-M5,66,26,3,96.77,1.44,4.26,3.9,0,47.9,1,0,new,0,90,4,4.62,2,2,4.31,4.52,Yes,99.39,8.48,45000,-0.44,44800,59.3,0.0,0,low
S00388,small,Mobile Phone,MOB-M3,40,1,18,96.23,6.28,4.18,2.9,0,32.4,0,0,new,12,91,10,5.57,2,0,3.57,,No,99.72,5.55,38000,1.32,38500,75.4,0.0,0,low
S00203,medium,Smartwatch,WCH-M3,1800,74,56,98.72,0.88,1.36,1.6,2,31.7,1,1,new,12,301,61,6.3,68,6,4.89,5.0,Yes,96.45,11.2,9000,-0.67,8940,55.9,0.0,0,low
S00341,small,Mobile Phone,MOB-M3,276,13,18,92.03,3.09,3.75,3.4,0,45.1,0,0,new,12,178,4,3.4,13,2,3.95,3.71,Yes,92.66,8.87,38000,2.24,38850,85.2,0.0,0,low
S00286,small,Desktop Computer,PC-M1,67,5,15,100.0,0.1,1.28,2.5,0,47.2,0,0,refurbished,3,191,10,3.17,1,0,4.55,,Yes,92.72,13.18,30000,-44.67,16600,3.5,0.0,0,low
S00233,small,Desktop Computer,PC-M3,46,3,13,86.53,4.33,7.19,7.7,0,54.4,1,1,new,12,390,4,8.63,6,1,2.47,2.31,No,92.67,27.87,65000,-5.46,61450,14.6,0.0,0,low
S00372,small,Smart TV,TV-M2,66,5,14,95.99,2.31,3.3,1.9,0,49.2,1,0,new,3,48,4,5.45,5,1,3.94,4.28,Yes,100.0,15.93,35000,-5.0,33250,35.6,0.0,0,low
S00342,big,Mobile Phone,MOB-M4,22236,160,105,94.67,2.81,3.61,1.9,36,32.8,1,1,new,12,62,85,8.44,101,1,3.97,3.97,Yes,94.24,19.57,65000,-3.92,62450,44.4,0.0,0,low
S00380,medium,Wi-Fi Router,RTR-M1,735,7,56,94.31,2.93,4.7,6.4,0,58.0,1,0,new,12,30,25,2.77,19,0,4.53,,Yes,91.96,17.38,1800,3.89,1870,90.0,0.0,0,low
S00217,small,Digital Camera,CAM-M1,110,15,8,96.95,0.52,1.36,0.7,0,52.6,1,0,new,3,240,10,1.05,3,1,5.0,4.93,Yes,89.7,13.34,35000,-3.43,33800,38.5,0.0,0,low
S00037,small,Power Bank,PWR-M2,148,2,53,96.07,1.35,3.52,2.6,0,48.6,0,0,new,12,121,3,7.98,5,0,3.75,,Yes,93.81,12.56,1800,3.89,1870,96.1,0.0,0,low
S00108,small,Laptop,LAP-M2,191,7,37,92.21,3.11,5.05,4.5,0,77.0,1,1,new,12,497,7,6.15,2,0,3.58,,No,89.8,18.29,55000,-2.64,53550,40.4,0.0,0,low
S00433,medium,Gaming Console,CON-M5,1648,89,27,91.11,5.09,6.26,8.1,8,26.7,1,1,new,12,159,19,5.13,15,2,3.19,3.04,No,93.31,22.31,95000,-5.58,89700,37.1,0.0,0,low
S00333,small,Desktop Computer,PC-M5,68,7,9,86.36,6.81,5.98,5.7,0,50.1,1,0,new,12,270,6,7.25,10,2,3.01,3.21,No,91.08,7.37,160000,0.06,160100,57.7,0.0,0,low
S00291,small,Smart TV,TV-M2,154,7,16,95.89,1.48,1.64,1.0,0,39.7,1,0,new,3,230,1,5.28,5,1,4.15,4.28,Yes,87.48,4.87,35000,6.14,37150,96.6,0.0,0,low
S00139,medium,Laptop,LAP-M4,707,64,10,96.94,2.07,2.45,2.3,1,50.6,1,0,new,12,300,11,5.74,19,4,4.29,4.14,Yes,93.7,23.22,120000,-4.87,114150,37.8,0.0,0,low
S00383,small,Wi-Fi Router,RTR-M4,185,9,13,96.34,1.29,2.17,2.3,0,63.1,0,0,refurbished,6,390,9,1.91,4,1,4.82,4.79,Yes,95.01,18.84,9500,-38.95,5800,5.0,0.0,0,low
S00105,big,Wi-Fi Router,RTR-M5,16216,133,100,89.08,5.86,7.29,9.8,58,47.8,1,1,new,12,194,37,7.96,164,3,3.02,2.87,No,89.29,5.93,16000,-1.88,15700,51.0,0.0,0,low
S00529,small,Laptop,LAP-M2,127,38,3,96.94,2.43,3.69,3.0,0,50.1,1,0,new,6,90,9,4.45,1,1,4.1,3.78,Yes,93.7,3.03,55000,5.91,58250,92.3,0.0,0,low
S00056,medium,Smart TV,TV-M4,1104,29,40,96.31,1.15,2.1,1.2,0,62.9,1,1,new,3,525,9,3.12,25,2,3.78,3.68,Yes,99.14,17.47,90000,-2.17,88050,48.4,0.0,0,low
S00335,small,Digital Camera,CAM-M3,91,2,34,99.25,0.1,4.08,2.9,0,46.5,0,0,new,0,58,4,3.99,3,0,4.41,,Yes,88.84,11.0,80000,-3.06,77550,45.1,0.0,0,low
S00252,big,Digital Camera,CAM-M3,12635,91,95,96.31,1.6,2.38,3.2,10,22.2,1,0,new,3,72,94,4.51,346,5,4.85,4.81,Yes,98.08,9.96,80000,-4.19,76650,39.2,0.0,0,low
S00460,small,Mobile Phone,MOB-M3,144,16,12,95.17,3.27,4.76,3.8,1,49.4,1,0,new,12,57,8,7.36,3,1,3.55,3.01,No,96.93,3.4,38000,-0.26,37900,60.7,0.0,0,low
S00467,medium,Desktop Computer,PC-M5,500,13,38,96.69,1.16,2.32,3.2,0,52.5,1,0,new,0,13,27,3.61,20,1,3.59,3.21,No,97.56,5.64,160000,-1.03,158350,44.2,0.0,0,low
S00296,big,Smartwatch,WCH-M2,17968,277,80,98.07,1.13,1.72,1.6,15,19.4,1,1,new,12,279,104,4.75,256,9,4.39,4.53,Yes,89.63,13.79,4500,-0.22,4490,63.3,0.0,0,low
S00387,medium,Smart TV,TV-M3,2590,48,41,98.19,1.29,2.12,2.0,1,40.7,1,0,new,0,255,51,2.49,145,8,4.5,4.66,Yes,91.67,24.64,55000,1.0,55550,69.6,0.0,0,low
S00225,small,Laptop,LAP-M4,98,1,68,94.47,4.44,4.92,2.9,0,65.5,1,0,new,6,53,6,8.14,0,0,,,No,,,120000,-1.04,118750,66.2,0.0,0,low
S00430,small,Laptop,LAP-M3,153,11,17,94.88,3.39,4.24,3.9,0,33.0,0,0,new,12,70,4,8.88,7,1,3.38,3.52,No,94.27,15.45,80000,-0.31,79750,56.2,0.0,0,low
S00212,medium,Digital Camera,CAM-M5,901,15,62,94.07,3.42,3.81,3.1,2,49.7,1,1,new,12,146,18,5.87,48,3,3.52,3.68,No,85.05,9.62,180000,-0.94,178300,69.4,0.0,0,low
S00036,big,Laptop,LAP-M2,10995,152,61,97.1,1.6,2.17,3.2,8,24.3,1,0,new,6,226,98,6.05,80,3,3.82,3.6,Yes,97.02,13.77,55000,-1.91,53950,46.2,0.0,0,low
S00285,small,Smart TV,TV-M3,135,5,45,100.0,1.2,2.37,1.1,0,48.0,0,0,new,12,215,14,4.31,8,1,4.3,4.4,Yes,93.83,12.53,55000,3.36,56850,83.9,0.0,0,low
S00434,small,Laptop,LAP-M3,82,44,2,86.83,3.78,6.4,5.8,1,47.9,0,0,used,12,60,8,8.39,8,8,3.42,3.33,No,94.02,18.26,80000,-47.06,42350,4.7,0.0,0,low
S00017,small,Wi-Fi Router,RTR-M3,32,1,25,92.23,3.68,6.61,7.4,0,47.3,1,0,new,6,91,11,2.94,0,0,,,No,,,5500,0.73,5540,69.6,0.0,0,low
S00234,medium,Wireless Earbuds,EAR-M5,5840,118,46,96.37,1.97,2.84,2.2,4,65.6,1,0,new,6,456,11,7.74,146,9,4.5,4.47,Yes,92.81,15.66,28000,-3.93,26900,21.2,0.0,0,low
S00516,big,Digital Camera,CAM-M4,25726,176,105,97.86,1.3,1.76,0.8,8,22.0,1,0,new,12,227,59,0.62,114,2,4.75,4.53,Yes,97.29,14.68,100000,-1.05,98950,56.0,0.0,0,low
S00376,small,Laptop,LAP-M2,99,6,23,97.62,1.57,0.45,2.5,0,62.1,0,0,new,12,147,6,5.28,2,0,4.38,,Yes,95.23,6.56,55000,-1.18,54350,55.8,0.0,0,low
S00133,medium,Smart TV,TV-M3,1754,40,59,96.83,1.51,2.6,2.3,0,44.1,1,0,new,3,551,25,2.91,19,1,4.31,4.47,Yes,98.46,8.97,55000,-3.09,53300,33.9,0.0,0,low
S00353,medium,Smartwatch,WCH-M5,1270,11,55,95.55,2.39,2.99,2.5,1,47.4,1,1,new,12,101,37,5.66,49,1,4.07,3.88,Yes,98.29,18.29,45000,-2.33,43950,42.6,0.0,0,low
S00269,small,Mobile Phone,MOB-M4,169,12,10,98.03,2.05,2.79,1.1,1,90.2,0,0,new,12,148,13,5.57,3,1,4.37,4.33,Yes,100.0,5.54,65000,4.92,68200,95.6,0.0,0,low
S00014,medium,Digital Camera,CAM-M5,2318,65,33,94.49,2.74,3.86,4.6,0,54.0,1,0,new,6,649,68,5.58,74,4,4.06,3.87,Yes,99.06,14.75,180000,-1.78,176800,61.2,0.0,0,low
S00410,small,Smart TV,TV-M1,103,6,23,92.11,3.73,5.67,4.1,0,42.2,0,0,new,12,512,5,6.27,6,1,3.83,3.67,Yes,90.4,18.08,22000,-3.18,21300,41.6,0.0,0,low
S00557,small,Laptop,LAP-M1,51,12,6,100.0,0.1,2.57,1.5,0,59.2,0,0,new,0,180,13,5.98,4,3,4.53,4.33,Yes,88.85,11.78,38000,-3.82,36550,41.8,0.0,0,low
S00105,big,Wi-Fi Router,RTR-M2,16216,133,100,89.08,5.86,7.29,9.8,58,47.8,1,1,new,12,15,28,7.35,185,4,3.05,3.48,No,92.33,15.36,3200,-7.81,2950,18.5,0.0,0,low
S00441,medium,Mobile Phone,MOB-M3,1153,36,47,100.0,0.54,1.6,1.3,0,25.0,1,0,refurbished,6,219,58,3.93,18,1,4.68,4.53,Yes,93.71,7.77,38000,-36.84,24000,8.2,0.0,0,low
S00034,small,Power Bank,PWR-M4,44,2,21,95.42,5.47,4.75,7.0,0,87.5,1,0,new,6,606,6,6.4,3,0,3.72,,Yes,98.98,8.52,4800,1.67,4880,66.7,0.0,0,low
S00380,medium,Mobile Phone,MOB-M2,735,7,56,94.31,2.93,4.7,6.4,0,58.0,1,0,new,6,63,30,4.68,6,0,3.87,,Yes,95.28,8.59,22000,2.05,22450,84.9,0.0,0,low
S00224,medium,Gaming Console,CON-M4,1678,86,29,97.47,1.85,2.11,1.5,2,28.4,1,0,new,12,340,15,4.13,49,6,4.43,4.53,Yes,94.78,4.44,78000,-3.33,75400,34.8,0.0,0,low
S00027,small,Desktop Computer,PC-M4,28,0,34,94.29,7.05,9.66,5.7,1,44.3,0,0,new,6,193,3,6.75,0,0,,,No,,,95000,1.74,96650,80.4,0.0,0,low
S00342,big,Laptop,LAP-M2,22236,160,105,94.67,2.81,3.61,1.9,36,32.8,1,1,new,12,2456,126,5.58,160,5,3.95,3.82,Yes,98.31,13.05,55000,-30.45,38250,7.7,0.0,0,low
S00079,small,Smart TV,TV-M3,119,5,29,91.64,5.62,6.69,4.4,0,44.8,1,0,refurbished,6,398,4,4.22,1,0,3.38,,No,92.52,15.11,55000,-36.91,34700,5.4,0.0,0,low
S00434,small,Desktop Computer,PC-M1,82,44,2,86.83,3.78,6.4,5.8,1,47.9,0,0,new,12,60,7,9.8,8,8,2.65,2.84,No,92.82,9.87,30000,8.0,32400,98.2,0.0,0,low
S00183,small,Gaming Console,CON-M1,40,32,3,82.86,10.66,12.7,9.4,1,1.3,0,0,new,3,40,286,10.64,1,1,4.85,3.41,Yes,50.01,55.84,38000,-1.05,37600,51.0,1.0,100,high
S00128,small,Gaming Console,CON-M5,58,38,4,84.99,8.92,10.16,7.1,1,60.0,0,0,new,0,9,308,8.69,1,1,4.91,3.66,Yes,14.8,82.41,95000,-35.0,61750,11.3,1.0,100,high
S00512,small,Bluetooth Speaker,SPK-M5,65,13,5,96.06,1.14,2.24,0.9,0,53.4,1,0,new,12,82,4,4.71,6,3,5.0,5.0,Yes,90.46,3.56,30000,1.0,30300,77.4,0.0,0,low
S00103,small,Laptop,LAP-M1,162,21,10,93.26,2.47,3.15,2.9,1,19.4,0,0,refurbished,6,300,16,5.31,7,3,3.94,3.89,Yes,88.62,15.7,38000,-41.84,22100,11.9,0.0,0,low
S00216,small,Smart TV,TV-M1,96,7,14,93.39,4.87,5.46,4.4,0,36.2,1,0,new,6,420,33,5.23,3,1,3.6,3.72,Yes,89.77,8.69,22000,-2.05,21550,49.4,0.0,0,low
S00208,small,Bluetooth Speaker,SPK-M5,121,73,3,100.0,0.99,2.22,2.3,0,58.5,1,0,new,3,90,3,6.64,2,2,4.25,4.1,Yes,100.0,3.13,30000,-1.5,29550,49.1,0.0,0,low
S00372,small,Bluetooth Speaker,SPK-M1,66,5,14,95.99,2.31,3.3,1.9,0,49.2,1,0,new,12,66,8,4.44,0,0,,,No,,,1500,5.33,1580,97.6,0.0,0,low
S00217,small,Smartwatch,WCH-M4,110,15,8,96.95,0.52,1.36,0.7,0,52.6,1,0,new,12,87,5,4.64,8,3,4.65,4.69,Yes,94.34,4.0,22000,0.0,22000,72.7,0.0,0,low
S00281,small,Laptop,LAP-M4,131,6,26,99.52,1.05,2.96,1.8,0,45.1,0,0,new,12,87,7,5.27,16,2,4.29,4.16,Yes,88.42,4.3,120000,2.04,122450,86.5,0.0,0,low
S00219,small,Bluetooth Speaker,SPK-M1,58,6,9,92.46,4.59,4.71,6.0,0,28.8,0,0,new,0,96,6,5.82,3,1,3.89,4.07,Yes,100.0,10.85,1500,-2.67,1460,50.0,0.0,0,low
S00516,big,Bluetooth Speaker,SPK-M4,25726,176,105,97.86,1.3,1.76,0.8,8,22.0,1,0,new,12,333,102,4.38,206,4,4.26,3.8,Yes,100.0,6.31,14000,0.0,14000,58.8,0.0,0,low
S00474,small,Power Bank,PWR-M1,259,13,11,99.46,1.13,0.92,1.8,0,79.3,0,0,new,6,281,2,4.35,6,1,4.35,4.24,Yes,100.0,6.52,1100,6.36,1170,92.0,0.0,0,low
S00154,small,Digital Camera,CAM-M2,66,26,3,96.77,1.44,4.26,3.9,0,47.9,1,0,new,0,90,7,3.53,3,2,4.43,4.43,Yes,95.57,3.6,55000,5.36,57950,93.3,0.0,0,low
S00541,medium,Smartwatch,WCH-M5,2896,57,61,87.97,7.11,8.47,7.6,13,40.5,1,0,new,12,553,42,9.07,227,10,2.62,2.77,No,88.51,13.59,45000,-4.11,43150,29.6,0.0,0,low
S00292,small,Bluetooth Speaker,SPK-M2,118,16,10,98.44,3.82,4.12,4.9,0,56.8,1,0,new,6,300,10,5.33,9,2,3.71,3.39,Yes,88.04,10.62,3500,-4.0,3360,27.5,0.0,0,low
S00005,small,Digital Camera,CAM-M2,271,14,21,92.73,2.0,3.29,2.7,0,58.5,0,0,new,12,75,8,5.3,13,1,3.53,3.94,No,90.82,7.87,55000,-0.55,54700,55.0,0.0,0,low
S00105,big,Power Bank,PWR-M5,16216,133,100,89.08,5.86,7.29,9.8,58,47.8,1,1,new,3,78,96,7.13,174,5,3.35,3.49,No,88.55,13.82,8500,-2.82,8260,48.3,0.0,0,low
S00505,medium,Wi-Fi Router,RTR-M2,2401,45,33,98.15,1.56,1.8,1.6,3,21.4,1,0,new,3,47,44,5.16,52,2,4.81,4.79,Yes,98.49,10.22,3200,6.88,3420,100.0,0.0,0,low
S00268,small,Gaming Console,CON-M2,16,10,5,80.57,13.88,14.51,8.4,0,34.8,0,0,new,0,6,282,9.08,2,2,4.71,2.89,Yes,59.52,38.5,52000,-46.92,27600,13.2,1.0,100,high
S00132,medium,Wireless Earbuds,EAR-M1,2214,147,17,96.17,2.4,3.17,1.8,2,26.9,1,0,new,3,71,45,5.77,22,4,3.98,4.17,Yes,97.39,8.8,1200,-4.17,1150,29.2,0.0,0,low
S00276,medium,Wi-Fi Router,RTR-M4,1137,23,43,94.69,2.83,3.51,6.7,3,39.8,1,1,new,12,44,36,2.96,15,1,3.96,3.96,Yes,94.65,9.82,9500,-2.0,9310,46.7,0.0,0,low
S00029,small,Digital Camera,CAM-M2,55,1,32,99.76,2.55,6.44,4.6,0,61.0,1,0,new,3,83,5,4.86,1,0,3.42,,No,92.13,16.06,55000,3.73,57050,83.3,0.0,0,low
S00089,small,Digital Camera,CAM-M1,205,11,27,86.81,5.64,7.9,4.0,0,60.3,0,0,used,3,141,5,7.58,10,2,2.44,2.35,No,95.94,4.4,35000,-16.57,29200,11.5,0.0,0,low
S00075,big,Smartwatch,WCH-M2,31838,212,94,95.92,2.22,2.98,2.8,30,24.2,1,1,new,12,61,202,7.38,486,9,3.72,3.58,Yes,90.33,11.28,4500,-1.56,4430,55.1,0.0,0,low
S00167,big,Smart TV,TV-M5,29079,775,47,97.51,1.39,1.9,2.3,18,37.2,1,1,new,12,426,89,4.01,311,27,4.2,4.14,Yes,93.12,16.14,180000,-4.36,172150,28.6,0.0,0,low
S00498,medium,Digital Camera,CAM-M3,877,13,51,95.34,1.3,2.48,1.9,0,25.0,1,0,new,6,60,24,2.59,19,1,4.26,4.49,Yes,100.0,23.18,80000,3.88,83100,96.1,0.0,0,low
S00493,small,Wi-Fi Router,RTR-M1,29,3,7,97.15,2.68,3.21,4.3,0,58.7,0,0,new,3,210,16,4.61,4,1,3.98,4.47,Yes,93.07,4.89,1800,-2.78,1750,46.0,0.0,0,low
S00510,small,Laptop,LAP-M5,501,18,26,95.66,1.56,2.69,2.1,0,47.1,0,0,new,12,98,4,4.74,17,2,4.28,4.65,Yes,92.16,4.91,190000,-2.45,185350,54.4,0.0,0,low
S00219,small,Wi-Fi Router,RTR-M4,58,6,9,92.46,4.59,4.71,6.0,0,28.8,0,0,new,3,228,5,3.53,5,1,4.03,3.85,Yes,98.19,3.63,9500,-6.42,8890,21.7,0.0,0,low
S00505,medium,Desktop Computer,PC-M5,2401,45,33,98.15,1.56,1.8,1.6,3,21.4,1,0,new,0,159,8,0.78,42,3,4.95,4.84,Yes,92.75,17.42,160000,-2.28,156350,36.5,0.0,0,low
S00337,small,Bluetooth Speaker,SPK-M5,35,0,58,92.21,1.84,3.95,0.8,0,44.1,1,0,new,3,91,5,6.31,3,0,3.86,,Yes,93.56,22.37,30000,0.33,30100,69.8,0.0,0,low
S00023,small,Bluetooth Speaker,SPK-M4,408,10,38,96.03,3.2,3.97,2.3,0,54.0,1,1,new,12,121,6,8.99,15,1,3.74,3.91,Yes,82.42,11.54,14000,6.07,14850,96.1,0.0,0,low
S00307,small,Power Bank,PWR-M4,49,14,3,97.61,0.89,3.18,3.6,0,68.1,1,0,new,0,90,6,7.22,0,0,,,No,,,4800,-2.5,4680,35.0,0.0,0,low
S00036,big,Smartwatch,WCH-M5,10995,152,61,97.1,1.6,2.17,3.2,8,24.3,1,0,new,3,248,92,5.86,180,5,4.52,4.88,Yes,92.87,5.36,45000,2.78,46250,79.6,0.0,0,low
S00465,small,Smartwatch,WCH-M5,82,3,18,91.27,5.48,4.5,4.1,0,51.4,1,0,new,3,540,10,5.02,1,0,3.73,,Yes,90.73,5.38,45000,-10.0,40500,18.5,0.0,0,low
S00265,small,Gaming Console,CON-M3,57,38,4,72.78,10.21,13.03,11.4,2,55.7,0,0,new,12,33,225,8.17,56,56,4.68,2.84,Yes,38.6,37.13,62000,-35.65,39900,16.0,1.0,100,high
S00236,small,Digital Camera,CAM-M2,144,7,31,91.2,3.88,6.65,2.0,1,72.0,1,0,new,3,24,2,7.39,10,1,3.26,3.54,No,96.83,24.6,55000,1.27,55700,75.0,0.0,0,low
S00303,small,Wi-Fi Router,RTR-M3,151,10,14,96.86,2.35,3.18,1.7,0,78.4,0,0,new,12,115,3,4.53,6,1,3.81,4.03,Yes,93.63,8.49,5500,6.91,5880,97.8,0.0,0,low
S00263,medium,Digital Camera,CAM-M1,620,20,24,95.71,2.22,2.79,2.7,0,27.3,0,0,new,12,131,9,2.21,42,5,3.97,4.03,Yes,97.03,14.84,35000,5.86,37050,94.2,0.0,0,low
S00317,medium,Smartwatch,WCH-M4,4634,155,35,90.0,5.33,6.59,6.9,12,43.4,1,0,new,12,26,22,7.46,82,7,3.38,3.33,No,92.33,3.58,22000,-3.18,21300,47.3,0.0,0,low
S00467,medium,Gaming Console,CON-M1,500,13,38,96.69,1.16,2.32,3.2,0,52.5,1,0,new,0,161,33,4.6,11,1,4.5,4.36,Yes,97.7,15.34,38000,0.79,38300,68.6,0.0,0,low
S00103,small,Laptop,LAP-M2,162,21,10,93.26,2.47,3.15,2.9,1,19.4,0,0,new,0,63,6,6.57,6,2,3.43,3.37,No,100.0,8.0,55000,3.27,56800,86.5,0.0,0,low
S00162,small,Power Bank,PWR-M1,83,1,65,95.15,2.43,4.19,5.6,2,9.1,1,0,new,12,102,3,5.43,13,0,3.94,,Yes,90.05,11.81,1100,-10.0,990,14.0,0.0,0,low
S00353,medium,Desktop Computer,PC-M3,1270,11,55,95.55,2.39,2.99,2.5,1,47.4,1,1,new,12,250,17,6.48,35,1,3.64,3.78,Yes,97.56,17.6,65000,20.62,78400,100.0,0.0,0,low
S00036,big,Smart TV,TV-M5,10995,152,61,97.1,1.6,2.17,3.2,8,24.3,1,0,new,12,550,65,5.29,170,6,4.41,4.14,Yes,97.32,16.89,180000,-0.64,178850,58.9,0.0,0,low
S00064,small,Smartwatch,WCH-M3,181,16,11,89.86,5.66,6.86,3.7,0,35.3,1,0,new,6,172,15,10.77,42,9,3.06,2.65,No,96.12,4.62,9000,-8.22,8260,10.2,0.0,0,low
S00234,medium,Wireless Earbuds,EAR-M3,5840,118,46,96.37,1.97,2.84,2.2,4,65.6,1,0,new,12,246,32,6.52,88,5,4.17,4.33,Yes,90.73,14.29,5500,1.45,5580,83.3,0.0,0,low
S00353,medium,Desktop Computer,PC-M1,1270,11,55,95.55,2.39,2.99,2.5,1,47.4,1,1,new,12,483,12,6.68,45,1,3.88,3.49,Yes,92.26,17.67,30000,-6.5,28050,17.5,0.0,0,low
S00469,small,Gaming Console,CON-M5,18,2,8,79.08,0.1,6.32,3.4,0,54.8,0,0,used,12,212,7,4.05,0,0,,,No,,,95000,-39.26,57700,9.7,0.0,0,low
S00149,small,Mobile Phone,MOB-M4,119,10,11,95.03,3.44,5.09,3.8,0,50.6,1,0,new,12,40,6,6.36,9,2,3.79,3.81,Yes,87.72,6.62,65000,0.46,65300,66.7,0.0,0,low
S00483,big,Smartwatch,WCH-M4,6835,176,51,98.04,1.38,2.08,1.6,4,36.3,1,1,new,12,83,48,6.05,73,4,4.15,4.25,Yes,95.21,1.56,22000,5.45,23200,100.0,0.0,0,low
S00078,medium,Wi-Fi Router,RTR-M2,3467,63,83,95.06,2.65,3.55,1.8,0,52.9,1,0,new,12,18,12,6.58,74,2,3.65,3.75,Yes,91.77,30.0,3200,3.12,3300,92.6,0.0,0,low
S00003,medium,Wireless Earbuds,EAR-M1,2007,22,81,93.04,3.54,4.54,4.3,3,76.3,1,0,new,0,187,22,7.99,39,1,3.69,3.85,Yes,99.76,12.89,1200,-2.5,1170,47.7,0.0,0,low
S00299,small,Bluetooth Speaker,SPK-M4,236,25,11,94.4,4.08,4.5,5.5,1,52.8,0,0,new,3,67,2,7.77,11,3,3.31,3.46,No,89.51,20.31,14000,-5.0,13300,23.5,0.0,0,low
S00027,small,Desktop Computer,PC-M5,28,0,34,94.29,7.05,9.66,5.7,1,44.3,0,0,refurbished,12,603,5,7.98,2,0,2.68,,No,89.87,12.29,160000,-43.94,89700,3.8,0.0,0,low
S00220,medium,Gaming Console,CON-M5,2063,69,18,92.97,3.98,4.8,3.5,5,62.9,1,1,new,12,21,13,3.86,98,6,3.76,3.53,Yes,96.13,15.16,95000,-4.0,91200,43.5,0.0,0,low
S00494,small,Power Bank,PWR-M5,139,59,3,87.11,6.68,5.87,5.6,0,34.2,1,0,new,12,33,9,7.6,10,8,2.93,3.0,No,96.43,17.59,8500,32.35,11250,100.0,0.0,0,low
S00036,big,Digital Camera,CAM-M2,10995,152,61,97.1,1.6,2.17,3.2,8,24.3,1,0,new,12,36,153,1.13,130,5,4.61,4.53,Yes,93.03,7.94,55000,-3.09,53300,36.7,0.0,0,low
S00530,medium,Smartwatch,WCH-M4,2687,29,84,91.71,4.48,5.8,5.9,5,55.5,1,1,new,12,140,47,8.8,105,3,3.48,3.74,No,95.1,16.46,22000,-5.23,20850,29.1,0.0,0,low
S00017,small,Mobile Phone,MOB-M4,32,1,25,92.23,3.68,6.61,7.4,0,47.3,1,0,new,6,262,4,7.69,4,0,3.35,,No,94.5,14.93,65000,1.62,66050,82.2,0.0,0,low
S00270,small,Digital Camera,CAM-M4,43,0,72,88.35,5.53,8.24,5.6,0,36.4,1,0,new,0,430,9,5.46,2,0,3.36,,No,99.71,12.31,100000,-0.9,99100,60.0,0.0,0,low
S00560,small,Gaming Console,CON-M5,22,14,2,90.4,9.09,9.52,8.5,1,13.3,0,0,new,6,51,3,8.71,0,0,,,No,,,95000,-27.68,68700,12.9,1.0,100,high
S00426,small,Gaming Console,CON-M4,36,2,13,97.21,0.57,2.95,1.9,0,63.8,0,0,new,12,82,6,1.85,0,0,,,No,,,78000,-4.23,74700,27.3,0.0,0,low
S00044,small,Laptop,LAP-M1,158,82,8,94.7,4.18,4.4,4.7,2,30.4,1,0,refurbished,0,18,133,7.8,9,9,5.0,3.14,Yes,42.73,61.48,38000,-21.18,29950,22.4,1.0,100,high
S00532,small,Gaming Console,CON-M2,195,10,11,88.49,6.3,8.18,4.1,0,50.5,0,0,new,12,330,8,5.94,15,3,3.27,3.36,No,92.64,17.65,52000,5.19,54700,92.5,0.0,0,low
S00239,small,Digital Camera,CAM-M2,164,18,13,96.12,1.63,3.76,3.2,0,50.9,0,0,new,0,190,11,3.88,13,3,4.57,4.7,Yes,93.69,11.9,55000,-5.82,51800,26.7,0.0,0,low
S00506,small,Power Bank,PWR-M3,23,1,13,94.32,5.04,5.77,8.7,0,46.2,1,0,new,3,276,10,5.94,1,0,3.81,,Yes,90.12,13.51,3000,-5.33,2840,21.4,0.0,0,low
S00124,small,Bluetooth Speaker,SPK-M3,215,14,10,99.48,0.42,0.78,1.2,0,40.9,0,0,new,3,49,4,4.69,4,1,4.27,4.48,Yes,100.0,16.21,7000,5.57,7390,96.4,0.0,0,low
S00212,medium,Gaming Console,CON-M2,901,15,62,94.07,3.42,3.81,3.1,2,49.7,1,1,new,12,88,21,4.71,72,2,3.47,3.51,No,90.18,0.34,52000,-0.48,51750,52.8,0.0,0,low
S00422,small,Gaming Console,CON-M3,173,8,15,97.39,2.56,2.15,1.7,0,39.8,1,0,new,0,127,4,5.18,14,1,4.35,3.93,Yes,92.82,2.21,62000,-8.63,56650,26.0,0.0,0,low
S00434,small,Desktop Computer,PC-M5,82,44,2,86.83,3.78,6.4,5.8,1,47.9,0,0,new,0,20,4,5.87,3,3,2.71,2.76,No,90.14,3.32,160000,-3.59,154250,26.9,0.0,0,low
S00147,small,Power Bank,PWR-M3,250,19,10,95.01,4.13,3.15,2.0,0,65.9,0,0,new,6,90,2,6.16,26,4,3.58,3.42,No,92.77,5.76,3000,-6.67,2800,11.9,0.0,0,low
S00415,big,Smart TV,TV-M5,15112,167,80,96.28,1.98,2.82,6.1,13,30.5,1,1,new,6,126,104,4.55,258,5,4.78,4.69,Yes,97.76,12.79,180000,-4.86,171250,23.2,0.0,0,low
S00223,small,Wireless Earbuds,EAR-M4,224,14,10,95.79,2.69,2.75,2.3,0,75.4,1,1,new,12,29,15,7.78,22,4,3.78,3.59,Yes,97.62,9.07,12000,2.08,12250,78.8,0.0,0,low
S00417,small,Wi-Fi Router,RTR-M4,70,6,14,92.28,3.43,5.03,5.3,0,77.5,0,0,refurbished,6,332,1,6.39,12,3,2.82,2.93,No,91.02,9.96,9500,-54.11,4360,3.3,0.0,0,low
S00145,big,Digital Camera,CAM-M3,22641,132,155,95.79,2.28,2.99,3.2,23,41.7,1,0,new,12,64,85,3.4,384,4,4.0,4.13,Yes,83.27,11.65,80000,2.0,81600,86.3,0.0,0,low
S00293,medium,Desktop Computer,PC-M1,1911,20,54,95.46,2.36,3.62,3.3,4,26.8,0,0,new,12,737,45,5.12,52,1,3.98,4.19,Yes,92.02,13.46,30000,-3.17,29050,33.3,0.0,0,low
S00536,small,Wi-Fi Router,RTR-M2,70,11,6,97.68,2.85,2.73,2.2,0,61.0,0,0,new,6,180,4,5.3,4,1,5.0,4.78,Yes,99.38,17.73,3200,-1.25,3160,68.5,0.0,0,low
S00160,small,Gaming Console,CON-M5,63,4,10,91.35,4.68,5.52,3.4,0,57.6,0,0,new,6,215,6,4.53,9,1,3.72,3.97,Yes,99.59,23.71,95000,-1.05,94000,54.8,0.0,0,low
S00054,small,Laptop,LAP-M3,182,41,6,92.46,5.15,7.07,1.3,2,55.2,0,0,new,12,180,2,7.42,8,5,3.42,3.25,No,98.14,4.1,80000,6.25,85000,98.4,0.0,0,low
S00381,small,Wi-Fi Router,RTR-M5,212,6,19,91.43,3.16,4.4,2.1,1,36.7,0,0,new,0,76,3,7.34,8,0,3.8,,Yes,97.17,7.59,16000,2.81,16450,90.2,0.0,0,low
S00019,medium,Digital Camera,CAM-M1,3267,43,51,97.95,1.31,1.79,1.3,1,34.8,1,1,new,12,74,45,2.1,73,3,4.66,4.28,Yes,88.89,5.65,35000,-1.86,34350,53.8,0.0,0,low
S00235,medium,Gaming Console,CON-M5,1479,37,43,97.73,0.78,1.64,2.1,0,39.0,1,1,new,3,50,28,0.37,30,2,4.84,4.76,Yes,94.82,4.42,95000,2.74,97600,85.5,0.0,0,low
S00058,medium,Wireless Earbuds,EAR-M1,3458,139,24,97.82,1.36,2.07,1.8,2,32.6,1,0,new,3,334,22,7.53,177,16,3.85,4.11,Yes,92.49,0.53,1200,0.0,1200,66.2,0.0,0,low
S00181,medium,Bluetooth Speaker,SPK-M1,2490,46,45,98.81,1.08,1.62,3.8,1,42.5,1,0,new,12,113,63,4.63,19,1,4.4,4.4,Yes,99.55,3.5,1500,-2.67,1460,50.0,0.0,0,low
S00167,big,Gaming Console,CON-M4,29079,775,47,97.51,1.39,1.9,2.3,18,37.2,1,1,new,12,37,87,3.55,436,22,3.85,3.87,Yes,95.19,20.57,78000,-1.86,76550,47.0,0.0,0,low
S00326,small,Gaming Console,CON-M4,103,9,16,97.68,1.04,0.77,1.7,0,73.3,1,1,new,6,79,6,2.24,4,1,5.0,4.63,Yes,96.84,13.56,78000,-2.5,76050,40.9,0.0,0,low
S00250,medium,Mobile Phone,MOB-M5,1278,27,47,91.69,3.84,5.41,4.3,4,42.6,0,0,new,6,333,51,8.42,26,2,3.3,3.2,No,96.62,5.48,140000,0.11,140150,72.0,0.0,0,low
S00432,small,Smart TV,TV-M5,131,32,4,92.77,3.23,3.36,3.2,0,91.2,0,0,new,6,120,11,4.41,5,3,4.58,4.99,Yes,92.94,5.36,180000,7.47,193450,98.2,0.0,0,low
S00236,small,Wireless Earbuds,EAR-M4,144,7,31,91.2,3.88,6.65,2.0,1,72.0,1,0,new,6,110,2,6.88,9,1,3.81,4.14,Yes,100.0,12.0,12000,2.92,12350,84.6,0.0,0,low
S00139,medium,Power Bank,PWR-M5,707,64,10,96.94,2.07,2.45,2.3,1,50.6,1,0,new,0,165,15,5.31,20,5,4.19,4.06,Yes,94.12,11.68,8500,-1.18,8400,61.7,0.0,0,low
S00154,small,Digital Camera,CAM-M1,66,26,3,96.77,1.44,4.26,3.9,0,47.9,1,0,new,12,90,5,1.92,0,0,,,No,,,35000,-1.14,34600,61.5,0.0,0,low
S00170,big,Bluetooth Speaker,SPK-M1,24282,382,90,96.38,1.83,2.7,2.6,14,20.6,1,1,new,12,218,43,6.38,368,11,4.39,4.51,Yes,95.48,21.29,1500,-0.67,1490,69.0,0.0,0,low
S00247,small,Smart TV,TV-M5,77,2,26,85.63,7.99,7.77,3.9,0,65.1,0,0,new,6,70,3,7.87,4,0,2.67,,No,81.42,11.32,180000,6.5,191700,92.9,0.0,0,low
S00015,small,Digital Camera,CAM-M1,232,20,12,90.85,5.0,7.36,6.3,1,41.6,0,0,new,0,72,11,6.58,7,2,2.87,2.32,No,91.69,8.6,35000,-1.43,34500,57.7,0.0,0,low
S00455,medium,Power Bank,PWR-M1,3907,92,55,90.15,5.04,6.65,13.3,6,49.8,1,1,new,12,93,15,7.58,81,6,3.46,2.86,No,92.71,20.12,1100,0.0,1100,70.0,0.0,0,low
S00201,small,Mobile Phone,MOB-M3,143,20,9,90.74,4.09,7.37,7.6,0,60.5,1,0,new,3,14,5,5.61,2,1,3.34,3.12,No,91.24,2.14,38000,1.58,38600,77.0,0.0,0,low
S00168,medium,Wireless Earbuds,EAR-M5,823,14,51,94.05,2.74,3.23,3.5,0,54.7,1,1,new,6,1263,25,6.17,38,1,4.4,4.25,Yes,98.43,3.91,28000,2.14,28600,84.6,0.0,0,low
S00407,small,Power Bank,PWR-M3,40,6,7,98.6,0.1,0.01,2.5,0,54.7,0,0,new,12,210,7,3.99,1,0,4.77,,Yes,94.95,6.48,3000,4.67,3140,90.5,0.0,0,low
S00505,medium,Wi-Fi Router,RTR-M4,2401,45,33,98.15,1.56,1.8,1.6,3,21.4,1,0,new,0,607,34,4.61,51,2,4.28,4.09,Yes,91.3,5.59,9500,-1.05,9400,56.7,0.0,0,low
S00075,big,Smartwatch,WCH-M3,31838,212,94,95.92,2.22,2.98,2.8,30,24.2,1,1,new,12,164,96,6.42,258,4,4.18,4.21,Yes,88.83,24.38,9000,-6.33,8430,18.6,0.0,0,low
S00047,small,Wi-Fi Router,RTR-M1,94,4,22,99.72,3.23,0.72,2.6,0,56.5,0,0,new,6,128,9,4.31,6,1,4.33,4.27,Yes,93.02,17.62,1800,-2.78,1750,46.0,0.0,0,low
S00361,small,Desktop Computer,PC-M1,33,1,21,92.44,7.32,10.08,7.3,0,58.8,0,0,new,12,630,10,8.62,2,0,2.83,,No,89.8,0.97,30000,0.83,30250,70.2,0.0,0,low
S00235,medium,Bluetooth Speaker,SPK-M4,1479,37,43,97.73,0.78,1.64,2.1,0,39.0,1,1,new,12,1290,13,4.1,44,3,4.47,4.64,Yes,95.1,3.34,14000,1.43,14200,70.6,0.0,0,low
S00128,small,Gaming Console,CON-M4,58,38,4,84.99,8.92,10.16,7.1,1,60.0,0,0,new,6,53,12,9.16,0,0,,,No,,,78000,-58.72,32200,3.0,0.5479,55,medium
S00280,small,Laptop,LAP-M4,59,36,2,84.6,3.98,5.62,3.2,0,6.2,0,0,new,0,33,66,7.65,0,0,,,No,,,120000,-67.25,39300,2.7,1.0,100,high
S00440,big,Smart TV,TV-M2,27243,487,52,97.08,1.47,2.27,1.9,18,31.0,1,1,new,6,123,128,4.06,408,24,4.28,4.33,Yes,94.38,18.02,35000,-1.86,34350,57.6,0.0,0,low
S00169,medium,Desktop Computer,PC-M2,1148,28,28,96.6,1.89,2.09,2.8,0,45.7,1,0,refurbished,12,271,25,2.47,42,3,4.8,4.93,Yes,96.17,16.08,45000,-24.56,33950,12.5,0.0,0,low
S00424,small,Desktop Computer,PC-M1,209,15,9,93.84,1.89,3.05,2.9,0,68.1,0,0,new,12,29,4,6.14,7,1,4.16,4.05,Yes,92.02,6.24,30000,1.17,30350,71.9,0.0,0,low
S00409,medium,Desktop Computer,PC-M1,1332,45,34,94.96,2.57,3.74,4.6,2,56.4,1,1,new,12,408,14,7.23,28,2,3.88,3.72,Yes,94.91,17.25,30000,-7.17,27850,14.0,0.0,0,low
S00484,medium,Laptop,LAP-M3,1457,24,64,95.49,2.19,3.04,1.7,0,48.7,1,1,new,12,27,52,7.28,82,4,4.11,4.52,Yes,94.78,9.06,80000,-5.06,75950,34.4,0.0,0,low
S00026,small,Laptop,LAP-M3,700,21,22,90.8,4.9,5.76,3.7,1,69.6,1,0,used,12,121,7,6.64,35,3,3.15,3.3,No,96.63,6.49,80000,-53.62,37100,3.1,0.0,0,low
S00372,small,Bluetooth Speaker,SPK-M2,66,5,14,95.99,2.31,3.3,1.9,0,49.2,1,0,new,6,371,4,4.55,2,0,4.45,,Yes,96.85,25.43,3500,2.86,3600,82.5,0.0,0,low
S00116,small,Laptop,LAP-M5,59,44,5,71.15,10.37,14.89,11.2,1,20.7,0,0,new,0,34,7,11.41,22,22,4.62,3.99,Yes,64.58,62.9,190000,-69.32,58300,1.8,1.0,100,high
S00335,small,Smartwatch,WCH-M3,91,2,34,99.25,0.1,4.08,2.9,0,46.5,0,0,used,3,335,6,6.7,2,0,4.75,,Yes,98.63,21.33,9000,-21.67,7050,5.1,0.0,0,low
S00026,small,Power Bank,PWR-M1,700,21,22,90.8,4.9,5.76,3.7,1,69.6,1,0,new,6,83,10,6.77,15,1,3.3,3.37,No,97.29,7.02,1100,-3.64,1060,34.0,0.0,0,low
S00421,medium,Smartwatch,WCH-M2,1312,34,26,94.43,2.88,2.79,2.6,2,36.1,0,0,new,12,51,31,6.18,17,1,3.67,3.74,Yes,94.19,3.87,4500,-10.0,4050,12.2,0.0,0,low
S00241,small,Laptop,LAP-M4,196,133,6,93.2,3.0,4.19,2.2,2,23.3,1,0,new,3,51,3,6.97,7,7,5.0,4.26,Yes,46.18,50.58,120000,-8.46,109850,25.7,1.0,100,high
S00460,small,Desktop Computer,PC-M1,144,16,12,95.17,3.27,4.76,3.8,1,49.4,1,0,used,12,191,18,5.82,5,2,3.98,4.2,Yes,88.56,25.47,30000,-40.67,17800,5.3,0.0,0,low
S00088,small,Gaming Console,CON-M2,13,8,1,80.4,4.59,12.54,10.1,0,0.0,0,0,new,0,35,397,7.52,0,0,,,No,,,52000,-41.83,30250,15.1,1.0,100,high
S00320,small,Desktop Computer,PC-M3,263,17,17,85.93,6.67,7.83,7.6,1,46.9,1,0,new,0,219,3,9.14,16,4,2.74,2.67,No,86.6,24.32,65000,-0.46,64700,58.3,0.0,0,low
S00170,big,Laptop,LAP-M3,24282,382,90,96.38,1.83,2.7,2.6,14,20.6,1,1,new,12,294,138,6.24,435,15,4.46,4.38,Yes,95.92,8.36,80000,1.69,81350,71.9,0.0,0,low
S00235,medium,Power Bank,PWR-M1,1479,37,43,97.73,0.78,1.64,2.1,0,39.0,1,1,new,12,43,26,2.55,13,1,5.0,5.0,Yes,89.99,7.2,1100,-7.27,1020,22.0,0.0,0,low
S00415,big,Power Bank,PWR-M1,15112,167,80,96.28,1.98,2.82,6.1,13,30.5,1,1,new,12,222,190,6.21,231,7,3.61,3.68,Yes,91.94,19.64,1100,-5.45,1040,26.0,0.0,0,low
S00531,medium,Gaming Console,CON-M5,1044,27,37,99.13,0.58,1.33,1.8,0,34.6,1,0,new,3,324,64,3.25,21,1,4.29,4.45,Yes,95.5,10.29,95000,-5.21,90050,38.7,0.0,0,low
S00493,small,Wi-Fi Router,RTR-M2,29,3,7,97.15,2.68,3.21,4.3,0,58.7,0,0,new,3,41,8,7.38,1,0,3.54,,No,100.0,10.95,3200,2.5,3280,90.7,0.0,0,low
S00381,small,Wi-Fi Router,RTR-M4,212,6,19,91.43,3.16,4.4,2.1,1,36.7,0,0,new,0,23,3,7.67,14,1,3.25,3.15,No,95.29,8.14,9500,0.95,9590,78.3,0.0,0,low
S00296,big,Gaming Console,CON-M2,17968,277,80,98.07,1.13,1.72,1.6,15,19.4,1,1,new,12,241,73,1.02,202,6,4.23,4.2,Yes,90.71,13.51,52000,-2.31,50800,45.3,0.0,0,low
S00508,small,Gaming Console,CON-M5,25,18,4,91.02,8.04,12.84,4.8,0,30.3,0,0,new,0,29,353,8.02,0,0,,,No,,,95000,-59.79,38200,1.6,1.0,100,high
S00170,big,Wireless Earbuds,EAR-M1,24282,382,90,96.38,1.83,2.7,2.6,14,20.6,1,1,new,12,180,63,4.51,434,23,4.14,4.0,Yes,91.4,32.47,1200,-7.5,1110,13.8,0.0,0,low
S00339,medium,Smart TV,TV-M5,976,23,46,98.5,0.47,1.44,1.9,0,51.4,1,1,new,12,391,31,3.53,30,1,4.92,4.98,Yes,98.86,6.4,180000,5.47,189850,87.5,0.0,0,low
S00368,small,Gaming Console,CON-M2,26,3,12,96.71,0.1,5.85,4.1,0,53.9,0,0,new,6,115,11,3.88,1,0,3.76,,Yes,96.25,43.3,52000,1.63,52850,77.4,0.0,0,low
S00034,small,Wi-Fi Router,RTR-M3,44,2,21,95.42,5.47,4.75,7.0,0,87.5,1,0,new,12,89,20,5.67,3,0,3.26,,No,93.3,8.87,5500,3.82,5710,91.3,0.0,0,low
S00172,medium,Wi-Fi Router,RTR-M4,1924,43,50,95.64,2.2,3.03,3.8,0,57.7,1,1,new,12,154,37,4.76,27,2,3.73,3.84,Yes,97.39,6.38,9500,4.74,9950,91.7,0.0,0,low
S00126,small,Power Bank,PWR-M2,350,102,3,92.26,3.14,4.59,2.8,1,40.9,1,0,new,6,78,39,8.68,9,8,3.67,3.56,Yes,93.75,15.07,1800,-10.0,1620,7.8,0.0,0,low
S00415,big,Wi-Fi Router,RTR-M1,15112,167,80,96.28,1.98,2.82,6.1,13,30.5,1,1,new,12,40,153,4.73,96,2,4.23,4.29,Yes,93.2,3.86,1800,-4.44,1720,26.0,0.0,0,low
S00467,medium,Bluetooth Speaker,SPK-M1,500,13,38,96.69,1.16,2.32,3.2,0,52.5,1,0,refurbished,0,159,31,6.7,7,1,4.04,3.8,Yes,94.73,21.57,1500,-32.0,1020,7.1,0.0,0,low
S00360,small,Wi-Fi Router,RTR-M5,22,1,13,99.48,1.18,1.34,2.1,0,43.0,1,0,new,6,70,7,4.86,0,0,,,No,,,16000,-7.5,14800,13.7,0.0,0,low
S00152,small,Desktop Computer,PC-M1,101,5,13,92.95,1.73,2.72,2.9,0,35.9,1,1,new,12,265,7,6.26,19,4,3.48,3.41,No,96.3,14.31,30000,2.0,30600,80.7,0.0,0,low
S00122,small,Digital Camera,CAM-M2,44,2,8,94.43,0.67,3.49,1.8,0,42.4,1,0,new,0,117,3,4.89,5,0,4.09,,Yes,91.3,48.89,55000,-1.0,54450,51.7,0.0,0,low
S00100,medium,Digital Camera,CAM-M3,1896,50,48,98.88,1.14,1.29,3.1,2,35.4,1,0,new,0,270,85,4.18,47,3,4.36,4.36,Yes,95.29,21.44,80000,3.37,82700,92.2,0.0,0,low
S00410,small,Smart TV,TV-M3,103,6,23,92.11,3.73,5.67,4.1,0,42.2,0,0,refurbished,12,210,9,3.88,3,0,3.8,,Yes,95.57,17.14,55000,-18.36,44900,12.5,0.0,0,low
S00131,small,Wireless Earbuds,EAR-M1,450,56,10,91.84,5.43,7.07,6.7,3,72.8,0,0,new,12,221,12,7.46,60,19,3.01,2.86,No,99.22,8.92,1200,-4.17,1150,29.2,0.0,0,low
S00357,small,Smartwatch,WCH-M3,54,3,27,89.78,5.71,10.1,7.8,0,74.9,0,0,used,3,150,5,9.63,3,0,2.77,,No,89.89,5.25,9000,-47.56,4720,1.7,0.0,0,low
S00250,medium,Smart TV,TV-M1,1278,27,47,91.69,3.84,5.41,4.3,4,42.6,0,0,new,12,187,10,6.51,39,2,3.41,3.46,No,100.0,3.59,22000,-3.41,21250,39.0,0.0,0,low
S00311,small,Gaming Console,CON-M5,175,66,2,92.99,5.05,6.67,10.3,1,59.4,0,0,new,12,60,4,4.18,9,9,3.02,2.95,No,87.98,20.54,95000,6.53,101200,98.4,0.0,0,low
S00421,medium,Smartwatch,WCH-M3,1312,34,26,94.43,2.88,2.79,2.6,2,36.1,0,0,new,3,60,42,6.57,18,2,4.17,4.23,Yes,94.63,8.25,9000,0.44,9040,72.9,0.0,0,low
S00263,medium,Digital Camera,CAM-M2,620,20,24,95.71,2.22,2.79,2.7,0,27.3,0,0,new,3,220,19,2.11,56,6,4.33,4.37,Yes,100.0,19.69,55000,13.64,62500,100.0,0.0,0,low
S00170,big,Power Bank,PWR-M5,24282,382,90,96.38,1.83,2.7,2.6,14,20.6,1,1,new,12,150,259,4.72,475,19,4.06,3.99,Yes,90.01,5.4,8500,-1.06,8410,63.3,0.0,0,low
S00259,small,Wi-Fi Router,RTR-M1,194,37,7,94.07,2.25,4.77,3.2,0,46.2,0,0,new,6,204,4,5.04,8,5,4.05,4.48,Yes,97.26,8.64,1800,0.56,1810,68.0,0.0,0,low
S00390,small,Power Bank,PWR-M2,69,4,14,92.72,5.23,8.39,5.7,0,70.2,0,1,new,12,129,7,7.84,9,1,2.92,3.03,No,90.52,11.24,1800,-5.0,1710,25.5,0.0,0,low
S00133,medium,Mobile Phone,MOB-M4,1754,40,59,96.83,1.51,2.6,2.3,0,44.1,1,0,new,12,123,28,4.61,41,3,4.28,4.36,Yes,90.11,4.28,65000,-3.85,62500,46.7,0.0,0,low
S00175,small,Wi-Fi Router,RTR-M5,200,27,8,93.3,3.41,5.45,4.1,0,63.5,1,0,new,12,81,2,6.09,10,3,3.43,3.09,No,89.46,3.02,16000,4.69,16750,96.1,0.0,0,low
S00143,small,Wireless Earbuds,EAR-M3,46,2,24,89.76,1.5,1.58,1.9,0,54.7,1,0,new,12,194,5,3.13,0,0,,,No,,,5500,-2.0,5390,48.5,0.0,0,low
S00245,small,Smart TV,TV-M3,161,8,12,95.96,1.89,3.08,3.1,0,27.7,1,0,new,12,217,8,3.36,32,3,4.03,4.19,Yes,95.71,20.06,55000,0.73,55400,67.9,0.0,0,low
S00013,small,Smart TV,TV-M4,256,23,12,93.63,2.35,4.65,2.5,0,59.6,0,0,new,3,65,5,2.36,16,4,3.98,4.07,Yes,90.59,18.94,90000,-1.78,88400,54.8,0.0,0,low
S00563,small,Gaming Console,CON-M4,57,5,22,96.1,1.52,5.16,10.1,0,66.4,1,0,new,0,178,2,5.91,6,1,3.54,3.29,No,97.7,8.19,78000,-3.97,74900,28.8,0.0,0,low
S00258,small,Desktop Computer,PC-M1,95,5,14,91.65,4.57,5.51,3.2,0,68.8,0,0,new,6,204,6,5.34,18,2,3.85,3.81,Yes,94.8,9.52,30000,2.17,30650,82.5,0.0,0,low
S00418,small,Gaming Console,CON-M5,52,7,10,84.61,6.64,7.77,7.1,0,49.0,1,0,new,6,228,5,7.0,3,1,2.76,2.95,No,87.72,6.12,95000,1.42,96350,72.6,0.0,0,low
S00275,small,Mobile Phone,MOB-M5,41,24,2,83.44,10.7,13.72,13.1,2,26.9,0,0,new,3,14,82,13.28,9,9,4.61,3.8,Yes,13.29,41.67,140000,-43.04,79750,8.0,1.0,100,high
S00238,small,Digital Camera,CAM-M5,66,1,36,94.88,4.04,2.28,2.9,0,61.9,1,0,new,6,34,10,4.66,1,0,4.75,,Yes,91.33,8.21,180000,-3.64,173450,49.0,0.0,0,low
S00530,medium,Digital Camera,CAM-M5,2687,29,84,91.71,4.48,5.8,5.9,5,55.5,1,1,new,12,105,54,6.9,113,3,3.12,3.04,No,90.78,18.18,180000,-2.94,174700,53.1,0.0,0,low
S00130,medium,Mobile Phone,MOB-M3,721,36,32,95.95,2.71,3.21,3.9,0,43.7,1,1,new,12,54,22,6.12,13,2,3.64,3.55,Yes,97.89,18.38,38000,-3.29,36750,41.0,0.0,0,low
S00182,big,Bluetooth Speaker,SPK-M1,24268,669,60,98.02,1.0,1.56,1.1,14,37.0,1,1,new,6,849,49,6.8,332,25,4.22,4.41,Yes,91.91,9.54,1500,0.67,1510,76.2,0.0,0,low
S00167,big,Desktop Computer,PC-M1,29079,775,47,97.51,1.39,1.9,2.3,18,37.2,1,1,new,6,420,57,4.38,274,20,4.5,4.34,Yes,91.24,8.89,30000,-0.17,29950,63.2,0.0,0,low
S00083,medium,Smartwatch,WCH-M4,1031,27,38,92.89,3.39,4.94,2.9,1,54.2,1,0,new,3,412,26,7.84,35,2,3.82,3.52,Yes,96.56,6.98,22000,-4.32,21050,36.4,0.0,0,low
S00028,big,Desktop Computer,PC-M1,10246,214,30,98.28,1.01,1.67,1.1,13,37.1,1,0,new,3,212,125,4.41,165,8,4.07,4.29,Yes,96.84,2.99,30000,1.5,30450,73.7,0.0,0,low
S00375,small,Digital Camera,CAM-M3,104,6,15,92.17,2.67,4.87,2.3,0,72.5,1,0,new,12,144,4,2.08,7,1,4.59,4.52,Yes,96.15,4.26,80000,-4.87,76100,35.3,0.0,0,low
S00252,big,Digital Camera,CAM-M4,12635,91,95,96.31,1.6,2.38,3.2,10,22.2,1,0,new,6,126,117,1.55,287,6,4.39,4.29,Yes,98.98,13.09,100000,-1.55,98450,42.0,0.0,0,low
S00479,small,Digital Camera,CAM-M3,95,45,2,93.35,2.57,5.62,6.0,0,43.1,0,0,new,6,60,8,4.79,11,11,3.52,3.35,No,97.31,4.96,80000,-1.19,79050,62.7,0.0,0,low
S00052,small,Smart TV,TV-M1,700,34,22,93.65,3.33,4.06,3.1,1,48.4,0,0,new,0,641,6,5.62,45,4,3.67,3.76,Yes,95.24,8.99,22000,-2.27,21500,45.5,0.0,0,low
S00422,small,Gaming Console,CON-M5,173,8,15,97.39,2.56,2.15,1.7,0,39.8,1,0,new,12,409,9,1.77,33,4,4.36,3.98,Yes,99.98,26.36,95000,4.26,99050,91.9,0.0,0,low
S00121,medium,Smartwatch,WCH-M5,1856,18,63,98.5,0.85,1.5,2.2,0,44.9,1,0,new,3,196,14,4.59,70,1,4.51,4.27,Yes,97.33,7.26,45000,-2.89,43700,40.7,0.0,0,low
S00129,big,Digital Camera,CAM-M5,16423,119,103,96.97,1.8,2.49,2.3,8,15.2,1,0,new,0,116,90,2.03,109,2,4.51,4.43,Yes,100.0,14.3,180000,-3.56,173600,51.0,0.0,0,low
S00276,medium,Desktop Computer,PC-M2,1137,23,43,94.69,2.83,3.51,6.7,3,39.8,1,1,new,12,226,18,4.0,19,1,3.97,3.92,Yes,86.19,4.19,45000,0.78,45350,71.4,0.0,0,low
S00140,medium,Mobile Phone,MOB-M5,878,9,58,96.63,2.46,2.84,1.7,0,36.9,1,0,new,0,200,40,5.67,19,1,3.9,3.85,Yes,87.67,28.63,140000,-4.21,134100,38.0,0.0,0,low
S00411,small,Laptop,LAP-M5,89,4,19,93.33,5.89,4.96,4.7,0,64.9,1,0,new,6,192,2,6.42,4,0,3.29,,No,92.36,3.17,190000,4.95,199400,93.0,0.0,0,low
S00285,small,Power Bank,PWR-M1,135,5,45,100.0,1.2,2.37,1.1,0,48.0,0,0,new,12,592,8,3.89,9,1,5.0,4.95,Yes,94.82,8.7,1100,-0.91,1090,56.0,0.0,0,low
S00178,small,Mobile Phone,MOB-M3,123,2,33,98.87,0.84,2.89,3.6,0,69.7,1,0,new,0,156,7,5.21,5,0,4.04,,Yes,100.0,2.01,38000,5.66,40150,91.8,0.0,0,low
S00283,medium,Wi-Fi Router,RTR-M5,1333,18,55,96.91,1.66,2.22,1.7,0,66.1,1,0,new,6,26,83,3.96,38,1,4.31,4.52,Yes,99.25,46.83,16000,2.19,16350,86.3,0.0,0,low
S00031,small,Desktop Computer,PC-M5,279,5,36,97.56,1.6,1.29,1.6,1,46.7,1,0,new,0,65,6,2.8,6,0,4.18,,Yes,93.74,22.48,160000,3.28,165250,84.6,0.0,0,low
S00526,small,Wireless Earbuds,EAR-M3,70,4,20,91.0,3.13,4.96,4.1,0,62.3,0,0,refurbished,0,173,4,8.04,1,0,3.16,,No,93.46,15.45,5500,-24.73,4140,12.1,0.0,0,low
S00271,big,Wireless Earbuds,EAR-M2,8010,200,86,98.26,1.12,1.81,1.4,5,32.3,1,1,new,12,365,114,3.96,103,6,4.67,4.52,Yes,93.61,7.81,2500,3.2,2580,93.5,0.0,0,low
S00534,small,Power Bank,PWR-M5,195,6,26,97.15,1.13,2.81,2.5,0,75.3,0,0,new,12,143,11,5.32,12,1,4.23,4.46,Yes,100.0,24.36,8500,-5.18,8060,31.7,0.0,0,low
S00284,small,Mobile Phone,MOB-M3,93,4,27,99.5,3.31,4.54,1.6,0,69.0,1,0,new,12,55,6,4.52,8,1,3.97,4.11,Yes,98.47,7.23,38000,-3.16,36800,42.6,0.0,0,low
S00212,medium,Gaming Console,CON-M5,901,15,62,94.07,3.42,3.81,3.1,2,49.7,1,1,new,12,234,28,3.85,19,1,3.84,3.93,Yes,94.19,24.92,95000,-3.05,92100,48.4,0.0,0,low
S00244,small,Laptop,LAP-M3,206,28,6,89.35,4.53,6.19,3.8,0,39.2,0,0,new,3,77,14,7.72,34,13,3.51,3.68,No,91.33,6.9,80000,4.31,83450,87.5,0.0,0,low
S00097,medium,Wi-Fi Router,RTR-M3,1721,39,68,99.11,1.13,0.94,0.7,2,50.7,1,0,new,12,65,22,3.21,93,4,4.57,4.58,Yes,98.4,5.19,5500,-3.09,5330,43.5,0.0,0,low
S00129,big,Wi-Fi Router,RTR-M5,16423,119,103,96.97,1.8,2.49,2.3,8,15.2,1,0,new,6,150,80,5.29,145,3,4.07,4.18,Yes,98.13,4.47,16000,-5.31,15150,19.6,0.0,0,low
S00378,medium,Bluetooth Speaker,SPK-M5,1033,22,63,93.23,3.63,4.56,4.7,0,35.7,1,0,new,12,231,11,5.53,23,1,3.51,3.56,No,92.37,8.22,30000,0.83,30250,73.6,0.0,0,low
S00156,small,Bluetooth Speaker,SPK-M4,161,8,18,82.51,8.59,9.98,3.3,1,60.0,1,0,new,6,61,16,9.43,21,3,2.18,1.89,No,86.97,6.39,14000,-5.0,13300,23.5,0.0,0,low
S00036,big,Power Bank,PWR-M2,10995,152,61,97.1,1.6,2.17,3.2,8,24.3,1,0,new,6,125,58,4.36,132,5,4.58,4.78,Yes,90.8,4.97,1800,-3.89,1730,43.1,0.0,0,low
S00256,small,Smartwatch,WCH-M5,94,4,15,95.07,4.88,4.87,5.4,0,37.9,0,0,new,6,75,3,7.15,3,0,3.15,,No,85.34,2.21,45000,-0.22,44900,61.1,0.0,0,low
S00048,small,Power Bank,PWR-M3,275,9,34,97.1,2.06,1.48,1.5,0,60.9,1,0,new,6,226,3,4.03,12,1,4.54,4.7,Yes,98.23,12.4,3000,10.0,3300,97.6,0.0,0,low
S00548,small,Laptop,LAP-M4,33,5,5,97.42,0.1,3.22,2.8,0,27.3,0,0,refurbished,0,71,7,6.34,0,0,,,No,,,120000,-34.75,78300,6.8,0.0222,2,low
S00204,small,Bluetooth Speaker,SPK-M1,150,5,20,85.42,8.69,10.32,8.2,1,54.5,1,0,new,12,83,4,13.49,11,1,2.15,1.75,No,93.82,4.71,1500,-6.0,1410,23.8,0.0,0,low
S00132,medium,Laptop,LAP-M4,2214,147,17,96.17,2.4,3.17,1.8,2,26.9,1,0,new,0,238,54,6.31,30,6,3.86,4.05,Yes,92.33,12.74,120000,-2.67,116800,51.4,0.0,0,low
S00342,big,Bluetooth Speaker,SPK-M3,22236,160,105,94.67,2.81,3.61,1.9,36,32.8,1,1,new,6,242,90,5.95,301,5,4.3,4.33,Yes,93.57,17.09,7000,-3.0,6790,40.0,0.0,0,low
S00119,small,Digital Camera,CAM-M1,278,29,7,93.92,4.65,6.11,7.8,0,62.9,1,0,new,0,31,10,5.35,15,4,3.54,3.56,No,94.23,10.56,35000,-0.29,34900,67.3,0.0,0,low
S00075,big,Gaming Console,CON-M4,31838,212,94,95.92,2.22,2.98,2.8,30,24.2,1,1,new,12,400,30,4.33,337,5,4.47,4.39,Yes,91.84,10.3,78000,-4.62,74400,25.8,0.0,0,low
S00166,small,Smartwatch,WCH-M5,127,20,11,94.72,0.82,2.71,3.0,0,62.1,0,0,new,6,330,10,6.1,1,0,3.85,,Yes,87.17,20.25,45000,2.67,46200,77.8,0.0,0,low
S00289,small,Power Bank,PWR-M4,98,5,15,98.2,3.26,4.07,3.9,0,51.8,1,0,new,0,58,9,8.09,5,1,3.39,3.3,No,95.27,4.68,4800,-5.83,4520,15.0,0.0,0,low
S00197,medium,Smart TV,TV-M2,1923,40,69,94.34,2.79,3.44,2.0,2,30.8,1,0,new,6,181,48,2.86,40,2,4.15,4.01,Yes,93.84,15.61,35000,3.57,36250,86.4,0.0,0,low
S00410,small,Gaming Console,CON-M2,103,6,23,92.11,3.73,5.67,4.1,0,42.2,0,0,used,0,474,8,3.36,4,1,3.51,3.4,No,90.55,9.7,52000,-46.92,27600,13.2,0.0,0,low
S00378,medium,Wi-Fi Router,RTR-M5,1033,22,63,93.23,3.63,4.56,4.7,0,35.7,1,0,new,3,241,17,6.34,18,1,3.78,3.4,Yes,90.49,10.01,16000,0.0,16000,68.6,0.0,0,low
S00078,medium,Digital Camera,CAM-M4,3467,63,83,95.06,2.65,3.55,1.8,0,52.9,1,0,new,6,413,32,2.25,46,2,3.88,4.17,Yes,95.46,5.09,100000,-2.1,97900,32.0,0.0,0,low
S00058,medium,Mobile Phone,MOB-M4,3458,139,24,97.82,1.36,2.07,1.8,2,32.6,1,0,new,12,92,37,7.05,142,13,4.01,4.17,Yes,93.98,25.22,65000,1.54,66000,80.0,0.0,0,low
S00343,medium,Desktop Computer,PC-M2,2804,74,61,93.74,3.13,3.91,3.1,3,51.3,0,0,new,12,155,62,7.31,120,9,3.83,3.68,Yes,97.26,17.73,45000,-4.33,43050,35.7,0.0,0,low
S00100,medium,Desktop Computer,PC-M2,1896,50,48,98.88,1.14,1.29,3.1,2,35.4,1,0,new,0,151,8,4.72,59,3,4.53,4.72,Yes,99.39,1.99,45000,3.22,46450,85.7,0.0,0,low
S00551,big,Wi-Fi Router,RTR-M2,23658,307,57,98.86,0.84,1.37,1.5,15,28.0,1,0,new,0,530,56,5.13,262,7,4.98,5.0,Yes,100.0,24.02,3200,-7.81,2950,18.5,0.0,0,low
S00122,small,Power Bank,PWR-M1,44,2,8,94.43,0.67,3.49,1.8,0,42.4,1,0,new,6,30,16,5.62,1,0,4.25,,Yes,95.41,13.07,1100,2.73,1130,82.0,0.0,0,low
S00385,medium,Smartwatch,WCH-M3,933,8,50,97.27,1.29,1.35,2.9,2,25.1,1,0,new,3,156,30,5.65,19,0,4.48,,Yes,100.0,20.18,9000,-9.44,8150,8.5,0.0,0,low
S00470,medium,Laptop,LAP-M1,1661,51,31,98.02,0.84,1.53,0.7,1,49.6,1,0,new,0,39,19,5.13,55,4,4.14,4.1,Yes,94.81,17.36,38000,1.32,38500,80.6,0.0,0,low
S00205,small,Smart TV,TV-M1,111,4,28,96.25,4.2,4.53,3.0,0,51.2,0,0,new,3,60,7,8.27,8,1,3.23,3.25,No,92.11,5.03,22000,-10.23,19750,16.9,0.0,0,low
S00290,small,Laptop,LAP-M5,106,30,5,89.73,4.39,5.34,5.5,1,41.4,1,0,new,3,150,8,6.73,6,4,3.28,3.09,No,88.29,7.12,190000,-1.92,186350,59.6,0.0,0,low
S00302,small,Mobile Phone,MOB-M3,145,5,28,100.0,2.59,1.58,1.2,0,63.7,0,0,new,3,780,4,4.51,11,1,4.58,4.65,Yes,93.84,3.07,38000,-7.11,35300,27.9,0.0,0,low
S00132,medium,Wireless Earbuds,EAR-M2,2214,147,17,96.17,2.4,3.17,1.8,2,26.9,1,0,new,6,145,66,3.99,58,11,4.0,3.86,Yes,92.93,28.98,2500,-3.6,2410,47.8,0.0,0,low
S00520,small,Wireless Earbuds,EAR-M1,700,40,13,96.47,2.66,4.21,2.9,1,62.4,0,0,new,12,390,4,6.73,7,1,3.66,3.74,Yes,94.43,23.3,1200,2.5,1230,87.7,0.0,0,low
S00307,small,Laptop,LAP-M3,49,14,3,97.61,0.89,3.18,3.6,0,68.1,1,0,new,6,90,5,4.67,5,3,4.46,4.27,Yes,98.58,2.23,80000,7.13,85700,100.0,0.0,0,low
S00177,small,Smartwatch,WCH-M3,138,6,18,99.6,3.39,3.56,3.5,0,38.9,1,0,new,12,161,10,7.72,3,0,3.92,,Yes,93.09,10.3,9000,-7.78,8300,11.9,0.0,0,low
S00169,medium,Wireless Earbuds,EAR-M2,1148,28,28,96.6,1.89,2.09,2.8,0,45.7,1,0,new,6,139,35,4.63,52,3,4.54,4.43,Yes,94.11,17.1,2500,-0.8,2480,73.9,0.0,0,low
S00413,small,Mobile Phone,MOB-M4,64,6,8,93.84,3.36,4.21,2.7,0,57.6,1,0,new,0,189,6,6.78,4,1,4.06,3.93,Yes,92.93,24.25,65000,-8.31,59600,24.4,0.0,0,low
S00158,medium,Desktop Computer,PC-M5,858,88,10,99.17,1.31,1.51,1.6,0,56.1,1,0,new,6,176,18,2.18,30,7,4.59,4.54,Yes,94.51,29.88,160000,-1.91,156950,40.4,0.0,0,low
S00544,small,Desktop Computer,PC-M3,21,0,15,91.83,4.7,3.48,3.2,0,79.4,1,0,new,6,24,5,5.4,3,0,4.04,,Yes,98.41,2.74,65000,1.85,66200,87.5,0.0,0,low
S00101,small,Bluetooth Speaker,SPK-M2,256,9,18,92.64,1.77,5.3,1.9,1,35.3,0,0,new,6,116,6,4.0,13,1,4.16,4.28,Yes,92.11,8.09,3500,2.57,3590,80.0,0.0,0,low
S00059,medium,Desktop Computer,PC-M1,1011,28,55,93.52,3.12,3.2,2.7,1,32.3,1,0,used,12,187,116,7.55,39,3,3.39,3.17,No,92.9,6.67,30000,-52.17,14350,1.8,0.0,0,low
S00234,medium,Wireless Earbuds,EAR-M4,5840,118,46,96.37,1.97,2.84,2.2,4,65.6,1,0,new,12,48,29,6.22,216,8,3.98,4.23,Yes,99.13,11.79,12000,-1.25,11850,51.9,0.0,0,low
S00345,small,Power Bank,PWR-M5,60,6,16,99.05,2.59,2.15,0.9,0,60.8,0,0,used,0,106,2,2.82,5,1,4.37,4.38,Yes,91.62,24.17,8500,-35.29,5500,5.0,0.0,0,low
S00141,small,Digital Camera,CAM-M1,248,9,21,92.37,3.87,4.89,5.4,0,56.6,1,0,new,12,102,9,4.25,8,1,3.26,3.03,No,97.49,11.95,35000,1.86,35650,80.8,0.0,0,low
S00455,medium,Bluetooth Speaker,SPK-M3,3907,92,55,90.15,5.04,6.65,13.3,6,49.8,1,1,new,12,22,35,7.67,73,7,2.78,3.21,No,92.65,13.61,7000,-1.86,6870,47.3,0.0,0,low
S00109,medium,Digital Camera,CAM-M5,3182,58,50,88.93,5.41,7.21,5.7,17,47.9,1,0,new,12,14,20,8.33,284,12,3.08,2.63,No,85.52,2.6,180000,-7.61,166300,20.4,0.0,0,low
S00266,small,Smart TV,TV-M5,75,6,12,95.95,1.61,2.62,2.5,0,47.6,1,0,refurbished,6,147,9,6.32,5,1,4.23,4.34,Yes,93.75,2.99,180000,-50.36,89350,3.6,0.0,0,low
S00277,big,Smart TV,TV-M1,44244,759,51,98.56,0.95,1.46,1.1,16,56.4,1,1,new,12,127,201,3.43,424,20,4.48,4.59,Yes,96.91,29.95,22000,-0.23,21950,64.9,0.0,0,low
S00425,medium,Wi-Fi Router,RTR-M4,1915,32,56,92.44,3.7,5.17,3.0,3,59.7,1,0,new,0,110,16,6.0,43,2,3.26,3.3,No,88.08,5.69,9500,1.37,9630,81.7,0.0,0,low
S00057,small,Smart TV,TV-M2,289,74,4,99.13,2.09,2.53,2.0,0,47.1,0,0,new,0,57,8,2.65,58,43,4.49,4.32,Yes,98.81,10.93,35000,-0.86,34700,64.4,0.0,0,low
S00118,small,Wi-Fi Router,RTR-M5,185,22,10,90.56,2.94,5.73,5.3,0,81.8,1,0,refurbished,0,5,8,5.22,19,5,3.85,3.82,Yes,100.0,15.89,16000,-15.62,13500,7.8,0.0,0,low
S00454,small,Laptop,LAP-M4,49,3,7,96.28,1.39,4.17,7.5,0,44.5,0,0,refurbished,12,84,8,5.66,2,0,4.54,,Yes,99.97,4.35,120000,-31.04,82750,13.5,0.0,0,low
S00515,small,Wi-Fi Router,RTR-M4,46,3,27,100.0,0.19,1.51,0.5,0,23.0,0,0,new,0,159,6,3.12,3,0,4.2,,Yes,100.0,27.39,9500,7.47,10210,100.0,0.0,0,low
S00515,small,Gaming Console,CON-M4,46,3,27,100.0,0.19,1.51,0.5,0,23.0,0,0,refurbished,12,50,15,0.76,3,0,4.28,,Yes,98.33,10.76,78000,-16.28,65300,16.7,0.0,0,low
S00433,medium,Digital Camera,CAM-M2,1648,89,27,91.11,5.09,6.26,8.1,8,26.7,1,1,new,12,299,15,8.02,15,2,3.55,3.47,No,93.66,13.68,55000,-2.45,53650,40.0,0.0,0,low
S00146,small,Bluetooth Speaker,SPK-M3,100,9,10,100.0,1.64,1.35,1.0,0,55.3,1,0,new,0,47,12,3.26,6,2,5.0,5.0,Yes,99.49,27.78,7000,0.43,7030,69.1,0.0,0,low
S00254,small,Digital Camera,CAM-M5,84,4,16,94.16,0.1,3.31,3.6,0,61.3,0,0,refurbished,12,480,3,4.69,10,1,3.94,3.69,Yes,93.3,16.02,180000,-40.39,107300,10.2,0.0,0,low
S00030,small,Gaming Console,CON-M1,47,45,1,78.52,9.19,9.36,5.4,0,34.9,0,0,refurbished,0,38,200,9.44,2,2,4.65,3.14,Yes,11.46,63.78,38000,-56.97,16350,2.0,1.0,100,high
S00298,small,Power Bank,PWR-M2,24,1,13,95.15,3.38,4.38,2.4,0,61.2,1,0,new,6,30,3,9.09,0,0,,,No,,,1800,-4.44,1720,29.4,0.0,0,low
S00249,small,Wi-Fi Router,RTR-M2,320,10,34,95.05,3.83,4.63,6.0,1,32.6,1,0,new,0,276,5,6.39,29,2,3.79,3.68,Yes,93.03,4.67,3200,3.75,3320,94.4,0.0,0,low
S00104,small,Mobile Phone,MOB-M2,79,4,13,97.77,4.19,3.23,2.2,0,37.5,0,0,new,6,31,3,4.86,1,0,3.5,,No,88.24,20.39,22000,5.68,23250,96.2,0.0,0,low
S00010,small,Mobile Phone,MOB-M3,120,4,22,99.9,2.63,1.52,3.9,0,60.8,1,0,new,6,660,2,3.13,4,0,4.33,,Yes,91.9,4.34,38000,-2.76,36950,47.5,0.0,0,low
S00059,medium,Desktop Computer,PC-M3,1011,28,55,93.52,3.12,3.2,2.7,1,32.3,1,0,new,12,51,42,7.01,13,1,3.51,3.43,No,98.0,22.76,65000,-3.31,62850,33.3,0.0,0,low
S00488,small,Gaming Console,CON-M4,700,62,16,96.71,2.16,3.04,2.7,0,52.7,0,0,new,3,94,3,4.27,93,17,4.14,4.13,Yes,90.83,28.55,78000,-1.03,77200,51.5,0.0,0,low
S00413,small,Smart TV,TV-M3,64,6,8,93.84,3.36,4.21,2.7,0,57.6,1,0,new,0,240,2,2.14,7,2,4.48,4.45,Yes,86.81,9.82,55000,-0.55,54700,58.9,0.0,0,low
S00360,small,Smart TV,TV-M5,22,1,13,99.48,1.18,1.34,2.1,0,43.0,1,0,new,12,295,5,6.44,4,0,4.3,,Yes,91.37,3.31,180000,7.19,192950,96.4,0.0,0,low
S00212,medium,Digital Camera,CAM-M4,901,15,62,94.07,3.42,3.81,3.1,2,49.7,1,1,new,12,70,19,3.25,23,1,4.17,4.04,Yes,95.54,12.95,100000,1.15,101150,78.0,0.0,0,low
S00227,small,Wireless Earbuds,EAR-M3,124,2,34,85.18,6.6,9.21,5.2,2,63.6,1,0,refurbished,3,17,1,10.82,4,0,2.36,,No,93.48,27.59,5500,-53.09,2580,3.0,0.0,0,low
S00170,big,Gaming Console,CON-M4,24282,382,90,96.38,1.83,2.7,2.6,14,20.6,1,1,new,12,116,242,2.66,296,11,4.1,4.37,Yes,86.91,2.96,78000,-0.58,77550,57.6,0.0,0,low
S00140,medium,Desktop Computer,PC-M2,878,9,58,96.63,2.46,2.84,1.7,0,36.9,1,0,used,6,81,19,4.73,32,1,4.59,4.5,Yes,100.0,10.56,45000,-42.11,26050,5.4,0.0,0,low
S00045,small,Mobile Phone,MOB-M2,272,24,15,84.42,9.41,10.67,8.0,2,31.5,1,0,new,0,220,6,8.2,8,1,2.48,2.43,No,96.94,8.98,22000,-0.45,21900,75.5,0.0,0,low
S00210,big,Digital Camera,CAM-M3,13189,193,98,95.84,2.16,2.87,2.0,13,32.6,1,0,new,3,152,89,3.19,319,9,4.18,3.99,Yes,92.18,9.56,80000,-2.75,77800,49.0,0.0,0,low
S00244,small,Laptop,LAP-M1,206,28,6,89.35,4.53,6.19,3.8,0,39.2,0,0,used,6,180,3,8.43,18,9,3.17,3.07,No,91.66,3.52,38000,-52.5,18050,7.5,0.0,0,low
S00133,medium,Wireless Earbuds,EAR-M1,1754,40,59,96.83,1.51,2.6,2.3,0,44.1,1,0,new,6,399,20,6.08,39,2,4.09,4.36,Yes,89.98,25.67,1200,-3.33,1160,36.9,0.0,0,low
S00197,medium,Smart TV,TV-M1,1923,40,69,94.34,2.79,3.44,2.0,2,30.8,1,0,new,6,122,15,4.7,28,2,4.12,3.84,Yes,86.5,17.96,22000,0.45,22100,72.7,0.0,0,low
S00113,big,Wi-Fi Router,RTR-M2,11440,310,57,97.48,1.52,2.11,1.9,6,25.3,1,1,new,12,184,167,4.14,118,8,4.53,4.35,Yes,88.31,23.02,3200,-2.19,3130,55.6,0.0,0,low
S00302,small,Laptop,LAP-M2,145,5,28,100.0,2.59,1.58,1.2,0,63.7,0,0,new,6,20,5,3.71,7,1,4.31,4.7,Yes,97.98,22.59,55000,-1.27,54300,53.8,0.0,0,low
S00107,small,Bluetooth Speaker,SPK-M3,142,4,28,94.21,1.43,4.02,4.0,0,68.9,1,0,new,12,152,20,6.67,9,0,3.65,,Yes,91.92,16.94,7000,2.29,7160,78.2,0.0,0,low
S00150,small,Smart TV,TV-M4,68,4,23,96.29,2.99,6.8,3.9,1,46.0,1,0,new,12,196,5,5.06,1,0,3.03,,No,83.79,6.89,90000,-2.67,87600,43.5,0.0,0,low
S00250,medium,Laptop,LAP-M5,1278,27,47,91.69,3.84,5.41,4.3,4,42.6,0,0,new,12,100,69,6.2,36,2,4.07,4.19,Yes,92.25,10.31,190000,-2.26,185700,56.1,0.0,0,low
S00139,medium,Desktop Computer,PC-M4,707,64,10,96.94,2.07,2.45,2.3,1,50.6,1,0,new,12,300,20,5.28,18,4,4.25,4.79,Yes,97.36,6.91,95000,3.37,98200,87.0,0.0,0,low
S00557,small,Laptop,LAP-M3,51,12,6,100.0,0.1,2.57,1.5,0,59.2,0,0,new,3,149,43,5.92,5,3,4.35,4.29,Yes,100.0,5.24,80000,6.25,85000,98.4,0.0,0,low
S00380,medium,Smartwatch,WCH-M3,735,7,56,94.31,2.93,4.7,6.4,0,58.0,1,0,new,3,60,14,7.04,15,0,3.74,,Yes,93.82,12.51,9000,-3.33,8700,33.9,0.0,0,low
S00458,small,Laptop,LAP-M3,126,16,5,87.3,4.33,4.63,5.2,0,44.6,0,0,new,6,137,11,8.6,4,2,3.16,3.08,No,88.75,12.29,80000,-8.75,73000,23.4,0.0,0,low
S00102,small,Power Bank,PWR-M4,41,15,4,92.03,2.5,5.07,3.1,1,61.2,0,0,new,6,120,9,7.12,3,2,3.78,3.52,Yes,95.3,9.5,4800,-4.17,4600,23.3,0.0,0,low
S00308,medium,Desktop Computer,PC-M4,796,35,37,97.21,1.33,2.43,2.4,0,55.3,1,1,new,12,47,42,5.6,20,2,4.53,4.56,Yes,93.21,35.6,95000,-0.32,94700,65.2,0.0,0,low
S00288,medium,Mobile Phone,MOB-M2,1416,42,35,94.23,2.64,3.89,1.4,2,43.0,1,0,new,12,143,39,4.67,45,4,3.93,4.31,Yes,93.18,9.43,22000,-4.32,21050,39.6,0.0,0,low
S00097,medium,Smartwatch,WCH-M1,1721,39,68,99.11,1.13,0.94,0.7,2,50.7,1,0,new,6,82,10,4.01,66,5,4.99,4.84,Yes,100.0,11.95,2000,-3.5,1930,53.5,0.0,0,low
S00317,medium,Wi-Fi Router,RTR-M2,4634,155,35,90.0,5.33,6.59,6.9,12,43.4,1,0,used,3,201,16,8.48,58,6,2.82,2.71,No,92.94,17.04,3200,-53.75,1480,1.9,0.0,0,low
S00503,small,Smart TV,TV-M5,62,1,33,94.63,1.14,2.64,5.7,0,42.7,0,0,refurbished,3,230,3,4.66,5,0,4.2,,Yes,88.67,18.05,180000,-48.25,93150,5.4,0.0,0,low
S00506,small,Smart TV,TV-M1,23,1,13,94.32,5.04,5.77,8.7,0,46.2,1,0,new,6,369,2,8.33,2,0,2.5,,No,98.47,5.59,22000,5.23,23150,93.5,0.0,0,low
S00089,small,Digital Camera,CAM-M4,205,11,27,86.81,5.64,7.9,4.0,0,60.3,0,0,new,12,168,2,7.3,20,3,2.8,2.91,No,86.73,8.82,100000,1.0,101000,76.0,0.0,0,low
S00356,small,Smart TV,TV-M3,156,6,25,97.87,0.91,0.96,0.8,0,59.3,0,0,new,12,222,5,3.66,6,1,4.88,4.91,Yes,98.42,13.3,55000,0.36,55200,66.1,0.0,0,low
S00524,medium,Gaming Console,CON-M3,867,43,25,97.13,1.95,1.7,2.0,0,38.2,1,0,new,6,382,16,4.48,15,2,4.17,4.43,Yes,92.15,2.98,62000,-2.02,60750,52.0,0.0,0,low
S00264,small,Wireless Earbuds,EAR-M3,201,3,55,97.5,1.92,2.63,2.4,0,37.3,0,0,new,0,247,7,4.65,25,1,4.37,4.55,Yes,94.18,24.6,5500,0.73,5540,75.8,0.0,0,low
S00111,medium,Mobile Phone,MOB-M4,2690,39,52,92.29,4.19,5.16,3.6,2,52.3,1,0,new,0,82,61,8.49,131,5,3.4,3.34,No,91.02,5.42,65000,-7.23,60300,28.9,0.0,0,low
S00418,small,Wireless Earbuds,EAR-M3,52,7,10,84.61,6.64,7.77,7.1,0,49.0,1,0,new,0,30,10,9.13,2,1,2.65,2.88,No,86.34,16.84,5500,-2.36,5370,43.9,0.0,0,low
S00304,small,Desktop Computer,PC-M2,102,4,21,100.0,1.78,0.68,1.1,0,49.9,0,0,new,0,71,6,4.6,3,0,4.73,,Yes,97.07,12.13,45000,-1.89,44150,50.0,0.0,0,low
S00385,medium,Wi-Fi Router,RTR-M5,933,8,50,97.27,1.29,1.35,2.9,2,25.1,1,0,new,12,192,60,4.23,20,1,4.92,4.64,Yes,100.0,20.09,16000,2.19,16350,86.3,0.0,0,low
S00256,small,Wireless Earbuds,EAR-M2,94,4,15,95.07,4.88,4.87,5.4,0,37.9,0,0,new,3,67,6,4.33,11,1,3.3,3.45,No,99.23,41.48,2500,2.4,2560,89.1,0.0,0,low
S00547,small,Smart TV,TV-M3,282,6,40,88.75,4.19,8.19,5.2,1,40.5,1,0,new,6,420,6,7.4,7,0,3.02,,No,88.35,4.44,55000,1.55,55850,73.2,0.0,0,low
S00148,big,Gaming Console,CON-M3,12646,155,102,96.7,1.86,2.51,2.2,9,18.7,1,0,new,6,456,122,3.28,75,2,4.36,4.34,Yes,90.6,4.41,62000,-2.42,60500,50.0,0.0,0,low
S00240,small,Wi-Fi Router,RTR-M3,120,77,2,97.71,2.12,3.8,2.1,0,69.4,0,0,refurbished,12,54,10,2.72,9,9,3.87,4.0,Yes,96.03,6.18,5500,-23.09,4230,15.2,0.0,0,low
S00505,medium,Smart TV,TV-M1,2401,45,33,98.15,1.56,1.8,1.6,3,21.4,1,0,new,12,500,27,2.5,67,3,4.96,4.93,Yes,100.0,3.03,22000,2.95,22650,87.0,0.0,0,low
S00450,small,Mobile Phone,MOB-M1,144,17,10,78.34,9.63,10.69,8.4,2,75.4,1,0,refurbished,12,37,3,8.65,6,2,2.4,2.55,No,92.42,18.13,12000,-39.58,7250,5.2,0.0,0,low
S00376,small,Digital Camera,CAM-M1,99,6,23,97.62,1.57,0.45,2.5,0,62.1,0,0,new,6,690,7,0.92,7,1,5.0,5.0,Yes,90.64,21.44,35000,6.71,37350,96.2,0.0,0,low
S00113,big,Mobile Phone,MOB-M2,11440,310,57,97.48,1.52,2.11,1.9,6,25.3,1,1,new,12,198,149,2.36,169,11,4.4,4.4,Yes,95.24,5.61,22000,-3.18,21300,47.2,0.0,0,low
S00214,medium,Laptop,LAP-M3,1470,38,51,94.27,2.09,2.83,4.3,2,50.6,0,1,new,6,356,20,6.98,15,1,3.74,3.88,Yes,94.88,7.14,80000,0.69,80550,64.1,0.0,0,low
S00323,small,Digital Camera,CAM-M4,58,16,5,100.0,1.11,2.27,1.6,0,73.0,1,0,new,6,150,13,3.0,1,1,4.39,4.07,Yes,91.82,4.73,100000,-1.25,98750,50.0,0.0,0,low
S00495,small,Power Bank,PWR-M4,225,26,9,88.12,6.01,7.63,6.9,0,43.2,1,1,new,12,236,7,8.14,10,3,2.95,2.89,No,97.1,10.02,4800,-9.79,4330,10.0,0.0,0,low
S00144,medium,Gaming Console,CON-M3,1221,23,71,92.78,3.85,4.36,2.4,2,46.9,1,0,new,12,74,20,1.83,26,1,4.01,3.81,Yes,94.13,3.63,62000,-1.13,61300,58.0,0.0,0,low
S00380,medium,Smartwatch,WCH-M2,735,7,56,94.31,2.93,4.7,6.4,0,58.0,1,0,new,0,326,68,7.76,11,0,3.72,,Yes,100.0,0.83,4500,-1.11,4450,59.2,0.0,0,low
S00404,small,Smart TV,TV-M1,143,6,24,98.16,0.46,1.32,1.4,0,59.2,1,0,new,6,51,12,5.24,5,0,4.18,,Yes,94.94,9.9,22000,0.23,22050,68.8,0.0,0,low
S00265,small,Digital Camera,CAM-M2,57,38,4,72.78,10.21,13.03,11.4,2,55.7,0,0,new,0,33,299,9.7,0,0,,,No,,,55000,-19.45,44300,13.3,1.0,100,high
S00311,small,Gaming Console,CON-M1,175,66,2,92.99,5.05,6.67,10.3,1,59.4,0,0,new,12,60,8,5.68,21,21,3.19,3.12,No,88.25,20.84,38000,-0.13,37950,62.7,0.0,0,low
S00344,small,Laptop,LAP-M2,290,42,5,83.45,6.87,9.58,4.9,2,37.3,1,0,new,0,150,4,9.36,17,7,2.72,2.92,No,89.89,7.54,55000,-1.64,54100,51.9,0.0,0,low
S00168,medium,Smartwatch,WCH-M5,823,14,51,94.05,2.74,3.23,3.5,0,54.7,1,1,new,6,253,42,5.43,25,1,3.62,3.83,Yes,87.82,14.79,45000,-0.89,44600,51.9,0.0,0,low
S00129,big,Smart TV,TV-M5,16423,119,103,96.97,1.8,2.49,2.3,8,15.2,1,0,new,6,880,154,5.31,231,5,4.07,4.05,Yes,99.96,38.97,180000,-1.17,177900,53.6,0.0,0,low
S00134,medium,Desktop Computer,PC-M2,2474,94,37,94.11,2.65,3.78,6.5,5,40.4,1,0,refurbished,12,745,30,5.27,200,17,3.84,4.04,Yes,94.81,20.46,45000,-50.89,22100,1.8,0.0,0,low
S00122,small,Digital Camera,CAM-M4,44,2,8,94.43,0.67,3.49,1.8,0,42.4,1,0,new,12,21,19,2.97,0,0,,,No,,,100000,6.7,106700,98.0,0.0,0,low
S00161,small,Smartwatch,WCH-M3,683,79,6,86.87,7.28,8.41,4.9,1,52.2,0,0,new,6,180,3,12.59,98,39,2.99,2.55,No,93.47,18.12,9000,-0.44,8960,61.0,0.0,0,low
S00524,medium,Mobile Phone,MOB-M5,867,43,25,97.13,1.95,1.7,2.0,0,38.2,1,0,new,0,161,26,5.13,14,2,4.66,4.59,Yes,91.44,13.95,140000,-0.82,138850,60.0,0.0,0,low
S00313,small,Wireless Earbuds,EAR-M4,97,33,3,90.53,4.49,6.42,2.5,0,33.2,0,0,refurbished,6,90,6,9.99,2,2,2.92,2.98,No,82.69,22.13,12000,-51.67,5800,3.8,0.0,0,low
S00398,small,Digital Camera,CAM-M5,21,13,4,74.79,14.57,13.92,10.0,1,13.2,0,0,new,0,45,339,11.21,1,1,4.84,4.22,Yes,62.63,77.0,180000,-66.83,59700,2.0,1.0,100,high
S00164,small,Smart TV,TV-M2,96,14,10,99.03,2.41,2.14,3.9,0,70.1,0,0,refurbished,0,171,6,4.43,7,3,4.02,3.69,Yes,97.98,5.54,35000,-16.43,29250,18.6,0.0,0,low
S00452,small,Laptop,LAP-M4,50,30,4,92.49,5.79,4.59,5.3,0,32.7,0,0,new,3,39,78,7.11,16,16,4.71,3.77,Yes,62.48,58.93,120000,-17.21,99350,20.3,1.0,100,high
S00134,medium,Mobile Phone,MOB-M4,2474,94,37,94.11,2.65,3.78,6.5,5,40.4,1,0,new,6,90,44,5.45,75,4,4.01,4.07,Yes,98.4,4.77,65000,-2.31,63500,48.9,0.0,0,low
S00186,small,Desktop Computer,PC-M2,98,6,19,92.61,6.5,5.37,8.5,1,36.4,0,0,new,6,284,9,4.26,1,0,3.27,,No,97.16,14.01,45000,5.22,47350,92.9,0.0,0,low
S00202,medium,Digital Camera,CAM-M3,644,16,34,98.09,1.62,1.85,1.8,1,52.6,1,0,new,3,408,30,3.27,45,3,4.8,4.97,Yes,98.02,11.21,80000,-0.56,79550,64.7,0.0,0,low
S00427,small,Power Bank,PWR-M1,94,10,8,100.0,0.1,1.15,1.1,0,58.2,1,0,new,3,156,10,2.55,1,0,4.87,,Yes,99.71,23.23,1100,2.73,1130,82.0,0.0,0,low
S00257,small,Mobile Phone,MOB-M1,161,66,9,78.63,12.02,12.93,12.8,6,37.2,0,0,new,0,51,10,12.06,35,35,4.86,3.94,Yes,37.25,55.94,12000,-28.75,8550,15.5,1.0,100,high
S00291,small,Smartwatch,WCH-M2,154,7,16,95.89,1.48,1.64,1.0,0,39.7,1,0,new,12,243,12,2.82,1,0,3.97,,Yes,97.46,23.59,4500,1.33,4560,79.6,0.0,0,low
S00342,big,Power Bank,PWR-M1,22236,160,105,94.67,2.81,3.61,1.9,36,32.8,1,1,new,12,413,203,4.87,175,3,3.92,4.03,Yes,85.62,11.99,1100,-3.64,1060,34.0,0.0,0,low
S00006,small,Smart TV,TV-M2,69,14,4,99.51,1.82,2.94,1.9,0,67.6,1,0,new,0,34,3,4.71,4,2,4.43,4.22,Yes,87.55,20.91,35000,0.0,35000,72.9,0.0,0,low
S00309,small,Laptop,LAP-M4,68,2,21,91.26,4.26,5.18,2.0,0,57.9,1,0,used,6,190,4,7.43,10,1,3.51,3.32,No,98.52,23.74,120000,-26.04,88750,17.6,0.0,0,low
S00277,big,Smartwatch,WCH-M3,44244,759,51,98.56,0.95,1.46,1.1,16,56.4,1,1,new,12,383,44,5.75,768,37,4.88,4.58,Yes,96.42,7.94,9000,0.78,9070,83.1,0.0,0,low
S00541,medium,Smartwatch,WCH-M2,2896,57,61,87.97,7.11,8.47,7.6,13,40.5,1,0,new,12,221,24,9.79,236,12,2.15,2.13,No,94.9,4.4,4500,-3.78,4330,36.7,0.0,0,low
S00181,medium,Smart TV,TV-M2,2490,46,45,98.81,1.08,1.62,3.8,1,42.5,1,0,new,12,114,63,4.11,49,2,4.71,4.6,Yes,92.88,6.36,35000,-10.0,31500,22.0,0.0,0,low
S00267,medium,Bluetooth Speaker,SPK-M3,1407,49,33,92.95,3.67,4.64,2.9,0,42.0,0,1,new,6,146,8,5.35,88,8,4.15,4.06,Yes,98.24,13.53,7000,1.43,7100,74.5,0.0,0,low
S00270,small,Digital Camera,CAM-M3,43,0,72,88.35,5.53,8.24,5.6,0,36.4,1,0,new,3,270,5,6.55,0,0,,,No,,,80000,-2.75,77800,49.0,0.0,0,low
S00108,small,Laptop,LAP-M4,191,7,37,92.21,3.11,5.05,4.5,0,77.0,1,1,new,12,50,7,7.26,5,0,3.3,,No,91.63,4.65,120000,4.83,125800,97.3,0.0,0,low
S00178,small,Smart TV,TV-M4,123,2,33,98.87,0.84,2.89,3.6,0,69.7,1,0,new,12,990,16,5.84,5,0,3.91,,Yes,100.0,13.18,90000,2.39,92150,80.6,0.0,0,low
S00483,big,Digital Camera,CAM-M3,6835,176,51,98.04,1.38,2.08,1.6,4,36.3,1,1,new,12,172,99,3.24,53,3,5.0,4.92,Yes,89.13,7.66,80000,-3.94,76850,41.2,0.0,0,low
S00339,medium,Smart TV,TV-M3,976,23,46,98.5,0.47,1.44,1.9,0,51.4,1,1,new,6,437,6,3.1,16,1,4.61,4.65,Yes,98.58,25.34,55000,-3.27,53200,32.1,0.0,0,low
S00326,small,Power Bank,PWR-M5,103,9,16,97.68,1.04,0.77,1.7,0,73.3,1,1,new,12,327,5,6.88,5,1,4.58,4.62,Yes,99.46,19.62,8500,-2.82,8260,48.3,0.0,0,low
S00021,small,Smart TV,TV-M3,229,25,11,98.14,2.34,2.13,1.3,0,36.6,1,0,new,0,71,3,3.58,22,5,4.08,4.08,Yes,93.06,25.27,55000,-0.91,54500,51.8,0.0,0,low
S00020,big,Bluetooth Speaker,SPK-M3,20754,268,68,96.9,1.7,2.43,2.0,20,29.7,1,1,new,12,215,66,3.75,398,16,4.31,4.04,Yes,92.41,8.8,7000,-1.57,6890,52.7,0.0,0,low
S00327,small,Laptop,LAP-M4,153,1,70,95.4,0.98,0.51,0.8,0,44.1,0,1,new,12,520,9,3.89,10,0,4.81,,Yes,95.13,18.15,120000,-1.75,117900,58.1,0.0,0,low
S00316,small,Bluetooth Speaker,SPK-M1,128,22,8,97.21,0.33,0.38,0.6,0,73.0,1,0,new,3,240,3,4.01,7,4,4.32,4.16,Yes,94.48,22.01,1500,-0.67,1490,69.0,0.0,0,low
S00210,big,Smartwatch,WCH-M4,13189,193,98,95.84,2.16,2.87,2.0,13,32.6,1,0,new,3,264,64,7.18,197,8,4.12,4.13,Yes,93.96,21.02,22000,-2.95,21350,52.7,0.0,0,low
S00293,medium,Desktop Computer,PC-M4,1911,20,54,95.46,2.36,3.62,3.3,4,26.8,0,0,new,12,152,32,4.17,23,1,4.21,4.21,Yes,98.75,8.34,95000,-1.63,93450,47.8,0.0,0,low
S00069,small,Smartwatch,WCH-M2,40,1,33,91.8,3.79,4.04,4.6,0,53.8,0,0,new,0,143,2,7.2,9,1,3.37,3.18,No,93.58,22.96,4500,1.33,4560,79.6,0.0,0,low
S00113,big,Laptop,LAP-M5,11440,310,57,97.48,1.52,2.11,1.9,6,25.3,1,1,new,12,121,128,3.9,69,4,4.3,4.12,Yes,91.14,19.11,190000,-1.97,186250,57.9,0.0,0,low
S00501,small,Gaming Console,CON-M1,92,7,14,100.0,0.12,2.0,2.2,0,39.6,1,0,new,12,420,6,3.86,6,1,4.2,4.23,Yes,100.0,6.64,38000,-3.29,36750,35.3,0.0,0,low
S00218,small,Wireless Earbuds,EAR-M3,57,5,10,87.34,4.13,5.14,2.6,0,54.1,0,0,new,12,300,7,7.05,3,1,3.42,3.37,No,87.95,17.95,5500,-4.55,5250,28.8,0.0,0,low
S00511,big,Mobile Phone,MOB-M5,15940,594,38,96.83,1.87,2.4,1.3,14,40.6,1,1,new,12,125,36,5.13,139,12,4.62,4.77,Yes,98.07,13.35,140000,-2.32,136750,56.0,0.0,0,low
S00148,big,Smart TV,TV-M4,12646,155,102,96.7,1.86,2.51,2.2,9,18.7,1,0,new,12,96,55,3.63,158,3,4.37,4.17,Yes,84.02,8.81,90000,-4.33,86100,29.0,0.0,0,low
S00221,small,Digital Camera,CAM-M1,117,6,16,96.83,3.68,5.0,5.8,0,44.5,0,0,new,12,480,5,2.38,9,1,3.85,3.68,Yes,98.37,20.89,35000,-1.71,34400,55.8,0.0,0,low
S00211,small,Smart TV,TV-M2,207,21,7,95.62,3.72,3.34,6.3,0,22.6,0,0,new,12,187,12,4.8,21,4,3.76,3.49,Yes,96.31,6.4,35000,-0.29,34900,69.5,0.0,0,low
S00080,small,Smart TV,TV-M1,49,4,9,89.79,9.83,8.53,4.6,0,83.3,1,0,new,0,270,3,9.77,1,0,2.24,,No,93.34,12.79,22000,-3.18,21300,41.6,0.0,0,low
S00233,small,Smart TV,TV-M5,46,3,13,86.53,4.33,7.19,7.7,0,54.4,1,1,new,12,390,4,8.81,3,0,2.29,,No,86.71,7.79,180000,1.5,182700,73.2,0.0,0,low
S00270,small,Bluetooth Speaker,SPK-M5,43,0,72,88.35,5.53,8.24,5.6,0,36.4,1,0,new,6,112,12,7.32,1,0,3.03,,No,88.68,15.14,30000,7.33,32200,100.0,0.0,0,low
S00334,small,Laptop,LAP-M2,66,1,44,97.7,2.28,2.44,1.2,0,45.2,1,0,new,12,107,3,3.95,1,0,4.45,,Yes,95.08,7.7,55000,-1.64,54100,51.9,0.0,0,low
S00046,medium,Power Bank,PWR-M5,1035,47,21,96.96,1.02,1.95,1.0,0,20.2,0,0,new,12,415,39,4.77,66,6,4.72,4.82,Yes,95.28,5.64,8500,2.94,8750,86.7,0.0,0,low
S00176,small,Laptop,LAP-M1,47,29,1,89.02,4.74,6.85,8.7,0,61.4,0,0,new,6,30,16,10.4,2,2,2.79,2.69,No,88.36,22.55,38000,-6.97,35350,28.4,0.0,0,low
S00425,medium,Smartwatch,WCH-M2,1915,32,56,92.44,3.7,5.17,3.0,3,59.7,1,0,new,3,20,30,6.62,70,3,3.77,3.56,Yes,96.21,18.07,4500,-5.11,4270,28.6,0.0,0,low
S00458,small,Gaming Console,CON-M5,126,16,5,87.3,4.33,4.63,5.2,0,44.6,0,0,new,3,150,3,4.07,3,1,3.23,3.41,No,95.91,9.16,95000,-6.32,89000,32.3,0.0,0,low
S00337,small,Mobile Phone,MOB-M1,35,0,58,92.21,1.84,3.95,0.8,0,44.1,1,0,new,12,26,6,3.93,0,0,,,No,,,12000,2.5,12300,89.7,0.0,0,low
S00271,big,Desktop Computer,PC-M4,8010,200,86,98.26,1.12,1.81,1.4,5,32.3,1,1,new,12,42,56,3.95,89,5,4.38,4.33,Yes,95.02,18.91,95000,1.58,96500,76.1,0.0,0,low
S00285,small,Mobile Phone,MOB-M3,135,5,45,100.0,1.2,2.37,1.1,0,48.0,0,0,new,12,14,5,3.88,5,0,4.63,,Yes,100.0,4.31,38000,0.66,38250,70.5,0.0,0,low
S00088,small,Mobile Phone,MOB-M2,13,8,1,80.4,4.59,12.54,10.1,0,0.0,0,0,new,3,33,96,8.9,1,1,4.83,3.08,Yes,29.2,56.88,22000,-3.18,21300,47.2,1.0,100,high
S00443,small,Desktop Computer,PC-M3,273,7,23,97.4,2.68,3.51,2.6,0,46.9,0,0,new,0,358,7,6.84,9,1,3.99,3.81,Yes,95.52,16.66,65000,0.38,65250,75.0,0.0,0,low
S00461,big,Wireless Earbuds,EAR-M1,10254,368,30,95.17,2.62,3.53,3.0,7,43.7,0,1,new,12,128,199,7.43,111,9,3.85,3.7,Yes,89.17,17.41,1200,1.67,1220,83.1,0.0,0,low
S00252,big,Bluetooth Speaker,SPK-M3,12635,91,95,96.31,1.6,2.38,3.2,10,22.2,1,0,new,0,686,306,5.0,374,8,4.49,4.45,Yes,91.27,11.21,7000,-7.14,6500,21.8,0.0,0,low
S00214,medium,Wireless Earbuds,EAR-M3,1470,38,51,94.27,2.09,2.83,4.3,2,50.6,0,1,new,3,512,101,6.5,48,3,3.96,3.73,Yes,93.96,35.43,5500,2.91,5660,89.4,0.0,0,low
S00059,medium,Wi-Fi Router,RTR-M2,1011,28,55,93.52,3.12,3.2,2.7,1,32.3,1,0,new,6,34,9,6.17,15,1,4.25,4.29,Yes,92.15,15.0,3200,-0.31,3190,75.9,0.0,0,low
S00109,medium,Wireless Earbuds,EAR-M1,3182,58,50,88.93,5.41,7.21,5.7,17,47.9,1,0,new,3,128,9,9.42,240,12,3.38,3.1,No,100.0,19.96,1200,-3.33,1160,36.9,0.0,0,low
S00080,small,Wi-Fi Router,RTR-M4,49,4,9,89.79,9.83,8.53,4.6,0,83.3,1,0,new,0,124,5,6.88,3,1,2.81,3.0,No,89.96,17.33,9500,-0.74,9430,60.0,0.0,0,low
S00513,small,Bluetooth Speaker,SPK-M4,159,7,21,88.78,3.59,7.95,6.1,0,58.7,0,0,new,0,215,8,6.53,14,2,3.13,3.29,No,94.19,20.72,14000,0.36,14050,60.8,0.0,0,low
S00505,medium,Smart TV,TV-M2,2401,45,33,98.15,1.56,1.8,1.6,3,21.4,1,0,new,0,13,46,3.4,64,2,4.67,4.67,Yes,98.1,24.66,35000,-8.43,32050,23.7,0.0,0,low
S00427,small,Power Bank,PWR-M2,94,10,8,100.0,0.1,1.15,1.1,0,58.2,1,0,new,6,182,2,7.26,3,1,4.54,4.18,Yes,93.58,12.05,1800,2.22,1840,90.2,0.0,0,low
S00261,medium,Smart TV,TV-M2,6000,328,10,98.06,1.12,1.81,2.5,6,47.0,1,0,new,6,164,6,2.72,92,17,4.53,4.72,Yes,96.86,23.24,35000,5.57,36950,94.9,0.0,0,low
S00334,small,Desktop Computer,PC-M3,66,1,44,97.7,2.28,2.44,1.2,0,45.2,1,0,refurbished,3,177,11,4.61,0,0,,,No,,,65000,-51.46,31550,2.1,0.0,0,low
S00107,small,Power Bank,PWR-M4,142,4,28,94.21,1.43,4.02,4.0,0,68.9,1,0,new,12,147,3,5.82,6,1,3.98,3.96,Yes,100.0,5.38,4800,3.12,4950,78.3,0.0,0,low
S00549,small,Wi-Fi Router,RTR-M4,190,12,15,97.88,0.34,2.59,1.3,0,42.0,0,0,new,0,67,3,1.07,8,1,5.0,4.98,Yes,93.48,15.8,9500,-2.42,9270,41.7,0.0,0,low
S00013,small,Wi-Fi Router,RTR-M3,256,23,12,93.63,2.35,4.65,2.5,0,59.6,0,0,new,0,360,10,3.42,20,4,3.73,3.69,Yes,93.27,6.98,5500,2.18,5620,78.3,0.0,0,low
S00188,small,Laptop,LAP-M2,175,2,40,94.34,2.86,3.36,2.6,0,43.4,0,0,new,12,867,7,5.8,11,0,3.46,,No,92.68,2.67,55000,-0.45,54750,65.4,0.0,0,low
S00406,medium,Laptop,LAP-M1,2932,64,49,94.13,3.4,4.32,3.4,4,27.5,1,0,new,6,299,14,8.2,151,7,3.78,3.99,Yes,96.62,11.28,38000,0.26,38100,71.6,0.0,0,low
S00170,big,Gaming Console,CON-M2,24282,382,90,96.38,1.83,2.7,2.6,14,20.6,1,1,new,6,103,54,1.77,298,11,4.29,4.38,Yes,98.24,2.64,52000,-2.69,50600,41.5,0.0,0,low
S00234,medium,Mobile Phone,MOB-M3,5840,118,46,96.37,1.97,2.84,2.2,4,65.6,1,0,new,6,103,17,2.74,190,10,4.1,4.06,Yes,94.5,22.64,38000,-6.32,35600,31.1,0.0,0,low
S00498,medium,Laptop,LAP-M2,877,13,51,95.34,1.3,2.48,1.9,0,25.0,1,0,new,0,377,78,6.2,21,1,4.06,3.86,Yes,100.0,21.97,55000,5.36,57950,90.4,0.0,0,low
S00100,medium,Mobile Phone,MOB-M3,1896,50,48,98.88,1.14,1.29,3.1,2,35.4,1,0,new,12,160,22,3.15,17,1,5.0,4.61,Yes,100.0,13.23,38000,1.71,38650,78.7,0.0,0,low
S00515,small,Digital Camera,CAM-M3,46,3,27,100.0,0.19,1.51,0.5,0,23.0,0,0,used,0,113,7,3.76,1,0,4.81,,Yes,100.0,3.32,80000,-15.31,67750,13.7,0.0,0,low
S00036,big,Wireless Earbuds,EAR-M1,10995,152,61,97.1,1.6,2.17,3.2,8,24.3,1,0,new,6,157,42,6.52,131,3,4.2,4.06,Yes,100.0,20.79,1200,-5.0,1140,23.1,0.0,0,low
S00433,medium,Power Bank,PWR-M1,1648,89,27,91.11,5.09,6.26,8.1,8,26.7,1,1,new,12,28,29,4.72,58,8,3.51,3.4,No,90.86,8.7,1100,0.0,1100,70.0,0.0,0,low
S00469,small,Gaming Console,CON-M4,18,2,8,79.08,0.1,6.32,3.4,0,54.8,0,0,new,6,188,14,4.59,2,0,3.82,,Yes,89.05,13.8,78000,3.01,80350,92.4,0.0,0,low
S00290,small,Laptop,LAP-M2,106,30,5,89.73,4.39,5.34,5.5,1,41.4,1,0,new,6,150,16,7.38,4,4,3.58,3.62,No,87.56,11.78,55000,0.45,55250,71.2,0.0,0,low
S00559,small,Wireless Earbuds,EAR-M5,304,12,23,97.1,0.78,1.23,1.2,0,54.2,0,0,used,0,690,4,6.11,8,1,4.49,3.97,Yes,94.26,18.09,28000,-48.21,14500,1.9,0.0,0,low
S00331,small,Power Bank,PWR-M1,220,42,8,96.29,1.53,1.95,1.6,1,36.5,1,0,new,6,104,4,2.04,13,5,4.77,4.67,Yes,97.88,7.49,1100,-1.82,1080,50.0,0.0,0,low
S00074,small,Wireless Earbuds,EAR-M3,106,50,2,95.72,3.53,3.15,3.4,0,44.7,0,0,refurbished,6,60,9,7.81,6,6,3.36,3.79,No,93.69,14.74,5500,-53.82,2540,1.5,0.0,0,low
S00031,small,Desktop Computer,PC-M1,279,5,36,97.56,1.6,1.29,1.6,1,46.7,1,0,new,6,28,15,4.59,19,1,4.96,4.83,Yes,99.23,11.3,30000,6.5,31950,94.7,0.0,0,low
S00254,small,Wireless Earbuds,EAR-M1,84,4,16,94.16,0.1,3.31,3.6,0,61.3,0,0,new,12,204,5,7.35,0,0,,,No,,,1200,-6.67,1120,15.4,0.0,0,low
S00415,big,Digital Camera,CAM-M3,15112,167,80,96.28,1.98,2.82,6.1,13,30.5,1,1,new,12,389,98,5.31,107,4,4.05,4.04,Yes,95.8,5.91,80000,0.56,80450,72.5,0.0,0,low
S00154,small,Smartwatch,WCH-M1,66,26,3,96.77,1.44,4.26,3.9,0,47.9,1,0,new,3,90,4,6.3,0,0,,,No,,,2000,-6.5,1870,23.3,0.0,0,low
S00059,medium,Power Bank,PWR-M4,1011,28,55,93.52,3.12,3.2,2.7,1,32.3,1,0,new,3,51,7,3.72,15,1,3.93,3.99,Yes,93.6,27.1,4800,-0.83,4760,46.7,0.0,0,low
S00251,small,Wireless Earbuds,EAR-M3,100,16,7,89.33,6.63,8.37,5.9,0,30.6,1,0,new,0,60,7,9.61,7,2,2.46,2.95,No,93.4,10.84,5500,3.45,5690,92.4,0.0,0,low
S00167,big,Bluetooth Speaker,SPK-M5,29079,775,47,97.51,1.39,1.9,2.3,18,37.2,1,1,new,6,123,76,4.19,444,40,4.47,4.55,Yes,98.02,14.39,30000,-5.83,28250,15.1,0.0,0,low
S00100,medium,Smart TV,TV-M1,1896,50,48,98.88,1.14,1.29,3.1,2,35.4,1,0,new,0,46,17,3.7,39,2,4.51,4.23,Yes,99.52,11.33,22000,-10.0,19800,18.2,0.0,0,low
S00439,medium,Bluetooth Speaker,SPK-M4,2840,102,39,95.34,2.39,3.14,1.4,2,54.0,0,0,new,12,97,16,5.21,59,7,3.76,3.89,Yes,93.58,5.85,14000,-0.71,13900,47.1,0.0,0,low
S00016,small,Gaming Console,CON-M4,114,4,23,87.9,2.49,5.12,8.8,1,70.6,0,0,new,0,297,2,7.18,7,1,3.33,3.1,No,91.87,7.76,78000,6.28,82900,98.5,0.0,0,low
S00486,small,Bluetooth Speaker,SPK-M5,480,150,5,81.24,10.17,11.73,5.1,3,71.5,0,0,new,12,150,5,11.57,33,25,1.55,1.85,No,84.77,7.36,30000,-3.33,29000,30.2,0.0,0,low
S00296,big,Gaming Console,CON-M3,17968,277,80,98.07,1.13,1.72,1.6,15,19.4,1,1,new,12,128,129,2.54,114,3,4.25,3.97,Yes,92.64,6.24,62000,-7.74,57200,30.0,0.0,0,low
S00396,medium,Wi-Fi Router,RTR-M3,1760,49,29,89.56,5.0,6.85,3.8,6,10.4,1,1,new,12,118,49,6.52,48,5,3.2,3.18,No,87.36,2.29,5500,-2.0,5390,54.3,0.0,0,low
S00220,medium,Gaming Console,CON-M2,2063,69,18,92.97,3.98,4.8,3.5,5,62.9,1,1,new,12,76,11,3.55,74,5,4.05,4.0,Yes,94.3,16.98,52000,-0.29,51850,60.4,0.0,0,low
S00540,small,Mobile Phone,MOB-M5,394,10,21,88.23,4.93,7.82,4.2,1,65.2,0,1,new,6,102,7,7.77,25,2,2.72,2.95,No,94.29,2.51,140000,2.96,144150,94.0,0.0,0,low
S00198,small,Wi-Fi Router,RTR-M3,251,18,21,100.0,1.22,1.24,1.8,1,69.0,0,0,used,12,630,7,4.88,5,1,4.41,4.14,Yes,94.97,6.22,5500,-50.55,2720,2.2,0.0,0,low
S00182,big,Desktop Computer,PC-M4,24268,669,60,98.02,1.0,1.56,1.1,14,37.0,1,1,new,12,71,56,1.76,342,19,4.98,4.92,Yes,92.62,14.11,95000,-0.79,94250,58.7,0.0,0,low
S00266,small,Power Bank,PWR-M4,75,6,12,95.95,1.61,2.62,2.5,0,47.6,1,0,new,12,199,4,4.55,2,0,4.59,,Yes,98.96,2.96,4800,-1.88,4710,38.3,0.0,0,low
S00283,medium,Power Bank,PWR-M4,1333,18,55,96.91,1.66,2.22,1.7,0,66.1,1,0,new,12,292,33,3.53,30,1,4.73,4.65,Yes,96.81,13.87,4800,-5.63,4530,18.3,0.0,0,low
S00216,small,Smartwatch,WCH-M4,96,7,14,93.39,4.87,5.46,4.4,0,36.2,1,0,new,6,329,3,9.19,2,0,2.87,,No,86.51,3.74,22000,-1.82,21600,60.0,0.0,0,low
S00041,small,Gaming Console,CON-M4,189,20,16,100.0,0.1,1.7,1.6,0,66.1,0,0,new,6,480,7,3.66,11,2,4.45,4.69,Yes,100.0,3.31,78000,-3.59,75200,31.8,0.0,0,low
S00157,small,Wi-Fi Router,RTR-M1,100,8,13,91.57,1.85,5.15,3.0,1,20.5,1,0,new,12,101,4,6.69,2,0,3.6,,Yes,94.3,16.75,1800,1.11,1820,76.0,0.0,0,low
S00309,small,Laptop,LAP-M3,68,2,21,91.26,4.26,5.18,2.0,0,57.9,1,0,refurbished,6,164,4,8.09,10,1,3.66,3.81,Yes,94.46,3.66,80000,-30.69,55450,10.9,0.0,0,low
S00167,big,Smartwatch,WCH-M4,29079,775,47,97.51,1.39,1.9,2.3,18,37.2,1,1,new,12,424,35,6.6,135,10,4.62,5.0,Yes,99.02,4.84,22000,-3.86,21150,43.6,0.0,0,low
S00113,big,Digital Camera,CAM-M5,11440,310,57,97.48,1.52,2.11,1.9,6,25.3,1,1,new,12,61,47,3.16,158,11,4.54,4.55,Yes,91.53,5.8,180000,-4.72,171500,36.7,0.0,0,low
S00004,small,Mobile Phone,MOB-M2,127,81,2,92.93,1.97,2.96,2.6,2,44.7,0,0,new,12,60,5,6.2,27,27,3.64,3.64,Yes,100.0,11.01,22000,-0.91,21800,69.8,0.0,0,low
S00483,big,Mobile Phone,MOB-M4,6835,176,51,98.04,1.38,2.08,1.6,4,36.3,1,1,new,12,95,86,5.94,108,8,4.29,4.26,Yes,92.58,12.34,65000,-1.77,63850,55.6,0.0,0,low
S00037,small,Mobile Phone,MOB-M4,148,2,53,96.07,1.35,3.52,2.6,0,48.6,0,0,new,6,22,10,5.34,6,0,4.56,,Yes,91.75,5.98,65000,-1.69,63900,57.8,0.0,0,low
S00496,small,Wi-Fi Router,RTR-M1,82,6,13,94.26,3.98,6.61,7.7,0,56.2,1,0,new,0,119,9,5.47,12,2,3.01,3.19,No,92.65,7.29,1800,5.0,1890,98.0,0.0,0,low
S00561,medium,Mobile Phone,MOB-M4,1045,19,48,95.03,2.99,3.77,4.7,1,48.3,1,0,new,12,53,12,6.18,34,2,3.62,3.27,Yes,94.81,3.62,65000,2.69,66750,91.1,0.0,0,low
S00133,medium,Smart TV,TV-M4,1754,40,59,96.83,1.51,2.6,2.3,0,44.1,1,0,new,0,154,17,2.66,40,2,4.1,4.22,Yes,89.36,17.98,90000,-1.67,88500,59.7,0.0,0,low
S00444,small,Power Bank,PWR-M2,109,23,8,95.59,1.75,2.51,3.6,0,63.1,0,0,new,0,240,5,5.09,1,0,3.77,,Yes,96.9,10.2,1800,-6.67,1680,15.7,0.0,0,low
S00029,small,Digital Camera,CAM-M1,55,1,32,99.76,2.55,6.44,4.6,0,61.0,1,0,new,12,129,7,4.6,2,0,3.07,,No,95.49,19.23,35000,-3.29,33850,42.3,0.0,0,low
S00565,small,Smart TV,TV-M1,102,66,9,94.2,5.03,4.93,2.2,3,36.9,1,0,new,0,34,185,6.02,2,2,4.6,2.61,Yes,58.14,47.3,22000,-15.91,18500,15.6,1.0,100,high
S00022,small,Mobile Phone,MOB-M4,123,6,28,95.83,2.18,3.26,2.2,1,51.5,1,0,new,6,154,4,5.82,5,1,3.96,3.92,Yes,95.31,14.31,65000,1.54,66000,80.0,0.0,0,low
S00142,small,Gaming Console,CON-M1,110,6,13,89.38,6.74,8.97,12.9,0,64.3,0,0,used,3,93,6,5.9,10,1,2.5,2.53,No,88.98,6.78,38000,-15.13,32250,17.6,0.0,0,low
S00326,small,Laptop,LAP-M1,103,9,16,97.68,1.04,0.77,1.7,0,73.3,1,1,new,12,276,12,6.04,1,0,4.89,,Yes,100.0,3.37,38000,0.39,38150,73.1,0.0,0,low
S00015,small,Digital Camera,CAM-M4,232,20,12,90.85,5.0,7.36,6.3,1,41.6,0,0,new,0,315,12,4.61,26,5,3.25,2.97,No,92.83,10.89,100000,-1.95,98050,38.0,0.0,0,low
S00036,big,Bluetooth Speaker,SPK-M4,10995,152,61,97.1,1.6,2.17,3.2,8,24.3,1,0,new,3,38,88,5.42,114,5,4.39,4.68,Yes,94.75,19.49,14000,-31.07,9650,7.8,0.0,0,low
S00130,medium,Desktop Computer,PC-M1,721,36,32,95.95,2.71,3.21,3.9,0,43.7,1,1,new,12,114,29,6.1,23,3,4.03,3.88,Yes,98.03,3.42,30000,-2.17,29350,45.6,0.0,0,low
S00056,medium,Wi-Fi Router,RTR-M1,1104,29,40,96.31,1.15,2.1,1.2,0,62.9,1,1,new,12,332,28,3.42,30,3,4.51,4.94,Yes,97.94,6.35,1800,-3.89,1730,36.0,0.0,0,low
S00380,medium,Digital Camera,CAM-M5,735,7,56,94.31,2.93,4.7,6.4,0,58.0,1,0,new,6,45,27,6.35,7,0,3.62,,Yes,100.0,7.54,180000,2.42,184350,87.8,0.0,0,low
S00032,small,Power Bank,PWR-M4,45,1,49,90.02,2.93,4.29,3.9,0,54.1,1,0,new,12,281,4,7.35,2,0,3.93,,Yes,91.4,9.89,4800,0.0,4800,60.0,0.0,0,low
S00061,small,Desktop Computer,PC-M4,46,2,14,95.74,6.26,5.55,3.3,0,95.0,0,0,new,12,67,2,5.0,4,1,3.35,3.67,No,95.73,30.5,95000,3.63,98450,89.1,0.0,0,low
S00086,small,Digital Camera,CAM-M1,78,10,7,100.0,1.07,3.45,1.4,0,32.2,0,0,refurbished,6,110,2,1.28,0,0,,,No,,,35000,-51.71,16900,1.9,0.0,0,low
S00299,small,Desktop Computer,PC-M2,236,25,11,94.4,4.08,4.5,5.5,1,52.8,0,0,new,6,52,12,6.41,13,3,3.28,3.49,No,88.05,6.06,45000,-3.89,43250,41.1,0.0,0,low
S00321,small,Bluetooth Speaker,SPK-M4,398,90,3,95.37,4.03,3.6,3.5,1,43.0,1,0,new,12,90,15,5.75,34,14,4.3,4.3,Yes,96.2,14.94,14000,-1.07,13850,45.1,0.0,0,low
S00005,small,Wi-Fi Router,RTR-M5,271,14,21,92.73,2.0,3.29,2.7,0,58.5,0,0,new,6,630,7,6.59,14,2,3.77,3.77,Yes,83.98,22.02,16000,-1.88,15700,51.0,0.0,0,low
S00427,small,Wireless Earbuds,EAR-M3,94,10,8,100.0,0.1,1.15,1.1,0,58.2,1,0,used,12,199,3,4.26,3,1,4.58,4.84,Yes,98.43,9.75,5500,-15.09,4670,16.7,0.0,0,low
S00335,small,Smartwatch,WCH-M5,91,2,34,99.25,0.1,4.08,2.9,0,46.5,0,0,new,12,278,6,6.7,3,0,4.62,,Yes,100.0,15.14,45000,-1.0,44550,48.1,0.0,0,low
S00068,small,Wireless Earbuds,EAR-M5,219,5,35,96.08,2.51,3.43,2.3,0,45.5,1,0,new,3,66,5,7.59,25,2,3.96,4.16,Yes,96.52,9.78,28000,1.61,28450,78.8,0.0,0,low
S00324,small,Bluetooth Speaker,SPK-M2,109,4,14,95.51,1.9,2.22,1.9,0,50.2,0,0,new,0,420,11,3.05,7,1,4.52,4.85,Yes,99.43,2.46,3500,5.43,3690,92.5,0.0,0,low
S00467,medium,Desktop Computer,PC-M4,500,13,38,96.69,1.16,2.32,3.2,0,52.5,1,0,new,12,29,53,4.29,4,0,4.73,,Yes,93.28,4.93,95000,-4.11,91100,34.8,0.0,0,low
S00562,small,Power Bank,PWR-M3,123,10,14,94.08,3.98,4.83,5.6,0,59.0,1,0,refurbished,3,95,11,7.94,8,2,3.2,3.11,No,87.71,23.26,3000,-53.33,1400,2.4,0.0,0,low
S00263,medium,Wireless Earbuds,EAR-M1,620,20,24,95.71,2.22,2.79,2.7,0,27.3,0,0,new,3,176,36,6.53,35,4,3.73,3.49,Yes,90.38,24.58,1200,3.33,1240,92.3,0.0,0,low
S00481,small,Bluetooth Speaker,SPK-M1,119,4,30,96.83,1.85,1.94,1.9,1,38.9,0,0,new,0,45,6,4.29,1,0,4.31,,Yes,93.77,10.08,1500,-5.33,1420,28.6,0.0,0,low
S00284,small,Desktop Computer,PC-M1,93,4,27,99.5,3.31,4.54,1.6,0,69.0,1,0,new,12,395,10,6.09,5,1,3.86,3.68,Yes,97.14,7.34,30000,2.0,30600,80.7,0.0,0,low
S00203,medium,Wireless Earbuds,EAR-M5,1800,74,56,98.72,0.88,1.36,1.6,2,31.7,1,1,new,12,187,21,5.27,71,10,4.88,4.94,Yes,100.0,9.33,28000,-0.54,27850,55.8,0.0,0,low
S00171,small,Gaming Console,CON-M2,310,16,17,97.61,1.02,1.56,2.1,0,38.4,1,0,new,12,44,4,1.73,18,2,4.88,4.72,Yes,92.84,7.15,52000,5.0,54600,88.7,0.0,0,low
S00411,small,Laptop,LAP-M2,89,4,19,93.33,5.89,4.96,4.7,0,64.9,1,0,used,12,114,2,6.99,3,0,3.35,,No,99.59,9.87,55000,-49.91,27550,5.8,0.0,0,low
S00380,medium,Mobile Phone,MOB-M1,735,7,56,94.31,2.93,4.7,6.4,0,58.0,1,0,new,12,416,40,6.61,25,1,3.35,3.18,No,93.04,5.08,12000,-0.42,11950,72.4,0.0,0,low
S00245,small,Smart TV,TV-M2,161,8,12,95.96,1.89,3.08,3.1,0,27.7,1,0,new,6,37,4,6.83,18,3,3.78,3.88,Yes,85.74,4.61,35000,-1.0,34650,61.0,0.0,0,low
S00409,medium,Smart TV,TV-M2,1332,45,34,94.96,2.57,3.74,4.6,2,56.4,1,1,new,12,42,48,5.47,18,2,3.9,3.88,Yes,99.48,0.51,35000,3.43,36200,83.1,0.0,0,low
S00075,big,Bluetooth Speaker,SPK-M4,31838,212,94,95.92,2.22,2.98,2.8,30,24.2,1,1,new,6,51,140,4.0,456,6,4.28,4.3,Yes,95.48,3.68,14000,1.07,14150,66.7,0.0,0,low
S00190,small,Laptop,LAP-M5,215,25,9,98.88,1.25,0.91,1.3,0,52.4,0,0,new,6,131,5,3.35,18,5,4.72,4.53,Yes,93.31,2.43,190000,-0.55,188950,61.4,0.0,0,low
S00235,medium,Gaming Console,CON-M3,1479,37,43,97.73,0.78,1.64,2.1,0,39.0,1,1,new,12,314,46,3.09,43,3,4.68,4.56,Yes,97.94,19.09,62000,5.48,65400,96.0,0.0,0,low
S00443,small,Digital Camera,CAM-M5,273,7,23,97.4,2.68,3.51,2.6,0,46.9,0,0,refurbished,0,99,2,3.2,12,1,3.85,3.63,Yes,94.54,5.41,180000,-34.44,118000,14.3,0.0,0,low
S00181,medium,Smart TV,TV-M4,2490,46,45,98.81,1.08,1.62,3.8,1,42.5,1,0,new,0,332,14,2.62,63,3,4.65,4.69,Yes,98.74,15.62,90000,6.56,95900,96.8,0.0,0,low
S00296,big,Digital Camera,CAM-M5,17968,277,80,98.07,1.13,1.72,1.6,15,19.4,1,1,new,12,19,90,5.84,353,15,4.02,3.46,Yes,91.25,3.67,180000,-2.75,175050,55.1,0.0,0,low
S00401,small,Wireless Earbuds,EAR-M3,64,4,19,95.58,2.96,2.24,1.9,0,64.0,1,0,new,12,127,5,5.81,5,1,4.57,4.83,Yes,96.34,1.71,5500,0.73,5540,75.8,0.0,0,low
S00182,big,Wi-Fi Router,RTR-M2,24268,669,60,98.02,1.0,1.56,1.1,14,37.0,1,1,new,6,144,64,4.14,189,17,4.86,5.0,Yes,100.0,12.3,3200,-6.56,2990,25.9,0.0,0,low
S00343,medium,Wi-Fi Router,RTR-M4,2804,74,61,93.74,3.13,3.91,3.1,3,51.3,0,0,new,12,161,26,5.75,39,3,3.9,3.79,Yes,92.53,3.76,9500,-4.42,9080,26.7,0.0,0,low
S00341,small,Mobile Phone,MOB-M2,276,13,18,92.03,3.09,3.75,3.4,0,45.1,0,0,new,12,104,6,4.57,52,5,3.81,3.59,Yes,92.44,39.35,22000,-2.5,21450,50.9,0.0,0,low
S00510,small,Bluetooth Speaker,SPK-M4,501,18,26,95.66,1.56,2.69,2.1,0,47.1,0,0,new,6,192,5,4.85,16,1,4.24,4.31,Yes,88.76,2.36,14000,-6.79,13050,17.6,0.0,0,low
S00435,small,Laptop,LAP-M2,179,14,8,96.91,0.76,1.31,2.0,0,51.3,1,0,new,3,240,7,2.58,9,1,4.71,4.63,Yes,90.35,17.13,55000,20.82,66450,100.0,0.0,0,low
S00448,small,Wi-Fi Router,RTR-M5,154,41,5,88.11,6.53,7.19,8.1,2,56.9,0,0,new,0,66,24,7.25,6,3,3.03,3.23,No,93.41,3.17,16000,5.0,16800,98.0,0.0,0,low
S00506,small,Wi-Fi Router,RTR-M4,23,1,13,94.32,5.04,5.77,8.7,0,46.2,1,0,new,12,375,4,6.88,2,0,2.85,,No,88.51,2.99,9500,-1.79,9330,50.0,0.0,0,low
S00075,big,Bluetooth Speaker,SPK-M3,31838,212,94,95.92,2.22,2.98,2.8,30,24.2,1,1,new,6,234,150,5.52,609,12,3.91,3.5,Yes,100.0,9.56,7000,-1.71,6880,50.9,0.0,0,low
S00086,small,Digital Camera,CAM-M4,78,10,7,100.0,1.07,3.45,1.4,0,32.2,0,0,new,12,173,22,2.19,2,1,4.7,4.88,Yes,98.29,16.63,100000,6.25,106250,94.0,0.0,0,low
S00032,small,Bluetooth Speaker,SPK-M4,45,1,49,90.02,2.93,4.29,3.9,0,54.1,1,0,new,3,16,2,4.94,4,0,3.64,,Yes,92.89,10.17,14000,-3.57,13500,27.5,0.0,0,low
S00465,small,Smartwatch,WCH-M2,82,3,18,91.27,5.48,4.5,4.1,0,51.4,1,0,refurbished,12,101,7,7.34,6,1,3.42,3.29,No,96.91,18.29,4500,-37.11,2830,6.1,0.0,0,low
S00295,small,Desktop Computer,PC-M4,259,17,23,98.17,1.47,2.62,1.3,0,56.7,0,0,new,6,327,5,2.92,33,7,4.34,4.13,Yes,99.34,13.38,95000,-5.53,89750,23.9,0.0,0,low
S00020,big,Wi-Fi Router,RTR-M1,20754,268,68,96.9,1.7,2.43,2.0,20,29.7,1,1,new,12,64,83,3.98,563,20,4.55,4.37,Yes,99.08,8.0,1800,2.78,1850,84.0,0.0,0,low
S00342,big,Wi-Fi Router,RTR-M2,22236,160,105,94.67,2.81,3.61,1.9,36,32.8,1,1,new,12,23,56,5.17,332,5,3.87,3.79,Yes,91.44,6.4,3200,-3.12,3100,46.3,0.0,0,low
S00025,small,Digital Camera,CAM-M5,55,45,3,88.41,8.12,8.48,15.9,1,15.2,0,0,new,0,49,326,10.34,38,38,4.72,3.52,Yes,65.02,66.7,180000,-44.31,100250,6.1,1.0,100,high
S00411,small,Mobile Phone,MOB-M2,89,4,19,93.33,5.89,4.96,4.7,0,64.9,1,0,new,12,165,6,6.69,5,1,3.02,2.92,No,89.65,28.48,22000,-2.27,21500,54.7,0.0,0,low
S00371,medium,Smart TV,TV-M3,965,17,52,98.44,0.93,2.37,2.0,0,29.9,1,0,new,12,125,9,1.71,72,4,4.37,4.74,Yes,94.52,9.27,55000,-1.82,54000,41.1,0.0,0,low
S00034,small,Power Bank,PWR-M1,44,2,21,95.42,5.47,4.75,7.0,0,87.5,1,0,new,3,201,15,7.21,0,0,,,No,,,1100,-0.91,1090,56.0,0.0,0,low
S00559,small,Wi-Fi Router,RTR-M5,304,12,23,97.1,0.78,1.23,1.2,0,54.2,0,0,new,3,149,5,4.1,20,2,4.18,4.2,Yes,100.0,8.91,16000,3.75,16600,94.1,0.0,0,low
S00407,small,Bluetooth Speaker,SPK-M4,40,6,7,98.6,0.1,0.01,2.5,0,54.7,0,0,new,3,210,6,5.56,2,1,4.65,4.58,Yes,96.34,8.45,14000,0.0,14000,58.8,0.0,0,low
S00280,small,Smart TV,TV-M4,59,36,2,84.6,3.98,5.62,3.2,0,6.2,0,0,new,0,15,152,3.6,0,0,,,No,,,90000,-36.94,56750,11.3,1.0,100,high
S00128,small,Digital Camera,CAM-M4,58,38,4,84.99,8.92,10.16,7.1,1,60.0,0,0,new,0,47,82,7.19,1,1,4.79,3.96,Yes,42.51,65.65,100000,-41.5,58500,6.0,1.0,100,high
S00388,small,Mobile Phone,MOB-M5,40,1,18,96.23,6.28,4.18,2.9,0,32.4,0,0,new,6,47,4,7.69,3,0,3.68,,Yes,96.15,16.01,140000,-1.11,138450,58.0,0.0,0,low
S00051,medium,Digital Camera,CAM-M5,2738,59,34,96.71,1.48,2.21,1.7,2,55.8,1,0,new,0,227,38,3.6,102,6,4.35,4.12,Yes,92.64,36.75,180000,1.42,182550,81.6,0.0,0,low
S00305,small,Smart TV,TV-M2,194,6,29,98.08,1.19,1.3,3.4,0,43.7,0,0,refurbished,3,57,3,4.08,3,0,4.79,,Yes,95.74,10.97,35000,-49.0,17850,3.4,0.0,0,low
S00560,small,Laptop,LAP-M4,22,14,2,90.4,9.09,9.52,8.5,1,13.3,0,0,new,0,37,8,11.76,63,63,4.99,3.73,Yes,44.31,79.73,120000,-33.0,80400,9.5,1.0,100,high
S00128,small,Laptop,LAP-M2,58,38,4,84.99,8.92,10.16,7.1,1,60.0,0,0,new,0,20,6,8.41,35,35,4.86,3.33,Yes,54.17,56.66,55000,-63.45,20100,1.9,1.0,100,high
S00340,small,Wireless Earbuds,EAR-M1,49,2,31,85.6,7.22,7.78,8.2,0,66.5,1,0,new,12,137,6,9.38,0,0,,,No,,,1200,0.0,1200,66.2,0.0,0,low
S00557,small,Laptop,LAP-M4,51,12,6,100.0,0.1,2.57,1.5,0,59.2,0,0,used,12,180,5,6.44,2,1,4.19,4.19,Yes,99.87,3.61,120000,-40.17,71800,5.4,0.0,0,low
S00348,medium,Power Bank,PWR-M3,2039,66,23,97.42,1.54,2.09,2.1,0,38.6,1,0,new,12,83,25,3.78,39,4,4.42,4.56,Yes,96.55,5.5,3000,1.67,3050,73.8,0.0,0,low
S00332,medium,Wi-Fi Router,RTR-M1,1380,23,59,92.41,4.0,5.1,3.0,1,41.6,1,0,new,0,146,15,5.6,35,2,3.86,3.92,Yes,89.29,11.78,1800,-0.56,1790,60.0,0.0,0,low
S00178,small,Smartwatch,WCH-M4,123,2,33,98.87,0.84,2.89,3.6,0,69.7,1,0,new,6,211,7,5.8,2,0,4.02,,Yes,94.32,22.46,22000,-42.27,12700,5.5,0.0,0,low
S00209,medium,Smart TV,TV-M2,2043,282,12,97.52,1.2,1.7,3.2,1,31.3,1,0,new,12,193,24,3.7,72,29,4.34,4.2,Yes,100.0,6.41,35000,-1.57,34450,59.3,0.0,0,low
S00516,big,Power Bank,PWR-M4,25726,176,105,97.86,1.3,1.76,0.8,8,22.0,1,0,new,12,1821,140,3.1,128,2,4.57,4.42,Yes,100.0,14.65,4800,-2.92,4660,31.7,0.0,0,low
S00516,big,Smart TV,TV-M1,25726,176,105,97.86,1.3,1.76,0.8,8,22.0,1,0,new,6,544,65,4.95,127,2,4.33,4.33,Yes,88.89,14.29,22000,11.59,24550,100.0,0.0,0,low
S00054,small,Laptop,LAP-M1,182,41,6,92.46,5.15,7.07,1.3,2,55.2,0,0,new,0,20,8,6.67,8,5,2.94,2.66,No,98.69,19.91,38000,-3.82,36550,41.8,0.0,0,low
S00200,small,Laptop,LAP-M4,251,6,43,96.73,1.88,2.47,5.1,0,33.0,0,0,new,6,216,7,7.45,19,1,3.64,3.87,Yes,94.2,26.08,120000,-5.54,113350,33.8,0.0,0,low
S00476,medium,Smartwatch,WCH-M3,2222,76,14,97.8,0.86,1.78,2.0,0,48.3,1,0,new,6,65,29,5.15,29,2,4.47,4.65,Yes,99.78,12.49,9000,1.89,9170,94.9,0.0,0,low
S00400,small,Wi-Fi Router,RTR-M1,104,5,27,91.22,6.09,6.72,5.3,0,7.4,1,0,new,12,51,7,6.98,15,2,3.51,3.72,No,100.0,9.44,1800,-3.33,1740,40.0,0.0,0,low
S00015,small,Smart TV,TV-M4,232,20,12,90.85,5.0,7.36,6.3,1,41.6,0,0,new,12,206,10,6.36,6,1,3.27,3.47,No,97.95,18.41,90000,4.17,93750,91.9,0.0,0,low
S00396,medium,Smartwatch,WCH-M4,1760,49,29,89.56,5.0,6.85,3.8,6,10.4,1,1,new,12,223,31,9.03,23,1,2.93,3.11,No,85.23,10.56,22000,-7.5,20350,21.8,0.0,0,low
S00316,small,Smartwatch,WCH-M5,128,22,8,97.21,0.33,0.38,0.6,0,73.0,1,0,new,3,240,3,2.89,4,2,4.46,4.57,Yes,100.0,12.8,45000,1.44,45650,72.2,0.0,0,low
S00139,medium,Wi-Fi Router,RTR-M3,707,64,10,96.94,2.07,2.45,2.3,1,50.6,1,0,new,12,200,25,3.11,26,6,4.6,4.63,Yes,82.92,10.41,5500,-1.09,5440,60.9,0.0,0,low
S00312,medium,Desktop Computer,PC-M5,1961,32,52,95.03,2.8,3.11,3.0,1,52.6,1,0,new,12,41,18,3.42,138,7,3.97,3.81,Yes,99.56,21.59,160000,2.53,164050,80.8,0.0,0,low
S00148,big,Smartwatch,WCH-M3,12646,155,102,96.7,1.86,2.51,2.2,9,18.7,1,0,new,3,80,67,5.39,84,2,4.32,3.99,Yes,96.28,9.95,9000,-6.33,8430,18.6,0.0,0,low
S00135,small,Digital Camera,CAM-M4,53,31,5,79.82,9.74,13.0,4.8,5,15.2,0,0,new,0,52,1,8.38,17,17,4.68,3.67,Yes,15.51,46.29,100000,-67.2,32800,2.0,1.0,100,high
S00158,medium,Power Bank,PWR-M3,858,88,10,99.17,1.31,1.51,1.6,0,56.1,1,0,new,12,241,37,5.45,41,11,5.0,5.0,Yes,91.98,10.65,3000,-4.67,2860,23.8,0.0,0,low
S00137,small,Mobile Phone,MOB-M3,404,17,15,89.19,5.48,6.38,6.8,0,40.6,1,0,refurbished,12,250,4,6.92,41,4,2.8,2.48,No,93.32,15.36,38000,-37.37,23800,6.6,0.0,0,low
S00310,small,Wireless Earbuds,EAR-M5,28,8,5,76.74,8.93,10.74,8.9,0,34.7,1,0,new,0,150,6,11.06,0,0,,,No,,,28000,-2.86,27200,30.8,0.0429,4,low
S00441,medium,Smart TV,TV-M5,1153,36,47,100.0,0.54,1.6,1.3,0,25.0,1,0,new,12,576,22,4.36,15,1,4.87,4.78,Yes,95.44,0.73,180000,2.47,184450,80.4,0.0,0,low
S00497,small,Wi-Fi Router,RTR-M1,68,41,2,100.0,2.94,0.89,2.5,0,43.0,0,0,new,0,60,5,4.05,3,3,3.94,3.98,Yes,92.13,4.15,1800,-3.89,1730,36.0,0.0,0,low
S00170,big,Digital Camera,CAM-M5,24282,382,90,96.38,1.83,2.7,2.6,14,20.6,1,1,new,12,38,44,4.07,161,8,4.22,4.01,Yes,100.0,15.02,180000,-7.39,166700,22.4,0.0,0,low
S00234,medium,Laptop,LAP-M5,5840,118,46,96.37,1.97,2.84,2.2,4,65.6,1,0,refurbished,0,137,54,3.82,126,7,4.61,4.5,Yes,97.65,6.09,190000,-19.87,152250,24.6,0.0,0,low
S00106,small,Laptop,LAP-M4,50,5,12,93.45,3.72,6.18,5.1,0,95.0,1,0,new,0,360,2,10.15,1,0,3.32,,No,94.64,5.01,120000,4.75,125700,95.9,0.0,0,low
S00385,medium,Desktop Computer,PC-M5,933,8,50,97.27,1.29,1.35,2.9,2,25.1,1,0,new,0,406,6,1.48,12,0,4.64,,Yes,92.03,20.65,160000,-3.59,154250,26.9,0.0,0,low
S00312,medium,Smartwatch,WCH-M4,1961,32,52,95.03,2.8,3.11,3.0,1,52.6,1,0,new,6,49,21,6.35,81,2,4.21,4.22,Yes,100.0,1.66,22000,1.36,22300,83.6,0.0,0,low
S00483,big,Smart TV,TV-M1,6835,176,51,98.04,1.38,2.08,1.6,4,36.3,1,1,new,12,54,31,4.33,108,5,4.14,4.46,Yes,97.68,26.86,22000,1.14,22250,76.6,0.0,0,low
S00388,small,Mobile Phone,MOB-M1,40,1,18,96.23,6.28,4.18,2.9,0,32.4,0,0,used,12,186,8,5.55,2,0,3.59,,No,91.29,13.32,12000,-35.83,7700,10.3,0.0,0,low
S00427,small,Gaming Console,CON-M5,94,10,8,100.0,0.1,1.15,1.1,0,58.2,1,0,new,12,112,2,2.8,7,2,5.0,4.98,Yes,100.0,2.27,95000,4.32,99100,95.2,0.0,0,low
S00026,small,Laptop,LAP-M4,700,21,22,90.8,4.9,5.76,3.7,1,69.6,1,0,new,12,38,3,8.15,10,1,2.94,2.66,No,89.62,20.14,120000,1.04,121250,82.4,0.0,0,low
S00021,small,Power Bank,PWR-M3,229,25,11,98.14,2.34,2.13,1.3,0,36.6,1,0,new,12,99,18,4.27,19,7,4.01,4.24,Yes,97.09,12.21,3000,-2.0,2940,42.9,0.0,0,low
S00396,medium,Power Bank,PWR-M1,1760,49,29,89.56,5.0,6.85,3.8,6,10.4,1,1,new,12,136,47,6.61,19,1,4.0,4.1,Yes,85.4,12.66,1100,38.18,1520,100.0,0.0,0,low
S00091,medium,Power Bank,PWR-M3,3775,80,51,91.09,4.28,5.81,6.2,8,44.7,1,0,new,12,107,41,5.69,307,18,3.51,3.32,No,93.61,5.33,3000,3.67,3110,85.7,0.0,0,low
S00421,medium,Digital Camera,CAM-M1,1312,34,26,94.43,2.88,2.79,2.6,2,36.1,0,0,new,0,525,27,2.76,36,2,4.22,4.15,Yes,93.32,1.69,35000,-3.86,33650,32.7,0.0,0,low
S00522,small,Mobile Phone,MOB-M4,222,13,18,93.81,2.42,2.63,1.9,1,44.3,0,0,new,12,127,7,4.55,10,2,4.46,4.37,Yes,88.52,30.42,65000,0.38,65250,64.4,0.0,0,low
S00348,medium,Digital Camera,CAM-M3,2039,66,23,97.42,1.54,2.09,2.1,0,38.6,1,0,new,12,145,16,5.13,39,3,4.36,4.33,Yes,91.4,7.0,80000,0.12,80100,68.6,0.0,0,low
S00149,small,Mobile Phone,MOB-M3,119,10,11,95.03,3.44,5.09,3.8,0,50.6,1,0,new,12,177,10,6.94,14,3,3.32,3.42,No,94.79,3.72,38000,-5.26,36000,32.8,0.0,0,low
S00357,small,Bluetooth Speaker,SPK-M4,54,3,27,89.78,5.71,10.1,7.8,0,74.9,0,0,new,12,145,6,9.11,1,0,2.62,,No,93.57,16.07,14000,-2.14,13700,43.1,0.0,0,low
S00401,small,Wireless Earbuds,EAR-M5,64,4,19,95.58,2.96,2.24,1.9,0,64.0,1,0,new,12,126,9,6.37,3,1,4.13,4.15,Yes,92.57,11.28,28000,5.54,29550,98.1,0.0,0,low
S00381,small,Wi-Fi Router,RTR-M1,212,6,19,91.43,3.16,4.4,2.1,1,36.7,0,0,new,6,206,7,4.47,21,1,3.48,3.07,No,92.51,7.68,1800,-6.11,1690,16.0,0.0,0,low
S00176,small,Wi-Fi Router,RTR-M1,47,29,1,89.02,4.74,6.85,8.7,0,61.4,0,0,new,0,30,26,5.91,2,2,3.54,3.39,No,99.04,9.08,1800,6.11,1910,100.0,0.0,0,low
S00125,small,Smart TV,TV-M3,91,10,11,94.59,2.96,3.53,3.4,0,42.9,0,0,refurbished,12,20,22,3.53,5,2,3.9,3.66,Yes,89.28,19.25,55000,-19.45,44300,10.7,0.0,0,low
S00213,small,Power Bank,PWR-M4,63,2,34,94.14,3.32,3.7,5.8,0,65.5,1,0,new,6,89,9,5.06,2,0,4.0,,Yes,96.79,10.15,4800,-10.0,4320,8.3,0.0,0,low
S00003,medium,Smartwatch,WCH-M2,2007,22,81,93.04,3.54,4.54,4.3,3,76.3,1,0,new,0,163,8,6.26,19,1,4.0,4.04,Yes,99.39,8.42,4500,-2.0,4410,51.0,0.0,0,low
S00460,small,Smart TV,TV-M4,144,16,12,95.17,3.27,4.76,3.8,1,49.4,1,0,new,3,272,6,4.97,8,3,3.97,4.26,Yes,93.24,11.3,90000,-1.89,88300,51.6,0.0,0,low
S00348,medium,Power Bank,PWR-M5,2039,66,23,97.42,1.54,2.09,2.1,0,38.6,1,0,new,6,690,51,5.09,52,4,4.05,4.04,Yes,90.81,23.01,8500,-5.76,8010,28.3,0.0,0,low
S00182,big,Wi-Fi Router,RTR-M1,24268,669,60,98.02,1.0,1.56,1.1,14,37.0,1,1,new,12,813,116,5.12,185,12,4.15,4.31,Yes,98.2,7.96,1800,-3.89,1730,36.0,0.0,0,low
S00498,medium,Wireless Earbuds,EAR-M1,877,13,51,95.34,1.3,2.48,1.9,0,25.0,1,0,new,3,211,44,5.39,8,0,4.68,,Yes,100.0,17.28,1200,-5.83,1130,20.0,0.0,0,low
S00484,medium,Smart TV,TV-M2,1457,24,64,95.49,2.19,3.04,1.7,0,48.7,1,1,new,12,488,23,4.99,45,2,4.53,4.46,Yes,96.16,18.07,35000,-7.71,32300,25.4,0.0,0,low
S00317,medium,Wi-Fi Router,RTR-M5,4634,155,35,90.0,5.33,6.59,6.9,12,43.4,1,0,new,12,118,54,8.22,44,5,2.91,3.02,No,89.19,9.99,16000,-3.12,15500,37.3,0.0,0,low
S00322,big,Desktop Computer,PC-M1,13542,231,65,99.08,0.88,1.45,1.7,9,43.2,1,1,new,12,170,37,4.12,205,9,4.66,4.73,Yes,94.08,9.35,30000,-3.17,29050,33.3,0.0,0,low
S00476,medium,Gaming Console,CON-M4,2222,76,14,97.8,0.86,1.78,2.0,0,48.3,1,0,new,6,80,37,2.79,24,2,4.98,4.85,Yes,97.61,6.8,78000,1.86,79450,87.9,0.0,0,low
S00255,small,Gaming Console,CON-M2,75,7,11,100.0,0.1,3.22,1.6,0,61.6,0,0,new,6,187,9,2.66,12,3,4.38,4.23,Yes,98.69,9.57,52000,-9.62,47000,24.5,0.0,0,low
S00094,small,Mobile Phone,MOB-M3,43,5,20,100.0,3.29,0.0,2.2,0,71.7,0,0,new,0,174,6,4.06,0,0,,,No,,,38000,7.89,41000,100.0,0.0,0,low
S00139,medium,Mobile Phone,MOB-M2,707,64,10,96.94,2.07,2.45,2.3,1,50.6,1,0,new,0,300,19,5.32,10,2,4.04,4.14,Yes,92.79,11.72,22000,-5.68,20750,35.8,0.0,0,low
S00019,medium,Bluetooth Speaker,SPK-M1,3267,43,51,97.95,1.31,1.79,1.3,1,34.8,1,1,new,12,586,31,3.12,79,2,4.88,4.76,Yes,89.61,16.96,1500,-3.33,1450,42.9,0.0,0,low
S00185,small,Gaming Console,CON-M1,216,19,16,100.0,1.11,1.03,2.0,0,45.5,0,0,new,12,99,6,2.37,7,1,4.49,4.18,Yes,99.11,7.46,38000,-3.03,36850,43.1,0.0,0,low
S00534,small,Power Bank,PWR-M2,195,6,26,97.15,1.13,2.81,2.5,0,75.3,0,0,new,0,53,2,5.73,19,1,4.27,4.48,Yes,96.09,15.68,1800,1.67,1830,88.2,0.0,0,low
S00224,medium,Wi-Fi Router,RTR-M3,1678,86,29,97.47,1.85,2.11,1.5,2,28.4,1,0,new,3,72,45,2.87,34,5,4.47,4.24,Yes,88.42,1.95,5500,-2.55,5360,50.0,0.0,0,low
S00453,small,Smartwatch,WCH-M3,260,28,8,91.81,3.89,4.49,4.9,1,68.5,0,0,new,12,183,9,7.04,14,5,3.36,3.2,No,93.46,7.71,9000,-2.22,8800,39.0,0.0,0,low
S00296,big,Smart TV,TV-M2,17968,277,80,98.07,1.13,1.72,1.6,15,19.4,1,1,new,12,342,73,3.37,96,3,4.93,4.91,Yes,91.18,23.22,35000,3.71,36300,88.1,0.0,0,low
S00093,small,Wireless Earbuds,EAR-M2,81,2,31,94.72,1.05,1.55,2.2,0,74.9,1,0,new,12,482,3,4.45,4,0,4.68,,Yes,94.03,7.89,2500,-5.6,2360,32.6,0.0,0,low
S00481,small,Bluetooth Speaker,SPK-M4,119,4,30,96.83,1.85,1.94,1.9,1,38.9,0,0,new,12,18,15,3.52,7,1,4.05,3.99,Yes,94.89,9.75,14000,-6.79,13050,17.6,0.0,0,low
S00153,small,Desktop Computer,PC-M4,528,99,6,93.22,4.18,4.61,5.8,2,47.2,0,1,new,3,180,13,6.65,64,28,3.64,3.92,Yes,88.48,23.01,95000,-0.47,94550,63.0,0.0,0,low
S00454,small,Laptop,LAP-M1,49,3,7,96.28,1.39,4.17,7.5,0,44.5,0,0,refurbished,3,210,4,6.88,1,0,4.22,,Yes,94.94,11.97,38000,-53.03,17850,6.0,0.0,0,low
S00430,small,Gaming Console,CON-M5,153,11,17,94.88,3.39,4.24,3.9,0,33.0,0,0,new,3,241,10,4.11,8,2,3.41,3.19,No,100.0,11.35,95000,2.63,97500,83.9,0.0,0,low
S00247,small,Gaming Console,CON-M2,77,2,26,85.63,7.99,7.77,3.9,0,65.1,0,0,new,3,242,4,8.61,3,0,2.51,,No,82.79,12.8,52000,6.63,55450,94.3,0.0,0,low
S00324,small,Wireless Earbuds,EAR-M1,109,4,14,95.51,1.9,2.22,1.9,0,50.2,0,0,refurbished,0,68,5,4.47,11,1,4.48,4.81,Yes,99.95,1.61,1200,-45.0,660,3.1,0.0,0,low
S00151,small,Smart TV,TV-M4,100,7,14,91.48,4.85,5.67,4.4,0,80.9,0,0,new,3,208,3,7.27,9,2,3.32,3.11,No,89.83,11.86,90000,-3.83,86550,33.9,0.0,0,low
S00011,small,Laptop,LAP-M1,252,13,18,91.01,2.97,5.5,4.7,0,55.9,1,0,new,6,322,4,7.25,7,1,3.38,3.58,No,99.55,9.34,38000,-1.45,37450,65.7,0.0,0,low
S00088,small,Mobile Phone,MOB-M1,13,8,1,80.4,4.59,12.54,10.1,0,0.0,0,0,new,0,28,73,9.13,11,11,4.65,3.66,Yes,17.2,61.1,12000,-37.08,7550,8.6,1.0,100,high
S00237,small,Gaming Console,CON-M4,143,10,9,98.9,0.1,0.3,4.3,0,57.5,1,0,new,6,113,4,3.15,3,1,4.67,4.62,Yes,88.58,5.24,78000,0.96,78750,80.3,0.0,0,low
S00311,small,Gaming Console,CON-M3,175,66,2,92.99,5.05,6.67,10.3,1,59.4,0,0,new,12,60,8,7.73,7,7,2.91,2.94,No,94.54,11.61,62000,2.18,63350,84.0,0.0,0,low
S00035,small,Smart TV,TV-M1,54,16,3,93.86,4.17,2.9,3.9,0,34.5,0,0,new,3,90,15,6.41,1,1,3.9,3.77,Yes,90.33,6.65,22000,2.95,22650,87.0,0.0,0,low
S00258,small,Desktop Computer,PC-M5,95,5,14,91.65,4.57,5.51,3.2,0,68.8,0,0,new,12,134,2,4.41,14,2,3.97,4.07,Yes,91.83,3.83,160000,1.03,161650,61.5,0.0,0,low
S00276,medium,Digital Camera,CAM-M1,1137,23,43,94.69,2.83,3.51,6.7,3,39.8,1,1,new,12,81,16,3.92,18,1,3.34,3.18,No,96.46,6.88,35000,-3.43,33800,38.5,0.0,0,low
S00350,small,Laptop,LAP-M1,53,2,22,87.26,7.22,9.47,8.3,0,44.3,1,0,new,6,543,12,9.93,1,0,2.68,,No,93.36,15.76,38000,3.29,39250,88.1,0.0,0,low
S00537,medium,Mobile Phone,MOB-M1,1212,23,37,94.24,2.81,3.07,4.5,1,58.6,0,0,new,12,71,29,5.23,26,1,3.64,3.92,Yes,98.44,13.85,12000,2.5,12300,89.7,0.0,0,low
S00528,small,Gaming Console,CON-M2,60,60,1,92.5,4.25,3.04,1.6,0,86.7,0,0,new,12,30,4,4.28,2,2,3.69,3.69,Yes,99.46,9.54,52000,-0.29,51850,60.4,0.0,0,low
S00342,big,Laptop,LAP-M5,22236,160,105,94.67,2.81,3.61,1.9,36,32.8,1,1,new,12,2517,201,6.36,292,6,4.13,4.1,Yes,90.96,29.58,190000,-3.68,183000,45.6,0.0,0,low
S00077,small,Desktop Computer,PC-M5,84,2,30,100.0,0.1,0.13,1.8,0,60.9,1,0,refurbished,0,66,6,3.18,4,0,4.79,,Yes,96.99,5.82,160000,-36.69,101300,7.7,0.0,0,low
S00284,small,Desktop Computer,PC-M2,93,4,27,99.5,3.31,4.54,1.6,0,69.0,1,0,used,3,229,2,5.81,0,0,,,No,,,45000,-27.89,32450,10.7,0.0,0,low
S00320,small,Desktop Computer,PC-M2,263,17,17,85.93,6.67,7.83,7.6,1,46.9,1,0,new,12,165,10,7.19,10,2,3.08,3.0,No,90.45,20.15,45000,-0.67,44700,62.5,0.0,0,low
S00028,big,Smartwatch,WCH-M5,10246,214,30,98.28,1.01,1.67,1.1,13,37.1,1,0,new,6,698,87,4.12,156,12,4.55,4.66,Yes,93.77,10.59,45000,-7.44,41650,20.4,0.0,0,low
S00266,small,Smart TV,TV-M4,75,6,12,95.95,1.61,2.62,2.5,0,47.6,1,0,used,12,109,17,1.31,5,1,4.36,4.47,Yes,90.29,19.83,90000,-53.06,42250,1.6,0.0,0,low
S00352,small,Smart TV,TV-M4,87,11,7,93.77,3.9,4.05,2.3,0,37.9,0,0,new,12,51,4,4.13,2,0,3.73,,Yes,93.8,7.82,90000,-0.22,89800,67.7,0.0,0,low
S00113,big,Power Bank,PWR-M3,11440,310,57,97.48,1.52,2.11,1.9,6,25.3,1,1,new,12,56,96,3.67,71,5,4.3,4.47,Yes,100.0,29.49,3000,-2.0,2940,42.9,0.0,0,low
S00132,medium,Mobile Phone,MOB-M2,2214,147,17,96.17,2.4,3.17,1.8,2,26.9,1,0,new,12,209,22,4.23,30,5,4.22,4.38,Yes,96.36,16.16,22000,-7.05,20450,26.4,0.0,0,low
S00500,small,Laptop,LAP-M1,414,16,31,94.2,3.24,4.38,5.2,2,39.2,0,1,new,12,144,5,7.39,22,2,3.27,3.06,No,93.01,2.49,38000,-3.16,36800,50.7,0.0,0,low
S00460,small,Smart TV,TV-M3,144,16,12,95.17,3.27,4.76,3.8,1,49.4,1,0,new,0,169,7,4.92,10,3,4.01,4.08,Yes,89.71,3.15,55000,-0.55,54700,58.9,0.0,0,low
S00152,small,Desktop Computer,PC-M4,101,5,13,92.95,1.73,2.72,2.9,0,35.9,1,1,new,12,77,4,1.74,17,2,4.79,4.83,Yes,100.0,3.57,95000,-1.47,93600,50.0,0.0,0,low
S00146,small,Wireless Earbuds,EAR-M3,100,9,10,100.0,1.64,1.35,1.0,0,55.3,1,0,new,12,212,2,5.23,2,1,4.71,4.75,Yes,96.51,15.31,5500,-4.0,5280,30.3,0.0,0,low
S00445,small,Desktop Computer,PC-M5,509,15,40,93.2,3.4,4.13,2.1,0,45.1,0,0,new,0,112,14,4.94,52,4,3.82,3.79,Yes,92.31,14.94,160000,3.78,166050,94.2,0.0,0,low
S00293,medium,Wireless Earbuds,EAR-M4,1911,20,54,95.46,2.36,3.62,3.3,4,26.8,0,0,new,6,45,41,6.41,41,1,3.85,4.19,Yes,100.0,18.65,12000,-1.67,11800,46.2,0.0,0,low
S00095,medium,Gaming Console,CON-M5,3258,84,52,95.14,2.89,3.81,4.5,4,40.1,1,0,new,6,44,14,2.99,50,3,4.19,4.03,Yes,94.01,5.98,95000,-6.79,88550,27.4,0.0,0,low
S00148,big,Wi-Fi Router,RTR-M1,12646,155,102,96.7,1.86,2.51,2.2,9,18.7,1,0,new,3,202,302,3.85,135,4,4.09,4.15,Yes,89.58,4.39,1800,-2.22,1760,54.0,0.0,0,low
S00524,medium,Desktop Computer,PC-M3,867,43,25,97.13,1.95,1.7,2.0,0,38.2,1,0,refurbished,3,29,41,5.38,23,3,4.72,4.62,Yes,100.0,4.44,65000,-31.31,44650,4.2,0.0,0,low
S00322,big,Bluetooth Speaker,SPK-M3,13542,231,65,99.08,0.88,1.45,1.7,9,43.2,1,1,new,12,168,87,3.62,154,8,4.65,4.77,Yes,88.93,7.26,7000,0.0,7000,63.6,0.0,0,low
S00372,small,Wi-Fi Router,RTR-M4,66,5,14,95.99,2.31,3.3,1.9,0,49.2,1,0,new,0,35,5,2.29,4,1,4.24,3.74,Yes,89.84,19.55,9500,-4.11,9110,30.0,0.0,0,low
S00120,small,Gaming Console,CON-M1,7,4,1,83.11,16.12,14.46,5.8,0,25.7,0,0,refurbished,3,17,253,9.0,36,36,4.93,3.75,Yes,59.04,34.17,38000,-13.82,32750,19.6,1.0,100,high
S00003,medium,Laptop,LAP-M5,2007,22,81,93.04,3.54,4.54,4.3,3,76.3,1,0,new,0,251,27,6.22,27,1,3.52,3.23,No,92.15,7.84,190000,5.55,200550,94.7,0.0,0,low
S00109,medium,Digital Camera,CAM-M3,3182,58,50,88.93,5.41,7.21,5.7,17,47.9,1,0,new,6,60,14,8.36,202,10,2.8,3.11,No,83.84,9.82,80000,0.44,80350,70.6,0.0,0,low
S00412,small,Wi-Fi Router,RTR-M3,184,24,15,93.51,1.89,2.5,3.4,0,52.0,0,0,refurbished,3,43,8,4.57,7,2,3.99,4.47,Yes,90.18,11.63,5500,-39.64,3320,6.5,0.0,0,low
S00148,big,Bluetooth Speaker,SPK-M3,12646,155,102,96.7,1.86,2.51,2.2,9,18.7,1,0,new,12,351,200,3.41,163,5,4.15,4.16,Yes,98.78,23.54,7000,-0.57,6960,60.0,0.0,0,low
S00243,small,Smart TV,TV-M5,35,23,4,88.9,9.96,11.83,9.6,1,19.8,0,0,refurbished,0,58,1,10.45,1,1,4.94,3.71,Yes,40.35,31.37,180000,-60.97,70250,1.8,1.0,100,high
S00438,small,Laptop,LAP-M4,130,19,11,96.75,1.98,2.76,1.9,0,61.7,1,0,refurbished,12,119,1,8.17,8,2,4.25,4.29,Yes,94.97,5.62,120000,-17.0,99600,21.6,0.0,0,low
S00129,big,Smart TV,TV-M2,16423,119,103,96.97,1.8,2.49,2.3,8,15.2,1,0,new,0,59,77,5.13,238,5,4.11,4.25,Yes,90.72,15.46,35000,-31.86,23850,11.9,0.0,0,low
S00228,small,Gaming Console,CON-M5,86,7,9,93.23,0.1,2.86,4.6,0,72.2,0,0,new,3,187,2,2.46,4,1,4.18,4.47,Yes,100.0,10.69,95000,2.05,96950,79.0,0.0,0,low
S00070,medium,Digital Camera,CAM-M2,1345,43,33,99.17,0.95,1.58,1.0,1,31.8,1,0,new,6,517,77,4.39,37,3,4.22,4.15,Yes,91.87,1.72,55000,0.55,55300,66.7,0.0,0,low
S00363,medium,Desktop Computer,PC-M3,1598,38,42,97.19,2.03,2.51,2.9,0,57.7,1,1,new,6,450,19,4.97,44,2,4.53,4.37,Yes,100.0,2.68,65000,-4.46,62100,22.9,0.0,0,low
S00282,small,Wi-Fi Router,RTR-M4,184,27,11,82.75,9.48,12.83,6.7,0,27.9,0,0,new,6,157,12,9.84,9,3,2.02,1.95,No,89.77,1.18,9500,1.79,9670,85.0,0.0,0,low
S00556,small,Bluetooth Speaker,SPK-M1,46,2,26,89.2,9.64,11.02,5.4,0,38.4,1,0,new,6,91,4,11.57,3,0,2.33,,No,91.64,23.71,1500,-8.0,1380,19.0,0.0,0,low
S00322,big,Laptop,LAP-M4,13542,231,65,99.08,0.88,1.45,1.7,9,43.2,1,1,new,12,186,61,5.12,142,5,4.27,4.24,Yes,88.6,21.94,120000,-3.0,116400,47.3,0.0,0,low
S00342,big,Smart TV,TV-M4,22236,160,105,94.67,2.81,3.61,1.9,36,32.8,1,1,new,12,225,49,3.29,290,4,4.09,3.7,Yes,95.34,10.42,90000,0.61,90550,72.6,0.0,0,low
S00149,small,Mobile Phone,MOB-M1,119,10,11,95.03,3.44,5.09,3.8,0,50.6,1,0,new,0,25,15,6.88,16,4,3.72,3.87,Yes,100.0,1.45,12000,-2.08,11750,53.4,0.0,0,low
S00524,medium,Smart TV,TV-M1,867,43,25,97.13,1.95,1.7,2.0,0,38.2,1,0,new,12,29,26,4.09,11,2,4.26,4.4,Yes,98.28,9.07,22000,2.95,22650,87.0,0.0,0,low
S00426,small,Wireless Earbuds,EAR-M3,36,2,13,97.21,0.57,2.95,1.9,0,63.8,0,0,new,6,225,10,4.98,1,0,4.46,,Yes,91.01,18.06,5500,0.91,5550,78.8,0.0,0,low
S00254,small,Wireless Earbuds,EAR-M3,84,4,16,94.16,0.1,3.31,3.6,0,61.3,0,0,new,12,347,3,3.66,2,0,4.84,,Yes,98.01,12.98,5500,-5.27,5210,22.7,0.0,0,low
S00483,big,Laptop,LAP-M3,6835,176,51,98.04,1.38,2.08,1.6,4,36.3,1,1,new,12,251,26,6.56,45,4,4.26,4.23,Yes,97.47,6.46,80000,-8.06,73550,25.0,0.0,0,low
S00155,medium,Smart TV,TV-M1,1521,36,36,95.68,2.08,2.82,1.8,3,42.8,1,0,refurbished,3,257,51,6.26,105,7,4.08,3.96,Yes,94.24,4.36,22000,-35.91,14100,11.7,0.0,0,low
S00071,small,Mobile Phone,MOB-M1,138,7,13,97.66,0.34,1.46,0.8,0,48.0,1,0,new,6,63,4,1.66,5,1,4.99,5.0,Yes,96.64,13.2,12000,7.08,12850,100.0,0.0,0,low
S00207,medium,Smart TV,TV-M1,1839,28,66,98.16,1.07,1.78,1.1,1,39.2,0,0,new,12,230,26,2.66,66,3,4.52,4.65,Yes,99.86,4.21,22000,1.59,22350,77.9,0.0,0,low
S00447,small,Smartwatch,WCH-M4,67,1,55,93.83,0.81,3.69,2.2,0,29.0,1,0,new,6,311,8,9.2,1,0,3.67,,Yes,93.48,16.9,22000,0.0,22000,72.7,0.0,0,low
S00271,big,Digital Camera,CAM-M2,8010,200,86,98.26,1.12,1.81,1.4,5,32.3,1,1,new,12,115,38,4.16,135,8,4.18,4.4,Yes,84.96,10.82,55000,-0.82,54550,53.3,0.0,0,low
S00080,small,Smart TV,TV-M5,49,4,9,89.79,9.83,8.53,4.6,0,83.3,1,0,new,12,134,3,6.84,3,1,3.12,3.2,No,88.91,22.53,180000,-1.08,178050,55.4,0.0,0,low
S00332,medium,Bluetooth Speaker,SPK-M1,1380,23,59,92.41,4.0,5.1,3.0,1,41.6,1,0,new,12,42,18,8.74,20,1,3.14,3.16,No,88.73,7.01,1500,-3.33,1450,42.9,0.0,0,low
S00197,medium,Smart TV,TV-M5,1923,40,69,94.34,2.79,3.44,2.0,2,30.8,1,0,new,0,74,65,6.27,53,3,4.11,3.88,Yes,87.63,17.99,180000,0.53,180950,67.9,0.0,0,low
S00216,small,Smartwatch,WCH-M1,96,7,14,93.39,4.87,5.46,4.4,0,36.2,1,0,new,12,114,5,6.64,2,0,3.09,,No,88.53,10.53,2000,-1.5,1970,65.1,0.0,0,low
S00170,big,Laptop,LAP-M4,24282,382,90,96.38,1.83,2.7,2.6,14,20.6,1,1,new,6,137,70,6.52,350,12,4.13,4.04,Yes,95.7,22.55,120000,-5.25,113700,36.5,0.0,0,low
S00271,big,Smart TV,TV-M2,8010,200,86,98.26,1.12,1.81,1.4,5,32.3,1,1,new,12,701,262,1.67,136,9,4.53,4.68,Yes,96.02,9.55,35000,-4.0,33600,42.4,0.0,0,low
S00515,small,Digital Camera,CAM-M4,46,3,27,100.0,0.19,1.51,0.5,0,23.0,0,0,new,12,194,4,2.85,2,0,4.78,,Yes,95.5,1.52,100000,-1.5,98500,44.0,0.0,0,low
S00406,medium,Wireless Earbuds,EAR-M3,2932,64,49,94.13,3.4,4.32,3.4,4,27.5,1,0,new,12,49,124,7.06,104,4,3.96,4.16,Yes,87.2,8.73,5500,-4.91,5230,25.8,0.0,0,low
S00055,small,Laptop,LAP-M4,698,37,21,88.11,5.46,6.78,5.0,1,57.1,0,0,new,0,18,6,7.91,30,5,2.93,2.7,No,85.6,4.54,120000,-0.67,119200,68.9,0.0,0,low
S00197,medium,Desktop Computer,PC-M5,1923,40,69,94.34,2.79,3.44,2.0,2,30.8,1,0,new,0,304,37,3.43,37,2,4.21,4.09,Yes,97.77,0.65,160000,-7.22,148450,9.6,0.0,0,low
S00138,small,Desktop Computer,PC-M1,69,3,28,89.64,6.65,6.37,3.7,1,46.9,0,0,new,12,68,7,8.23,6,1,2.85,3.05,No,96.39,20.08,30000,0.83,30250,70.2,0.0,0,low
S00312,medium,Desktop Computer,PC-M3,1961,32,52,95.03,2.8,3.11,3.0,1,52.6,1,0,new,6,260,9,5.84,109,5,3.57,3.82,No,96.22,7.8,65000,-0.31,64800,62.5,0.0,0,low
S00230,small,Power Bank,PWR-M3,86,13,13,82.64,10.6,10.24,4.7,0,52.0,0,0,used,12,175,5,10.95,6,2,2.2,2.05,No,90.38,24.82,3000,-48.0,1560,4.8,0.0,0,low
S00342,big,Power Bank,PWR-M3,22236,160,105,94.67,2.81,3.61,1.9,36,32.8,1,1,new,6,861,140,4.19,324,5,4.24,4.07,Yes,92.75,6.67,3000,19.67,3590,100.0,0.0,0,low
S00133,medium,Laptop,LAP-M3,1754,40,59,96.83,1.51,2.6,2.3,0,44.1,1,0,new,6,88,39,3.94,42,2,3.74,3.48,Yes,91.37,2.4,80000,1.06,80850,67.2,0.0,0,low
S00378,medium,Digital Camera,CAM-M3,1033,22,63,93.23,3.63,4.56,4.7,0,35.7,1,0,new,12,70,12,5.97,10,0,3.64,,Yes,94.09,12.72,80000,-1.38,78900,58.8,0.0,0,low
S00107,small,Power Bank,PWR-M1,142,4,28,94.21,1.43,4.02,4.0,0,68.9,1,0,new,3,180,13,4.55,11,1,4.23,4.13,Yes,91.71,6.83,1100,7.27,1180,94.0,0.0,0,low
S00087,medium,Desktop Computer,PC-M5,1043,28,60,95.84,2.26,2.56,2.5,0,68.1,1,0,new,12,533,45,3.76,19,2,4.07,4.12,Yes,91.62,13.59,160000,-1.56,157500,42.3,0.0,0,low
S00476,medium,Desktop Computer,PC-M1,2222,76,14,97.8,0.86,1.78,2.0,0,48.3,1,0,new,3,118,53,3.12,47,4,4.54,4.33,Yes,90.98,15.79,30000,-0.33,29900,61.4,0.0,0,low
S00461,big,Smartwatch,WCH-M2,10254,368,30,95.17,2.62,3.53,3.0,7,43.7,0,1,new,6,395,74,7.75,56,3,4.16,3.81,Yes,97.87,16.78,4500,-2.0,4410,51.0,0.0,0,low
S00498,medium,Wi-Fi Router,RTR-M2,877,13,51,95.34,1.3,2.48,1.9,0,25.0,1,0,new,3,91,17,6.27,12,0,4.46,,Yes,99.1,26.43,3200,-6.87,2980,24.1,0.0,0,low
S00351,small,Bluetooth Speaker,SPK-M2,81,24,4,95.08,0.19,0.99,2.2,0,57.1,0,0,new,12,84,3,3.83,3,2,4.7,4.36,Yes,95.93,1.42,3500,-0.86,3470,50.0,0.0,0,low
S00513,small,Gaming Console,CON-M2,159,7,21,88.78,3.59,7.95,6.1,0,58.7,0,0,used,12,136,11,4.79,4,0,3.13,,No,93.53,3.49,52000,-54.62,23600,7.5,0.0,0,low
S00421,medium,Desktop Computer,PC-M2,1312,34,26,94.43,2.88,2.79,2.6,2,36.1,0,0,new,6,118,30,4.37,27,2,3.71,3.68,Yes,89.14,12.91,45000,-4.44,43000,33.9,0.0,0,low
S00394,small,Smartwatch,WCH-M5,174,18,12,91.25,3.4,4.0,2.1,0,59.9,0,0,new,12,190,2,5.12,9,2,3.53,3.57,No,88.09,9.38,45000,2.89,46300,81.5,0.0,0,low
S00372,small,Wi-Fi Router,RTR-M3,66,5,14,95.99,2.31,3.3,1.9,0,49.2,1,0,new,12,164,10,2.06,2,0,4.12,,Yes,95.44,6.73,5500,-29.64,3870,10.9,0.0,0,low
S00216,small,Gaming Console,CON-M5,96,7,14,93.39,4.87,5.46,4.4,0,36.2,1,0,new,6,58,8,6.27,4,1,3.77,4.2,Yes,93.14,25.51,95000,4.32,99100,95.2,0.0,0,low
S00028,big,Desktop Computer,PC-M2,10246,214,30,98.28,1.01,1.67,1.1,13,37.1,1,0,new,12,116,111,3.21,98,5,4.32,4.34,Yes,95.25,19.61,45000,2.44,46100,80.4,0.0,0,low
S00433,medium,Power Bank,PWR-M5,1648,89,27,91.11,5.09,6.26,8.1,8,26.7,1,1,new,12,201,17,7.55,38,7,2.87,2.76,No,94.54,27.34,8500,1.29,8610,75.0,0.0,0,low
S00350,small,Smart TV,TV-M1,53,2,22,87.26,7.22,9.47,8.3,0,44.3,1,0,new,6,145,5,8.57,3,0,2.72,,No,94.05,7.65,22000,-38.86,13450,9.1,0.0,0,low
S00288,medium,Wi-Fi Router,RTR-M5,1416,42,35,94.23,2.64,3.89,1.4,2,43.0,1,0,new,0,601,19,5.49,30,2,3.6,3.51,Yes,90.98,9.46,16000,2.19,16350,86.3,0.0,0,low
S00254,small,Wireless Earbuds,EAR-M4,84,4,16,94.16,0.1,3.31,3.6,0,61.3,0,0,new,3,406,4,4.9,6,1,4.25,4.17,Yes,98.89,17.45,12000,-7.92,11050,15.4,0.0,0,low
S00352,small,Smart TV,TV-M5,87,11,7,93.77,3.9,4.05,2.3,0,37.9,0,0,new,6,67,9,7.21,0,0,,,No,,,180000,-1.94,176500,39.3,0.0,0,low
S00283,medium,Laptop,LAP-M5,1333,18,55,96.91,1.66,2.22,1.7,0,66.1,1,0,new,6,123,25,5.45,61,3,4.16,4.09,Yes,94.73,12.02,190000,0.89,191700,77.2,0.0,0,low
S00115,small,Smart TV,TV-M5,193,27,5,92.2,4.93,4.72,6.2,0,52.9,0,1,new,12,83,4,5.68,29,9,3.31,3.3,No,88.86,4.64,180000,-7.58,166350,14.3,0.0,0,low
S00058,medium,Wireless Earbuds,EAR-M4,3458,139,24,97.82,1.36,2.07,1.8,2,32.6,1,0,new,12,286,39,4.74,156,9,4.11,4.11,Yes,96.67,4.99,12000,-2.5,11700,40.4,0.0,0,low
S00272,small,Wireless Earbuds,EAR-M4,101,28,3,94.19,1.24,2.03,2.6,0,76.1,1,0,new,6,90,2,7.42,5,3,4.04,3.97,Yes,94.21,21.23,12000,-1.25,11850,51.9,0.0,0,low
S00555,small,Wireless Earbuds,EAR-M5,54,2,22,100.0,1.31,0.77,2.2,0,73.5,0,1,new,12,20,2,5.85,8,1,5.0,5.0,Yes,97.61,14.89,28000,-0.71,27800,53.8,0.0,0,low
S00105,big,Gaming Console,CON-M3,16216,133,100,89.08,5.86,7.29,9.8,58,47.8,1,1,new,12,169,83,8.21,303,9,3.24,3.21,No,89.92,9.05,62000,-1.13,61300,58.0,0.0,0,low
S00466,small,Smart TV,TV-M1,170,26,5,92.07,4.61,5.17,9.5,0,58.4,1,0,new,12,150,8,6.47,5,2,3.88,3.82,Yes,95.78,5.58,22000,-0.68,21850,58.4,0.0,0,low
S00443,small,Desktop Computer,PC-M5,273,7,23,97.4,2.68,3.51,2.6,0,46.9,0,0,new,0,341,3,2.52,19,1,4.21,4.17,Yes,92.48,22.05,160000,-0.69,158900,51.9,0.0,0,low
S00449,small,Bluetooth Speaker,SPK-M5,14,0,56,89.85,0.1,7.21,6.2,0,95.0,0,0,new,0,213,13,5.58,0,0,,,No,,,30000,-4.0,28800,22.6,0.0,0,low
S00094,small,Desktop Computer,PC-M3,43,5,20,100.0,3.29,0.0,2.2,0,71.7,0,0,new,6,88,4,3.92,0,0,,,No,,,65000,0.54,65350,77.1,0.0,0,low
S00452,small,Laptop,LAP-M5,50,30,4,92.49,5.79,4.59,5.3,0,32.7,0,0,refurbished,0,30,200,6.51,18,18,4.74,3.62,Yes,43.19,42.64,190000,-28.71,135450,19.3,1.0,100,high
S00550,small,Wireless Earbuds,EAR-M1,129,20,4,95.35,4.42,3.26,4.2,0,67.0,0,0,new,3,30,2,6.97,30,7,3.52,3.37,No,95.22,35.14,1200,-2.5,1170,47.7,0.0,0,low
S00272,small,Mobile Phone,MOB-M3,101,28,3,94.19,1.24,2.03,2.6,0,76.1,1,0,new,12,90,27,1.72,5,3,4.42,4.6,Yes,93.41,10.95,38000,5.92,40250,96.7,0.0,0,low
S00124,small,Wireless Earbuds,EAR-M1,215,14,10,99.48,0.42,0.78,1.2,0,40.9,0,0,new,12,300,10,4.76,6,1,4.74,4.7,Yes,98.59,2.14,1200,1.67,1220,83.1,0.0,0,low
S00300,small,Bluetooth Speaker,SPK-M3,305,41,9,83.2,9.42,10.03,4.9,1,61.0,1,0,new,12,270,12,8.62,18,5,2.9,2.67,No,88.28,18.68,7000,6.29,7440,98.2,0.0,0,low
S00022,small,Power Bank,PWR-M4,123,6,28,95.83,2.18,3.26,2.2,1,51.5,1,0,new,12,355,5,7.26,7,1,3.72,3.8,Yes,91.13,16.86,4800,-2.71,4670,33.3,0.0,0,low
S00518,small,Wi-Fi Router,RTR-M4,26,1,18,97.37,0.92,4.31,2.0,0,40.9,0,0,new,3,540,12,3.64,0,0,,,No,,,9500,7.37,10200,98.3,0.0,0,low
S00130,medium,Smart TV,TV-M4,721,36,32,95.95,2.71,3.21,3.9,0,43.7,1,1,new,12,21,59,2.43,9,1,3.67,3.66,Yes,90.69,3.98,90000,9.11,98200,100.0,0.0,0,low
S00537,medium,Smartwatch,WCH-M2,1212,23,37,94.24,2.81,3.07,4.5,1,58.6,0,0,new,6,54,38,6.76,9,1,4.04,3.98,Yes,90.71,5.8,4500,-5.78,4240,24.5,0.0,0,low
S00342,big,Desktop Computer,PC-M3,22236,160,105,94.67,2.81,3.61,1.9,36,32.8,1,1,new,12,446,175,7.03,110,3,3.44,3.58,No,87.1,13.84,65000,-1.46,64050,50.0,0.0,0,low
S00133,medium,Laptop,LAP-M5,1754,40,59,96.83,1.51,2.6,2.3,0,44.1,1,0,new,0,98,14,2.36,35,2,4.56,4.18,Yes,93.72,10.18,190000,-7.63,175500,28.1,0.0,0,low
S00221,small,Digital Camera,CAM-M2,117,6,16,96.83,3.68,5.0,5.8,0,44.5,0,0,new,6,134,5,6.74,16,2,3.74,3.81,Yes,93.08,8.96,55000,-3.27,53200,33.3,0.0,0,low
S00144,medium,Power Bank,PWR-M5,1221,23,71,92.78,3.85,4.36,2.4,2,46.9,1,0,new,6,378,48,6.79,24,1,3.63,3.65,Yes,91.93,12.55,8500,2.94,8750,86.7,0.0,0,low
S00404,small,Gaming Console,CON-M2,143,6,24,98.16,0.46,1.32,1.4,0,59.2,1,0,new,0,78,4,1.65,4,0,4.29,,Yes,90.57,7.13,52000,1.92,53000,83.0,0.0,0,low
S00261,medium,Mobile Phone,MOB-M5,6000,328,10,98.06,1.12,1.81,2.5,6,47.0,1,0,new,12,86,19,3.65,154,23,4.47,4.58,Yes,99.57,21.83,140000,-4.11,134250,40.0,0.0,0,low
S00393,small,Desktop Computer,PC-M2,64,4,17,91.09,4.25,3.82,6.9,0,52.3,1,0,new,3,332,6,6.74,2,0,3.81,,Yes,93.37,20.8,45000,-2.44,43900,46.4,0.0,0,low
S00280,small,Gaming Console,CON-M2,59,36,2,84.6,3.98,5.62,3.2,0,6.2,0,0,new,0,33,258,5.19,41,41,4.75,3.19,Yes,48.27,30.07,52000,-57.98,21850,3.8,1.0,100,high
S00124,small,Bluetooth Speaker,SPK-M1,215,14,10,99.48,0.42,0.78,1.2,0,40.9,0,0,new,12,284,4,3.1,2,0,4.77,,Yes,92.81,37.75,1500,-3.33,1450,42.9,0.0,0,low
S00256,small,Smartwatch,WCH-M2,94,4,15,95.07,4.88,4.87,5.4,0,37.9,0,0,new,6,231,13,8.78,7,1,3.83,4.02,Yes,99.91,4.5,4500,0.89,4540,73.5,0.0,0,low
S00003,medium,Desktop Computer,PC-M3,2007,22,81,93.04,3.54,4.54,4.3,3,76.3,1,0,new,12,39,21,5.24,38,1,3.96,3.98,Yes,92.55,9.07,65000,3.92,67550,95.8,0.0,0,low
S00446,medium,Gaming Console,CON-M4,2242,57,52,93.83,3.38,3.62,8.1,4,48.7,1,0,new,12,375,22,3.61,117,5,4.13,3.96,Yes,96.65,6.83,78000,-37.82,48500,6.1,0.0,0,low
S00129,big,Desktop Computer,PC-M5,16423,119,103,96.97,1.8,2.49,2.3,8,15.2,1,0,new,12,269,146,2.32,166,3,4.31,4.41,Yes,91.46,7.0,160000,1.91,163050,75.0,0.0,0,low
S00113,big,Desktop Computer,PC-M2,11440,310,57,97.48,1.52,2.11,1.9,6,25.3,1,1,new,12,59,147,2.94,154,7,4.89,4.79,Yes,97.13,23.77,45000,-6.11,42250,19.6,0.0,0,low
S00033,small,Smart TV,TV-M1,60,2,29,84.56,8.2,11.04,3.1,0,73.9,1,0,refurbished,12,53,3,11.37,2,0,2.14,,No,85.92,3.89,22000,-48.18,11400,3.9,0.0,0,low
S00521,small,Bluetooth Speaker,SPK-M5,31,3,11,97.4,7.59,5.3,4.8,0,75.6,0,0,used,12,93,4,6.43,8,1,3.54,3.42,No,94.98,6.13,30000,-54.83,13550,1.9,0.0,0,low
S00396,medium,Laptop,LAP-M4,1760,49,29,89.56,5.0,6.85,3.8,6,10.4,1,1,new,3,242,30,8.61,28,1,3.09,2.95,No,97.66,11.06,120000,-5.75,113100,31.1,0.0,0,low
S00561,medium,Gaming Console,CON-M5,1045,19,48,95.03,2.99,3.77,4.7,1,48.3,1,0,new,3,387,17,4.91,18,1,3.8,3.43,Yes,98.22,11.26,95000,-6.37,88950,30.6,0.0,0,low
S00360,small,Wi-Fi Router,RTR-M1,22,1,13,99.48,1.18,1.34,2.1,0,43.0,1,0,new,12,390,6,2.15,3,0,4.54,,Yes,98.55,3.16,1800,0.56,1810,68.0,0.0,0,low
S00023,small,Bluetooth Speaker,SPK-M5,408,10,38,96.03,3.2,3.97,2.3,0,54.0,1,1,new,12,175,12,4.97,22,2,3.92,3.72,Yes,95.28,23.86,30000,2.0,30600,86.8,0.0,0,low
S00169,medium,Laptop,LAP-M1,1148,28,28,96.6,1.89,2.09,2.8,0,45.7,1,0,new,6,368,18,6.45,59,4,4.26,4.5,Yes,100.0,20.73,38000,-1.45,37450,65.7,0.0,0,low
S00027,small,Desktop Computer,PC-M1,28,0,34,94.29,7.05,9.66,5.7,1,44.3,0,0,new,12,1020,4,10.4,3,0,2.42,,No,98.51,6.02,30000,-2.83,29150,42.1,0.0,0,low
S00343,medium,Wi-Fi Router,RTR-M2,2804,74,61,93.74,3.13,3.91,3.1,3,51.3,0,0,new,3,187,42,5.91,122,6,3.64,3.13,Yes,94.89,18.3,3200,-0.62,3180,72.2,0.0,0,low
S00059,medium,Wi-Fi Router,RTR-M4,1011,28,55,93.52,3.12,3.2,2.7,1,32.3,1,0,new,12,39,25,4.33,30,2,4.29,4.07,Yes,96.81,9.86,9500,0.0,9500,71.7,0.0,0,low
S00505,medium,Wireless Earbuds,EAR-M4,2401,45,33,98.15,1.56,1.8,1.6,3,21.4,1,0,new,0,105,13,5.56,55,2,4.18,4.03,Yes,90.31,9.74,12000,2.08,12250,78.8,0.0,0,low
S00302,small,Digital Camera,CAM-M3,145,5,28,100.0,2.59,1.58,1.2,0,63.7,0,0,new,12,106,4,2.31,5,0,4.6,,Yes,96.45,7.08,80000,0.75,80600,74.5,0.0,0,low
S00438,small,Smartwatch,WCH-M1,130,19,11,96.75,1.98,2.76,1.9,0,61.7,1,0,new,12,330,4,4.44,2,1,4.18,4.4,Yes,95.39,13.84,2000,-12.5,1750,7.0,0.0,0,low
S00538,small,Gaming Console,CON-M1,196,8,14,99.47,0.22,1.86,2.0,0,62.1,0,0,new,12,108,18,1.93,12,2,4.14,4.09,Yes,97.87,9.38,38000,1.05,38400,70.6,0.0,0,low
S00537,medium,Mobile Phone,MOB-M5,1212,23,37,94.24,2.81,3.07,4.5,1,58.6,0,0,new,6,104,54,5.88,36,1,3.78,3.62,Yes,95.91,7.28,140000,2.75,143850,88.0,0.0,0,low
S00265,small,Gaming Console,CON-M4,57,38,4,72.78,10.21,13.03,11.4,2,55.7,0,0,new,0,10,247,9.69,66,66,4.78,4.41,Yes,43.14,72.51,78000,-0.77,77400,53.0,1.0,100,high
S00525,small,Gaming Console,CON-M4,53,40,2,85.01,7.85,10.97,7.3,1,9.5,1,0,refurbished,0,38,320,9.31,6,6,4.86,3.52,Yes,35.2,68.04,78000,-64.23,27900,1.5,1.0,100,high
S00082,small,Laptop,LAP-M1,218,19,11,93.64,3.14,2.12,1.6,0,44.5,0,0,new,0,137,4,7.37,6,2,4.04,4.32,Yes,93.11,12.74,38000,2.76,39050,85.1,0.0,0,low
S00517,small,Digital Camera,CAM-M2,217,10,23,99.25,2.44,0.61,1.3,0,40.6,0,0,new,6,93,4,3.51,12,2,4.65,4.55,Yes,91.4,26.34,55000,-2.36,53700,43.3,0.0,0,low
S00485,medium,Desktop Computer,PC-M3,998,17,51,95.88,1.73,2.53,2.1,0,53.0,1,0,new,3,69,17,5.6,46,2,4.07,3.83,Yes,98.81,11.99,65000,-0.15,64900,66.7,0.0,0,low
S00325,small,Laptop,LAP-M2,348,38,13,95.87,2.08,1.71,2.0,0,41.4,1,0,new,6,54,6,4.79,59,15,4.18,4.14,Yes,98.22,11.53,55000,-5.18,52150,23.1,0.0,0,low
S00461,big,Digital Camera,CAM-M3,10254,368,30,95.17,2.62,3.53,3.0,7,43.7,0,1,new,12,73,104,4.9,101,10,4.08,4.07,Yes,94.05,13.67,80000,5.13,84100,98.0,0.0,0,low
S00024,small,Smartwatch,WCH-M5,279,24,12,84.52,7.94,9.55,5.9,1,52.5,0,0,used,0,360,18,8.7,22,5,2.29,2.37,No,86.2,1.37,45000,-31.67,30750,9.3,0.0,0,low
S00511,big,Laptop,LAP-M2,15940,594,38,96.83,1.87,2.4,1.3,14,40.6,1,1,new,12,157,107,4.68,384,31,4.21,4.27,Yes,96.58,38.71,55000,2.0,56100,82.7,0.0,0,low
S00089,small,Digital Camera,CAM-M2,205,11,27,86.81,5.64,7.9,4.0,0,60.3,0,0,new,0,466,15,8.4,10,2,2.55,2.54,No,92.24,2.77,55000,6.27,58450,95.0,0.0,0,low
S00509,small,Mobile Phone,MOB-M2,200,85,12,91.93,2.49,3.93,3.3,1,43.1,1,0,refurbished,0,13,171,3.43,26,25,4.93,3.57,Yes,44.01,58.49,22000,-26.36,16200,11.3,1.0,100,high
S00501,small,Gaming Console,CON-M2,92,7,14,100.0,0.12,2.0,2.2,0,39.6,1,0,new,3,255,8,1.02,1,0,4.71,,Yes,91.21,35.88,52000,1.44,52750,73.6,0.0,0,low
S00395,medium,Smartwatch,WCH-M5,1055,11,72,92.34,3.87,5.48,4.1,5,62.1,1,0,used,6,249,35,6.2,53,1,3.28,3.26,No,95.5,13.9,45000,-44.78,24850,5.6,0.0,0,low
S00362,small,Gaming Console,CON-M5,251,12,25,93.74,2.71,3.52,5.8,0,80.8,0,0,new,12,159,6,3.75,19,3,3.56,3.39,No,93.65,10.34,95000,-2.05,93050,50.0,0.0,0,low
S00359,small,Desktop Computer,PC-M3,385,12,33,100.0,1.54,1.62,1.4,0,79.7,1,0,new,12,990,4,2.69,57,6,4.86,4.93,Yes,99.28,10.95,65000,-0.46,64700,58.3,0.0,0,low
S00437,small,Smart TV,TV-M3,8,7,3,84.54,0.69,14.56,4.7,0,28.4,0,0,refurbished,0,51,341,10.96,0,0,,,No,,,55000,-23.36,42150,7.1,1.0,100,high
S00370,small,Laptop,LAP-M1,178,7,27,88.15,4.68,6.36,8.2,0,7.0,0,1,new,12,376,7,8.24,18,2,3.42,3.65,No,94.06,6.43,38000,0.13,38050,68.7,0.0,0,low
S00139,medium,Wi-Fi Router,RTR-M4,707,64,10,96.94,2.07,2.45,2.3,1,50.6,1,0,new,0,232,19,5.43,19,4,3.89,3.81,Yes,90.79,7.39,9500,-0.42,9460,68.3,0.0,0,low
S00167,big,Smart TV,TV-M1,29079,775,47,97.51,1.39,1.9,2.3,18,37.2,1,1,new,12,27,79,3.33,377,22,4.29,3.92,Yes,99.35,10.45,22000,-4.55,21000,32.5,0.0,0,low
S00197,medium,Power Bank,PWR-M1,1923,40,69,94.34,2.79,3.44,2.0,2,30.8,1,0,new,12,300,15,5.97,81,4,3.98,3.85,Yes,90.4,10.11,1100,1.82,1120,76.0,0.0,0,low
S00510,small,Laptop,LAP-M1,501,18,26,95.66,1.56,2.69,2.1,0,47.1,0,0,new,3,401,20,6.71,17,2,4.59,4.53,Yes,100.0,5.38,38000,-5.0,36100,32.8,0.0,0,low
S00113,big,Wi-Fi Router,RTR-M5,11440,310,57,97.48,1.52,2.11,1.9,6,25.3,1,1,new,6,315,218,2.55,133,10,4.84,5.0,Yes,94.43,8.4,16000,-2.5,15600,45.1,0.0,0,low
S00467,medium,Smartwatch,WCH-M4,500,13,38,96.69,1.16,2.32,3.2,0,52.5,1,0,new,6,150,75,7.39,11,1,3.56,3.51,No,90.29,17.45,22000,-5.0,20900,32.7,0.0,0,low
S00342,big,Smartwatch,WCH-M1,22236,160,105,94.67,2.81,3.61,1.9,36,32.8,1,1,new,12,268,61,4.49,142,3,3.59,3.46,No,90.81,12.19,2000,0.5,2010,76.7,0.0,0,low
S00056,medium,Power Bank,PWR-M4,1104,29,40,96.31,1.15,2.1,1.2,0,62.9,1,1,new,12,48,26,4.13,32,2,4.52,4.81,Yes,95.9,4.69,4800,3.75,4980,83.3,0.0,0,low
S00451,small,Mobile Phone,MOB-M2,456,50,12,92.49,4.12,4.18,6.4,1,76.1,1,0,new,0,347,4,5.55,23,7,3.89,3.84,Yes,90.94,18.22,22000,-2.27,21500,54.7,0.0,0,low
S00014,medium,Wireless Earbuds,EAR-M4,2318,65,33,94.49,2.74,3.86,4.6,0,54.0,1,0,new,3,120,62,7.11,64,4,3.67,3.66,Yes,95.02,10.02,12000,-0.42,11950,65.4,0.0,0,low
S00176,small,Wi-Fi Router,RTR-M3,47,29,1,89.02,4.74,6.85,8.7,0,61.4,0,0,refurbished,12,30,12,6.54,1,1,3.4,3.48,No,92.65,13.33,5500,-14.18,4720,23.9,0.0,0,low
S00478,small,Mobile Phone,MOB-M2,183,10,22,95.72,3.62,2.93,3.4,0,67.1,0,0,new,0,111,8,5.92,16,2,3.89,3.68,Yes,92.96,7.09,22000,3.18,22700,88.7,0.0,0,low
S00162,small,Power Bank,PWR-M3,83,1,65,95.15,2.43,4.19,5.6,2,9.1,1,0,new,6,117,8,6.75,12,0,3.18,,No,92.85,17.43,3000,5.0,3150,92.9,0.0,0,low
S00498,medium,Digital Camera,CAM-M5,877,13,51,95.34,1.3,2.48,1.9,0,25.0,1,0,used,12,71,23,5.7,16,1,4.18,4.01,Yes,97.91,7.89,180000,-43.61,101500,8.2,0.0,0,low
S00290,small,Laptop,LAP-M3,106,30,5,89.73,4.39,5.34,5.5,1,41.4,1,0,new,12,77,4,6.35,8,4,3.97,3.98,Yes,98.93,7.68,80000,0.12,80100,57.8,0.0,0,low
S00051,medium,Gaming Console,CON-M4,2738,59,34,96.71,1.48,2.21,1.7,2,55.8,1,0,new,12,314,13,2.26,130,7,4.67,4.64,Yes,100.0,22.39,78000,-3.53,75250,33.3,0.0,0,low
S00111,medium,Laptop,LAP-M4,2690,39,52,92.29,4.19,5.16,3.6,2,52.3,1,0,new,0,98,13,7.43,192,6,3.67,3.74,Yes,89.85,9.28,120000,-1.58,118100,60.8,0.0,0,low
S00537,medium,Wi-Fi Router,RTR-M2,1212,23,37,94.24,2.81,3.07,4.5,1,58.6,0,0,new,12,41,12,5.13,36,2,4.25,4.3,Yes,90.68,18.75,3200,-1.88,3140,61.1,0.0,0,low
S00299,small,Desktop Computer,PC-M3,236,25,11,94.4,4.08,4.5,5.5,1,52.8,0,0,new,6,10,7,4.83,3,1,3.5,3.45,No,84.74,6.51,65000,-4.08,62350,27.1,0.0,0,low
S00552,small,Digital Camera,CAM-M1,86,2,18,100.0,0.23,0.9,1.4,0,40.4,0,0,new,12,23,2,0.48,11,1,4.47,4.57,Yes,97.21,10.09,35000,-4.43,33450,26.9,0.0,0,low
S00502,small,Wi-Fi Router,RTR-M3,99,8,8,97.61,2.9,1.57,3.8,0,52.8,1,0,new,12,12,4,2.22,7,2,4.7,4.44,Yes,90.92,17.39,5500,-7.64,5080,26.1,0.0,0,low
S00181,medium,Power Bank,PWR-M5,2490,46,45,98.81,1.08,1.62,3.8,1,42.5,1,0,new,3,271,18,4.51,32,1,5.0,4.72,Yes,91.17,14.2,8500,-5.76,8010,28.3,0.0,0,low
S00328,medium,Mobile Phone,MOB-M4,1453,22,64,93.17,3.22,3.85,3.0,2,60.9,1,0,new,0,94,9,6.75,31,1,4.16,4.58,Yes,97.4,14.84,65000,2.0,66300,88.9,0.0,0,low
S00389,small,Smart TV,TV-M1,33,1,24,91.01,5.47,5.62,4.0,1,63.1,1,0,refurbished,0,437,8,7.4,0,0,,,No,,,22000,-20.23,17550,13.0,0.0,0,low
S00483,big,Gaming Console,CON-M5,6835,176,51,98.04,1.38,2.08,1.6,4,36.3,1,1,new,12,98,119,4.59,76,6,4.28,4.65,Yes,98.83,9.95,95000,-4.47,90750,41.9,0.0,0,low
S00453,small,Digital Camera,CAM-M5,260,28,8,91.81,3.89,4.49,4.9,1,68.5,0,0,new,12,86,7,6.44,17,4,3.27,3.06,No,90.73,4.94,180000,8.0,194400,98.0,0.0,0,low
S00526,small,Wi-Fi Router,RTR-M4,70,4,20,91.0,3.13,4.96,4.1,0,62.3,0,0,new,12,47,6,4.16,2,0,3.84,,Yes,94.35,12.22,9500,6.11,10080,96.7,0.0,0,low
S00122,small,Power Bank,PWR-M2,44,2,8,94.43,0.67,3.49,1.8,0,42.4,1,0,new,0,90,7,7.66,5,1,4.31,4.01,Yes,92.04,7.26,1800,-3.89,1730,43.1,0.0,0,low
S00451,small,Mobile Phone,MOB-M5,456,50,12,92.49,4.12,4.18,6.4,1,76.1,1,0,new,12,360,4,6.98,29,8,3.31,3.45,No,91.89,6.37,140000,4.75,146650,96.0,0.0,0,low
S00081,small,Wi-Fi Router,RTR-M5,355,8,27,97.68,1.52,2.76,3.6,0,36.9,1,0,used,3,112,5,5.41,22,1,4.68,4.81,Yes,91.71,6.21,16000,-39.38,9700,5.9,0.0,0,low
S00483,big,Gaming Console,CON-M2,6835,176,51,98.04,1.38,2.08,1.6,4,36.3,1,1,new,12,54,185,1.36,102,8,4.68,4.39,Yes,96.72,13.08,52000,-2.4,50750,43.4,0.0,0,low
S00084,small,Power Bank,PWR-M4,87,10,7,98.61,3.41,3.57,3.0,0,71.7,0,0,new,12,89,2,5.11,2,1,3.46,3.72,No,95.75,6.75,4800,0.0,4800,60.0,0.0,0,low
S00155,medium,Smart TV,TV-M3,1521,36,36,95.68,2.08,2.82,1.8,3,42.8,1,0,new,12,11,25,3.9,70,3,3.98,3.74,Yes,89.52,0.54,55000,1.36,55750,71.4,0.0,0,low
S00181,medium,Power Bank,PWR-M4,2490,46,45,98.81,1.08,1.62,3.8,1,42.5,1,0,new,12,124,21,3.79,69,3,4.35,4.38,Yes,96.5,6.49,4800,1.46,4870,65.0,0.0,0,low
S00234,medium,Mobile Phone,MOB-M1,5840,118,46,96.37,1.97,2.84,2.2,4,65.6,1,0,used,6,479,31,4.25,156,9,4.04,3.84,Yes,97.77,25.02,12000,-30.0,8400,13.8,0.0,0,low
S00342,big,Wireless Earbuds,EAR-M1,22236,160,105,94.67,2.81,3.61,1.9,36,32.8,1,1,new,12,65,119,6.19,343,9,3.86,4.05,Yes,92.91,17.37,1200,0.83,1210,73.8,0.0,0,low
S00511,big,Digital Camera,CAM-M2,15940,594,38,96.83,1.87,2.4,1.3,14,40.6,1,1,new,6,315,54,4.39,423,39,4.15,4.23,Yes,98.91,34.26,55000,-1.73,54050,46.7,0.0,0,low
S00062,small,Gaming Console,CON-M2,169,8,28,92.33,3.11,3.79,2.1,1,63.5,1,0,new,12,193,2,1.35,2,0,4.3,,Yes,91.52,3.93,52000,1.15,52600,69.8,0.0,0,low
S00139,medium,Laptop,LAP-M1,707,64,10,96.94,2.07,2.45,2.3,1,50.6,1,0,new,6,247,35,6.29,10,3,4.24,4.34,Yes,97.64,4.2,38000,-2.11,37200,56.7,0.0,0,low
S00271,big,Laptop,LAP-M2,8010,200,86,98.26,1.12,1.81,1.4,5,32.3,1,1,new,6,84,17,3.41,66,6,4.65,4.62,Yes,94.16,11.26,55000,-4.09,52750,26.9,0.0,0,low
S00261,medium,Desktop Computer,PC-M2,6000,328,10,98.06,1.12,1.81,2.5,6,47.0,1,0,new,6,19,48,2.64,155,17,4.19,4.11,Yes,93.32,23.45,45000,1.11,45500,73.2,0.0,0,low
S00506,small,Power Bank,PWR-M2,23,1,13,94.32,5.04,5.77,8.7,0,46.2,1,0,new,6,165,5,9.29,2,0,3.11,,No,90.31,8.01,1800,0.0,1800,76.5,0.0,0,low
S00134,medium,Mobile Phone,MOB-M2,2474,94,37,94.11,2.65,3.78,6.5,5,40.4,1,0,new,12,95,17,7.05,99,9,3.99,4.07,Yes,96.83,8.74,22000,-5.91,20700,32.1,0.0,0,low
S00252,big,Bluetooth Speaker,SPK-M2,12635,91,95,96.31,1.6,2.38,3.2,10,22.2,1,0,new,12,77,92,4.57,232,5,4.78,4.86,Yes,100.0,14.78,3500,-6.86,3260,7.5,0.0,0,low
S00190,small,Laptop,LAP-M3,215,25,9,98.88,1.25,0.91,1.3,0,52.4,0,0,new,12,61,3,5.63,30,10,4.55,4.38,Yes,88.76,7.81,80000,5.37,84300,92.2,0.0,0,low
S00515,small,Digital Camera,CAM-M2,46,3,27,100.0,0.19,1.51,0.5,0,23.0,0,0,used,12,504,16,4.24,3,1,4.78,4.72,Yes,100.0,4.42,55000,-40.73,32600,3.3,0.0,0,low
S00048,small,Gaming Console,CON-M3,275,9,34,97.1,2.06,1.48,1.5,0,60.9,1,0,new,12,52,10,4.61,6,1,5.0,4.99,Yes,97.08,23.74,62000,-1.69,60950,54.0,0.0,0,low
S00314,small,Power Bank,PWR-M1,98,3,27,99.04,0.27,0.67,1.3,0,52.5,1,0,new,6,267,6,5.89,5,0,4.31,,Yes,100.0,6.22,1100,-2.73,1070,40.0,0.0,0,low
S00337,small,Bluetooth Speaker,SPK-M3,35,0,58,92.21,1.84,3.95,0.8,0,44.1,1,0,new,6,193,8,4.06,1,0,4.52,,Yes,98.79,11.62,7000,1.57,7110,76.4,0.0,0,low
S00087,medium,Wireless Earbuds,EAR-M1,1043,28,60,95.84,2.26,2.56,2.5,0,68.1,1,0,new,6,258,31,7.75,12,1,3.63,3.18,Yes,96.54,16.85,1200,2.5,1230,87.7,0.0,0,low
S00189,medium,Digital Camera,CAM-M4,806,41,25,91.55,4.19,5.33,3.2,2,45.2,0,0,new,6,128,14,3.91,36,5,3.43,3.67,No,96.75,6.35,100000,6.0,106000,92.0,0.0,0,low
S00409,medium,Laptop,LAP-M5,1332,45,34,94.96,2.57,3.74,4.6,2,56.4,1,1,new,12,1020,9,6.29,32,3,3.72,3.73,Yes,91.9,5.58,190000,7.82,204850,100.0,0.0,0,low
S00271,big,Bluetooth Speaker,SPK-M1,8010,200,86,98.26,1.12,1.81,1.4,5,32.3,1,1,new,12,161,105,7.32,72,5,3.89,3.98,Yes,94.77,3.25,1500,-1.33,1480,64.3,0.0,0,low
S00531,medium,Gaming Console,CON-M4,1044,27,37,99.13,0.58,1.33,1.8,0,34.6,1,0,new,12,20,25,1.14,18,1,4.17,4.0,Yes,92.87,25.85,78000,-2.5,76050,40.9,0.0,0,low
S00257,small,Digital Camera,CAM-M5,161,66,9,78.63,12.02,12.93,12.8,6,37.2,0,0,new,0,3,178,10.28,4,4,4.49,3.08,Yes,18.16,54.6,180000,-12.42,157650,18.4,1.0,100,high
S00231,small,Mobile Phone,MOB-M2,174,8,23,91.45,3.05,4.56,4.1,0,53.3,0,0,new,0,247,4,5.49,6,1,3.2,3.14,No,87.92,7.83,22000,4.77,23050,92.5,0.0,0,low
S00032,small,Power Bank,PWR-M5,45,1,49,90.02,2.93,4.29,3.9,0,54.1,1,0,new,0,85,6,6.78,4,0,3.51,,No,94.3,16.69,8500,-2.71,8270,50.0,0.0,0,low
S00444,small,Power Bank,PWR-M3,109,23,8,95.59,1.75,2.51,3.6,0,63.1,0,0,new,12,53,9,3.35,3,1,4.13,4.38,Yes,90.2,0.53,3000,-0.33,2990,59.5,0.0,0,low
S00144,medium,Smartwatch,WCH-M2,1221,23,71,92.78,3.85,4.36,2.4,2,46.9,1,0,new,0,140,15,8.07,43,3,3.27,3.02,No,84.98,9.17,4500,-5.33,4260,26.5,0.0,0,low
S00464,small,Desktop Computer,PC-M3,278,30,7,97.14,1.03,1.98,0.9,0,61.9,1,0,new,0,210,8,5.01,28,9,3.87,3.54,Yes,94.83,26.82,65000,-5.85,61200,12.5,0.0,0,low
S00409,medium,Power Bank,PWR-M4,1332,45,34,94.96,2.57,3.74,4.6,2,56.4,1,1,new,12,138,24,4.46,40,3,4.39,3.99,Yes,97.95,14.89,4800,-3.96,4610,25.0,0.0,0,low
S00376,small,Smart TV,TV-M4,99,6,23,97.62,1.57,0.45,2.5,0,62.1,0,0,used,12,73,5,2.32,7,1,4.31,4.19,Yes,95.81,7.0,90000,-51.11,44000,3.2,0.0,0,low
S00384,small,Bluetooth Speaker,SPK-M5,73,7,20,96.24,2.63,3.57,1.7,0,45.7,0,0,new,12,48,4,6.6,5,1,3.94,4.19,Yes,86.14,11.54,30000,5.0,31500,94.3,0.0,0,low
S00296,big,Gaming Console,CON-M4,17968,277,80,98.07,1.13,1.72,1.6,15,19.4,1,1,new,12,43,185,4.66,285,14,4.18,3.99,Yes,100.0,9.91,78000,-5.64,73600,22.7,0.0,0,low
S00267,medium,Smart TV,TV-M4,1407,49,33,92.95,3.67,4.64,2.9,0,42.0,0,1,new,12,69,44,3.49,62,4,3.75,3.22,Yes,89.02,33.36,90000,-6.28,84350,24.2,0.0,0,low
S00241,small,Mobile Phone,MOB-M2,196,133,6,93.2,3.0,4.19,2.2,2,23.3,1,0,new,0,8,6,5.36,57,57,4.78,4.04,Yes,53.87,38.53,22000,-17.95,18050,15.1,1.0,100,high
S00426,small,Smart TV,TV-M4,36,2,13,97.21,0.57,2.95,1.9,0,63.8,0,0,new,3,42,6,2.6,1,0,4.01,,Yes,98.66,5.21,90000,-0.22,89800,67.7,0.0,0,low
S00428,small,Smartwatch,WCH-M4,93,3,27,94.49,2.92,3.52,2.2,0,75.1,0,0,used,6,27,11,6.11,3,0,4.05,,Yes,98.02,3.08,22000,-38.64,13500,9.1,0.0,0,low
S00249,small,Wireless Earbuds,EAR-M4,320,10,34,95.05,3.83,4.63,6.0,1,32.6,1,0,new,12,186,6,9.11,24,2,3.5,3.42,No,90.1,14.27,12000,-4.58,11450,28.8,0.0,0,low
S00130,medium,Smart TV,TV-M3,721,36,32,95.95,2.71,3.21,3.9,0,43.7,1,1,new,12,601,30,4.42,4,0,3.6,,Yes,82.93,9.77,55000,4.45,57450,91.1,0.0,0,low
S00076,small,Digital Camera,CAM-M2,254,8,20,100.0,0.89,0.5,1.1,0,36.7,0,0,new,12,138,6,1.81,5,0,5.0,,Yes,92.37,2.57,55000,4.27,57350,88.3,0.0,0,low
S00516,big,Desktop Computer,PC-M2,25726,176,105,97.86,1.3,1.76,0.8,8,22.0,1,0,new,0,238,52,4.19,244,6,4.95,5.0,Yes,91.87,2.86,45000,-5.22,42650,26.8,0.0,0,low
S00406,medium,Digital Camera,CAM-M2,2932,64,49,94.13,3.4,4.32,3.4,4,27.5,1,0,new,12,353,9,6.27,138,9,3.6,3.5,Yes,94.78,1.98,55000,-0.09,54950,58.3,0.0,0,low
S00052,small,Gaming Console,CON-M2,700,34,22,93.65,3.33,4.06,3.1,1,48.4,0,0,new,0,57,10,3.01,33,4,3.98,4.19,Yes,95.61,11.86,52000,9.33,56850,98.1,0.0,0,low
S00399,small,Wireless Earbuds,EAR-M4,146,40,4,94.23,4.13,4.21,1.6,0,51.0,1,0,new,6,120,5,6.97,15,12,3.69,3.7,Yes,98.04,7.76,12000,10.0,13200,100.0,0.0,0,low
S00112,small,Smartwatch,WCH-M2,85,9,12,89.92,2.32,2.85,3.3,0,66.1,0,0,new,6,187,11,6.19,3,1,4.19,4.47,Yes,99.56,4.23,4500,6.0,4770,98.0,0.0,0,low
S00380,medium,Wi-Fi Router,RTR-M2,735,7,56,94.31,2.93,4.7,6.4,0,58.0,1,0,new,6,226,47,5.9,12,0,4.07,,Yes,95.09,21.1,3200,1.25,3240,87.0,0.0,0,low
S00349,small,Wireless Earbuds,EAR-M4,78,8,9,88.45,3.38,4.06,1.9,0,50.1,0,0,new,12,86,16,7.37,5,1,3.62,3.91,Yes,95.41,8.04,12000,0.0,12000,69.2,0.0,0,low
S00249,small,Wireless Earbuds,EAR-M5,320,10,34,95.05,3.83,4.63,6.0,1,32.6,1,0,new,12,91,7,9.24,14,1,3.58,3.61,No,96.62,7.58,28000,-1.25,27650,44.2,0.0,0,low
S00036,big,Smartwatch,WCH-M1,10995,152,61,97.1,1.6,2.17,3.2,8,24.3,1,0,new,0,302,182,4.62,102,3,4.3,3.98,Yes,95.78,10.61,2000,-3.0,1940,58.1,0.0,0,low
S00457,small,Wireless Earbuds,EAR-M5,42,2,15,87.51,10.86,9.15,9.9,1,56.1,1,1,new,12,105,4,9.97,2,0,2.51,,No,86.66,19.81,28000,0.18,28050,63.5,0.0,0,low
S00102,small,Power Bank,PWR-M2,41,15,4,92.03,2.5,5.07,3.1,1,61.2,0,0,new,12,120,3,7.34,2,2,3.81,3.81,Yes,100.0,11.53,1800,1.67,1830,88.2,0.0,0,low
S00103,small,Gaming Console,CON-M3,162,21,10,93.26,2.47,3.15,2.9,1,19.4,0,0,new,12,300,14,4.74,7,2,3.98,4.04,Yes,94.74,7.78,62000,3.23,64000,88.0,0.0,0,low
S00048,small,Power Bank,PWR-M5,275,9,34,97.1,2.06,1.48,1.5,0,60.9,1,0,new,0,73,5,6.06,6,0,4.1,,Yes,100.0,3.83,8500,-4.47,8120,40.0,0.0,0,low
S00470,medium,Smart TV,TV-M1,1661,51,31,98.02,0.84,1.53,0.7,1,49.6,1,0,new,0,121,41,3.97,79,8,4.41,4.42,Yes,96.34,3.68,22000,-0.23,21950,64.9,0.0,0,low
S00361,small,Power Bank,PWR-M2,33,1,21,92.44,7.32,10.08,7.3,0,58.8,0,0,new,3,24,3,11.72,1,0,2.68,,No,98.11,17.58,1800,-3.89,1730,43.1,0.0,0,low
S00330,small,Wireless Earbuds,EAR-M2,48,9,9,92.7,3.89,2.87,5.2,0,67.1,1,0,new,0,29,7,4.15,3,1,4.25,4.39,Yes,91.19,6.66,2500,3.6,2590,97.8,0.0,0,low
S00091,medium,Smart TV,TV-M4,3775,80,51,91.09,4.28,5.81,6.2,8,44.7,1,0,new,0,131,39,3.31,206,12,3.62,3.86,Yes,99.23,13.8,90000,3.72,93350,87.1,0.0,0,low
S00300,small,Desktop Computer,PC-M3,305,41,9,83.2,9.42,10.03,4.9,1,61.0,1,0,new,0,79,5,10.43,4,2,2.1,2.06,No,94.36,18.33,65000,3.31,67150,91.7,0.0,0,low
S00065,medium,Bluetooth Speaker,SPK-M2,2352,46,26,98.06,1.29,1.77,1.5,0,61.2,1,0,new,0,43,28,4.19,81,3,4.32,4.15,Yes,92.2,4.97,3500,1.43,3550,72.5,0.0,0,low
S00003,medium,Desktop Computer,PC-M1,2007,22,81,93.04,3.54,4.54,4.3,3,76.3,1,0,new,6,67,10,6.12,49,1,3.47,3.44,No,85.29,6.67,30000,-2.83,29150,42.1,0.0,0,low
S00068,small,Wireless Earbuds,EAR-M2,219,5,35,96.08,2.51,3.43,2.3,0,45.5,1,0,new,3,80,8,6.9,28,2,3.71,3.6,Yes,90.95,7.79,2500,0.8,2520,80.4,0.0,0,low
S00182,big,Smartwatch,WCH-M2,24268,669,60,98.02,1.0,1.56,1.1,14,37.0,1,1,new,12,508,76,5.06,195,14,4.74,4.45,Yes,94.48,29.75,4500,-3.33,4350,40.8,0.0,0,low
S00481,small,Digital Camera,CAM-M5,119,4,30,96.83,1.85,1.94,1.9,1,38.9,0,0,new,0,104,7,4.11,5,0,4.17,,Yes,95.65,5.27,180000,-4.03,172750,46.9,0.0,0,low
S00140,medium,Mobile Phone,MOB-M3,878,9,58,96.63,2.46,2.84,1.7,0,36.9,1,0,new,3,41,20,4.35,40,1,3.5,3.6,No,84.22,4.66,38000,6.05,40300,98.4,0.0,0,low
S00210,big,Laptop,LAP-M1,13189,193,98,95.84,2.16,2.87,2.0,13,32.6,1,0,new,0,259,109,6.74,178,6,4.39,4.18,Yes,93.93,11.38,38000,-3.95,36500,38.8,0.0,0,low
S00479,small,Digital Camera,CAM-M5,95,45,2,93.35,2.57,5.62,6.0,0,43.1,0,0,new,12,60,3,2.82,13,13,3.64,3.97,Yes,92.77,27.58,180000,-4.19,172450,40.8,0.0,0,low
S00274,small,Gaming Console,CON-M1,104,19,9,94.39,2.97,1.83,1.8,0,38.9,0,0,new,0,37,7,2.04,1,1,4.44,4.73,Yes,100.0,2.65,38000,-7.11,35300,21.6,0.0,0,low
S00409,medium,Digital Camera,CAM-M5,1332,45,34,94.96,2.57,3.74,4.6,2,56.4,1,1,new,6,83,32,3.07,39,3,3.93,4.23,Yes,97.43,14.07,180000,-5.72,169700,28.6,0.0,0,low
S00434,small,Laptop,LAP-M4,82,44,2,86.83,3.78,6.4,5.8,1,47.9,0,0,new,6,60,3,8.08,4,4,3.62,3.26,Yes,96.14,17.89,120000,6.33,127600,100.0,0.0,0,low
S00498,medium,Wi-Fi Router,RTR-M5,877,13,51,95.34,1.3,2.48,1.9,0,25.0,1,0,new,12,164,30,4.19,18,1,4.29,4.22,Yes,90.63,11.9,16000,-0.31,15950,62.7,0.0,0,low
S00125,small,Desktop Computer,PC-M3,91,10,11,94.59,2.96,3.53,3.4,0,42.9,0,0,new,0,199,4,6.66,2,1,3.41,3.62,No,86.87,1.83,65000,-6.38,60850,8.3,0.0,0,low
S00545,small,Smart TV,TV-M4,48,0,48,88.61,3.83,7.45,7.1,0,59.1,1,0,new,6,110,6,4.6,0,0,,,No,,,90000,2.11,91900,79.0,0.0,0,low
S00253,small,Bluetooth Speaker,SPK-M1,60,13,5,87.65,2.59,3.05,2.7,0,44.2,1,0,used,12,150,8,7.17,1,1,3.57,3.36,No,91.75,23.98,1500,-21.33,1180,11.9,0.0,0,low
S00565,small,Digital Camera,CAM-M1,102,66,9,94.2,5.03,4.93,2.2,3,36.9,1,0,new,3,38,284,4.31,48,48,4.72,4.13,Yes,55.4,85.69,35000,-29.86,24550,5.8,1.0,100,high
S00017,small,Smartwatch,WCH-M3,32,1,25,92.23,3.68,6.61,7.4,0,47.3,1,0,new,12,91,2,8.47,3,0,3.57,,No,97.71,7.1,9000,-1.0,8910,50.8,0.0,0,low
S00210,big,Bluetooth Speaker,SPK-M3,13189,193,98,95.84,2.16,2.87,2.0,13,32.6,1,0,new,3,63,164,2.81,214,7,4.36,4.65,Yes,100.0,10.35,7000,-0.71,6950,58.2,0.0,0,low
S00090,small,Wireless Earbuds,EAR-M1,36,1,27,96.8,5.82,4.87,7.3,0,42.1,1,0,new,12,149,12,8.03,1,0,3.69,,Yes,92.37,25.45,1200,1.67,1220,83.1,0.0,0,low
S00289,small,Wireless Earbuds,EAR-M5,98,5,15,98.2,3.26,4.07,3.9,0,51.8,1,0,refurbished,6,128,12,6.31,4,0,3.44,,No,93.47,14.26,28000,-28.75,19950,7.7,0.0,0,low
S00040,medium,Wireless Earbuds,EAR-M2,1366,21,67,90.64,5.56,6.08,3.9,2,51.8,0,0,new,12,157,19,6.08,34,1,3.37,3.24,No,86.26,26.28,2500,-1.2,2470,71.7,0.0,0,low
S00540,small,Power Bank,PWR-M5,394,10,21,88.23,4.93,7.82,4.2,1,65.2,0,1,new,12,173,3,7.47,13,1,3.12,3.0,No,90.71,15.32,8500,-2.24,8310,55.0,0.0,0,low
S00280,small,Gaming Console,CON-M3,59,36,2,84.6,3.98,5.62,3.2,0,6.2,0,0,refurbished,0,2,295,5.2,4,4,4.83,2.92,Yes,43.39,86.29,62000,-15.81,52200,24.0,1.0,100,high
S00023,small,Wireless Earbuds,EAR-M4,408,10,38,96.03,3.2,3.97,2.3,0,54.0,1,1,new,12,138,6,7.78,12,1,3.83,3.84,Yes,95.75,5.51,12000,-2.92,11650,36.5,0.0,0,low
S00252,big,Desktop Computer,PC-M5,12635,91,95,96.31,1.6,2.38,3.2,10,22.2,1,0,new,6,87,77,6.18,133,2,4.03,3.91,Yes,90.45,6.97,160000,1.53,162450,71.2,0.0,0,low
S00230,small,Power Bank,PWR-M2,86,13,13,82.64,10.6,10.24,4.7,0,52.0,0,0,new,12,129,3,11.34,8,4,2.24,2.29,No,85.44,18.03,1800,0.56,1810,80.4,0.0,0,low
S00531,medium,Smart TV,TV-M3,1044,27,37,99.13,0.58,1.33,1.8,0,34.6,1,0,new,12,53,26,0.2,20,1,4.92,4.99,Yes,94.17,28.57,55000,-1.45,54200,46.4,0.0,0,low
S00531,medium,Laptop,LAP-M2,1044,27,37,99.13,0.58,1.33,1.8,0,34.6,1,0,new,3,93,40,3.71,27,2,4.86,4.61,Yes,96.39,32.1,55000,0.55,55300,75.0,0.0,0,low
S00268,small,Mobile Phone,MOB-M2,16,10,5,80.57,13.88,14.51,8.4,0,34.8,0,0,new,0,18,186,10.27,38,38,4.59,3.63,Yes,61.77,55.45,22000,-27.27,16000,7.5,1.0,100,high
S00535,small,Smartwatch,WCH-M5,95,14,7,92.15,5.14,5.42,3.7,0,30.5,1,0,refurbished,6,201,2,9.66,2,1,3.14,3.18,No,83.47,18.13,45000,-27.78,32500,11.1,0.0,0,low
S00144,medium,Wireless Earbuds,EAR-M3,1221,23,71,92.78,3.85,4.36,2.4,2,46.9,1,0,new,3,211,36,7.16,37,2,3.75,4.0,Yes,95.75,13.73,5500,-3.64,5300,33.3,0.0,0,low
S00492,small,Power Bank,PWR-M3,83,4,19,93.35,2.06,3.72,3.6,0,55.3,0,0,new,6,135,4,3.93,3,0,4.2,,Yes,100.0,9.48,3000,-1.67,2950,45.2,0.0,0,low
S00288,medium,Desktop Computer,PC-M3,1416,42,35,94.23,2.64,3.89,1.4,2,43.0,1,0,new,3,326,72,6.03,27,2,3.73,3.77,Yes,92.56,23.3,65000,-6.31,60900,10.4,0.0,0,low
S00175,small,Wi-Fi Router,RTR-M3,200,27,8,93.3,3.41,5.45,4.1,0,63.5,1,0,new,12,71,2,4.8,12,6,3.83,3.68,Yes,100.0,12.44,5500,-5.45,5200,32.6,0.0,0,low
S00561,medium,Mobile Phone,MOB-M2,1045,19,48,95.03,2.99,3.77,4.7,1,48.3,1,0,new,3,1130,33,4.76,48,2,3.6,3.64,Yes,91.71,11.99,22000,5.0,23100,94.3,0.0,0,low
S00331,small,Smartwatch,WCH-M2,220,42,8,96.29,1.53,1.95,1.6,1,36.5,1,0,new,6,110,18,5.11,10,5,4.58,4.63,Yes,100.0,5.06,4500,0.0,4500,65.3,0.0,0,low
S00167,big,Digital Camera,CAM-M2,29079,775,47,97.51,1.39,1.9,2.3,18,37.2,1,1,new,12,180,75,2.34,173,12,5.0,4.86,Yes,92.46,18.06,55000,-6.09,51650,23.3,0.0,0,low
S00523,small,Power Bank,PWR-M1,173,10,18,95.19,3.36,4.52,5.6,3,21.1,1,0,new,6,121,2,7.22,14,2,2.88,3.21,No,98.93,11.99,1100,-2.73,1070,40.0,0.0,0,low
S00250,medium,Digital Camera,CAM-M4,1278,27,47,91.69,3.84,5.41,4.3,4,42.6,0,0,new,12,257,10,3.43,32,1,3.86,3.68,Yes,91.93,7.3,100000,-4.5,95500,20.0,0.0,0,low
S00019,medium,Smartwatch,WCH-M3,3267,43,51,97.95,1.31,1.79,1.3,1,34.8,1,1,new,12,226,11,8.32,42,2,4.06,4.29,Yes,94.83,8.45,9000,-5.33,8520,22.0,0.0,0,low
S00201,small,Desktop Computer,PC-M1,143,20,9,90.74,4.09,7.37,7.6,0,60.5,1,0,new,0,203,2,7.91,10,4,2.71,2.84,No,92.26,5.76,30000,-5.17,28450,24.6,0.0,0,low
S00346,small,Smartwatch,WCH-M5,108,15,5,93.96,1.2,2.47,2.8,0,50.7,1,0,new,12,150,6,5.25,2,1,4.1,3.81,Yes,96.15,12.92,45000,5.22,47350,90.7,0.0,0,low
S00415,big,Smartwatch,WCH-M1,15112,167,80,96.28,1.98,2.82,6.1,13,30.5,1,1,new,12,25,22,5.89,200,8,4.21,4.64,Yes,96.34,15.63,2000,-3.5,1930,53.5,0.0,0,low
S00097,medium,Smartwatch,WCH-M3,1721,39,68,99.11,1.13,0.94,0.7,2,50.7,1,0,new,6,133,90,6.52,69,4,4.56,4.65,Yes,98.32,14.37,9000,-0.56,8950,57.6,0.0,0,low
S00522,small,Power Bank,PWR-M5,222,13,18,93.81,2.42,2.63,1.9,1,44.3,0,0,new,6,261,5,6.68,10,1,4.45,4.59,Yes,96.39,0.49,8500,0.82,8570,73.3,0.0,0,low
S00172,medium,Laptop,LAP-M1,1924,43,50,95.64,2.2,3.03,3.8,0,57.7,1,1,new,12,294,25,6.04,23,1,4.1,4.13,Yes,87.53,6.15,38000,-1.58,37400,62.7,0.0,0,low
S00338,small,Smartwatch,WCH-M4,258,16,16,92.79,3.43,2.71,4.9,2,68.5,0,0,new,3,242,3,8.43,24,3,3.42,3.2,No,90.67,15.23,22000,2.5,22550,92.7,0.0,0,low
S00415,big,Desktop Computer,PC-M2,15112,167,80,96.28,1.98,2.82,6.1,13,30.5,1,1,new,12,221,224,2.53,206,6,4.49,4.22,Yes,93.53,8.77,45000,-1.78,44200,51.8,0.0,0,low
S00467,medium,Desktop Computer,PC-M2,500,13,38,96.69,1.16,2.32,3.2,0,52.5,1,0,new,0,37,15,3.82,8,1,4.43,4.07,Yes,100.0,19.52,45000,-0.56,44750,64.3,0.0,0,low
S00461,big,Smart TV,TV-M3,10254,368,30,95.17,2.62,3.53,3.0,7,43.7,0,1,new,12,554,53,6.27,83,7,3.85,4.25,Yes,90.06,25.23,55000,-4.18,52700,26.8,0.0,0,low
S00178,small,Smart TV,TV-M3,123,2,33,98.87,0.84,2.89,3.6,0,69.7,1,0,refurbished,3,277,12,4.43,2,0,4.0,,Yes,94.04,12.73,55000,-23.09,42300,8.9,0.0,0,low
S00288,medium,Wireless Earbuds,EAR-M1,1416,42,35,94.23,2.64,3.89,1.4,2,43.0,1,0,new,12,137,20,5.45,23,2,4.24,4.41,Yes,100.0,8.29,1200,1.67,1220,83.1,0.0,0,low
S00087,medium,Smartwatch,WCH-M4,1043,28,60,95.84,2.26,2.56,2.5,0,68.1,1,0,new,0,225,39,9.01,13,1,4.29,4.07,Yes,95.92,18.07,22000,-0.23,21950,69.1,0.0,0,low
S00306,small,Wi-Fi Router,RTR-M2,61,1,26,90.97,4.44,6.39,5.3,0,39.8,1,0,new,3,143,5,8.48,4,0,3.55,,No,90.33,18.34,3200,-3.75,3080,38.9,0.0,0,low
S00524,medium,Smart TV,TV-M4,867,43,25,97.13,1.95,1.7,2.0,0,38.2,1,0,new,12,744,35,3.26,22,3,4.25,4.23,Yes,100.0,4.03,90000,-2.67,87600,43.5,0.0,0,low
S00483,big,Bluetooth Speaker,SPK-M2,6835,176,51,98.04,1.38,2.08,1.6,4,36.3,1,1,new,12,223,85,4.23,41,3,4.3,3.86,Yes,91.87,10.37,3500,-6.29,3280,12.5,0.0,0,low
S00396,medium,Digital Camera,CAM-M2,1760,49,29,89.56,5.0,6.85,3.8,6,10.4,1,1,new,12,133,24,7.03,21,1,2.86,2.71,No,88.89,22.12,55000,1.0,55550,70.0,0.0,0,low
S00168,medium,Smartwatch,WCH-M3,823,14,51,94.05,2.74,3.23,3.5,0,54.7,1,1,new,12,50,17,6.43,18,1,3.82,3.62,Yes,89.63,24.07,9000,-2.78,8750,37.3,0.0,0,low
S00299,small,Gaming Console,CON-M1,236,25,11,94.4,4.08,4.5,5.5,1,52.8,0,0,new,6,133,44,5.35,12,3,3.34,3.48,No,84.78,5.13,38000,-30.0,26600,11.8,0.0,0,low
S00049,small,Digital Camera,CAM-M5,196,50,5,93.32,5.58,5.6,5.0,0,88.3,1,0,new,6,150,6,4.68,4,3,3.4,3.44,No,82.91,36.19,180000,1.47,182650,83.7,0.0,0,low
S00326,small,Laptop,LAP-M2,103,9,16,97.68,1.04,0.77,1.7,0,73.3,1,1,new,12,96,4,2.64,5,1,4.83,4.67,Yes,100.0,40.14,55000,7.91,59350,96.2,0.0,0,low
S00432,small,Bluetooth Speaker,SPK-M4,131,32,4,92.77,3.23,3.36,3.2,0,91.2,0,0,new,12,70,4,6.37,1,1,3.72,3.65,Yes,98.92,10.73,14000,3.57,14500,90.2,0.0,0,low
S00563,small,Gaming Console,CON-M2,57,5,22,96.1,1.52,5.16,10.1,0,66.4,1,0,new,12,137,8,4.15,5,1,3.55,3.39,No,87.92,13.65,52000,-0.58,51700,50.9,0.0,0,low
S00400,small,Wi-Fi Router,RTR-M3,104,5,27,91.22,6.09,6.72,5.3,0,7.4,1,0,used,6,148,2,6.12,3,0,3.17,,No,97.23,10.85,5500,-18.18,4500,17.4,0.0,0,low
S00387,medium,Smart TV,TV-M5,2590,48,41,98.19,1.29,2.12,2.0,1,40.7,1,0,refurbished,6,43,27,5.97,119,6,3.85,3.98,Yes,92.71,17.53,180000,-44.44,100000,7.1,0.0,0,low
S00461,big,Laptop,LAP-M4,10254,368,30,95.17,2.62,3.53,3.0,7,43.7,0,1,new,12,39,149,7.03,68,7,3.91,3.4,Yes,98.49,15.5,120000,-4.75,114300,40.5,0.0,0,low
S00424,small,Bluetooth Speaker,SPK-M2,209,15,9,93.84,1.89,3.05,2.9,0,68.1,0,0,new,3,209,4,5.48,6,1,3.93,3.85,Yes,91.87,13.06,3500,-6.57,3270,10.0,0.0,0,low
S00405,small,Wireless Earbuds,EAR-M4,66,25,4,93.79,0.24,3.63,3.0,0,50.4,0,0,new,12,98,8,6.72,5,5,3.98,4.16,Yes,95.8,9.9,12000,5.42,12650,94.2,0.0,0,low
S00145,big,Wi-Fi Router,RTR-M4,22641,132,155,95.79,2.28,2.99,3.2,23,41.7,1,0,new,3,43,63,1.56,444,7,4.11,4.24,Yes,95.79,9.65,9500,1.58,9650,83.3,0.0,0,low
S00267,medium,Laptop,LAP-M5,1407,49,33,92.95,3.67,4.64,2.9,0,42.0,0,1,new,12,175,14,5.96,39,4,3.43,3.52,No,95.58,14.67,190000,0.92,191750,78.9,0.0,0,low
S00461,big,Mobile Phone,MOB-M3,10254,368,30,95.17,2.62,3.53,3.0,7,43.7,0,1,new,6,96,74,5.46,119,8,4.11,4.25,Yes,100.0,12.66,38000,-1.84,37300,52.5,0.0,0,low
S00455,medium,Digital Camera,CAM-M2,3907,92,55,90.15,5.04,6.65,13.3,6,49.8,1,1,new,12,114,76,7.63,54,4,3.0,2.98,No,95.85,7.11,55000,-4.09,52750,31.7,0.0,0,low
S00145,big,Bluetooth Speaker,SPK-M4,22641,132,155,95.79,2.28,2.99,3.2,23,41.7,1,0,new,12,30,273,5.88,369,5,4.24,3.94,Yes,94.05,1.47,14000,-2.14,13700,43.1,0.0,0,low
S00126,small,Smart TV,TV-M4,350,102,3,92.26,3.14,4.59,2.8,1,40.9,1,0,new,0,90,9,5.32,6,4,3.85,3.46,Yes,92.88,12.21,90000,-0.28,89750,64.5,0.0,0,low
S00129,big,Laptop,LAP-M4,16423,119,103,96.97,1.8,2.49,2.3,8,15.2,1,0,new,12,85,96,6.61,113,1,4.18,4.34,Yes,96.3,7.35,120000,-1.79,117850,56.8,0.0,0,low
S00396,medium,Digital Camera,CAM-M5,1760,49,29,89.56,5.0,6.85,3.8,6,10.4,1,1,new,12,542,16,6.17,20,2,3.33,3.63,No,93.92,4.02,180000,0.39,180700,77.6,0.0,0,low
S00288,medium,Desktop Computer,PC-M1,1416,42,35,94.23,2.64,3.89,1.4,2,43.0,1,0,new,12,105,21,3.73,17,2,4.08,3.84,Yes,100.0,9.35,30000,2.83,30850,87.7,0.0,0,low
S00559,small,Wi-Fi Router,RTR-M2,304,12,23,97.1,0.78,1.23,1.2,0,54.2,0,0,refurbished,3,69,5,5.5,24,4,4.41,4.54,Yes,98.28,1.94,3200,-50.0,1600,3.7,0.0,0,low
S00111,medium,Mobile Phone,MOB-M5,2690,39,52,92.29,4.19,5.16,3.6,2,52.3,1,0,new,0,544,20,7.41,208,9,3.38,3.61,No,89.32,5.23,140000,-5.96,131650,30.0,0.0,0,low
S00461,big,Smartwatch,WCH-M1,10254,368,30,95.17,2.62,3.53,3.0,7,43.7,0,1,new,12,655,31,6.22,63,6,3.69,3.9,Yes,88.89,2.28,2000,-7.0,1860,14.0,0.0,0,low
S00438,small,Smartwatch,WCH-M5,130,19,11,96.75,1.98,2.76,1.9,0,61.7,1,0,new,0,264,6,4.58,5,2,4.39,4.47,Yes,99.91,1.88,45000,-6.33,42150,24.1,0.0,0,low
S00520,small,Bluetooth Speaker,SPK-M1,700,40,13,96.47,2.66,4.21,2.9,1,62.4,0,0,new,12,172,4,6.75,23,3,3.71,3.53,Yes,94.68,6.48,1500,0.67,1510,76.2,0.0,0,low
S00268,small,Mobile Phone,MOB-M5,16,10,5,80.57,13.88,14.51,8.4,0,34.8,0,0,new,0,51,336,12.41,1,1,4.46,2.55,Yes,74.21,41.65,140000,-13.18,121550,20.0,1.0,100,high
S00232,small,Wi-Fi Router,RTR-M1,432,32,12,91.27,4.16,4.71,8.7,0,31.9,1,0,used,6,111,7,7.31,31,6,3.43,3.5,No,93.62,8.78,1800,-51.67,870,2.0,0.0,0,low
S00555,small,Wireless Earbuds,EAR-M2,54,2,22,100.0,1.31,0.77,2.2,0,73.5,0,1,new,12,111,3,2.61,5,0,4.48,,Yes,100.0,17.4,2500,-0.4,2490,76.1,0.0,0,low
S00271,big,Gaming Console,CON-M4,8010,200,86,98.26,1.12,1.81,1.4,5,32.3,1,1,new,12,179,162,1.94,163,10,4.46,4.22,Yes,95.98,3.02,78000,-2.44,76100,42.4,0.0,0,low
S00220,medium,Gaming Console,CON-M4,2063,69,18,92.97,3.98,4.8,3.5,5,62.9,1,1,new,12,64,26,7.01,69,4,3.17,3.34,No,90.23,7.87,78000,-0.45,77650,62.1,0.0,0,low
S00076,small,Bluetooth Speaker,SPK-M1,254,8,20,100.0,0.89,0.5,1.1,0,36.7,0,0,new,12,16,2,3.27,9,1,4.74,4.64,Yes,93.94,30.59,1500,4.0,1560,90.5,0.0,0,low
S00020,big,Wi-Fi Router,RTR-M4,20754,268,68,96.9,1.7,2.43,2.0,20,29.7,1,1,new,12,91,172,2.93,302,9,4.28,4.08,Yes,91.89,10.91,9500,-7.79,8760,15.0,0.0,0,low
S00498,medium,Wi-Fi Router,RTR-M1,877,13,51,95.34,1.3,2.48,1.9,0,25.0,1,0,new,12,910,34,4.45,23,1,3.8,4.05,Yes,89.73,21.74,1800,0.0,1800,62.0,0.0,0,low
S00299,small,Gaming Console,CON-M5,236,25,11,94.4,4.08,4.5,5.5,1,52.8,0,0,refurbished,12,233,3,5.54,9,2,3.19,3.54,No,91.42,17.85,95000,-49.95,47550,3.2,0.0,0,low
S00099,small,Laptop,LAP-M5,51,1,48,93.3,0.34,2.61,0.7,0,93.5,1,0,new,6,167,16,4.98,4,0,4.41,,Yes,89.72,16.22,190000,-0.26,189500,68.4,0.0,0,low
S00086,small,Gaming Console,CON-M1,78,10,7,100.0,1.07,3.45,1.4,0,32.2,0,0,refurbished,12,180,12,0.93,2,1,4.64,4.41,Yes,98.65,19.13,38000,-25.66,28250,15.7,0.0,0,low
S00432,small,Power Bank,PWR-M4,131,32,4,92.77,3.23,3.36,3.2,0,91.2,0,0,refurbished,6,120,17,5.09,7,5,3.47,3.63,No,89.41,8.48,4800,-17.08,3980,5.0,0.0,0,low
S00413,small,Mobile Phone,MOB-M1,64,6,8,93.84,3.36,4.21,2.7,0,57.6,1,0,new,12,31,8,4.5,4,1,4.03,4.09,Yes,98.2,4.79,12000,-5.83,11300,37.9,0.0,0,low
S00005,small,Digital Camera,CAM-M3,271,14,21,92.73,2.0,3.29,2.7,0,58.5,0,0,new,3,630,4,5.99,11,2,3.69,3.74,Yes,89.64,5.49,80000,-4.25,76600,37.3,0.0,0,low
S00317,medium,Bluetooth Speaker,SPK-M3,4634,155,35,90.0,5.33,6.59,6.9,12,43.4,1,0,new,12,94,66,9.8,48,6,2.69,2.79,No,88.87,2.49,7000,1.43,7100,74.5,0.0,0,low
S00414,small,Wireless Earbuds,EAR-M3,36,3,13,95.37,4.87,5.73,5.6,0,45.6,0,0,new,6,132,4,7.59,3,1,3.28,3.2,No,92.72,2.0,5500,-5.45,5200,21.2,0.0,0,low
S00376,small,Digital Camera,CAM-M5,99,6,23,97.62,1.57,0.45,2.5,0,62.1,0,0,new,6,94,5,3.36,2,0,4.54,,Yes,94.94,17.06,180000,-5.94,169300,26.5,0.0,0,low
S00294,small,Desktop Computer,PC-M2,224,15,15,97.59,1.42,1.57,2.5,0,87.0,0,0,new,12,152,8,4.01,24,5,4.89,4.42,Yes,93.94,7.45,45000,2.11,45950,78.6,0.0,0,low
S00064,small,Smartwatch,WCH-M1,181,16,11,89.86,5.66,6.86,3.7,0,35.3,1,0,new,12,178,8,9.72,21,5,3.04,2.75,No,89.04,14.71,2000,-4.5,1910,37.2,0.0,0,low
S00123,small,Desktop Computer,PC-M3,98,21,4,95.67,2.26,0.07,1.2,0,58.9,0,0,new,12,32,6,4.29,9,6,4.49,4.4,Yes,96.84,4.13,65000,3.54,67300,93.8,0.0,0,low
S00034,small,Wireless Earbuds,EAR-M3,44,2,21,95.42,5.47,4.75,7.0,0,87.5,1,0,new,12,106,3,8.35,0,0,,,No,,,5500,-2.55,5360,42.4,0.0,0,low
S00189,medium,Bluetooth Speaker,SPK-M3,806,41,25,91.55,4.19,5.33,3.2,2,45.2,0,0,new,3,238,76,6.7,14,3,3.08,2.87,No,94.45,7.83,7000,0.14,7010,67.3,0.0,0,low
S00344,small,Laptop,LAP-M5,290,42,5,83.45,6.87,9.58,4.9,2,37.3,1,0,new,12,89,4,6.57,10,4,2.6,2.81,No,89.19,5.69,190000,-0.03,189950,71.9,0.0,0,low
S00493,small,Desktop Computer,PC-M5,29,3,7,97.15,2.68,3.21,4.3,0,58.7,0,0,new,12,36,14,3.55,3,1,4.13,4.26,Yes,94.16,3.42,160000,1.81,162900,73.1,0.0,0,low
S00137,small,Mobile Phone,MOB-M1,404,17,15,89.19,5.48,6.38,6.8,0,40.6,1,0,new,0,47,21,8.05,69,8,2.9,2.98,No,87.38,5.72,12000,-6.25,11250,32.8,0.0,0,low
S00387,medium,Power Bank,PWR-M5,2590,48,41,98.19,1.29,2.12,2.0,1,40.7,1,0,new,6,109,40,4.85,91,3,4.44,4.55,Yes,92.17,4.72,8500,-2.47,8290,51.7,0.0,0,low
S00045,small,Wireless Earbuds,EAR-M1,272,24,15,84.42,9.41,10.67,8.0,2,31.5,1,0,new,0,56,4,10.52,15,4,1.99,1.59,No,92.83,27.53,1200,-21.67,940,7.7,0.0,0,low
S00404,small,Smart TV,TV-M4,143,6,24,98.16,0.46,1.32,1.4,0,59.2,1,0,new,12,720,10,4.7,2,0,4.23,,Yes,100.0,2.32,90000,-10.0,81000,17.7,0.0,0,low
S00375,small,Mobile Phone,MOB-M2,104,6,15,92.17,2.67,4.87,2.3,0,72.5,1,0,new,12,149,16,4.61,7,1,3.86,3.87,Yes,99.13,5.18,22000,-5.68,20750,35.8,0.0,0,low
S00228,small,Wireless Earbuds,EAR-M3,86,7,9,93.23,0.1,2.86,4.6,0,72.2,0,0,new,0,101,3,5.23,1,0,4.15,,Yes,96.08,6.89,5500,-1.64,5410,54.5,0.0,0,low
S00154,small,Wi-Fi Router,RTR-M4,66,26,3,96.77,1.44,4.26,3.9,0,47.9,1,0,new,6,58,20,4.4,4,3,4.13,3.98,Yes,93.57,17.12,9500,-1.26,9380,55.0,0.0,0,low
S00105,big,Laptop,LAP-M1,16216,133,100,89.08,5.86,7.29,9.8,58,47.8,1,1,new,3,322,180,8.36,441,7,2.71,2.7,No,94.42,6.88,38000,2.89,39100,86.6,0.0,0,low
S00076,small,Smartwatch,WCH-M5,254,8,20,100.0,0.89,0.5,1.1,0,36.7,0,0,new,0,187,4,4.39,4,0,4.61,,Yes,93.99,6.44,45000,4.22,46900,87.0,0.0,0,low
S00009,small,Power Bank,PWR-M2,188,6,32,91.27,5.17,7.29,3.2,0,35.5,1,0,new,6,522,6,11.37,4,0,2.71,,No,98.15,6.73,1800,1.67,1830,88.2,0.0,0,low
S00048,small,Smartwatch,WCH-M3,275,9,34,97.1,2.06,1.48,1.5,0,60.9,1,0,new,3,1020,3,5.75,12,1,4.24,4.05,Yes,99.1,0.95,9000,0.0,9000,66.1,0.0,0,low
S00288,medium,Wireless Earbuds,EAR-M5,1416,42,35,94.23,2.64,3.89,1.4,2,43.0,1,0,new,12,111,50,7.15,25,2,3.84,3.85,Yes,95.28,20.85,28000,-5.18,26550,15.4,0.0,0,low
S00521,small,Bluetooth Speaker,SPK-M2,31,3,11,97.4,7.59,5.3,4.8,0,75.6,0,0,refurbished,6,330,5,8.24,3,1,3.06,2.72,No,85.52,20.09,3500,-37.43,2190,2.5,0.0,0,low
S00246,small,Wi-Fi Router,RTR-M5,700,42,21,92.64,4.38,5.22,4.1,2,61.7,0,0,new,6,597,2,5.87,56,8,3.24,3.2,No,90.77,10.1,16000,-8.13,14700,11.8,0.0,0,low
S00028,big,Mobile Phone,MOB-M1,10246,214,30,98.28,1.01,1.67,1.1,13,37.1,1,0,new,12,385,28,4.54,223,12,4.33,4.05,Yes,93.42,9.54,12000,-1.25,11850,62.1,0.0,0,low
S00414,small,Power Bank,PWR-M1,36,3,13,95.37,4.87,5.73,5.6,0,45.6,0,0,new,6,218,2,6.76,7,2,3.36,3.14,No,94.55,20.88,1100,4.55,1150,88.0,0.0,0,low
S00421,medium,Digital Camera,CAM-M3,1312,34,26,94.43,2.88,2.79,2.6,2,36.1,0,0,new,12,690,10,2.68,50,3,4.2,4.24,Yes,93.67,10.69,80000,-6.56,74750,27.5,0.0,0,low
S00253,small,Wireless Earbuds,EAR-M4,60,13,5,87.65,2.59,3.05,2.7,0,44.2,1,0,new,6,35,5,8.06,0,0,,,No,,,12000,4.58,12550,88.5,0.0,0,low
S00537,medium,Gaming Console,CON-M4,1212,23,37,94.24,2.81,3.07,4.5,1,58.6,0,0,new,12,62,36,4.19,9,0,4.11,,Yes,93.93,11.21,78000,0.58,78450,74.2,0.0,0,low
S00455,medium,Bluetooth Speaker,SPK-M5,3907,92,55,90.15,5.04,6.65,13.3,6,49.8,1,1,new,6,91,19,7.52,112,5,3.02,3.22,No,91.36,17.82,30000,-2.5,29250,41.5,0.0,0,low
S00501,small,Laptop,LAP-M3,92,7,14,100.0,0.12,2.0,2.2,0,39.6,1,0,used,6,354,3,6.51,4,1,4.18,4.03,Yes,95.9,20.98,80000,-36.19,51050,9.4,0.0,0,low
S00041,small,Gaming Console,CON-M1,189,20,16,100.0,0.1,1.7,1.6,0,66.1,0,0,new,6,58,7,3.06,14,4,4.07,3.98,Yes,92.39,4.48,38000,-0.66,37750,54.9,0.0,0,low
S00216,small,Gaming Console,CON-M4,96,7,14,93.39,4.87,5.46,4.4,0,36.2,1,0,new,12,420,4,5.69,1,0,3.45,,No,96.08,6.01,78000,-2.31,76200,43.9,0.0,0,low
S00451,small,Power Bank,PWR-M4,456,50,12,92.49,4.12,4.18,6.4,1,76.1,1,0,used,6,322,6,5.07,31,9,3.71,3.78,Yes,93.11,18.18,4800,-12.08,4220,6.7,0.0,0,low
S00480,small,Digital Camera,CAM-M4,282,18,6,91.19,4.68,6.85,5.7,2,49.8,0,0,new,12,180,15,5.41,21,3,2.97,2.91,No,92.37,24.22,100000,-3.15,96850,26.0,0.0,0,low
S00459,small,Smartwatch,WCH-M4,42,3,16,94.84,4.93,6.37,3.4,0,48.3,1,0,new,6,311,10,7.57,5,1,3.66,3.8,Yes,93.21,19.29,22000,-0.91,21800,65.5,0.0,0,low
S00380,medium,Mobile Phone,MOB-M3,735,7,56,94.31,2.93,4.7,6.4,0,58.0,1,0,new,6,284,13,6.64,12,0,3.42,,No,91.35,13.43,38000,2.5,38950,86.9,0.0,0,low
S00490,small,Laptop,LAP-M1,34,5,4,96.46,0.1,2.64,0.9,0,61.8,0,0,new,6,42,5,4.58,0,0,,,No,,,38000,18.42,45000,100.0,0.0,0,low
S00365,small,Laptop,LAP-M1,75,6,13,94.62,6.12,6.95,3.4,0,42.7,0,0,refurbished,12,50,8,9.01,8,1,2.63,2.86,No,92.37,3.61,38000,-23.29,29150,20.9,0.0,0,low
S00390,small,Power Bank,PWR-M5,69,4,14,92.72,5.23,8.39,5.7,0,70.2,0,1,new,3,232,7,8.26,2,0,3.03,,No,82.84,17.75,8500,-7.06,7900,18.3,0.0,0,low
S00177,small,Laptop,LAP-M1,138,6,18,99.6,3.39,3.56,3.5,0,38.9,1,0,new,12,172,3,8.17,11,1,3.74,3.57,Yes,81.88,13.14,38000,6.18,40350,95.5,0.0,0,low
S00418,small,Wireless Earbuds,EAR-M2,52,7,10,84.61,6.64,7.77,7.1,0,49.0,1,0,new,12,141,4,9.82,4,1,2.69,2.7,No,89.04,8.48,2500,2.4,2560,89.1,0.0,0,low
S00226,small,Digital Camera,CAM-M4,138,13,10,95.82,2.53,2.25,3.3,0,54.9,0,0,new,12,264,9,2.45,6,2,3.82,3.98,Yes,94.63,4.53,100000,-1.0,99000,58.0,0.0,0,low
S00292,small,Bluetooth Speaker,SPK-M5,118,16,10,98.44,3.82,4.12,4.9,0,56.8,1,0,new,0,153,5,5.91,3,1,3.5,3.46,No,90.52,13.37,30000,4.83,31450,92.5,0.0,0,low
S00115,small,Smart TV,TV-M2,193,27,5,92.2,4.93,4.72,6.2,0,52.9,0,1,new,12,112,5,8.38,28,10,3.41,3.26,No,91.37,12.69,35000,-5.14,33200,33.9,0.0,0,low
S00095,medium,Mobile Phone,MOB-M2,3258,84,52,95.14,2.89,3.81,4.5,4,40.1,1,0,new,12,68,39,7.18,80,5,3.37,3.32,No,92.94,6.8,22000,-5.23,20850,37.7,0.0,0,low
S00178,small,Smartwatch,WCH-M2,123,2,33,98.87,0.84,2.89,3.6,0,69.7,1,0,new,12,431,3,5.54,7,0,4.41,,Yes,94.41,9.17,4500,1.78,4580,83.7,0.0,0,low
S00268,small,Digital Camera,CAM-M1,16,10,5,80.57,13.88,14.51,8.4,0,34.8,0,0,refurbished,0,33,6,10.36,1,1,4.92,4.07,Yes,47.84,83.08,35000,-35.29,22650,3.8,1.0,100,high
S00507,small,Bluetooth Speaker,SPK-M5,251,105,2,88.0,5.15,8.01,11.3,0,53.0,0,0,new,0,15,6,6.19,22,22,2.99,3.19,No,94.57,15.85,30000,-1.33,29600,50.9,0.0,0,low
S00261,medium,Digital Camera,CAM-M2,6000,328,10,98.06,1.12,1.81,2.5,6,47.0,1,0,new,3,160,13,3.77,156,29,4.69,4.54,Yes,92.91,9.96,55000,-2.0,53900,45.0,0.0,0,low
S00213,small,Bluetooth Speaker,SPK-M3,63,2,34,94.14,3.32,3.7,5.8,0,65.5,1,0,new,6,436,9,5.34,4,0,3.86,,Yes,84.97,7.6,7000,-6.29,6560,23.6,0.0,0,low
S00431,small,Bluetooth Speaker,SPK-M3,214,7,42,91.22,5.16,6.64,8.1,2,56.6,0,1,new,6,358,5,6.9,7,1,3.36,3.57,No,91.93,16.43,7000,3.14,7220,89.1,0.0,0,low
S00073,small,Smartwatch,WCH-M2,211,20,16,91.57,4.42,5.2,9.1,1,58.8,1,1,new,12,322,6,9.57,23,8,3.42,3.53,No,95.91,14.93,4500,3.33,4650,93.9,0.0,0,low
S00310,small,Wireless Earbuds,EAR-M3,28,8,5,76.74,8.93,10.74,8.9,0,34.7,1,0,refurbished,6,105,11,9.64,1,1,2.31,2.03,No,91.79,4.43,5500,-52.91,2590,4.5,0.0,0,low
S00510,small,Power Bank,PWR-M5,501,18,26,95.66,1.56,2.69,2.1,0,47.1,0,0,new,0,70,4,5.02,12,1,4.1,4.19,Yes,91.11,25.26,8500,30.12,11060,98.3,0.0,0,low
S00019,medium,Gaming Console,CON-M1,3267,43,51,97.95,1.31,1.79,1.3,1,34.8,1,1,new,12,221,23,1.33,49,1,4.57,4.77,Yes,93.74,8.64,38000,-2.37,37100,47.1,0.0,0,low
S00227,small,Gaming Console,CON-M1,124,2,34,85.18,6.6,9.21,5.2,2,63.6,1,0,new,12,374,15,8.05,0,0,,,No,,,38000,4.74,39800,94.1,0.0,0,low
S00290,small,Bluetooth Speaker,SPK-M3,106,30,5,89.73,4.39,5.34,5.5,1,41.4,1,0,used,3,78,3,6.82,1,1,3.26,3.34,No,92.72,5.19,7000,-26.57,5140,7.3,0.0,0,low
S00256,small,Wireless Earbuds,EAR-M5,94,4,15,95.07,4.88,4.87,5.4,0,37.9,0,0,refurbished,12,108,2,7.4,4,0,3.86,,Yes,90.68,19.94,28000,-17.86,23000,11.5,0.0,0,low
S00327,small,Laptop,LAP-M1,153,1,70,95.4,0.98,0.51,0.8,0,44.1,0,1,new,12,509,9,5.47,3,0,4.55,,Yes,93.78,15.87,38000,-0.13,37950,67.2,0.0,0,low
S00212,medium,Gaming Console,CON-M1,901,15,62,94.07,3.42,3.81,3.1,2,49.7,1,1,new,12,47,15,3.51,32,1,4.12,4.09,Yes,93.27,7.07,38000,2.63,39000,88.2,0.0,0,low
S00455,medium,Wi-Fi Router,RTR-M3,3907,92,55,90.15,5.04,6.65,13.3,6,49.8,1,1,new,12,228,9,6.01,97,6,3.38,3.59,No,96.23,6.21,5500,-1.27,5430,58.7,0.0,0,low
S00522,small,Wireless Earbuds,EAR-M5,222,13,18,93.81,2.42,2.63,1.9,1,44.3,0,0,new,6,283,2,8.1,7,1,3.66,3.67,Yes,98.86,13.73,28000,4.82,29350,94.2,0.0,0,low
S00418,small,Wireless Earbuds,EAR-M5,52,7,10,84.61,6.64,7.77,7.1,0,49.0,1,0,new,12,197,5,11.92,1,0,2.01,,No,86.96,7.66,28000,-2.32,27350,40.4,0.0,0,low
S00146,small,Bluetooth Speaker,SPK-M1,100,9,10,100.0,1.64,1.35,1.0,0,55.3,1,0,used,0,139,12,5.04,1,0,4.69,,Yes,92.08,7.64,1500,-14.0,1290,16.7,0.0,0,low
S00322,big,Bluetooth Speaker,SPK-M2,13542,231,65,99.08,0.88,1.45,1.7,9,43.2,1,1,new,6,688,119,5.12,256,11,4.57,4.62,Yes,98.82,5.63,3500,-4.29,3350,22.5,0.0,0,low
S00348,medium,Gaming Console,CON-M3,2039,66,23,97.42,1.54,2.09,2.1,0,38.6,1,0,new,12,173,19,2.95,40,4,4.72,5.0,Yes,96.34,9.69,62000,1.69,63050,78.0,0.0,0,low
S00378,medium,Laptop,LAP-M1,1033,22,63,93.23,3.63,4.56,4.7,0,35.7,1,0,new,6,509,20,7.52,14,1,3.79,4.14,Yes,96.0,8.34,38000,-2.76,36950,53.7,0.0,0,low
S00043,small,Wireless Earbuds,EAR-M2,87,5,11,99.05,0.44,1.67,0.6,0,46.6,1,0,new,0,330,7,4.57,8,1,4.99,4.89,Yes,95.78,4.17,2500,2.8,2570,91.3,0.0,0,low
S00040,medium,Gaming Console,CON-M4,1366,21,67,90.64,5.56,6.08,3.9,2,51.8,0,0,new,6,1337,11,5.14,39,1,3.52,3.52,No,93.45,13.81,78000,-2.56,76000,36.4,0.0,0,low
S00514,small,Smart TV,TV-M2,143,13,9,92.58,1.77,5.69,5.1,0,49.3,1,0,new,12,128,4,5.1,15,5,3.25,3.08,No,100.0,7.44,35000,4.71,36650,91.5,0.0,0,low
S00442,small,Wireless Earbuds,EAR-M2,23,0,20,99.62,1.5,4.06,2.8,0,72.1,0,0,used,12,102,23,8.0,3,0,3.45,,No,86.77,8.89,2500,-52.0,1200,2.2,0.0,0,low
S00121,medium,Smartwatch,WCH-M3,1856,18,63,98.5,0.85,1.5,2.2,0,44.9,1,0,new,0,100,23,6.03,43,1,4.14,4.13,Yes,93.69,6.7,9000,-3.33,8700,33.9,0.0,0,low
S00532,small,Desktop Computer,PC-M3,195,10,11,88.49,6.3,8.18,4.1,0,50.5,0,0,new,6,156,4,8.55,16,2,2.6,2.47,No,91.52,6.59,65000,0.23,65150,72.9,0.0,0,low
S00369,small,Desktop Computer,PC-M5,356,14,18,91.66,4.88,5.25,3.7,0,77.3,0,0,new,12,147,6,5.98,28,3,2.94,3.28,No,92.91,21.78,160000,-2.41,156150,34.6,0.0,0,low
S00273,small,Smartwatch,WCH-M1,118,6,18,96.05,3.22,3.43,4.3,0,32.3,0,0,refurbished,12,38,13,6.48,10,2,3.82,3.93,Yes,92.98,3.0,2000,-42.5,1150,2.3,0.0,0,low
S00362,small,Laptop,LAP-M2,251,12,25,93.74,2.71,3.52,5.8,0,80.8,0,0,refurbished,3,336,5,5.24,25,4,3.68,3.67,Yes,100.0,19.18,55000,-29.91,38550,9.6,0.0,0,low
S00167,big,Wireless Earbuds,EAR-M4,29079,775,47,97.51,1.39,1.9,2.3,18,37.2,1,1,new,12,67,72,5.05,402,39,4.28,4.29,Yes,92.69,12.74,12000,-6.25,11250,17.3,0.0,0,low
S00354,small,Desktop Computer,PC-M3,97,3,16,95.88,1.04,2.11,1.8,0,32.1,0,0,new,12,69,9,6.66,2,0,3.75,,Yes,99.09,26.73,65000,1.15,65750,81.2,0.0,0,low
S00322,big,Laptop,LAP-M5,13542,231,65,99.08,0.88,1.45,1.7,9,43.2,1,1,new,12,14,119,4.63,262,14,5.0,4.97,Yes,89.58,18.32,190000,-5.95,178700,36.8,0.0,0,low
S00232,small,Wi-Fi Router,RTR-M4,432,32,12,91.27,4.16,4.71,8.7,0,31.9,1,0,new,12,63,7,5.37,12,2,2.9,2.83,No,84.62,17.56,9500,-0.84,9420,58.3,0.0,0,low
S00202,medium,Gaming Console,CON-M2,644,16,34,98.09,1.62,1.85,1.8,1,52.6,1,0,new,0,950,5,1.86,25,2,4.71,4.45,Yes,98.28,11.73,52000,28.56,66850,100.0,0.0,0,low
S00132,medium,Mobile Phone,MOB-M4,2214,147,17,96.17,2.4,3.17,1.8,2,26.9,1,0,new,6,216,89,6.33,41,8,4.12,4.17,Yes,95.92,13.58,65000,-6.15,61000,35.6,0.0,0,low
S00060,small,Smartwatch,WCH-M5,192,5,27,95.56,3.49,3.7,5.4,1,64.9,0,0,new,3,86,6,4.11,8,0,3.9,,Yes,88.39,18.05,45000,-1.56,44300,46.3,0.0,0,low
S00277,big,Gaming Console,CON-M5,44244,759,51,98.56,0.95,1.46,1.1,16,56.4,1,1,new,12,97,76,2.68,390,12,4.23,4.1,Yes,91.09,10.29,95000,-6.11,89200,33.9,0.0,0,low
S00353,medium,Smartwatch,WCH-M2,1270,11,55,95.55,2.39,2.99,2.5,1,47.4,1,1,new,12,292,17,5.31,24,0,4.25,,Yes,100.0,27.46,4500,1.78,4580,83.7,0.0,0,low
S00158,medium,Gaming Console,CON-M3,858,88,10,99.17,1.31,1.51,1.6,0,56.1,1,0,new,0,32,29,4.92,16,5,4.27,4.36,Yes,99.46,6.55,62000,2.02,63250,82.0,0.0,0,low
S00396,medium,Digital Camera,CAM-M1,1760,49,29,89.56,5.0,6.85,3.8,6,10.4,1,1,new,12,51,33,2.22,13,1,3.53,3.28,No,90.2,13.76,35000,-0.43,34850,63.5,0.0,0,low
S00028,big,Digital Camera,CAM-M4,10246,214,30,98.28,1.01,1.67,1.1,13,37.1,1,0,new,0,19,111,2.79,125,6,4.6,4.42,Yes,91.62,2.8,100000,-6.15,93850,16.0,0.0,0,low
S00380,medium,Bluetooth Speaker,SPK-M5,735,7,56,94.31,2.93,4.7,6.4,0,58.0,1,0,new,12,206,17,5.14,16,0,3.79,,Yes,90.48,16.5,30000,-2.83,29150,35.8,0.0,0,low
S00070,medium,Digital Camera,CAM-M4,1345,43,33,99.17,0.95,1.58,1.0,1,31.8,1,0,new,3,187,36,2.17,36,2,4.81,4.93,Yes,99.8,2.88,100000,-3.15,96850,26.0,0.0,0,low
S00321,small,Bluetooth Speaker,SPK-M1,398,90,3,95.37,4.03,3.6,3.5,1,43.0,1,0,new,3,90,5,5.22,24,17,3.68,3.66,Yes,97.37,15.63,1500,4.67,1570,92.9,0.0,0,low
S00534,small,Power Bank,PWR-M1,195,6,26,97.15,1.13,2.81,2.5,0,75.3,0,0,refurbished,6,313,4,3.69,29,3,4.37,4.24,Yes,93.48,3.7,1100,-19.09,890,10.0,0.0,0,low
S00349,small,Wireless Earbuds,EAR-M5,78,8,9,88.45,3.38,4.06,1.9,0,50.1,0,0,new,12,270,19,8.7,16,5,3.34,3.35,No,87.17,5.13,28000,3.04,28850,88.5,0.0,0,low
S00277,big,Laptop,LAP-M4,44244,759,51,98.56,0.95,1.46,1.1,16,56.4,1,1,new,12,117,42,5.04,824,32,5.0,4.93,Yes,100.0,9.74,120000,-1.54,118150,63.5,0.0,0,low
S00305,small,Smart TV,TV-M3,194,6,29,98.08,1.19,1.3,3.4,0,43.7,0,0,new,6,87,15,2.21,12,1,4.86,4.85,Yes,94.88,5.73,55000,3.09,56700,82.1,0.0,0,low
S00520,small,Power Bank,PWR-M5,700,40,13,96.47,2.66,4.21,2.9,1,62.4,0,0,new,6,310,9,6.31,33,6,3.66,3.57,Yes,89.09,31.5,8500,-1.88,8340,58.3,0.0,0,low
S00188,small,Laptop,LAP-M5,175,2,40,94.34,2.86,3.36,2.6,0,43.4,0,0,refurbished,12,9,5,6.67,27,1,3.76,3.62,Yes,99.86,13.16,190000,-42.55,109150,10.5,0.0,0,low
S00410,small,Smart TV,TV-M5,103,6,23,92.11,3.73,5.67,4.1,0,42.2,0,0,new,6,313,43,5.72,7,1,4.15,4.16,Yes,94.52,9.98,180000,-5.44,170200,19.6,0.0,0,low
S00075,big,Wi-Fi Router,RTR-M2,31838,212,94,95.92,2.22,2.98,2.8,30,24.2,1,1,new,3,10,75,5.69,577,9,3.87,3.73,Yes,88.2,25.73,3200,-2.81,3110,50.0,0.0,0,low
S00489,small,Mobile Phone,MOB-M4,180,11,12,97.92,0.3,1.8,2.1,0,52.9,1,0,new,6,360,8,4.53,12,1,4.77,4.69,Yes,100.0,13.06,65000,-6.62,60700,33.3,0.0,0,low
S00210,big,Bluetooth Speaker,SPK-M5,13189,193,98,95.84,2.16,2.87,2.0,13,32.6,1,0,new,12,317,193,4.65,121,6,4.25,4.12,Yes,91.81,8.07,30000,-2.67,29200,39.6,0.0,0,low
S00335,small,Digital Camera,CAM-M4,91,2,34,99.25,0.1,4.08,2.9,0,46.5,0,0,new,12,535,15,2.67,7,0,4.33,,Yes,96.39,3.1,100000,0.35,100350,70.0,0.0,0,low
S00056,medium,Smart TV,TV-M2,1104,29,40,96.31,1.15,2.1,1.2,0,62.9,1,1,new,12,127,27,3.71,44,3,4.59,4.7,Yes,91.43,5.75,35000,-3.71,33700,44.1,0.0,0,low
S00296,big,Power Bank,PWR-M1,17968,277,80,98.07,1.13,1.72,1.6,15,19.4,1,1,new,12,352,53,3.4,172,7,4.8,4.96,Yes,97.79,18.85,1100,35.45,1490,98.0,0.0,0,low
S00211,small,Smart TV,TV-M1,207,21,7,95.62,3.72,3.34,6.3,0,22.6,0,0,new,6,127,29,6.38,10,3,3.56,3.68,No,96.73,15.3,22000,4.32,22950,89.6,0.0,0,low
S00048,small,Gaming Console,CON-M2,275,9,34,97.1,2.06,1.48,1.5,0,60.9,1,0,new,12,48,7,2.62,14,1,4.94,4.62,Yes,93.14,5.95,52000,-0.87,51550,47.2,0.0,0,low
S00404,small,Bluetooth Speaker,SPK-M3,143,6,24,98.16,0.46,1.32,1.4,0,59.2,1,0,refurbished,6,292,4,7.18,6,1,3.88,3.72,Yes,92.21,12.11,7000,-25.43,5220,9.1,0.0,0,low
S00046,medium,Wireless Earbuds,EAR-M4,1035,47,21,96.96,1.02,1.95,1.0,0,20.2,0,0,new,6,630,18,5.15,66,8,4.22,4.39,Yes,96.85,26.47,12000,-4.58,11450,28.8,0.0,0,low
S00113,big,Smartwatch,WCH-M4,11440,310,57,97.48,1.52,2.11,1.9,6,25.3,1,1,new,12,892,230,7.63,135,11,4.23,4.47,Yes,91.77,5.86,22000,-4.09,21100,38.2,0.0,0,low
S00065,medium,Mobile Phone,MOB-M1,2352,46,26,98.06,1.29,1.77,1.5,0,61.2,1,0,used,3,207,61,2.12,26,1,4.25,4.4,Yes,93.29,24.08,12000,-35.42,7750,12.1,0.0,0,low
S00372,small,Wi-Fi Router,RTR-M1,66,5,14,95.99,2.31,3.3,1.9,0,49.2,1,0,new,0,249,48,3.18,5,1,4.05,4.12,Yes,94.31,10.22,1800,1.11,1820,76.0,0.0,0,low
S00336,small,Digital Camera,CAM-M3,38,9,6,93.46,4.13,3.44,8.8,0,65.0,1,0,new,6,125,8,4.31,7,5,3.73,3.32,Yes,93.72,15.31,80000,-7.44,74050,19.6,0.0,0,low
S00367,small,Laptop,LAP-M1,87,3,16,94.51,3.61,2.9,3.1,0,36.2,0,0,new,6,480,7,6.81,16,1,3.67,3.78,Yes,96.65,30.7,38000,3.42,39300,89.6,0.0,0,low
S00215,small,Mobile Phone,MOB-M1,16,10,2,80.53,3.67,8.49,5.4,0,13.0,0,0,new,12,23,3,5.67,1,1,4.84,4.47,Yes,16.98,32.7,12000,-22.5,9300,17.2,1.0,100,high
S00081,small,Wi-Fi Router,RTR-M1,355,8,27,97.68,1.52,2.76,3.6,0,36.9,1,0,refurbished,12,53,9,3.39,38,3,4.41,4.43,Yes,92.03,11.89,1800,-39.44,1090,4.0,0.0,0,low
S00130,medium,Mobile Phone,MOB-M5,721,36,32,95.95,2.71,3.21,3.9,0,43.7,1,1,new,12,190,27,6.21,19,2,3.7,3.5,Yes,89.59,13.45,140000,-6.43,131000,28.0,0.0,0,low
S00480,small,Digital Camera,CAM-M2,282,18,6,91.19,4.68,6.85,5.7,2,49.8,0,0,refurbished,12,180,11,7.23,35,7,3.16,2.97,No,88.98,13.98,55000,-49.64,27700,1.7,0.0,0,low
S00370,small,Laptop,LAP-M3,178,7,27,88.15,4.68,6.36,8.2,0,7.0,0,1,new,12,395,4,9.43,16,1,3.09,3.35,No,95.67,15.74,80000,-0.69,79450,54.7,0.0,0,low
S00145,big,Power Bank,PWR-M1,22641,132,155,95.79,2.28,2.99,3.2,23,41.7,1,0,new,3,60,167,5.26,352,5,4.28,4.39,Yes,93.27,11.14,1100,-0.91,1090,56.0,0.0,0,low
S00527,small,Smart TV,TV-M4,58,2,16,96.04,5.53,4.31,3.4,0,71.5,1,0,new,6,60,8,3.82,5,0,3.52,,No,95.73,19.42,90000,-1.94,88250,50.0,0.0,0,low
S00257,small,Smart TV,TV-M3,161,66,9,78.63,12.02,12.93,12.8,6,37.2,0,0,new,0,12,325,8.93,10,7,4.62,3.85,Yes,65.55,66.98,55000,0.27,55150,64.3,1.0,100,high
S00528,small,Wireless Earbuds,EAR-M1,60,60,1,92.5,4.25,3.04,1.6,0,86.7,0,0,new,0,30,3,9.33,2,2,3.17,3.33,No,92.39,5.53,1200,2.5,1230,87.7,0.0,0,low
S00339,medium,Wireless Earbuds,EAR-M1,976,23,46,98.5,0.47,1.44,1.9,0,51.4,1,1,new,12,88,42,4.2,48,3,4.65,4.73,Yes,99.23,10.1,1200,-1.67,1180,52.3,0.0,0,low
S00165,small,Desktop Computer,PC-M3,40,1,23,91.94,2.11,1.56,3.4,0,72.1,1,0,new,6,296,5,4.85,6,0,4.04,,Yes,95.87,22.98,65000,-1.0,64350,54.2,0.0,0,low
S00168,medium,Smartwatch,WCH-M4,823,14,51,94.05,2.74,3.23,3.5,0,54.7,1,1,new,6,808,34,8.15,16,1,3.59,3.56,No,85.63,6.84,22000,2.05,22450,89.1,0.0,0,low
S00339,medium,Smartwatch,WCH-M3,976,23,46,98.5,0.47,1.44,1.9,0,51.4,1,1,new,12,280,31,6.91,29,2,4.17,3.93,Yes,90.91,3.74,9000,-4.0,8640,27.1,0.0,0,low
S00446,medium,Gaming Console,CON-M5,2242,57,52,93.83,3.38,3.62,8.1,4,48.7,1,0,new,3,97,10,3.32,135,13,4.36,4.33,Yes,97.49,12.91,95000,-3.47,91700,46.8,0.0,0,low
S00279,small,Laptop,LAP-M4,700,48,12,93.76,3.63,5.07,3.4,0,37.1,1,0,new,12,205,6,9.42,15,2,3.4,3.49,No,93.57,7.9,120000,3.62,124350,91.9,0.0,0,low
S00383,small,Smartwatch,WCH-M4,185,9,13,96.34,1.29,2.17,2.3,0,63.1,0,0,refurbished,12,248,22,4.87,7,1,4.66,4.41,Yes,99.33,9.61,22000,-39.32,13350,7.3,0.0,0,low
S00241,small,Mobile Phone,MOB-M5,196,133,6,93.2,3.0,4.19,2.2,2,23.3,1,0,new,12,1,11,7.99,66,66,4.64,4.09,Yes,65.47,70.43,140000,0.25,140350,78.0,1.0,100,high
S00252,big,Mobile Phone,MOB-M5,12635,91,95,96.31,1.6,2.38,3.2,10,22.2,1,0,new,0,292,74,3.78,219,5,4.34,4.5,Yes,97.76,6.48,140000,-3.5,135100,42.0,0.0,0,low
S00050,small,Gaming Console,CON-M4,109,103,1,92.4,6.21,5.43,4.4,0,78.6,1,0,new,12,30,8,5.67,5,5,3.12,3.21,No,98.18,10.59,78000,-6.79,72700,21.2,0.0,0,low
S00036,big,Wi-Fi Router,RTR-M5,10995,152,61,97.1,1.6,2.17,3.2,8,24.3,1,0,new,6,109,93,4.51,144,5,4.41,4.37,Yes,92.4,14.52,16000,-3.12,15500,37.3,0.0,0,low
S00518,small,Mobile Phone,MOB-M3,26,1,18,97.37,0.92,4.31,2.0,0,40.9,0,0,new,12,190,6,4.41,1,0,4.14,,Yes,87.42,5.04,38000,0.26,38100,65.6,0.0,0,low
S00371,medium,Mobile Phone,MOB-M5,965,17,52,98.44,0.93,2.37,2.0,0,29.9,1,0,new,3,413,7,5.13,62,3,4.58,4.91,Yes,99.56,2.73,140000,-10.0,126000,22.0,0.0,0,low
S00148,big,Bluetooth Speaker,SPK-M5,12646,155,102,96.7,1.86,2.51,2.2,9,18.7,1,0,new,0,69,90,6.23,131,5,4.27,4.47,Yes,93.09,3.15,30000,-6.0,28200,13.2,0.0,0,low
S00552,small,Digital Camera,CAM-M4,86,2,18,100.0,0.23,0.9,1.4,0,40.4,0,0,new,0,128,3,2.07,6,0,4.93,,Yes,99.86,23.76,100000,0.75,100750,72.0,0.0,0,low
S00083,medium,Laptop,LAP-M5,1031,27,38,92.89,3.39,4.94,2.9,1,54.2,1,0,new,0,216,11,6.79,70,6,3.54,3.34,No,88.76,30.46,190000,-2.89,184500,50.9,0.0,0,low
S00506,small,Wi-Fi Router,RTR-M2,23,1,13,94.32,5.04,5.77,8.7,0,46.2,1,0,new,3,301,8,7.61,0,0,,,No,,,3200,0.31,3210,79.6,0.0,0,low
S00164,small,Smart TV,TV-M4,96,14,10,99.03,2.41,2.14,3.9,0,70.1,0,0,new,12,300,3,1.73,6,2,4.6,4.36,Yes,93.84,6.06,90000,6.06,95450,93.5,0.0,0,low
S00238,small,Smartwatch,WCH-M1,66,1,36,94.88,4.04,2.28,2.9,0,61.9,1,0,new,12,249,18,5.48,4,0,3.99,,Yes,95.95,17.87,2000,-3.5,1930,53.5,0.0,0,low
S00143,small,Mobile Phone,MOB-M2,46,2,24,89.76,1.5,1.58,1.9,0,54.7,1,0,new,6,46,9,2.73,1,0,4.18,,Yes,95.59,13.93,22000,-0.91,21800,69.8,0.0,0,low
S00056,medium,Smart TV,TV-M1,1104,29,40,96.31,1.15,2.1,1.2,0,62.9,1,1,new,6,83,12,5.83,25,2,4.36,4.36,Yes,88.93,25.94,22000,-3.64,21200,37.7,0.0,0,low
S00438,small,Laptop,LAP-M1,130,19,11,96.75,1.98,2.76,1.9,0,61.7,1,0,new,12,35,3,6.06,11,4,4.34,4.48,Yes,94.49,22.21,38000,1.18,38450,79.1,0.0,0,low
S00078,medium,Wireless Earbuds,EAR-M3,3467,63,83,95.06,2.65,3.55,1.8,0,52.9,1,0,new,6,230,13,7.57,114,5,3.61,3.66,Yes,92.09,4.61,5500,0.18,5510,71.2,0.0,0,low
S00028,big,Wi-Fi Router,RTR-M2,10246,214,30,98.28,1.01,1.67,1.1,13,37.1,1,0,new,6,306,162,5.23,91,5,4.72,4.79,Yes,95.14,19.22,3200,-4.37,3060,33.3,0.0,0,low
S00076,small,Digital Camera,CAM-M1,254,8,20,100.0,0.89,0.5,1.1,0,36.7,0,0,new,3,134,11,2.93,6,0,4.86,,Yes,99.47,10.88,35000,-6.14,32850,23.1,0.0,0,low
S00342,big,Smart TV,TV-M5,22236,160,105,94.67,2.81,3.61,1.9,36,32.8,1,1,new,6,249,83,6.08,352,7,3.84,3.6,Yes,100.0,12.16,180000,-6.31,168650,17.9,0.0,0,low
S00296,big,Desktop Computer,PC-M1,17968,277,80,98.07,1.13,1.72,1.6,15,19.4,1,1,new,12,185,163,5.27,232,8,4.23,4.31,Yes,99.31,1.37,30000,-0.67,29800,59.6,0.0,0,low
S00220,medium,Mobile Phone,MOB-M2,2063,69,18,92.97,3.98,4.8,3.5,5,62.9,1,1,new,12,115,11,4.84,72,7,3.95,3.7,Yes,92.21,9.82,22000,1.36,22300,83.0,0.0,0,low
S00365,small,Laptop,LAP-M2,75,6,13,94.62,6.12,6.95,3.4,0,42.7,0,0,new,6,390,2,7.08,3,1,2.98,3.28,No,91.89,4.42,55000,-1.0,54450,61.5,0.0,0,low
S00525,small,Gaming Console,CON-M2,53,40,2,85.01,7.85,10.97,7.3,1,9.5,1,0,refurbished,0,24,393,7.39,8,8,4.58,3.02,Yes,17.59,51.62,52000,-55.29,23250,5.7,1.0,100,high
S00243,small,Smart TV,TV-M2,35,23,4,88.9,9.96,11.83,9.6,1,19.8,0,0,new,0,18,252,10.46,34,34,4.75,3.46,Yes,42.18,59.34,35000,-13.14,30400,20.3,1.0,100,high
S00215,small,Gaming Console,CON-M1,16,10,2,80.53,3.67,8.49,5.4,0,13.0,0,0,refurbished,0,39,107,6.08,49,49,4.67,3.77,Yes,11.35,35.62,38000,-52.24,18150,3.9,1.0,100,high
S00517,small,Digital Camera,CAM-M5,217,10,23,99.25,2.44,0.61,1.3,0,40.6,0,0,new,3,245,6,3.38,25,4,4.53,4.69,Yes,100.0,14.14,180000,-4.11,172600,44.9,0.0,0,low
S00319,small,Mobile Phone,MOB-M2,62,4,12,86.74,5.73,6.51,3.8,0,39.9,1,0,new,6,229,11,5.17,15,3,3.53,3.59,No,92.23,28.08,22000,15.45,25400,100.0,0.0,0,low
S00062,small,Gaming Console,CON-M5,169,8,28,92.33,3.11,3.79,2.1,1,63.5,1,0,new,0,47,11,4.08,3,0,3.94,,Yes,88.0,13.62,95000,-5.68,89600,35.5,0.0,0,low
S00501,small,Wireless Earbuds,EAR-M2,92,7,14,100.0,0.12,2.0,2.2,0,39.6,1,0,new,0,274,3,5.96,2,0,4.44,,Yes,94.12,17.96,2500,-2.8,2430,54.3,0.0,0,low
S00009,small,Smartwatch,WCH-M2,188,6,32,91.27,5.17,7.29,3.2,0,35.5,1,0,new,0,121,4,9.22,11,1,3.1,3.15,No,87.35,14.73,4500,2.67,4620,87.8,0.0,0,low
S00025,small,Mobile Phone,MOB-M4,55,45,3,88.41,8.12,8.48,15.9,1,15.2,0,0,new,6,24,217,12.56,2,2,4.63,3.24,Yes,23.09,72.99,65000,-54.38,29650,4.4,1.0,100,high
S00447,small,Power Bank,PWR-M1,67,1,55,93.83,0.81,3.69,2.2,0,29.0,1,0,new,3,515,4,6.96,2,0,3.98,,Yes,96.61,8.06,1100,0.0,1100,70.0,0.0,0,low
S00007,small,Power Bank,PWR-M5,101,15,7,96.04,3.43,3.95,1.1,0,76.8,1,0,new,3,210,6,5.68,3,1,3.45,3.64,No,91.54,17.29,8500,-6.12,7980,23.3,0.0,0,low
S00097,medium,Desktop Computer,PC-M5,1721,39,68,99.11,1.13,0.94,0.7,2,50.7,1,0,new,6,172,17,3.31,79,5,4.62,4.54,Yes,95.3,6.18,160000,3.41,165450,88.5,0.0,0,low
S00332,medium,Desktop Computer,PC-M1,1380,23,59,92.41,4.0,5.1,3.0,1,41.6,1,0,new,6,65,25,6.35,27,1,3.68,3.79,Yes,92.14,17.0,30000,-1.33,29600,54.4,0.0,0,low
S00086,small,Power Bank,PWR-M3,78,10,7,100.0,1.07,3.45,1.4,0,32.2,0,0,new,6,82,7,5.36,2,1,4.4,4.28,Yes,92.21,6.58,3000,-1.0,2970,54.8,0.0,0,low
S00425,medium,Laptop,LAP-M4,1915,32,56,92.44,3.7,5.17,3.0,3,59.7,1,0,new,6,363,37,6.63,50,2,3.31,3.52,No,97.74,26.88,120000,-0.42,119500,71.6,0.0,0,low
S00431,small,Bluetooth Speaker,SPK-M1,214,7,42,91.22,5.16,6.64,8.1,2,56.6,0,1,new,6,149,7,6.04,12,1,2.67,2.72,No,88.31,14.07,1500,5.33,1580,97.6,0.0,0,low
S00537,medium,Digital Camera,CAM-M3,1212,23,37,94.24,2.81,3.07,4.5,1,58.6,0,0,new,3,179,31,4.56,14,1,4.04,4.17,Yes,97.24,10.96,80000,1.88,81500,84.3,0.0,0,low
S00041,small,Gaming Console,CON-M5,189,20,16,100.0,0.1,1.7,1.6,0,66.1,0,0,used,6,105,5,0.81,28,8,4.8,4.79,Yes,93.53,10.87,95000,-16.11,79700,21.0,0.0,0,low
S00356,small,Smartwatch,WCH-M3,156,6,25,97.87,0.91,0.96,0.8,0,59.3,0,0,new,0,125,7,4.64,5,0,4.95,,Yes,95.61,7.42,9000,1.11,9100,86.4,0.0,0,low
S00357,small,Wireless Earbuds,EAR-M1,54,3,27,89.78,5.71,10.1,7.8,0,74.9,0,0,new,12,386,4,8.78,2,0,2.98,,No,92.4,14.75,1200,0.0,1200,66.2,0.0,0,low
S00102,small,Desktop Computer,PC-M4,41,15,4,92.03,2.5,5.07,3.1,1,61.2,0,0,new,12,70,4,3.25,2,2,4.23,4.38,Yes,92.3,16.15,95000,-6.84,88500,19.6,0.0,0,low
S00292,small,Digital Camera,CAM-M2,118,16,10,98.44,3.82,4.12,4.9,0,56.8,1,0,new,12,72,9,4.86,11,3,3.87,3.81,Yes,96.49,6.87,55000,4.27,57350,88.3,0.0,0,low
S00520,small,Bluetooth Speaker,SPK-M5,700,40,13,96.47,2.66,4.21,2.9,1,62.4,0,0,new,6,206,7,4.67,17,3,3.58,3.63,No,93.85,8.29,30000,2.0,30600,86.8,0.0,0,low
S00489,small,Laptop,LAP-M3,180,11,12,97.92,0.3,1.8,2.1,0,52.9,1,0,new,3,249,8,5.09,6,1,4.56,4.07,Yes,96.86,17.82,80000,2.88,82300,76.6,0.0,0,low
S00181,medium,Digital Camera,CAM-M1,2490,46,45,98.81,1.08,1.62,3.8,1,42.5,1,0,new,0,41,22,2.91,40,2,4.33,4.38,Yes,97.27,5.11,35000,-8.0,32200,15.4,0.0,0,low
S00376,small,Laptop,LAP-M4,99,6,23,97.62,1.57,0.45,2.5,0,62.1,0,0,new,0,143,8,7.66,6,1,4.04,4.25,Yes,98.54,20.93,120000,0.33,120400,77.0,0.0,0,low
S00335,small,Smartwatch,WCH-M2,91,2,34,99.25,0.1,4.08,2.9,0,46.5,0,0,used,12,510,8,5.04,4,0,4.05,,Yes,85.42,16.15,4500,-40.67,2670,4.1,0.0,0,low
S00422,small,Gaming Console,CON-M2,173,8,15,97.39,2.56,2.15,1.7,0,39.8,1,0,new,12,77,6,2.12,28,3,4.45,4.32,Yes,94.94,14.84,52000,-0.38,51800,56.6,0.0,0,low
S00065,medium,Smart TV,TV-M1,2352,46,26,98.06,1.29,1.77,1.5,0,61.2,1,0,new,6,26,18,4.3,32,1,4.44,4.66,Yes,96.55,2.55,22000,-8.18,20200,23.4,0.0,0,low
S00200,small,Wi-Fi Router,RTR-M3,251,6,43,96.73,1.88,2.47,5.1,0,33.0,0,0,new,12,1290,3,5.93,15,1,4.25,4.37,Yes,90.49,16.67,5500,2.0,5610,76.1,0.0,0,low
S00082,small,Wi-Fi Router,RTR-M1,218,19,11,93.64,3.14,2.12,1.6,0,44.5,0,0,new,12,26,5,3.34,12,3,4.8,4.79,Yes,91.89,3.88,1800,-3.33,1740,40.0,0.0,0,low
S00250,medium,Mobile Phone,MOB-M3,1278,27,47,91.69,3.84,5.41,4.3,4,42.6,0,0,new,3,77,16,4.62,17,1,3.36,3.57,No,95.18,22.9,38000,-2.37,37100,49.2,0.0,0,low
S00505,medium,Desktop Computer,PC-M3,2401,45,33,98.15,1.56,1.8,1.6,3,21.4,1,0,new,12,60,27,2.91,27,1,4.71,4.44,Yes,95.28,20.21,65000,-3.08,63000,35.4,0.0,0,low
S00499,small,Laptop,LAP-M2,19,0,41,99.96,4.9,4.91,7.1,0,66.4,0,0,new,12,181,7,6.47,0,0,,,No,,,55000,1.36,55750,76.9,0.0,0,low
S00135,small,Gaming Console,CON-M1,53,31,5,79.82,9.74,13.0,4.8,5,15.2,0,0,new,0,48,205,10.07,62,62,4.58,3.33,Yes,11.04,51.05,38000,-38.16,23500,7.8,1.0,100,high
S00451,small,Mobile Phone,MOB-M3,456,50,12,92.49,4.12,4.18,6.4,1,76.1,1,0,new,12,93,9,3.95,26,8,3.64,3.84,Yes,93.53,9.58,38000,-6.58,35500,29.5,0.0,0,low
S00291,small,Desktop Computer,PC-M4,154,7,16,95.89,1.48,1.64,1.0,0,39.7,1,0,new,0,197,1,2.69,8,1,4.97,4.99,Yes,100.0,23.76,95000,1.37,96300,71.7,0.0,0,low
S00119,small,Wireless Earbuds,EAR-M2,278,29,7,93.92,4.65,6.11,7.8,0,62.9,1,0,new,0,210,4,8.96,18,4,3.06,2.92,No,93.82,10.34,2500,-8.0,2300,23.9,0.0,0,low
S00145,big,Mobile Phone,MOB-M4,22641,132,155,95.79,2.28,2.99,3.2,23,41.7,1,0,new,12,159,49,5.66,171,3,4.48,4.29,Yes,93.45,10.66,65000,-2.08,63650,51.1,0.0,0,low
S00238,small,Power Bank,PWR-M1,66,1,36,94.88,4.04,2.28,2.9,0,61.9,1,0,used,12,47,3,3.74,2,0,4.41,,Yes,91.02,17.71,1100,-33.64,730,6.0,0.0,0,low
S00095,medium,Mobile Phone,MOB-M5,3258,84,52,95.14,2.89,3.81,4.5,4,40.1,1,0,new,0,26,25,6.08,86,4,4.01,3.96,Yes,95.99,8.45,140000,0.64,140900,80.0,0.0,0,low
S00466,small,Smartwatch,WCH-M4,170,26,5,92.07,4.61,5.17,9.5,0,58.4,1,0,new,3,150,5,7.41,6,2,3.86,4.33,Yes,91.32,2.31,22000,-2.27,21500,58.2,0.0,0,low
S00375,small,Mobile Phone,MOB-M1,104,6,15,92.17,2.67,4.87,2.3,0,72.5,1,0,used,0,343,3,5.62,3,0,4.13,,Yes,100.0,10.17,12000,-42.5,6900,3.4,0.0,0,low
S00426,small,Smart TV,TV-M1,36,2,13,97.21,0.57,2.95,1.9,0,63.8,0,0,new,0,105,7,4.1,1,0,4.09,,Yes,97.71,6.05,22000,-2.05,21550,49.4,0.0,0,low
S00444,small,Smartwatch,WCH-M5,109,23,8,95.59,1.75,2.51,3.6,0,63.1,0,0,new,0,193,7,2.88,3,1,4.71,4.48,Yes,90.75,16.98,45000,1.67,45750,75.9,0.0,0,low
S00139,medium,Desktop Computer,PC-M2,707,64,10,96.94,2.07,2.45,2.3,1,50.6,1,0,new,0,29,26,3.34,15,3,4.35,4.51,Yes,94.66,16.2,45000,-0.22,44900,67.9,0.0,0,low
S00268,small,Gaming Console,CON-M4,16,10,5,80.57,13.88,14.51,8.4,0,34.8,0,0,new,0,15,75,9.64,31,31,4.58,3.62,Yes,43.99,48.22,78000,-34.81,50850,9.1,1.0,100,high
S00342,big,Smartwatch,WCH-M4,22236,160,105,94.67,2.81,3.61,1.9,36,32.8,1,1,new,12,121,96,7.21,212,4,3.74,3.57,Yes,97.33,14.37,22000,-5.68,20750,25.5,0.0,0,low
S00421,medium,Smart TV,TV-M2,1312,34,26,94.43,2.88,2.79,2.6,2,36.1,0,0,new,6,384,28,5.32,41,2,4.18,4.47,Yes,91.92,1.5,35000,-2.43,34150,50.8,0.0,0,low
S00026,small,Laptop,LAP-M5,700,21,22,90.8,4.9,5.76,3.7,1,69.6,1,0,new,0,160,3,7.06,17,1,3.24,3.12,No,92.21,18.09,190000,4.84,199200,89.5,0.0,0,low
S00428,small,Wireless Earbuds,EAR-M4,93,3,27,94.49,2.92,3.52,2.2,0,75.1,0,0,new,0,18,4,7.38,2,0,4.35,,Yes,95.99,10.32,12000,-0.42,11950,65.4,0.0,0,low
S00112,small,Laptop,LAP-M5,85,9,12,89.92,2.32,2.85,3.3,0,66.1,0,0,used,12,176,2,5.5,3,1,3.36,3.2,No,87.81,17.91,190000,-46.08,102450,7.0,0.0,0,low
S00174,small,Smart TV,TV-M4,282,9,23,99.69,2.44,2.85,1.2,1,63.9,0,0,new,3,690,7,1.81,16,1,4.02,4.42,Yes,95.36,2.15,90000,3.06,92750,82.3,0.0,0,low
S00154,small,Wi-Fi Router,RTR-M2,66,26,3,96.77,1.44,4.26,3.9,0,47.9,1,0,new,12,90,11,3.74,6,5,3.93,3.98,Yes,93.13,18.53,3200,4.69,3350,96.3,0.0,0,low
S00378,medium,Wi-Fi Router,RTR-M4,1033,22,63,93.23,3.63,4.56,4.7,0,35.7,1,0,new,0,48,18,5.54,14,1,3.26,3.02,No,95.51,29.21,9500,-4.21,9100,28.3,0.0,0,low
S00537,medium,Smartwatch,WCH-M1,1212,23,37,94.24,2.81,3.07,4.5,1,58.6,0,0,new,12,223,33,6.67,24,1,3.53,3.61,No,98.11,4.54,2000,-7.0,1860,14.0,0.0,0,low
S00217,small,Smartwatch,WCH-M1,110,15,8,96.95,0.52,1.36,0.7,0,52.6,1,0,new,3,81,4,4.95,5,2,4.52,4.51,Yes,95.38,16.15,2000,-3.5,1930,53.5,0.0,0,low
S00305,small,Digital Camera,CAM-M5,194,6,29,98.08,1.19,1.3,3.4,0,43.7,0,0,new,6,623,3,2.72,6,1,4.75,4.87,Yes,98.15,7.88,180000,26.11,227000,100.0,0.0,0,low
S00334,small,Desktop Computer,PC-M5,66,1,44,97.7,2.28,2.44,1.2,0,45.2,1,0,new,0,67,9,5.44,6,0,4.01,,Yes,94.98,8.46,160000,0.41,160650,59.6,0.0,0,low
S00300,small,Smart TV,TV-M5,305,41,9,83.2,9.42,10.03,4.9,1,61.0,1,0,new,3,202,17,11.54,14,4,1.96,1.84,No,87.07,8.21,180000,-1.36,177550,46.4,0.0,0,low
S00277,big,Desktop Computer,PC-M4,44244,759,51,98.56,0.95,1.46,1.1,16,56.4,1,1,new,3,1530,31,4.55,751,34,4.53,4.37,Yes,92.21,6.89,95000,1.37,96300,71.7,0.0,0,low
S00148,big,Digital Camera,CAM-M1,12646,155,102,96.7,1.86,2.51,2.2,9,18.7,1,0,new,3,178,77,3.09,131,5,4.44,4.33,Yes,93.58,23.71,35000,-2.71,34050,46.2,0.0,0,low
S00332,medium,Bluetooth Speaker,SPK-M4,1380,23,59,92.41,4.0,5.1,3.0,1,41.6,1,0,new,12,52,16,6.48,60,3,3.42,3.78,No,92.6,11.06,14000,2.14,14300,76.5,0.0,0,low
S00432,small,Bluetooth Speaker,SPK-M3,131,32,4,92.77,3.23,3.36,3.2,0,91.2,0,0,new,6,120,6,5.97,3,2,4.1,4.1,Yes,94.93,13.7,7000,0.14,7010,67.3,0.0,0,low
S00505,medium,Mobile Phone,MOB-M3,2401,45,33,98.15,1.56,1.8,1.6,3,21.4,1,0,new,12,336,24,3.35,34,1,4.3,4.67,Yes,87.26,3.25,38000,-3.95,36500,36.1,0.0,0,low
S00078,medium,Gaming Console,CON-M2,3467,63,83,95.06,2.65,3.55,1.8,0,52.9,1,0,new,6,40,32,2.42,97,5,4.3,4.29,Yes,100.0,22.7,52000,7.31,55800,96.2,0.0,0,low
S00444,small,Power Bank,PWR-M5,109,23,8,95.59,1.75,2.51,3.6,0,63.1,0,0,new,0,72,27,5.91,4,4,4.41,4.46,Yes,94.0,0.5,8500,-2.24,8310,55.0,0.0,0,low
S00148,big,Digital Camera,CAM-M4,12646,155,102,96.7,1.86,2.51,2.2,9,18.7,1,0,new,0,325,119,2.49,90,2,4.12,4.37,Yes,100.0,1.23,100000,-1.95,98050,38.0,0.0,0,low
S00302,small,Laptop,LAP-M1,145,5,28,100.0,2.59,1.58,1.2,0,63.7,0,0,used,6,119,7,3.83,8,1,4.74,4.61,Yes,94.87,21.04,38000,-15.0,32300,25.4,0.0,0,low
S00166,small,Bluetooth Speaker,SPK-M3,127,20,11,94.72,0.82,2.71,3.0,0,62.1,0,0,new,3,166,5,6.2,6,5,4.07,3.69,Yes,97.35,10.84,7000,-2.86,6800,41.8,0.0,0,low
S00252,big,Wireless Earbuds,EAR-M2,12635,91,95,96.31,1.6,2.38,3.2,10,22.2,1,0,new,6,485,125,3.88,281,7,4.48,4.72,Yes,94.58,7.47,2500,-5.2,2370,37.0,0.0,0,low
S00385,medium,Laptop,LAP-M3,933,8,50,97.27,1.29,1.35,2.9,2,25.1,1,0,new,6,142,12,6.44,8,0,4.71,,Yes,96.49,10.17,80000,-5.37,75700,31.2,0.0,0,low
S00415,big,Bluetooth Speaker,SPK-M2,15112,167,80,96.28,1.98,2.82,6.1,13,30.5,1,1,new,12,161,124,4.57,267,8,3.92,4.44,Yes,98.03,3.16,3500,-3.71,3370,30.0,0.0,0,low
S00233,small,Smart TV,TV-M4,46,3,13,86.53,4.33,7.19,7.7,0,54.4,1,1,new,6,89,22,8.44,4,1,2.76,2.6,No,94.74,10.32,90000,-7.0,83700,19.4,0.0,0,low
S00314,small,Desktop Computer,PC-M5,98,3,27,99.04,0.27,0.67,1.3,0,52.5,1,0,new,6,142,8,2.33,6,1,4.41,4.31,Yes,92.64,6.33,160000,3.31,165300,86.5,0.0,0,low
S00063,small,Gaming Console,CON-M4,669,43,19,91.08,4.23,5.95,7.3,1,49.3,0,0,new,12,90,6,7.4,73,8,3.27,3.33,No,92.66,13.25,78000,0.06,78050,69.7,0.0,0,low
S00421,medium,Desktop Computer,PC-M4,1312,34,26,94.43,2.88,2.79,2.6,2,36.1,0,0,used,3,110,19,5.86,37,3,4.14,3.9,Yes,89.73,10.63,95000,-36.58,60250,6.5,0.0,0,low
S00531,medium,Mobile Phone,MOB-M5,1044,27,37,99.13,0.58,1.33,1.8,0,34.6,1,0,new,0,64,27,4.9,19,2,4.39,4.32,Yes,100.0,6.52,140000,2.86,144000,92.0,0.0,0,low
S00277,big,Mobile Phone,MOB-M2,44244,759,51,98.56,0.95,1.46,1.1,16,56.4,1,1,new,12,761,46,5.1,379,14,4.29,4.37,Yes,100.0,4.31,22000,-2.05,21550,58.5,0.0,0,low
S00071,small,Digital Camera,CAM-M4,138,7,13,97.66,0.34,1.46,0.8,0,48.0,1,0,new,6,138,8,0.87,4,1,4.74,5.0,Yes,100.0,5.41,100000,-0.8,99200,62.0,0.0,0,low
S00219,small,Bluetooth Speaker,SPK-M3,58,6,9,92.46,4.59,4.71,6.0,0,28.8,0,0,new,6,134,4,6.95,2,0,3.08,,No,90.38,52.07,7000,1.14,7080,70.9,0.0,0,low
S00051,medium,Wi-Fi Router,RTR-M2,2738,59,34,96.71,1.48,2.21,1.7,2,55.8,1,0,new,3,960,32,6.87,90,6,3.97,4.2,Yes,91.01,18.76,3200,-4.06,3070,35.2,0.0,0,low
S00210,big,Smart TV,TV-M5,13189,193,98,95.84,2.16,2.87,2.0,13,32.6,1,0,new,12,836,115,4.64,299,10,4.53,4.64,Yes,95.96,25.66,180000,-2.86,174850,33.9,0.0,0,low
S00155,medium,Smart TV,TV-M4,1521,36,36,95.68,2.08,2.82,1.8,3,42.8,1,0,new,0,114,11,1.34,109,8,4.4,4.19,Yes,100.0,21.09,90000,1.94,91750,77.4,0.0,0,low
S00184,small,Smart TV,TV-M3,102,5,22,87.4,3.75,4.88,4.8,0,58.6,0,0,new,6,121,18,3.88,16,2,3.42,3.14,No,99.93,9.23,55000,-1.73,54050,42.9,0.0,0,low
S00145,big,Mobile Phone,MOB-M2,22641,132,155,95.79,2.28,2.99,3.2,23,41.7,1,0,new,6,40,38,5.79,396,5,3.71,3.43,Yes,94.8,6.88,22000,-3.41,21250,43.4,0.0,0,low
S00065,medium,Mobile Phone,MOB-M2,2352,46,26,98.06,1.29,1.77,1.5,0,61.2,1,0,new,0,209,38,2.63,17,1,4.57,4.41,Yes,100.0,20.49,22000,-1.82,21600,62.3,0.0,0,low
S00028,big,Smartwatch,WCH-M4,10246,214,30,98.28,1.01,1.67,1.1,13,37.1,1,0,new,12,194,63,8.03,209,13,3.73,3.89,Yes,92.83,25.37,22000,-8.41,20150,20.0,0.0,0,low
S00398,small,Laptop,LAP-M5,21,13,4,74.79,14.57,13.92,10.0,1,13.2,0,0,new,0,1,311,13.27,1,1,4.63,2.97,Yes,16.1,69.13,190000,-66.79,63100,3.5,1.0,100,high
S00286,small,Wireless Earbuds,EAR-M2,67,5,15,100.0,0.1,1.28,2.5,0,47.2,0,0,refurbished,12,450,5,2.39,3,1,4.67,4.4,Yes,100.0,20.03,2500,-20.0,2000,15.2,0.0,0,low
S00396,medium,Bluetooth Speaker,SPK-M2,1760,49,29,89.56,5.0,6.85,3.8,6,10.4,1,1,new,12,391,21,6.98,16,2,3.23,3.39,No,89.58,8.33,3500,2.0,3570,75.0,0.0,0,low
S00261,medium,Digital Camera,CAM-M1,6000,328,10,98.06,1.12,1.81,2.5,6,47.0,1,0,new,6,300,6,2.18,153,17,4.48,4.2,Yes,94.8,3.39,35000,-6.29,32800,21.2,0.0,0,low
S00046,medium,Power Bank,PWR-M4,1035,47,21,96.96,1.02,1.95,1.0,0,20.2,0,0,new,6,40,18,3.58,46,5,4.89,4.61,Yes,100.0,9.74,4800,3.33,4960,80.0,0.0,0,low
S00226,small,Smart TV,TV-M1,138,13,10,95.82,2.53,2.25,3.3,0,54.9,0,0,new,12,184,7,3.4,10,3,4.76,4.87,Yes,95.72,29.67,22000,-0.68,21850,58.4,0.0,0,low
S00375,small,Digital Camera,CAM-M5,104,6,15,92.17,2.67,4.87,2.3,0,72.5,1,0,new,12,88,10,4.99,5,1,4.11,4.09,Yes,94.22,13.21,180000,-1.61,177100,65.3,0.0,0,low
S00396,medium,Smartwatch,WCH-M3,1760,49,29,89.56,5.0,6.85,3.8,6,10.4,1,1,new,12,33,34,10.07,20,1,3.37,3.38,No,94.49,10.02,9000,5.44,9490,98.3,0.0,0,low
S00145,big,Laptop,LAP-M1,22641,132,155,95.79,2.28,2.99,3.2,23,41.7,1,0,new,6,125,33,6.84,226,3,3.7,3.73,Yes,93.47,9.23,38000,-3.95,36500,38.8,0.0,0,low
S00031,small,Smart TV,TV-M4,279,5,36,97.56,1.6,1.29,1.6,1,46.7,1,0,new,6,555,4,3.74,8,0,4.31,,Yes,96.7,14.78,90000,-3.33,87000,37.1,0.0,0,low
S00103,small,Laptop,LAP-M5,162,21,10,93.26,2.47,3.15,2.9,1,19.4,0,0,refurbished,6,84,6,4.2,2,1,3.92,3.84,Yes,97.91,15.17,190000,-46.58,101500,5.3,0.0,0,low
S00500,small,Wi-Fi Router,RTR-M4,414,16,31,94.2,3.24,4.38,5.2,2,39.2,0,1,new,12,162,8,3.57,19,2,3.5,3.39,No,97.55,3.33,9500,-0.53,9450,65.0,0.0,0,low
S00141,small,Gaming Console,CON-M4,248,9,21,92.37,3.87,4.89,5.4,0,56.6,1,0,new,6,69,34,5.07,6,0,3.54,,No,89.86,7.02,78000,0.19,78150,71.2,0.0,0,low
S00253,small,Bluetooth Speaker,SPK-M2,60,13,5,87.65,2.59,3.05,2.7,0,44.2,1,0,new,12,150,7,5.38,1,1,3.44,3.12,No,94.39,11.1,3500,0.0,3500,60.0,0.0,0,low
S00123,small,Desktop Computer,PC-M5,98,21,4,95.67,2.26,0.07,1.2,0,58.9,0,0,used,12,65,2,2.18,8,4,4.66,4.29,Yes,98.85,19.44,160000,-38.75,98000,5.8,0.0,0,low
S00297,small,Bluetooth Speaker,SPK-M2,50,2,12,99.38,1.56,2.57,1.2,0,51.8,1,0,new,12,238,4,3.16,5,0,4.63,,Yes,98.11,2.18,3500,-3.43,3380,32.5,0.0,0,low
S00522,small,Power Bank,PWR-M4,222,13,18,93.81,2.42,2.63,1.9,1,44.3,0,0,new,3,194,2,5.35,8,1,3.95,4.05,Yes,91.51,10.41,4800,5.83,5080,91.7,0.0,0,low
S00428,small,Laptop,LAP-M2,93,3,27,94.49,2.92,3.52,2.2,0,75.1,0,0,new,12,181,5,4.5,9,1,4.26,4.24,Yes,95.29,11.1,55000,0.09,55050,69.2,0.0,0,low
S00424,small,Bluetooth Speaker,SPK-M1,209,15,9,93.84,1.89,3.05,2.9,0,68.1,0,0,new,12,13,2,6.51,7,1,3.97,4.01,Yes,90.33,11.55,1500,-22.0,1170,9.5,0.0,0,low
S00396,medium,Bluetooth Speaker,SPK-M5,1760,49,29,89.56,5.0,6.85,3.8,6,10.4,1,1,new,6,336,36,7.57,44,3,2.94,2.97,No,87.42,3.86,30000,1.67,30500,81.1,0.0,0,low
S00529,small,Laptop,LAP-M5,127,38,3,96.94,2.43,3.69,3.0,0,50.1,1,0,new,6,90,7,5.59,5,3,4.61,4.59,Yes,90.31,11.17,190000,-5.05,180400,42.1,0.0,0,low
S00351,small,Bluetooth Speaker,SPK-M1,81,24,4,95.08,0.19,0.99,2.2,0,57.1,0,0,used,6,65,6,2.23,4,3,4.95,5.0,Yes,100.0,43.88,1500,-18.0,1230,14.3,0.0,0,low
S00167,big,Wireless Earbuds,EAR-M1,29079,775,47,97.51,1.39,1.9,2.3,18,37.2,1,1,new,12,258,100,5.17,448,26,4.0,4.26,Yes,94.06,9.31,1200,-9.17,1090,9.2,0.0,0,low
S00530,medium,Gaming Console,CON-M5,2687,29,84,91.71,4.48,5.8,5.9,5,55.5,1,1,new,6,654,61,5.86,33,1,3.35,3.68,No,93.67,7.3,95000,0.58,95550,67.7,0.0,0,low
S00191,small,Desktop Computer,PC-M2,168,60,4,94.95,0.47,2.59,2.3,0,65.4,1,0,new,0,120,3,4.17,13,12,4.8,4.59,Yes,99.22,11.6,45000,-0.89,44600,57.1,0.0,0,low
S00167,big,Smartwatch,WCH-M3,29079,775,47,97.51,1.39,1.9,2.3,18,37.2,1,1,new,12,253,93,5.2,354,23,4.51,4.68,Yes,100.0,16.01,9000,-1.0,8910,50.8,0.0,0,low
S00167,big,Wi-Fi Router,RTR-M2,29079,775,47,97.51,1.39,1.9,2.3,18,37.2,1,1,new,12,282,109,5.94,161,10,4.35,4.24,Yes,98.59,3.47,3200,-3.12,3100,46.3,0.0,0,low
S00531,medium,Desktop Computer,PC-M3,1044,27,37,99.13,0.58,1.33,1.8,0,34.6,1,0,new,6,159,43,3.45,24,2,4.38,4.04,Yes,100.0,10.22,65000,-2.54,63350,39.6,0.0,0,low
S00322,big,Power Bank,PWR-M2,13542,231,65,99.08,0.88,1.45,1.7,9,43.2,1,1,new,12,296,620,6.07,101,5,4.49,4.35,Yes,95.85,10.06,1800,-3.89,1730,43.1,0.0,0,low
S00202,medium,Digital Camera,CAM-M4,644,16,34,98.09,1.62,1.85,1.8,1,52.6,1,0,new,12,179,27,2.82,31,2,4.5,4.22,Yes,95.42,30.18,100000,-1.15,98850,54.0,0.0,0,low
S00076,small,Bluetooth Speaker,SPK-M4,254,8,20,100.0,0.89,0.5,1.1,0,36.7,0,0,refurbished,6,600,3,4.77,5,0,4.69,,Yes,95.77,13.03,14000,-47.86,7300,3.9,0.0,0,low
S00449,small,Mobile Phone,MOB-M1,14,0,56,89.85,0.1,7.21,6.2,0,95.0,0,0,new,12,93,6,4.41,1,0,4.39,,Yes,92.57,14.28,12000,-2.5,11700,48.3,0.0,0,low
S00300,small,Desktop Computer,PC-M1,305,41,9,83.2,9.42,10.03,4.9,1,61.0,1,0,new,6,270,5,11.33,16,5,2.07,2.04,No,96.66,11.7,30000,-5.33,28400,21.1,0.0,0,low
S00132,medium,Mobile Phone,MOB-M5,2214,147,17,96.17,2.4,3.17,1.8,2,26.9,1,0,new,12,34,61,5.42,34,5,4.17,4.15,Yes,93.35,3.16,140000,-5.32,132550,32.0,0.0,0,low
S00308,medium,Smart TV,TV-M3,796,35,37,97.21,1.33,2.43,2.4,0,55.3,1,1,new,12,224,30,4.13,38,4,3.95,3.59,Yes,98.29,13.89,55000,-0.64,54650,55.4,0.0,0,low
S00299,small,Bluetooth Speaker,SPK-M2,236,25,11,94.4,4.08,4.5,5.5,1,52.8,0,0,new,0,97,7,5.26,2,1,3.33,3.24,No,95.45,15.15,3500,5.14,3680,90.0,0.0,0,low
S00189,medium,Gaming Console,CON-M2,806,41,25,91.55,4.19,5.33,3.2,2,45.2,0,0,new,12,99,29,4.61,26,3,4.0,3.71,Yes,95.16,8.58,52000,-4.23,49800,37.7,0.0,0,low
S00210,big,Laptop,LAP-M4,13189,193,98,95.84,2.16,2.87,2.0,13,32.6,1,0,new,0,109,45,5.34,87,3,4.06,4.18,Yes,96.8,15.74,120000,-8.04,110350,27.0,0.0,0,low
S00109,medium,Wireless Earbuds,EAR-M3,3182,58,50,88.93,5.41,7.21,5.7,17,47.9,1,0,new,6,340,5,8.24,108,6,3.2,2.95,No,93.1,7.26,5500,5.64,5810,93.9,0.0,0,low
S00277,big,Bluetooth Speaker,SPK-M4,44244,759,51,98.56,0.95,1.46,1.1,16,56.4,1,1,new,12,839,72,4.46,426,21,4.14,4.53,Yes,89.32,11.5,14000,-5.0,13300,23.5,0.0,0,low
S00113,big,Digital Camera,CAM-M1,11440,310,57,97.48,1.52,2.11,1.9,6,25.3,1,1,new,12,652,207,1.48,184,8,4.35,4.23,Yes,97.93,5.34,35000,2.86,36000,88.5,0.0,0,low
S00421,medium,Desktop Computer,PC-M5,1312,34,26,94.43,2.88,2.79,2.6,2,36.1,0,0,new,12,51,45,4.76,11,1,4.26,4.37,Yes,98.68,18.07,160000,-3.12,155000,30.8,0.0,0,low
S00228,small,Gaming Console,CON-M4,86,7,9,93.23,0.1,2.86,4.6,0,72.2,0,0,new,12,80,4,3.57,6,1,4.31,4.21,Yes,94.63,13.93,78000,0.96,78750,80.3,0.0,0,low
S00020,big,Desktop Computer,PC-M1,20754,268,68,96.9,1.7,2.43,2.0,20,29.7,1,1,new,3,152,181,5.0,330,12,4.01,4.11,Yes,95.39,17.5,30000,-1.5,29550,52.6,0.0,0,low
S00537,medium,Gaming Console,CON-M2,1212,23,37,94.24,2.81,3.07,4.5,1,58.6,0,0,new,12,65,14,4.29,12,1,3.81,3.97,Yes,93.18,19.31,52000,-7.88,47900,26.4,0.0,0,low
S00085,small,Digital Camera,CAM-M5,29,22,5,84.68,10.69,14.48,10.3,0,12.5,0,0,new,0,58,75,12.4,0,0,,,No,,,180000,-50.72,88700,4.1,1.0,100,high
S00019,medium,Digital Camera,CAM-M5,3267,43,51,97.95,1.31,1.79,1.3,1,34.8,1,1,new,12,568,28,4.79,34,2,4.39,4.35,Yes,100.0,9.88,180000,-5.53,170050,30.6,0.0,0,low
S00288,medium,Power Bank,PWR-M4,1416,42,35,94.23,2.64,3.89,1.4,2,43.0,1,0,refurbished,12,153,19,3.19,31,2,4.14,4.28,Yes,95.64,24.47,4800,-24.58,3620,3.3,0.0,0,low
S00063,small,Gaming Console,CON-M3,669,43,19,91.08,4.23,5.95,7.3,1,49.3,0,0,used,6,168,4,5.38,75,11,3.12,3.16,No,90.33,9.93,62000,-25.16,46400,22.0,0.0,0,low
S00556,small,Wireless Earbuds,EAR-M1,46,2,26,89.2,9.64,11.02,5.4,0,38.4,1,0,new,0,39,4,11.24,1,0,1.81,,No,97.18,9.83,1200,7.5,1290,98.5,0.0,0,low
S00551,big,Mobile Phone,MOB-M1,23658,307,57,98.86,0.84,1.37,1.5,15,28.0,1,0,new,6,81,66,4.01,239,7,4.37,4.67,Yes,90.73,3.65,12000,-2.92,11650,44.8,0.0,0,low
S00181,medium,Desktop Computer,PC-M2,2490,46,45,98.81,1.08,1.62,3.8,1,42.5,1,0,new,6,44,23,3.4,53,3,4.88,4.73,Yes,99.71,9.02,45000,-4.67,42900,32.1,0.0,0,low
S00489,small,Smart TV,TV-M5,180,11,12,97.92,0.3,1.8,2.1,0,52.9,1,0,new,3,64,8,3.33,5,1,4.32,4.28,Yes,100.0,6.96,180000,-0.5,179100,62.5,0.0,0,low
S00374,small,Mobile Phone,MOB-M3,97,16,6,95.01,1.58,2.88,3.3,0,81.1,1,0,new,6,163,11,5.01,11,7,4.34,4.24,Yes,94.65,7.44,38000,0.39,38150,67.2,0.0,0,low
S00528,small,Gaming Console,CON-M5,60,60,1,92.5,4.25,3.04,1.6,0,86.7,0,0,new,12,30,9,5.22,3,3,3.59,3.54,No,92.18,2.85,95000,-0.47,94550,59.7,0.0,0,low
S00287,small,Wireless Earbuds,EAR-M2,145,13,9,89.89,5.03,6.22,4.4,0,71.8,0,1,new,12,147,6,7.46,11,2,3.18,3.21,No,90.97,13.0,2500,-2.8,2430,54.3,0.0,0,low
S00015,small,Smart TV,TV-M2,232,20,12,90.85,5.0,7.36,6.3,1,41.6,0,0,refurbished,12,48,5,6.74,16,4,3.1,3.1,No,92.95,11.29,35000,-21.57,27450,15.3,0.0,0,low
S00483,big,Smartwatch,WCH-M3,6835,176,51,98.04,1.38,2.08,1.6,4,36.3,1,1,new,12,85,80,3.3,149,9,4.43,4.48,Yes,100.0,13.74,9000,-3.56,8680,30.5,0.0,0,low
S00201,small,Bluetooth Speaker,SPK-M4,143,20,9,90.74,4.09,7.37,7.6,0,60.5,1,0,new,0,88,3,8.5,5,1,2.96,2.97,No,88.47,8.23,14000,1.79,14250,72.5,0.0,0,low
S00528,small,Wireless Earbuds,EAR-M3,60,60,1,92.5,4.25,3.04,1.6,0,86.7,0,0,new,0,30,13,7.66,2,2,3.41,3.36,No,96.13,7.0,5500,-0.91,5450,60.6,0.0,0,low
S00293,medium,Laptop,LAP-M5,1911,20,54,95.46,2.36,3.62,3.3,4,26.8,0,0,new,12,301,12,5.05,34,1,4.04,4.06,Yes,95.21,10.37,190000,1.42,192700,84.2,0.0,0,low
S00394,small,Wi-Fi Router,RTR-M2,174,18,12,91.25,3.4,4.0,2.1,0,59.9,0,0,refurbished,3,360,10,6.31,8,2,3.63,3.76,Yes,98.64,17.92,3200,-22.5,2480,11.1,0.0,0,low
S00465,small,Power Bank,PWR-M5,82,3,18,91.27,5.48,4.5,4.1,0,51.4,1,0,new,3,185,9,7.14,1,0,3.72,,Yes,92.63,1.36,8500,-6.35,7960,21.7,0.0,0,low
S00226,small,Smart TV,TV-M2,138,13,10,95.82,2.53,2.25,3.3,0,54.9,0,0,new,6,85,3,3.96,2,1,3.88,3.99,Yes,91.42,10.62,35000,2.71,35950,81.4,0.0,0,low
S00014,medium,Power Bank,PWR-M1,2318,65,33,94.49,2.74,3.86,4.6,0,54.0,1,0,refurbished,12,204,49,5.8,92,6,4.49,4.73,Yes,93.62,4.87,1100,-53.64,510,2.0,0.0,0,low
S00172,medium,Gaming Console,CON-M5,1924,43,50,95.64,2.2,3.03,3.8,0,57.7,1,1,new,12,442,22,3.9,33,2,4.24,4.43,Yes,88.46,2.79,95000,-5.05,90200,40.3,0.0,0,low
S00144,medium,Wireless Earbuds,EAR-M4,1221,23,71,92.78,3.85,4.36,2.4,2,46.9,1,0,new,6,128,23,7.47,21,2,3.45,3.47,No,87.32,8.55,12000,-5.42,11350,19.2,0.0,0,low
S00345,small,Power Bank,PWR-M1,60,6,16,99.05,2.59,2.15,0.9,0,60.8,0,0,new,3,382,6,4.65,11,3,4.52,4.57,Yes,96.58,16.33,1100,0.0,1100,70.0,0.0,0,low
S00003,medium,Power Bank,PWR-M5,2007,22,81,93.04,3.54,4.54,4.3,3,76.3,1,0,new,12,234,20,7.31,55,2,3.87,4.14,Yes,93.95,3.42,8500,-4.71,8100,36.7,0.0,0,low
S00009,small,Smartwatch,WCH-M5,188,6,32,91.27,5.17,7.29,3.2,0,35.5,1,0,used,3,581,4,7.28,9,1,2.91,3.3,No,99.2,7.59,45000,-19.56,36200,16.7,0.0,0,low
S00448,small,Wireless Earbuds,EAR-M1,154,41,5,88.11,6.53,7.19,8.1,2,56.9,0,0,new,12,150,7,7.49,11,6,3.19,3.29,No,86.78,9.72,1200,-0.83,1190,56.9,0.0,0,low
S00098,small,Smartwatch,WCH-M2,92,2,32,94.06,7.28,8.21,8.7,1,73.3,1,0,new,12,103,9,9.62,12,1,2.63,2.68,No,91.29,13.4,4500,-1.11,4450,59.2,0.0,0,low
S00098,small,Smartwatch,WCH-M3,92,2,32,94.06,7.28,8.21,8.7,1,73.3,1,0,new,0,579,10,10.66,6,0,2.19,,No,88.62,12.14,9000,-9.67,8130,6.8,0.0,0,low
S00145,big,Digital Camera,CAM-M2,22641,132,155,95.79,2.28,2.99,3.2,23,41.7,1,0,new,12,141,51,4.35,175,2,3.65,3.54,Yes,91.91,4.64,55000,3.45,56900,81.7,0.0,0,low
S00278,small,Wi-Fi Router,RTR-M1,200,19,13,99.39,1.69,1.95,1.4,0,61.5,1,0,new,0,355,9,3.95,6,1,4.34,4.44,Yes,98.37,9.28,1800,5.0,1890,98.0,0.0,0,low
S00538,small,Smartwatch,WCH-M4,196,8,14,99.47,0.22,1.86,2.0,0,62.1,0,0,new,12,186,14,6.82,14,2,4.4,4.77,Yes,92.86,12.31,22000,-2.95,21350,52.7,0.0,0,low
S00497,small,Wireless Earbuds,EAR-M5,68,41,2,100.0,2.94,0.89,2.5,0,43.0,0,0,new,3,60,5,7.88,3,3,3.66,3.83,Yes,93.05,8.73,28000,1.61,28450,78.8,0.0,0,low
S00148,big,Wi-Fi Router,RTR-M4,12646,155,102,96.7,1.86,2.51,2.2,9,18.7,1,0,new,12,9,102,2.77,67,3,4.33,3.92,Yes,92.15,2.82,9500,-8.63,8680,13.3,0.0,0,low
S00532,small,Gaming Console,CON-M4,195,10,11,88.49,6.3,8.18,4.1,0,50.5,0,0,new,12,50,5,7.06,3,1,2.93,2.67,No,88.93,10.81,78000,0.06,78050,69.7,0.0,0,low
S00181,medium,Power Bank,PWR-M3,2490,46,45,98.81,1.08,1.62,3.8,1,42.5,1,0,new,0,50,30,5.16,66,3,4.86,4.88,Yes,99.37,29.54,3000,-4.0,2880,28.6,0.0,0,low
S00344,small,Gaming Console,CON-M5,290,42,5,83.45,6.87,9.58,4.9,2,37.3,1,0,new,12,150,4,7.02,14,7,2.01,2.05,No,90.71,5.24,95000,2.42,97300,82.3,0.0,0,low
S00090,small,Digital Camera,CAM-M2,36,1,27,96.8,5.82,4.87,7.3,0,42.1,1,0,refurbished,12,68,7,5.31,0,0,,,No,,,55000,-14.36,47100,16.7,0.0,0,low
S00402,small,Smart TV,TV-M3,62,1,22,82.99,6.62,7.83,4.5,0,81.2,0,0,new,6,482,8,5.34,3,0,2.78,,No,96.05,3.58,55000,5.45,58000,92.9,0.0,0,low
S00304,small,Mobile Phone,MOB-M2,102,4,21,100.0,1.78,0.68,1.1,0,49.9,0,0,new,3,117,13,1.37,0,0,,,No,,,22000,-0.68,21850,73.6,0.0,0,low
S00315,small,Digital Camera,CAM-M4,225,31,6,98.05,0.98,1.61,2.0,1,47.6,1,0,new,12,180,5,2.89,29,11,4.26,4.28,Yes,90.86,2.33,100000,9.8,109800,100.0,0.0,0,low
S00028,big,Laptop,LAP-M1,10246,214,30,98.28,1.01,1.67,1.1,13,37.1,1,0,new,0,190,105,6.13,234,12,4.36,4.39,Yes,93.44,16.48,38000,-1.84,37300,59.7,0.0,0,low
S00411,small,Digital Camera,CAM-M1,89,4,19,93.33,5.89,4.96,4.7,0,64.9,1,0,refurbished,6,570,6,5.33,4,0,3.66,,Yes,95.69,3.56,35000,-21.86,27350,7.7,0.0,0,low
S00095,medium,Digital Camera,CAM-M4,3258,84,52,95.14,2.89,3.81,4.5,4,40.1,1,0,new,6,347,35,2.69,80,5,3.82,3.76,Yes,89.21,6.55,100000,-2.9,97100,28.0,0.0,0,low
S00342,big,Wireless Earbuds,EAR-M3,22236,160,105,94.67,2.81,3.61,1.9,36,32.8,1,1,new,12,807,67,6.8,255,4,3.8,3.99,Yes,97.0,12.68,5500,-2.18,5380,45.5,0.0,0,low
S00035,small,Digital Camera,CAM-M1,54,16,3,93.86,4.17,2.9,3.9,0,34.5,0,0,new,12,90,4,2.02,2,1,4.74,4.66,Yes,95.92,13.52,35000,7.43,37600,100.0,0.0,0,low
S00297,small,Bluetooth Speaker,SPK-M4,50,2,12,99.38,1.56,2.57,1.2,0,51.8,1,0,new,3,47,13,5.5,4,0,4.58,,Yes,96.85,0.94,14000,1.07,14150,66.7,0.0,0,low
S00393,small,Power Bank,PWR-M4,64,4,17,91.09,4.25,3.82,6.9,0,52.3,1,0,new,12,42,16,6.95,2,0,3.92,,Yes,94.64,6.71,4800,-0.62,4770,53.3,0.0,0,low
S00167,big,Wi-Fi Router,RTR-M3,29079,775,47,97.51,1.39,1.9,2.3,18,37.2,1,1,new,6,520,92,4.63,450,46,4.24,4.02,Yes,97.03,15.86,5500,-4.55,5250,34.8,0.0,0,low
S00271,big,Bluetooth Speaker,SPK-M5,8010,200,86,98.26,1.12,1.81,1.4,5,32.3,1,1,new,6,11,82,5.4,160,8,4.21,4.26,Yes,91.28,11.31,30000,-0.17,29950,64.2,0.0,0,low
S00055,small,Laptop,LAP-M5,698,37,21,88.11,5.46,6.78,5.0,1,57.1,0,0,new,6,114,19,5.22,43,8,3.45,3.44,No,89.85,12.75,190000,1.21,192300,82.5,0.0,0,low
S00484,medium,Laptop,LAP-M2,1457,24,64,95.49,2.19,3.04,1.7,0,48.7,1,1,new,3,310,29,4.55,75,3,4.15,4.28,Yes,94.31,5.75,55000,1.55,55850,78.8,0.0,0,low
S00513,small,Gaming Console,CON-M1,159,7,21,88.78,3.59,7.95,6.1,0,58.7,0,0,new,0,365,4,4.32,9,1,3.8,4.09,Yes,93.09,9.02,38000,2.11,38800,84.3,0.0,0,low
S00274,small,Bluetooth Speaker,SPK-M5,104,19,9,94.39,2.97,1.83,1.8,0,38.9,0,0,new,12,261,6,5.65,1,1,4.32,3.81,Yes,91.94,2.75,30000,1.83,30550,83.0,0.0,0,low
S00485,medium,Wireless Earbuds,EAR-M3,998,17,51,95.88,1.73,2.53,2.1,0,53.0,1,0,new,6,203,10,6.14,37,2,4.28,4.3,Yes,95.58,24.45,5500,1.09,5560,81.8,0.0,0,low
S00455,medium,Gaming Console,CON-M1,3907,92,55,90.15,5.04,6.65,13.3,6,49.8,1,1,new,12,22,28,7.62,111,6,2.88,3.22,No,92.94,7.11,38000,-5.26,36000,27.5,0.0,0,low
S00288,medium,Power Bank,PWR-M1,1416,42,35,94.23,2.64,3.89,1.4,2,43.0,1,0,new,12,259,14,6.27,28,2,3.83,3.67,Yes,95.17,23.71,1100,1.82,1120,76.0,0.0,0,low
S00059,medium,Wireless Earbuds,EAR-M1,1011,28,55,93.52,3.12,3.2,2.7,1,32.3,1,0,new,0,226,31,6.84,20,2,4.18,4.05,Yes,100.0,4.2,1200,-5.83,1130,20.0,0.0,0,low
S00174,small,Smart TV,TV-M1,282,9,23,99.69,2.44,2.85,1.2,1,63.9,0,0,new,6,468,1,5.66,27,2,4.13,4.06,Yes,99.7,18.33,22000,0.45,22100,72.7,0.0,0,low
S00265,small,Smart TV,TV-M2,57,38,4,72.78,10.21,13.03,11.4,2,55.7,0,0,new,0,44,134,11.46,2,2,4.9,4.62,Yes,17.74,68.61,35000,-39.57,21150,5.1,1.0,100,high
S00202,medium,Gaming Console,CON-M5,644,16,34,98.09,1.62,1.85,1.8,1,52.6,1,0,new,12,396,13,2.63,24,2,4.3,4.36,Yes,91.51,3.9,95000,2.0,96900,77.4,0.0,0,low
S00465,small,Power Bank,PWR-M4,82,3,18,91.27,5.48,4.5,4.1,0,51.4,1,0,new,12,151,2,6.98,2,0,3.21,,No,89.19,23.41,4800,-2.92,4660,31.7,0.0,0,low
S00348,medium,Power Bank,PWR-M2,2039,66,23,97.42,1.54,2.09,2.1,0,38.6,1,0,new,6,294,24,7.2,90,8,4.4,4.62,Yes,97.32,19.96,1800,-0.56,1790,72.5,0.0,0,low
S00214,medium,Desktop Computer,PC-M1,1470,38,51,94.27,2.09,2.83,4.3,2,50.6,0,1,new,6,692,38,3.91,17,1,4.21,4.32,Yes,91.98,5.71,30000,-7.17,27850,14.0,0.0,0,low
S00456,small,Smart TV,TV-M5,73,6,17,100.0,1.79,2.0,2.2,0,36.3,1,0,new,12,37,9,4.29,3,1,4.26,4.0,Yes,91.24,10.31,180000,8.42,195150,100.0,0.0,0,low
S00070,medium,Bluetooth Speaker,SPK-M3,1345,43,33,99.17,0.95,1.58,1.0,1,31.8,1,0,new,6,87,48,3.8,25,2,4.42,4.48,Yes,94.72,1.27,7000,-1.29,6910,56.4,0.0,0,low
S00351,small,Smartwatch,WCH-M1,81,24,4,95.08,0.19,0.99,2.2,0,57.1,0,0,new,0,57,7,6.06,4,3,4.48,4.44,Yes,91.02,3.53,2000,-9.5,1810,9.3,0.0,0,low
S00028,big,Smartwatch,WCH-M2,10246,214,30,98.28,1.01,1.67,1.1,13,37.1,1,0,new,12,120,77,4.47,246,15,3.82,3.77,Yes,92.45,14.63,4500,-6.22,4220,20.4,0.0,0,low
S00501,small,Gaming Console,CON-M4,92,7,14,100.0,0.12,2.0,2.2,0,39.6,1,0,new,12,80,5,3.44,7,1,4.55,4.59,Yes,94.93,38.07,78000,5.13,82000,95.5,0.0,0,low
S00113,big,Smartwatch,WCH-M1,11440,310,57,97.48,1.52,2.11,1.9,6,25.3,1,1,new,3,51,143,6.43,129,15,4.35,4.06,Yes,94.44,2.75,2000,-4.0,1920,39.5,0.0,0,low
S00130,medium,Digital Camera,CAM-M1,721,36,32,95.95,2.71,3.21,3.9,0,43.7,1,1,new,12,834,83,2.98,8,1,4.03,4.05,Yes,98.42,21.13,35000,-4.0,33600,30.8,0.0,0,low
S00025,small,Digital Camera,CAM-M3,55,45,3,88.41,8.12,8.48,15.9,1,15.2,0,0,new,0,57,3,8.65,5,5,4.85,4.38,Yes,53.71,40.47,80000,-43.0,45600,2.0,1.0,100,high
S00527,small,Wi-Fi Router,RTR-M5,58,2,16,96.04,5.53,4.31,3.4,0,71.5,1,0,new,6,195,7,6.37,4,0,3.31,,No,88.76,9.17,16000,1.25,16200,70.6,0.0,0,low
S00167,big,Bluetooth Speaker,SPK-M4,29079,775,47,97.51,1.39,1.9,2.3,18,37.2,1,1,new,12,365,241,3.42,297,13,4.68,4.69,Yes,90.77,7.85,14000,0.71,14100,62.7,0.0,0,low
S00305,small,Digital Camera,CAM-M1,194,6,29,98.08,1.19,1.3,3.4,0,43.7,0,0,new,12,90,2,2.45,5,0,4.86,,Yes,95.23,10.48,35000,-6.86,32600,19.2,0.0,0,low
S00551,big,Smart TV,TV-M4,23658,307,57,98.86,0.84,1.37,1.5,15,28.0,1,0,new,12,47,106,1.13,285,8,4.58,4.58,Yes,98.16,8.02,90000,4.17,93750,91.9,0.0,0,low
S00407,small,Bluetooth Speaker,SPK-M5,40,6,7,98.6,0.1,0.01,2.5,0,54.7,0,0,refurbished,3,210,4,4.86,4,2,4.47,4.37,Yes,97.54,2.91,30000,-52.0,14400,3.8,0.0,0,low
S00560,small,Laptop,LAP-M5,22,14,2,90.4,9.09,9.52,8.5,1,13.3,0,0,new,0,42,7,10.99,16,16,4.78,4.21,Yes,53.23,88.83,190000,-26.11,140400,22.8,1.0,100,high
S00113,big,Mobile Phone,MOB-M3,11440,310,57,97.48,1.52,2.11,1.9,6,25.3,1,1,new,12,206,123,4.04,147,9,3.8,3.68,Yes,100.0,10.65,38000,0.26,38100,65.6,0.0,0,low
S00465,small,Wireless Earbuds,EAR-M1,82,3,18,91.27,5.48,4.5,4.1,0,51.4,1,0,new,12,197,14,6.03,1,0,3.17,,No,89.13,8.6,1200,0.0,1200,66.2,0.0,0,low
S00089,small,Laptop,LAP-M4,205,11,27,86.81,5.64,7.9,4.0,0,60.3,0,0,new,12,149,3,8.38,22,3,2.63,2.31,No,87.84,8.98,120000,-0.79,119050,67.6,0.0,0,low
S00328,medium,Mobile Phone,MOB-M1,1453,22,64,93.17,3.22,3.85,3.0,2,60.9,1,0,new,6,591,11,4.31,84,4,4.03,4.17,Yes,92.0,1.89,12000,-3.75,11550,41.4,0.0,0,low
S00397,small,Laptop,LAP-M4,42,26,11,96.05,4.07,6.5,4.5,0,32.7,0,0,new,0,17,324,7.16,5,5,4.67,3.54,Yes,52.11,43.5,120000,-31.08,82700,12.2,1.0,100,high
S00252,big,Bluetooth Speaker,SPK-M5,12635,91,95,96.31,1.6,2.38,3.2,10,22.2,1,0,refurbished,6,48,150,3.78,364,9,4.33,4.2,Yes,98.72,2.04,30000,-26.0,22200,7.5,0.0,0,low
S00025,small,Digital Camera,CAM-M4,55,45,3,88.41,8.12,8.48,15.9,1,15.2,0,0,new,0,33,5,7.74,24,24,4.71,3.69,Yes,28.1,84.28,100000,-56.5,43500,4.0,1.0,100,high
S00516,big,Desktop Computer,PC-M4,25726,176,105,97.86,1.3,1.76,0.8,8,22.0,1,0,new,12,404,67,3.95,247,4,4.73,4.82,Yes,100.0,19.85,95000,-0.68,94350,60.9,0.0,0,low
S00347,small,Wireless Earbuds,EAR-M4,574,57,8,97.13,2.19,2.21,1.3,0,62.3,0,0,used,12,91,7,6.6,9,2,4.46,4.66,Yes,93.3,8.48,12000,-50.42,5950,5.8,0.0,0,low
S00522,small,Wireless Earbuds,EAR-M4,222,13,18,93.81,2.42,2.63,1.9,1,44.3,0,0,new,12,249,16,9.29,10,1,3.64,3.78,Yes,100.0,4.53,12000,-0.83,11900,59.6,0.0,0,low
S00001,small,Desktop Computer,PC-M5,130,4,26,91.89,3.22,3.01,6.4,0,62.2,0,0,new,12,85,9,5.14,24,2,3.68,3.85,Yes,90.88,15.7,160000,-3.53,154350,28.8,0.0,0,low
S00440,big,Desktop Computer,PC-M1,27243,487,52,97.08,1.47,2.27,1.9,18,31.0,1,1,new,6,189,67,5.19,276,12,4.29,4.41,Yes,94.97,4.13,30000,-2.17,29350,45.6,0.0,0,low
S00226,small,Digital Camera,CAM-M5,138,13,10,95.82,2.53,2.25,3.3,0,54.9,0,0,refurbished,3,97,2,5.39,12,3,4.2,4.24,Yes,92.68,23.88,180000,-18.08,147450,16.3,0.0,0,low
S00483,big,Smart TV,TV-M2,6835,176,51,98.04,1.38,2.08,1.6,4,36.3,1,1,new,12,113,145,3.27,51,5,4.58,4.69,Yes,93.98,5.32,35000,-0.29,34900,69.5,0.0,0,low
S00329,small,Smartwatch,WCH-M5,62,6,11,98.48,3.14,3.42,2.3,0,34.4,0,0,new,3,138,21,3.49,3,1,4.23,4.25,Yes,100.0,7.87,45000,7.89,48550,98.1,0.0,0,low
S00395,medium,Bluetooth Speaker,SPK-M4,1055,11,72,92.34,3.87,5.48,4.1,5,62.1,1,0,new,6,118,75,8.33,37,1,3.66,3.68,Yes,88.73,14.19,14000,1.43,14200,70.6,0.0,0,low
S00392,small,Wi-Fi Router,RTR-M5,63,5,12,92.87,5.3,2.45,3.3,1,76.5,0,0,new,12,45,6,4.62,3,1,3.8,3.55,Yes,92.38,5.05,16000,-3.44,15450,31.4,0.0,0,low
S00154,small,Smartwatch,WCH-M4,66,26,3,96.77,1.44,4.26,3.9,0,47.9,1,0,new,3,90,3,5.72,6,6,4.28,4.25,Yes,94.74,31.34,22000,-3.86,21150,43.6,0.0,0,low
S00354,small,Gaming Console,CON-M2,97,3,16,95.88,1.04,2.11,1.8,0,32.1,0,0,used,12,468,8,1.94,3,0,4.34,,Yes,95.31,13.27,52000,-52.69,24600,9.4,0.0,0,low
S00181,medium,Smart TV,TV-M5,2490,46,45,98.81,1.08,1.62,3.8,1,42.5,1,0,new,6,77,18,2.99,54,3,4.68,4.7,Yes,94.65,11.24,180000,0.64,181150,71.4,0.0,0,low
S00119,small,Digital Camera,CAM-M4,278,29,7,93.92,4.65,6.11,7.8,0,62.9,1,0,new,3,53,9,5.28,12,3,3.08,3.58,No,81.93,1.7,100000,5.6,105600,88.0,0.0,0,low
S00471,small,Digital Camera,CAM-M2,47,8,7,92.5,4.39,5.11,5.5,0,71.4,1,0,refurbished,12,84,4,7.04,3,1,3.25,3.11,No,91.8,19.91,55000,-20.18,43900,11.7,0.0,0,low
S00216,small,Smartwatch,WCH-M2,96,7,14,93.39,4.87,5.46,4.4,0,36.2,1,0,refurbished,0,139,4,8.52,1,0,2.57,,No,99.17,11.65,4500,-52.22,2150,2.0,0.0,0,low
S00055,small,Wi-Fi Router,RTR-M4,698,37,21,88.11,5.46,6.78,5.0,1,57.1,0,0,new,0,50,14,4.77,31,4,3.46,3.22,No,97.75,6.84,9500,0.42,9540,73.3,0.0,0,low
S00051,medium,Smartwatch,WCH-M1,2738,59,34,96.71,1.48,2.21,1.7,2,55.8,1,0,new,12,57,18,5.37,91,4,4.46,4.68,Yes,88.91,3.79,2000,2.0,2040,86.0,0.0,0,low
S00355,small,Smartwatch,WCH-M4,56,2,24,95.25,2.32,2.06,2.8,0,59.7,1,0,used,12,720,8,7.94,2,0,4.38,,Yes,99.52,8.86,22000,-52.95,10350,1.8,0.0,0,low
S00148,big,Gaming Console,CON-M5,12646,155,102,96.7,1.86,2.51,2.2,9,18.7,1,0,new,0,1728,67,2.6,157,5,4.17,4.0,Yes,98.96,34.38,95000,-3.53,91650,45.2,0.0,0,low
S00363,medium,Wireless Earbuds,EAR-M3,1598,38,42,97.19,2.03,2.51,2.9,0,57.7,1,1,new,12,49,35,5.33,40,3,3.72,3.8,Yes,91.02,6.75,5500,-2.55,5360,42.4,0.0,0,low
S00132,medium,Digital Camera,CAM-M3,2214,147,17,96.17,2.4,3.17,1.8,2,26.9,1,0,new,12,69,30,2.29,50,9,3.87,4.03,Yes,94.53,2.72,80000,-6.0,75200,29.4,0.0,0,low
S00260,small,Smart TV,TV-M5,368,13,21,87.76,6.19,8.15,5.5,0,40.9,0,0,new,6,610,8,8.67,23,2,3.23,3.19,No,98.14,20.26,180000,-3.75,173250,30.4,0.0,0,low
S00472,small,Mobile Phone,MOB-M1,52,10,10,90.58,3.55,5.98,3.3,0,53.8,0,0,new,12,300,4,7.18,3,1,3.69,4.0,Yes,93.39,1.54,12000,0.42,12050,77.6,0.0,0,low
S00312,medium,Desktop Computer,PC-M1,1961,32,52,95.03,2.8,3.11,3.0,1,52.6,1,0,new,12,28,29,5.12,121,5,3.86,3.98,Yes,88.48,29.4,30000,-1.83,29450,47.4,0.0,0,low
S00352,small,Smartwatch,WCH-M2,87,11,7,93.77,3.9,4.05,2.3,0,37.9,0,0,used,0,171,10,8.67,3,1,3.87,3.69,Yes,98.03,13.55,4500,-35.56,2900,8.2,0.0,0,low
S00483,big,Power Bank,PWR-M2,6835,176,51,98.04,1.38,2.08,1.6,4,36.3,1,1,new,3,1067,112,7.33,130,7,4.31,4.56,Yes,97.61,1.4,1800,-2.78,1750,54.9,0.0,0,low
S00464,small,Desktop Computer,PC-M1,278,30,7,97.14,1.03,1.98,0.9,0,61.9,1,0,refurbished,12,98,3,5.46,53,15,4.39,4.19,Yes,99.04,19.4,30000,-17.67,24700,7.0,0.0,0,low
S00112,small,Smartwatch,WCH-M5,85,9,12,89.92,2.32,2.85,3.3,0,66.1,0,0,new,12,81,12,4.28,5,2,3.69,3.93,Yes,94.98,19.51,45000,0.0,45000,63.0,0.0,0,low
S00341,small,Mobile Phone,MOB-M4,276,13,18,92.03,3.09,3.75,3.4,0,45.1,0,0,new,6,324,8,5.11,20,3,3.62,3.68,Yes,98.77,8.84,65000,3.77,67450,93.3,0.0,0,low
S00553,small,Gaming Console,CON-M5,95,13,7,93.41,6.26,6.62,8.1,0,64.7,1,0,new,12,210,4,5.25,1,0,3.09,,No,94.75,17.26,95000,1.63,96550,74.2,0.0,0,low
S00379,small,Smartwatch,WCH-M3,65,3,20,86.84,2.55,6.38,3.5,0,40.1,0,0,new,12,93,4,9.59,6,1,2.78,2.86,No,93.95,4.67,9000,-1.67,8850,42.4,0.0,0,low
S00279,small,Wireless Earbuds,EAR-M2,700,48,12,93.76,3.63,5.07,3.4,0,37.1,1,0,refurbished,0,163,9,3.38,52,8,4.09,4.24,Yes,91.23,6.62,2500,-25.2,1870,13.0,0.0,0,low
S00175,small,Smart TV,TV-M2,200,27,8,93.3,3.41,5.45,4.1,0,63.5,1,0,used,12,240,5,6.75,7,2,3.2,2.66,No,95.17,10.43,35000,-37.86,21750,6.8,0.0,0,low
S00361,small,Bluetooth Speaker,SPK-M3,33,1,21,92.44,7.32,10.08,7.3,0,58.8,0,0,new,0,163,6,8.33,0,0,,,No,,,7000,3.71,7260,90.9,0.0,0,low
S00195,small,Power Bank,PWR-M4,184,19,8,93.53,2.85,3.63,1.2,1,60.9,1,0,new,12,240,7,4.99,10,4,4.25,4.45,Yes,90.97,8.3,4800,-1.88,4710,38.3,0.0,0,low
S00179,medium,Smartwatch,WCH-M4,1484,19,48,96.66,2.09,2.85,2.2,1,60.3,1,0,new,12,318,31,6.01,36,1,4.05,4.34,Yes,95.5,6.19,22000,-2.95,21350,52.7,0.0,0,low
S00411,small,Mobile Phone,MOB-M4,89,4,19,93.33,5.89,4.96,4.7,0,64.9,1,0,refurbished,12,128,6,7.24,6,1,3.66,3.67,Yes,91.81,4.75,65000,-28.08,46750,17.8,0.0,0,low
S00286,small,Desktop Computer,PC-M2,67,5,15,100.0,0.1,1.28,2.5,0,47.2,0,0,new,12,41,3,3.44,1,0,4.83,,Yes,93.9,15.87,45000,-5.44,42550,23.2,0.0,0,low
S00209,medium,Smartwatch,WCH-M2,2043,282,12,97.52,1.2,1.7,3.2,1,31.3,1,0,new,0,167,17,5.99,52,16,4.05,3.93,Yes,93.43,4.17,4500,-2.22,4400,44.9,0.0,0,low
S00409,medium,Desktop Computer,PC-M5,1332,45,34,94.96,2.57,3.74,4.6,2,56.4,1,1,new,12,116,14,4.28,41,2,3.94,3.79,Yes,97.01,7.47,160000,-3.09,155050,32.7,0.0,0,low
S00368,small,Bluetooth Speaker,SPK-M2,26,3,12,96.71,0.1,5.85,4.1,0,53.9,0,0,new,6,57,7,3.77,0,0,,,No,,,3500,5.71,3700,95.0,0.0,0,low
S00553,small,Bluetooth Speaker,SPK-M2,95,13,7,93.41,6.26,6.62,8.1,0,64.7,1,0,new,6,106,10,8.4,9,3,2.4,2.53,No,84.56,16.55,3500,3.71,3630,85.0,0.0,0,low
S00468,small,Wi-Fi Router,RTR-M5,309,14,27,95.18,1.4,1.88,2.2,0,45.6,0,0,new,0,69,3,4.86,31,3,4.41,4.34,Yes,97.39,9.35,16000,1.56,16250,74.5,0.0,0,low
S00031,small,Desktop Computer,PC-M4,279,5,36,97.56,1.6,1.29,1.6,1,46.7,1,0,refurbished,3,24,8,4.26,9,0,4.08,,Yes,93.13,3.36,95000,-46.42,50900,4.3,0.0,0,low
S00277,big,Smartwatch,WCH-M4,44244,759,51,98.56,0.95,1.46,1.1,16,56.4,1,1,new,12,214,144,7.04,923,37,4.03,3.95,Yes,95.11,10.98,22000,4.09,22900,98.2,0.0,0,low
S00214,medium,Mobile Phone,MOB-M1,1470,38,51,94.27,2.09,2.83,4.3,2,50.6,0,1,new,12,39,35,4.53,42,3,3.94,4.11,Yes,100.0,6.95,12000,3.33,12400,93.1,0.0,0,low
S00459,small,Smartwatch,WCH-M5,42,3,16,94.84,4.93,6.37,3.4,0,48.3,1,0,refurbished,3,105,5,5.37,6,1,3.81,3.79,Yes,92.67,6.05,45000,-20.78,35650,13.0,0.0,0,low
S00411,small,Mobile Phone,MOB-M1,89,4,19,93.33,5.89,4.96,4.7,0,64.9,1,0,new,12,157,4,6.3,0,0,,,No,,,12000,-7.5,11100,27.6,0.0,0,low
S00440,big,Digital Camera,CAM-M5,27243,487,52,97.08,1.47,2.27,1.9,18,31.0,1,1,new,12,138,74,3.14,233,12,4.43,4.15,Yes,99.3,10.96,180000,-1.61,177100,65.3,0.0,0,low
S00385,medium,Gaming Console,CON-M5,933,8,50,97.27,1.29,1.35,2.9,2,25.1,1,0,new,12,911,18,2.64,35,1,4.37,4.1,Yes,98.93,7.95,95000,7.21,101850,100.0,0.0,0,low
S00270,small,Power Bank,PWR-M5,43,0,72,88.35,5.53,8.24,5.6,0,36.4,1,0,new,3,56,3,9.32,0,0,,,No,,,8500,8.47,9220,96.7,0.0,0,low
S00361,small,Bluetooth Speaker,SPK-M1,33,1,21,92.44,7.32,10.08,7.3,0,58.8,0,0,new,12,539,7,9.34,0,0,,,No,,,1500,-2.0,1470,52.4,0.0,0,low
S00189,medium,Bluetooth Speaker,SPK-M4,806,41,25,91.55,4.19,5.33,3.2,2,45.2,0,0,new,6,156,15,5.85,34,4,3.47,3.62,No,92.48,13.42,14000,-6.79,13050,17.6,0.0,0,low
S00179,medium,Smart TV,TV-M1,1484,19,48,96.66,2.09,2.85,2.2,1,60.3,1,0,new,6,77,40,4.53,37,1,3.83,4.02,Yes,97.68,16.54,22000,-0.45,21900,59.7,0.0,0,low
S00197,medium,Laptop,LAP-M3,1923,40,69,94.34,2.79,3.44,2.0,2,30.8,1,0,new,12,74,30,9.96,75,3,3.57,3.85,No,91.93,3.98,80000,1.25,81000,68.8,0.0,0,low
S00089,small,Laptop,LAP-M1,205,11,27,86.81,5.64,7.9,4.0,0,60.3,0,0,new,6,810,6,8.14,7,1,2.63,2.58,No,87.37,5.54,38000,8.16,41100,98.5,0.0,0,low
S00404,small,Smart TV,TV-M2,143,6,24,98.16,0.46,1.32,1.4,0,59.2,1,0,new,12,87,2,2.63,2,0,4.58,,Yes,95.94,12.02,35000,-3.14,33900,47.5,0.0,0,low
S00177,small,Smartwatch,WCH-M5,138,6,18,99.6,3.39,3.56,3.5,0,38.9,1,0,new,12,532,8,6.97,7,1,4.08,4.13,Yes,91.5,21.82,45000,-0.78,44650,53.7,0.0,0,low
S00495,small,Power Bank,PWR-M3,225,26,9,88.12,6.01,7.63,6.9,0,43.2,1,1,new,12,39,3,8.19,13,5,3.01,3.34,No,92.89,1.79,3000,-6.0,2820,19.0,0.0,0,low
S00154,small,Digital Camera,CAM-M4,66,26,3,96.77,1.44,4.26,3.9,0,47.9,1,0,new,12,90,3,2.98,0,0,,,No,,,100000,-2.85,97150,30.0,0.0,0,low
S00300,small,Bluetooth Speaker,SPK-M1,305,41,9,83.2,9.42,10.03,4.9,1,61.0,1,0,new,12,270,4,9.94,13,3,2.28,2.26,No,87.64,21.47,1500,-5.33,1420,28.6,0.0,0,low
S00483,big,Laptop,LAP-M1,6835,176,51,98.04,1.38,2.08,1.6,4,36.3,1,1,new,12,61,56,4.05,88,4,4.54,4.37,Yes,98.99,2.85,38000,-2.24,37150,55.2,0.0,0,low
S00127,small,Gaming Console,CON-M1,113,9,12,92.47,3.87,6.56,6.4,1,43.2,1,0,new,0,125,2,4.82,14,3,4.07,3.98,Yes,90.25,30.41,38000,-1.32,37500,49.0,0.0,0,low
S00358,small,Power Bank,PWR-M5,70,3,13,91.1,5.17,5.32,2.8,0,60.9,0,0,new,12,86,3,7.85,10,1,3.73,3.72,Yes,98.26,10.42,8500,1.53,8630,78.3,0.0,0,low
S00511,big,Desktop Computer,PC-M2,15940,594,38,96.83,1.87,2.4,1.3,14,40.6,1,1,new,6,273,119,3.56,324,31,4.19,4.06,Yes,96.07,14.91,45000,-0.67,44700,62.5,0.0,0,low
S00056,medium,Wireless Earbuds,EAR-M3,1104,29,40,96.31,1.15,2.1,1.2,0,62.9,1,1,new,12,117,64,4.53,24,2,4.16,4.1,Yes,94.78,4.21,5500,-3.82,5290,31.8,0.0,0,low
S00195,small,Wi-Fi Router,RTR-M4,184,19,8,93.53,2.85,3.63,1.2,1,60.9,1,0,used,12,166,8,5.97,8,2,3.89,3.72,Yes,94.15,7.92,9500,-54.53,4320,1.7,0.0,0,low
S00210,big,Digital Camera,CAM-M2,13189,193,98,95.84,2.16,2.87,2.0,13,32.6,1,0,new,6,111,158,5.8,315,11,3.96,3.74,Yes,100.0,7.86,55000,0.09,55050,60.0,0.0,0,low
S00415,big,Power Bank,PWR-M2,15112,167,80,96.28,1.98,2.82,6.1,13,30.5,1,1,new,12,51,52,7.12,200,5,3.52,3.59,No,93.24,9.23,1800,-4.44,1720,29.4,0.0,0,low
S00440,big,Gaming Console,CON-M1,27243,487,52,97.08,1.47,2.27,1.9,18,31.0,1,1,new,6,88,85,1.78,149,8,4.33,4.47,Yes,92.44,1.18,38000,-6.05,35700,25.5,0.0,0,low
S00053,small,Wireless Earbuds,EAR-M5,73,7,13,100.0,2.74,3.14,0.8,0,74.2,0,0,new,12,71,8,4.38,7,2,4.09,4.03,Yes,100.0,8.22,28000,-19.64,22500,9.6,0.0,0,low
S00279,small,Laptop,LAP-M5,700,48,12,93.76,3.63,5.07,3.4,0,37.1,1,0,new,6,266,3,5.51,53,10,3.16,3.27,No,91.7,7.23,190000,-0.34,189350,66.7,0.0,0,low
S00010,small,Wireless Earbuds,EAR-M3,120,4,22,99.9,2.63,1.52,3.9,0,60.8,1,0,new,12,303,8,2.49,7,1,5.0,5.0,Yes,94.66,2.67,5500,0.91,5550,78.8,0.0,0,low
S00181,medium,Smartwatch,WCH-M4,2490,46,45,98.81,1.08,1.62,3.8,1,42.5,1,0,refurbished,3,199,19,4.73,68,2,4.5,4.58,Yes,97.37,5.43,22000,-49.77,11050,3.6,0.0,0,low
S00207,medium,Smartwatch,WCH-M4,1839,28,66,98.16,1.07,1.78,1.1,1,39.2,0,0,new,12,1217,83,5.05,109,5,4.73,4.67,Yes,90.33,12.67,22000,-0.68,21850,67.3,0.0,0,low
S00314,small,Desktop Computer,PC-M3,98,3,27,99.04,0.27,0.67,1.3,0,52.5,1,0,new,6,26,11,3.08,3,0,4.83,,Yes,91.58,4.31,65000,-1.15,64250,52.1,0.0,0,low
S00547,small,Laptop,LAP-M2,282,6,40,88.75,4.19,8.19,5.2,1,40.5,1,0,new,3,147,3,7.25,9,1,2.87,3.01,No,81.72,16.57,55000,5.18,57850,88.5,0.0,0,low
S00357,small,Wireless Earbuds,EAR-M4,54,3,27,89.78,5.71,10.1,7.8,0,74.9,0,0,refurbished,6,314,7,9.87,6,1,2.59,2.75,No,96.66,1.91,12000,-17.92,9850,13.5,0.0,0,low
S00003,medium,Power Bank,PWR-M3,2007,22,81,93.04,3.54,4.54,4.3,3,76.3,1,0,new,6,1095,6,6.65,39,1,3.57,3.72,No,92.27,7.79,3000,0.0,3000,64.3,0.0,0,low
S00250,medium,Smart TV,TV-M4,1278,27,47,91.69,3.84,5.41,4.3,4,42.6,0,0,new,12,17,58,5.1,46,2,3.11,3.48,No,92.81,4.6,90000,-1.61,88550,61.3,0.0,0,low
S00213,small,Bluetooth Speaker,SPK-M5,63,2,34,94.14,3.32,3.7,5.8,0,65.5,1,0,new,3,277,4,5.95,6,0,4.19,,Yes,99.55,1.94,30000,-0.83,29750,58.5,0.0,0,low
S00181,medium,Smartwatch,WCH-M3,2490,46,45,98.81,1.08,1.62,3.8,1,42.5,1,0,new,12,321,22,6.98,57,2,4.14,3.95,Yes,95.11,22.79,9000,-5.67,8490,20.3,0.0,0,low
S00235,medium,Mobile Phone,MOB-M3,1479,37,43,97.73,0.78,1.64,2.1,0,39.0,1,1,new,12,43,44,2.85,32,2,4.79,4.94,Yes,97.87,14.96,38000,-1.84,37300,52.5,0.0,0,low
S00365,small,Laptop,LAP-M5,75,6,13,94.62,6.12,6.95,3.4,0,42.7,0,0,new,6,128,12,6.04,4,1,3.11,3.42,No,89.71,13.18,190000,-42.05,110100,12.3,0.0,0,low
S00271,big,Mobile Phone,MOB-M5,8010,200,86,98.26,1.12,1.81,1.4,5,32.3,1,1,new,12,937,94,4.37,49,3,4.21,4.17,Yes,100.0,7.32,140000,-3.18,135550,50.0,0.0,0,low
S00280,small,Laptop,LAP-M1,59,36,2,84.6,3.98,5.62,3.2,0,6.2,0,0,new,6,23,374,7.35,16,16,4.72,4.44,Yes,47.52,83.67,38000,-15.53,32100,23.9,1.0,100,high
S00162,small,Power Bank,PWR-M4,83,1,65,95.15,2.43,4.19,5.6,2,9.1,1,0,new,12,72,5,5.24,9,0,3.66,,Yes,93.8,7.65,4800,-0.62,4770,53.3,0.0,0,low
S00419,small,Wi-Fi Router,RTR-M1,42,7,9,87.13,5.89,4.6,2.5,1,35.8,1,0,new,0,20,13,5.88,5,2,3.53,3.36,No,98.74,33.52,1800,-5.0,1710,20.0,0.0,0,low
S00110,small,Wireless Earbuds,EAR-M2,166,11,12,99.47,0.1,0.8,2.1,0,47.1,0,0,new,6,329,5,3.47,16,2,4.66,4.51,Yes,100.0,6.01,2500,-6.4,2340,26.1,0.0,0,low
S00365,small,Wireless Earbuds,EAR-M5,75,6,13,94.62,6.12,6.95,3.4,0,42.7,0,0,new,0,246,6,9.22,7,1,3.58,3.66,No,83.86,4.53,28000,1.96,28550,82.7,0.0,0,low
S00134,medium,Desktop Computer,PC-M3,2474,94,37,94.11,2.65,3.78,6.5,5,40.4,1,0,new,12,540,19,5.31,125,16,3.97,4.22,Yes,86.21,7.33,65000,0.0,65000,70.8,0.0,0,low
S00020,big,Desktop Computer,PC-M4,20754,268,68,96.9,1.7,2.43,2.0,20,29.7,1,1,new,12,15,23,5.2,609,13,4.32,4.46,Yes,93.26,8.89,95000,-2.74,92400,37.0,0.0,0,low
S00118,small,Wi-Fi Router,RTR-M2,185,22,10,90.56,2.94,5.73,5.3,0,81.8,1,0,new,0,176,10,7.14,4,1,3.38,3.29,No,88.19,4.43,3200,-0.94,3170,70.4,0.0,0,low
S00514,small,Smart TV,TV-M4,143,13,9,92.58,1.77,5.69,5.1,0,49.3,1,0,new,6,262,3,3.22,11,3,3.77,3.43,Yes,89.67,19.16,90000,-3.06,87250,40.3,0.0,0,low
S00378,medium,Bluetooth Speaker,SPK-M2,1033,22,63,93.23,3.63,4.56,4.7,0,35.7,1,0,new,3,247,41,5.53,20,1,3.81,3.86,Yes,96.51,3.16,3500,2.57,3590,80.0,0.0,0,low
S00061,small,Bluetooth Speaker,SPK-M4,46,2,14,95.74,6.26,5.55,3.3,0,95.0,0,0,new,12,117,8,7.73,2,0,3.28,,No,88.6,25.72,14000,-2.5,13650,37.3,0.0,0,low
S00330,small,Power Bank,PWR-M2,48,9,9,92.7,3.89,2.87,5.2,0,67.1,1,0,used,6,270,1,7.99,5,2,4.24,4.22,Yes,93.88,10.7,1800,-26.67,1320,3.9,0.0,0,low
S00463,small,Wireless Earbuds,EAR-M2,178,6,25,95.58,1.86,3.06,3.6,0,58.9,1,0,new,12,117,3,4.92,5,0,4.13,,Yes,88.56,19.2,2500,-2.4,2440,60.9,0.0,0,low
S00461,big,Gaming Console,CON-M4,10254,368,30,95.17,2.62,3.53,3.0,7,43.7,0,1,new,6,900,100,2.89,68,6,4.17,3.88,Yes,92.71,2.72,78000,-8.27,71550,19.7,0.0,0,low
S00502,small,Wi-Fi Router,RTR-M4,99,8,8,97.61,2.9,1.57,3.8,0,52.8,1,0,new,12,99,5,3.4,5,1,4.26,4.35,Yes,95.48,11.24,9500,5.26,10000,95.0,0.0,0,low
S00192,small,Laptop,LAP-M5,121,5,14,98.48,0.85,1.44,0.6,0,32.3,0,0,new,0,420,9,3.59,6,1,4.91,4.99,Yes,98.22,7.62,190000,-0.34,189350,66.7,0.0,0,low
S00022,small,Mobile Phone,MOB-M5,123,6,28,95.83,2.18,3.26,2.2,1,51.5,1,0,new,6,199,5,4.75,10,1,4.13,4.11,Yes,96.89,3.67,140000,-2.61,136350,52.0,0.0,0,low
S00235,medium,Power Bank,PWR-M2,1479,37,43,97.73,0.78,1.64,2.1,0,39.0,1,1,new,12,53,38,5.11,25,1,4.37,4.55,Yes,100.0,20.6,1800,-6.11,1690,19.6,0.0,0,low
S00393,small,Power Bank,PWR-M1,64,4,17,91.09,4.25,3.82,6.9,0,52.3,1,0,new,12,34,5,5.23,3,0,3.44,,No,89.12,26.98,1100,6.36,1170,92.0,0.0,0,low
S00167,big,Power Bank,PWR-M5,29079,775,47,97.51,1.39,1.9,2.3,18,37.2,1,1,new,12,536,182,4.49,403,24,4.48,4.22,Yes,97.35,12.84,8500,-1.65,8360,60.0,0.0,0,low
S00129,big,Gaming Console,CON-M1,16423,119,103,96.97,1.8,2.49,2.3,8,15.2,1,0,new,6,19,66,2.98,282,8,3.85,4.06,Yes,93.38,9.46,38000,-0.66,37750,54.9,0.0,0,low
S00497,small,Mobile Phone,MOB-M2,68,41,2,100.0,2.94,0.89,2.5,0,43.0,0,0,new,12,60,12,4.39,5,5,4.16,4.18,Yes,96.77,5.04,22000,-7.27,20400,24.5,0.0,0,low
S00470,medium,Smart TV,TV-M4,1661,51,31,98.02,0.84,1.53,0.7,1,49.6,1,0,new,6,571,50,3.92,58,3,4.51,4.28,Yes,92.88,6.17,90000,-3.17,87150,38.7,0.0,0,low
S00429,small,Power Bank,PWR-M1,71,13,5,97.41,0.1,0.0,0.8,0,82.5,1,0,new,12,75,11,3.52,2,1,4.77,5.0,Yes,99.22,12.01,1100,-8.18,1010,18.0,0.0,0,low
S00133,medium,Mobile Phone,MOB-M3,1754,40,59,96.83,1.51,2.6,2.3,0,44.1,1,0,new,6,113,55,3.81,54,4,3.95,3.76,Yes,93.38,12.16,38000,-2.76,36950,47.5,0.0,0,low
S00533,small,Power Bank,PWR-M1,153,12,14,100.0,1.99,1.26,1.5,0,67.0,0,0,new,6,384,22,3.76,5,1,4.6,4.6,Yes,95.92,7.25,1100,-4.55,1050,30.0,0.0,0,low
S00285,small,Smart TV,TV-M1,135,5,45,100.0,1.2,2.37,1.1,0,48.0,0,0,new,6,130,6,4.83,3,0,4.41,,Yes,92.49,39.54,22000,-6.14,20650,27.3,0.0,0,low
S00034,small,Power Bank,PWR-M2,44,2,21,95.42,5.47,4.75,7.0,0,87.5,1,0,new,12,258,2,9.17,0,0,,,No,,,1800,4.44,1880,98.0,0.0,0,low
S00524,medium,Mobile Phone,MOB-M1,867,43,25,97.13,1.95,1.7,2.0,0,38.2,1,0,new,0,189,4,4.54,16,2,4.67,4.66,Yes,95.52,24.38,12000,-1.25,11850,62.1,0.0,0,low
S00133,medium,Smart TV,TV-M1,1754,40,59,96.83,1.51,2.6,2.3,0,44.1,1,0,new,3,90,19,4.1,43,3,4.0,3.92,Yes,95.24,33.47,22000,9.09,24000,97.4,0.0,0,low
S00516,big,Wi-Fi Router,RTR-M5,25726,176,105,97.86,1.3,1.76,0.8,8,22.0,1,0,new,6,274,157,2.77,322,7,4.73,4.94,Yes,94.53,7.96,16000,-0.62,15900,60.8,0.0,0,low
S00046,medium,Wireless Earbuds,EAR-M5,1035,47,21,96.96,1.02,1.95,1.0,0,20.2,0,0,new,12,28,59,7.02,40,3,4.4,4.58,Yes,96.74,1.24,28000,-2.32,27350,40.4,0.0,0,low
S00222,small,Gaming Console,CON-M3,26,17,5,83.36,6.43,9.65,5.2,1,20.3,0,0,new,3,16,88,5.49,0,0,,,No,,,62000,-30.65,43000,18.0,1.0,100,high
S00324,small,Wireless Earbuds,EAR-M2,109,4,14,95.51,1.9,2.22,1.9,0,50.2,0,0,new,6,420,5,6.03,4,0,4.17,,Yes,90.22,6.73,2500,-2.4,2440,60.9,0.0,0,low
S00236,small,Digital Camera,CAM-M5,144,7,31,91.2,3.88,6.65,2.0,1,72.0,1,0,new,6,56,8,4.62,9,1,3.04,3.38,No,90.08,9.24,180000,0.92,181650,79.6,0.0,0,low
S00145,big,Digital Camera,CAM-M5,22641,132,155,95.79,2.28,2.99,3.2,23,41.7,1,0,refurbished,3,425,62,3.81,226,3,3.91,4.03,Yes,93.77,12.11,180000,-36.86,113650,12.2,0.0,0,low
S00106,small,Smart TV,TV-M3,50,5,12,93.45,3.72,6.18,5.1,0,95.0,1,0,new,12,111,2,5.57,4,1,3.14,3.26,No,94.77,14.01,55000,-4.45,52550,23.2,0.0,0,low
S00371,medium,Mobile Phone,MOB-M2,965,17,52,98.44,0.93,2.37,2.0,0,29.9,1,0,new,12,100,37,6.43,51,3,4.09,4.22,Yes,99.24,10.15,22000,-2.05,21550,58.5,0.0,0,low
S00257,small,Smart TV,TV-M1,161,66,9,78.63,12.02,12.93,12.8,6,37.2,0,0,new,3,53,229,12.26,25,25,4.84,3.39,Yes,48.87,82.37,22000,5.45,23200,94.8,1.0,100,high
S00145,big,Laptop,LAP-M3,22641,132,155,95.79,2.28,2.99,3.2,23,41.7,1,0,new,6,103,55,7.23,407,5,3.9,3.83,Yes,96.81,1.2,80000,0.94,80750,65.6,0.0,0,low
S00143,small,Bluetooth Speaker,SPK-M3,46,2,24,89.76,1.5,1.58,1.9,0,54.7,1,0,new,3,274,3,3.49,3,0,5.0,,Yes,100.0,5.37,7000,2.71,7190,85.5,0.0,0,low
S00276,medium,Desktop Computer,PC-M3,1137,23,43,94.69,2.83,3.51,6.7,3,39.8,1,1,new,12,575,13,5.87,14,1,3.76,3.59,Yes,87.88,14.52,65000,-3.62,62650,31.2,0.0,0,low
S00421,medium,Bluetooth Speaker,SPK-M5,1312,34,26,94.43,2.88,2.79,2.6,2,36.1,0,0,new,0,541,35,7.41,44,3,4.06,4.16,Yes,92.05,4.62,30000,-2.0,29400,47.2,0.0,0,low
S00117,small,Wi-Fi Router,RTR-M4,318,6,41,93.84,3.77,4.64,3.6,0,59.7,1,0,new,12,413,13,4.75,51,2,3.5,3.5,No,94.64,14.82,9500,0.74,9570,76.7,0.0,0,low
S00011,small,Desktop Computer,PC-M5,252,13,18,91.01,2.97,5.5,4.7,0,55.9,1,0,new,12,240,5,3.63,12,2,3.85,4.31,Yes,89.77,13.15,160000,-0.88,158600,46.2,0.0,0,low
S00044,small,Digital Camera,CAM-M2,158,82,8,94.7,4.18,4.4,4.7,2,30.4,1,0,refurbished,0,2,222,8.14,20,20,4.83,3.98,Yes,62.49,36.79,55000,-24.64,41450,10.0,1.0,100,high
S00539,medium,Laptop,LAP-M3,617,24,36,96.41,1.78,1.82,1.2,1,43.7,1,0,new,6,305,14,5.13,46,6,4.65,4.52,Yes,92.11,2.51,80000,-1.06,79150,50.0,0.0,0,low
S00045,small,Smart TV,TV-M1,272,24,15,84.42,9.41,10.67,8.0,2,31.5,1,0,new,0,158,15,9.69,12,2,2.01,2.01,No,84.68,17.03,22000,1.14,22250,76.6,0.0,0,low
S00202,medium,Smart TV,TV-M3,644,16,34,98.09,1.62,1.85,1.8,1,52.6,1,0,new,12,229,9,2.23,15,1,4.86,5.0,Yes,95.2,3.74,55000,1.64,55900,75.0,0.0,0,low
S00180,small,Wi-Fi Router,RTR-M1,244,49,7,91.48,4.55,5.32,4.3,0,37.1,0,0,new,3,124,2,4.31,5,2,3.69,3.83,Yes,97.11,5.9,1800,1.67,1830,78.0,0.0,0,low
S00005,small,Mobile Phone,MOB-M3,271,14,21,92.73,2.0,3.29,2.7,0,58.5,0,0,used,12,220,5,5.14,10,1,3.37,3.08,No,95.62,6.98,38000,-19.61,30550,18.0,0.0,0,low
S00421,medium,Smartwatch,WCH-M4,1312,34,26,94.43,2.88,2.79,2.6,2,36.1,0,0,new,0,56,31,8.24,12,1,3.94,3.6,Yes,93.58,16.51,22000,-0.91,21800,65.5,0.0,0,low
S00039,small,Digital Camera,CAM-M2,201,11,25,90.54,6.01,6.43,4.0,0,37.2,1,0,new,0,78,5,7.78,26,3,2.75,2.85,No,90.58,4.15,55000,6.45,58550,98.3,0.0,0,low
S00440,big,Mobile Phone,MOB-M1,27243,487,52,97.08,1.47,2.27,1.9,18,31.0,1,1,new,12,192,152,4.93,430,21,4.42,4.46,Yes,91.57,22.23,12000,-3.75,11550,41.4,0.0,0,low
S00528,small,Gaming Console,CON-M3,60,60,1,92.5,4.25,3.04,1.6,0,86.7,0,0,new,3,30,5,5.97,4,4,3.2,3.33,No,93.71,14.69,62000,2.9,63800,86.0,0.0,0,low
S00300,small,Smart TV,TV-M3,305,41,9,83.2,9.42,10.03,4.9,1,61.0,1,0,new,0,26,3,9.25,13,5,2.13,1.68,No,87.02,5.68,55000,-6.18,51600,17.9,0.0,0,low
S00037,small,Power Bank,PWR-M4,148,2,53,96.07,1.35,3.52,2.6,0,48.6,0,0,new,3,252,11,5.74,2,0,3.98,,Yes,91.29,4.37,4800,-6.04,4510,13.3,0.0,0,low
S00243,small,Laptop,LAP-M4,35,23,4,88.9,9.96,11.83,9.6,1,19.8,0,0,refurbished,6,20,85,9.34,29,29,5.0,4.32,Yes,28.7,73.15,120000,-69.29,36850,1.4,1.0,100,high
S00363,medium,Smart TV,TV-M3,1598,38,42,97.19,2.03,2.51,2.9,0,57.7,1,1,new,12,127,49,2.15,65,3,4.63,4.55,Yes,99.21,23.65,55000,2.36,56300,78.6,0.0,0,low
S00395,medium,Smartwatch,WCH-M1,1055,11,72,92.34,3.87,5.48,4.1,5,62.1,1,0,new,0,39,13,7.53,32,1,3.31,3.36,No,84.28,18.9,2000,-3.5,1930,53.5,0.0,0,low
S00343,medium,Bluetooth Speaker,SPK-M4,2804,74,61,93.74,3.13,3.91,3.1,3,51.3,0,0,refurbished,0,106,28,6.08,112,7,4.03,3.64,Yes,87.28,8.43,14000,-53.21,6550,2.0,0.0,0,low
S00339,medium,Smartwatch,WCH-M5,976,23,46,98.5,0.47,1.44,1.9,0,51.4,1,1,new,12,244,38,4.22,41,3,4.92,4.77,Yes,94.23,19.1,45000,-0.56,44750,57.4,0.0,0,low
S00441,medium,Smartwatch,WCH-M4,1153,36,47,100.0,0.54,1.6,1.3,0,25.0,1,0,new,6,89,34,6.84,18,1,4.93,4.81,Yes,100.0,6.18,22000,0.45,22100,80.0,0.0,0,low
S00296,big,Smartwatch,WCH-M3,17968,277,80,98.07,1.13,1.72,1.6,15,19.4,1,1,new,12,95,85,6.73,151,4,4.28,4.48,Yes,97.6,16.4,9000,0.78,9070,83.1,0.0,0,low
S00531,medium,Power Bank,PWR-M3,1044,27,37,99.13,0.58,1.33,1.8,0,34.6,1,0,new,6,166,19,2.38,33,2,4.84,4.55,Yes,91.69,5.65,3000,-7.0,2790,9.5,0.0,0,low
S00187,small,Smart TV,TV-M1,391,19,38,97.67,1.39,2.02,3.3,0,95.0,0,0,used,3,36,6,5.52,25,3,4.2,4.31,Yes,100.0,22.37,22000,-43.41,12450,6.5,0.0,0,low
S00402,small,Gaming Console,CON-M1,62,1,22,82.99,6.62,7.83,4.5,0,81.2,0,0,refurbished,12,63,15,7.55,3,0,2.79,,No,94.77,3.25,38000,-48.16,19700,5.9,0.0,0,low
S00355,small,Bluetooth Speaker,SPK-M2,56,2,24,95.25,2.32,2.06,2.8,0,59.7,1,0,refurbished,0,720,6,3.84,4,1,4.76,4.66,Yes,95.1,12.44,3500,-34.57,2290,5.0,0.0,0,low
S00214,medium,Bluetooth Speaker,SPK-M1,1470,38,51,94.27,2.09,2.83,4.3,2,50.6,0,1,new,12,222,34,5.61,44,2,4.11,4.0,Yes,94.6,8.06,1500,-4.67,1430,31.0,0.0,0,low
S00296,big,Smartwatch,WCH-M4,17968,277,80,98.07,1.13,1.72,1.6,15,19.4,1,1,new,12,77,75,5.9,177,7,4.77,4.86,Yes,100.0,6.23,22000,1.82,22400,87.3,0.0,0,low
S00167,big,Digital Camera,CAM-M1,29079,775,47,97.51,1.39,1.9,2.3,18,37.2,1,1,new,12,330,60,2.31,181,14,4.56,4.49,Yes,93.94,1.87,35000,-1.29,34550,59.6,0.0,0,low
S00283,medium,Laptop,LAP-M4,1333,18,55,96.91,1.66,2.22,1.7,0,66.1,1,0,new,6,158,34,5.94,18,1,4.11,4.48,Yes,95.47,1.43,120000,0.21,120250,75.7,0.0,0,low
S00048,small,Smartwatch,WCH-M4,275,9,34,97.1,2.06,1.48,1.5,0,60.9,1,0,new,12,314,6,7.23,7,1,4.26,4.26,Yes,88.95,17.02,22000,-3.41,21250,45.5,0.0,0,low
S00201,small,Bluetooth Speaker,SPK-M3,143,20,9,90.74,4.09,7.37,7.6,0,60.5,1,0,refurbished,0,218,3,8.83,1,0,2.46,,No,91.78,14.61,7000,-54.29,3200,1.8,0.0,0,low
S00036,big,Desktop Computer,PC-M2,10995,152,61,97.1,1.6,2.17,3.2,8,24.3,1,0,new,12,395,35,4.9,164,5,4.25,4.0,Yes,96.04,5.66,45000,-0.33,44850,66.1,0.0,0,low
S00250,medium,Mobile Phone,MOB-M1,1278,27,47,91.69,3.84,5.41,4.3,4,42.6,0,0,new,3,150,32,6.46,19,1,3.81,3.35,Yes,92.02,20.23,12000,-0.83,11900,67.2,0.0,0,low
S00119,small,Gaming Console,CON-M2,278,29,7,93.92,4.65,6.11,7.8,0,62.9,1,0,new,6,113,5,3.29,3,1,3.64,3.7,Yes,93.12,3.3,52000,-3.94,49950,39.6,0.0,0,low
S00531,medium,Power Bank,PWR-M1,1044,27,37,99.13,0.58,1.33,1.8,0,34.6,1,0,new,6,101,44,3.35,18,1,4.56,4.74,Yes,88.74,5.56,1100,3.64,1140,86.0,0.0,0,low
S00296,big,Power Bank,PWR-M3,17968,277,80,98.07,1.13,1.72,1.6,15,19.4,1,1,new,12,188,32,3.95,146,8,4.78,4.94,Yes,97.96,3.82,3000,-6.0,2820,19.0,0.0,0,low
S00107,small,Power Bank,PWR-M3,142,4,28,94.21,1.43,4.02,4.0,0,68.9,1,0,used,0,95,3,4.7,8,1,3.57,3.87,No,92.7,0.67,3000,-45.0,1650,7.1,0.0,0,low
S00136,small,Mobile Phone,MOB-M1,364,10,36,95.65,2.61,2.7,4.3,0,55.5,0,0,new,6,70,4,2.45,5,0,4.48,,Yes,99.77,22.15,12000,5.83,12700,96.6,0.0,0,low
S00530,medium,Smartwatch,WCH-M3,2687,29,84,91.71,4.48,5.8,5.9,5,55.5,1,1,new,12,180,25,7.88,57,1,3.28,3.39,No,96.85,13.77,9000,-1.67,8850,42.4,0.0,0,low
S00543,small,Mobile Phone,MOB-M1,356,157,2,97.02,1.75,1.82,3.1,0,48.6,1,0,new,12,60,3,4.33,28,28,4.3,4.37,Yes,94.55,9.35,12000,-1.67,11800,55.2,0.0,0,low
S00473,small,Power Bank,PWR-M1,111,3,25,89.25,7.44,9.33,6.3,0,45.5,0,0,new,0,45,4,10.19,6,0,2.55,,No,83.83,8.66,1100,10.0,1210,96.0,0.0,0,low
S00325,small,Laptop,LAP-M1,348,38,13,95.87,2.08,1.71,2.0,0,41.4,1,0,new,12,65,14,4.24,55,15,4.73,5.0,Yes,93.22,10.73,38000,-3.55,36650,44.8,0.0,0,low
S00129,big,Smartwatch,WCH-M1,16423,119,103,96.97,1.8,2.49,2.3,8,15.2,1,0,new,12,100,32,6.34,140,2,4.31,4.66,Yes,95.99,10.06,2000,2.5,2050,90.7,0.0,0,low
S00261,medium,Desktop Computer,PC-M5,6000,328,10,98.06,1.12,1.81,2.5,6,47.0,1,0,new,12,100,14,3.8,95,16,3.84,3.91,Yes,93.6,32.08,160000,-0.59,159050,53.8,0.0,0,low
S00177,small,Laptop,LAP-M2,138,6,18,99.6,3.39,3.56,3.5,0,38.9,1,0,new,0,379,6,4.05,6,1,3.75,3.67,Yes,93.81,20.08,55000,6.73,58700,94.2,0.0,0,low
S00323,small,Laptop,LAP-M2,58,16,5,100.0,1.11,2.27,1.6,0,73.0,1,0,new,12,79,24,3.74,0,0,,,No,,,55000,3.0,56650,84.6,0.0,0,low
S00296,big,Bluetooth Speaker,SPK-M3,17968,277,80,98.07,1.13,1.72,1.6,15,19.4,1,1,new,12,2400,51,2.6,90,3,4.59,4.75,Yes,97.88,0.54,7000,-1.29,6910,56.4,0.0,0,low
S00491,small,Digital Camera,CAM-M4,294,15,25,89.89,6.57,7.75,11.8,3,76.2,1,0,new,12,43,7,5.95,13,1,2.93,3.11,No,97.91,10.28,100000,-4.05,95950,22.0,0.0,0,low
S00551,big,Digital Camera,CAM-M2,23658,307,57,98.86,0.84,1.37,1.5,15,28.0,1,0,new,0,548,97,4.66,159,4,4.98,5.0,Yes,95.83,19.45,55000,-7.55,50850,20.0,0.0,0,low
S00435,small,Laptop,LAP-M3,179,14,8,96.91,0.76,1.31,2.0,0,51.3,1,0,new,6,60,5,7.5,5,1,4.66,5.0,Yes,98.67,3.65,80000,3.56,82850,82.8,0.0,0,low
S00317,medium,Smart TV,TV-M4,4634,155,35,90.0,5.33,6.59,6.9,12,43.4,1,0,new,6,58,28,4.79,55,4,3.73,4.07,Yes,92.18,26.2,90000,-3.5,86850,35.5,0.0,0,low
S00406,medium,Wireless Earbuds,EAR-M5,2932,64,49,94.13,3.4,4.32,3.4,4,27.5,1,0,new,0,75,56,5.8,141,9,3.99,4.02,Yes,97.83,8.13,28000,1.61,28450,78.8,0.0,0,low
S00516,big,Wireless Earbuds,EAR-M5,25726,176,105,97.86,1.3,1.76,0.8,8,22.0,1,0,new,12,124,119,5.75,144,1,4.56,4.49,Yes,93.83,33.63,28000,-2.5,27300,32.7,0.0,0,low
S00013,small,Smart TV,TV-M1,256,23,12,93.63,2.35,4.65,2.5,0,59.6,0,0,new,0,137,9,4.5,17,4,3.89,3.8,Yes,97.8,7.35,22000,-8.86,20050,20.8,0.0,0,low
S00129,big,Bluetooth Speaker,SPK-M5,16423,119,103,96.97,1.8,2.49,2.3,8,15.2,1,0,new,3,136,121,4.9,91,2,4.12,4.08,Yes,92.89,9.55,30000,0.0,30000,67.9,0.0,0,low
S00003,medium,Digital Camera,CAM-M1,2007,22,81,93.04,3.54,4.54,4.3,3,76.3,1,0,new,12,329,7,4.1,33,1,3.71,3.78,Yes,85.65,9.97,35000,-0.14,34950,69.2,0.0,0,low
S00135,small,Smart TV,TV-M1,53,31,5,79.82,9.74,13.0,4.8,5,15.2,0,0,new,0,7,229,11.86,3,3,4.83,3.03,Yes,52.81,55.46,22000,-19.32,17750,14.3,1.0,100,high
S00172,medium,Laptop,LAP-M3,1924,43,50,95.64,2.2,3.03,3.8,0,57.7,1,1,new,12,265,48,8.56,28,1,3.83,3.9,Yes,95.48,9.98,80000,-2.38,78100,45.3,0.0,0,low
S00124,small,Smart TV,TV-M1,215,14,10,99.48,0.42,0.78,1.2,0,40.9,0,0,refurbished,12,231,8,3.97,6,1,4.62,4.83,Yes,90.0,8.23,22000,-47.73,11500,5.2,0.0,0,low
S00020,big,Smart TV,TV-M1,20754,268,68,96.9,1.7,2.43,2.0,20,29.7,1,1,new,12,71,152,5.71,269,14,3.85,3.53,Yes,91.9,15.96,22000,0.23,22050,68.8,0.0,0,low
S00182,big,Gaming Console,CON-M3,24268,669,60,98.02,1.0,1.56,1.1,14,37.0,1,1,new,12,80,167,4.19,265,17,4.53,4.69,Yes,94.63,1.54,62000,-4.27,59350,40.0,0.0,0,low
S00415,big,Smartwatch,WCH-M5,15112,167,80,96.28,1.98,2.82,6.1,13,30.5,1,1,new,12,123,65,5.54,273,6,4.0,4.29,Yes,92.79,42.84,45000,-3.67,43350,35.2,0.0,0,low
S00067,small,Mobile Phone,MOB-M2,359,41,9,94.83,2.23,2.44,1.2,0,39.4,0,0,refurbished,0,43,5,7.15,45,14,3.98,3.99,Yes,91.43,11.19,22000,-43.18,12500,1.9,0.0,0,low
S00215,small,Laptop,LAP-M1,16,10,2,80.53,3.67,8.49,5.4,0,13.0,0,0,new,0,36,376,9.52,45,45,4.58,2.95,Yes,18.78,67.28,38000,-39.34,23050,13.4,1.0,100,high
S00007,small,Power Bank,PWR-M1,101,15,7,96.04,3.43,3.95,1.1,0,76.8,1,0,new,6,39,4,5.63,1,0,4.0,,Yes,96.07,22.68,1100,0.0,1100,70.0,0.0,0,low
S00132,medium,Desktop Computer,PC-M5,2214,147,17,96.17,2.4,3.17,1.8,2,26.9,1,0,new,12,23,136,3.72,30,4,4.18,4.26,Yes,91.36,9.09,160000,-5.75,150800,13.5,0.0,0,low
S00049,small,Power Bank,PWR-M4,196,50,5,93.32,5.58,5.6,5.0,0,88.3,1,0,new,12,126,14,7.25,7,5,3.06,2.97,No,97.3,13.81,4800,4.58,5020,86.7,0.0,0,low
S00363,medium,Smart TV,TV-M5,1598,38,42,97.19,2.03,2.51,2.9,0,57.7,1,1,new,12,245,18,5.38,54,4,4.52,4.57,Yes,97.37,11.73,180000,5.47,189850,87.5,0.0,0,low
S00510,small,Bluetooth Speaker,SPK-M5,501,18,26,95.66,1.56,2.69,2.1,0,47.1,0,0,new,3,170,7,6.48,9,1,4.2,3.84,Yes,95.85,20.92,30000,-0.83,29750,58.5,0.0,0,low
S00415,big,Digital Camera,CAM-M4,15112,167,80,96.28,1.98,2.82,6.1,13,30.5,1,1,new,6,15,68,0.58,201,6,4.62,4.85,Yes,96.25,40.9,100000,-1.3,98700,48.0,0.0,0,low
S00284,small,Desktop Computer,PC-M3,93,4,27,99.5,3.31,4.54,1.6,0,69.0,1,0,new,12,90,10,4.61,4,0,3.93,,Yes,98.28,15.87,65000,-0.15,64900,66.7,0.0,0,low
S00525,small,Mobile Phone,MOB-M3,53,40,2,85.01,7.85,10.97,7.3,1,9.5,1,0,new,0,54,227,10.1,34,34,4.43,3.81,Yes,31.85,89.23,38000,-49.47,19200,3.3,1.0,100,high
S00436,small,Smartwatch,WCH-M4,185,9,23,95.62,3.33,4.26,2.7,0,71.7,1,0,used,0,102,10,9.33,6,1,3.77,3.76,Yes,89.08,11.96,22000,-26.82,16100,14.5,0.0,0,low
S00143,small,Bluetooth Speaker,SPK-M5,46,2,24,89.76,1.5,1.58,1.9,0,54.7,1,0,new,0,85,9,4.69,2,0,4.63,,Yes,100.0,27.97,30000,-2.67,29200,39.6,0.0,0,low
S00424,small,Bluetooth Speaker,SPK-M4,209,15,9,93.84,1.89,3.05,2.9,0,68.1,0,0,new,12,270,12,5.83,6,2,4.18,3.97,Yes,96.46,29.66,14000,3.21,14450,84.3,0.0,0,low
S00516,big,Wi-Fi Router,RTR-M4,25726,176,105,97.86,1.3,1.76,0.8,8,22.0,1,0,new,3,488,144,3.28,124,2,4.42,4.59,Yes,93.81,5.18,9500,-4.63,9060,25.0,0.0,0,low
S00333,small,Desktop Computer,PC-M1,68,7,9,86.36,6.81,5.98,5.7,0,50.1,1,0,new,6,146,2,7.5,3,1,3.27,3.18,No,100.0,16.6,30000,7.33,32200,96.5,0.0,0,low
S00340,small,Smart TV,TV-M1,49,2,31,85.6,7.22,7.78,8.2,0,66.5,1,0,new,3,218,4,7.76,4,0,3.12,,No,87.47,5.39,22000,10.0,24200,98.7,0.0,0,low
S00023,small,Laptop,LAP-M3,408,10,38,96.03,3.2,3.97,2.3,0,54.0,1,1,new,3,1140,30,8.27,17,1,3.13,3.12,No,88.58,13.74,80000,3.25,82600,81.2,0.0,0,low
S00360,small,Wi-Fi Router,RTR-M3,22,1,13,99.48,1.18,1.34,2.1,0,43.0,1,0,new,3,173,5,5.45,0,0,,,No,,,5500,3.82,5710,91.3,0.0,0,low
S00050,small,Smartwatch,WCH-M4,109,103,1,92.4,6.21,5.43,4.4,0,78.6,1,0,new,12,30,6,8.42,2,2,3.06,2.77,No,95.86,35.87,22000,2.95,22650,94.5,0.0,0,low
S00222,small,Gaming Console,CON-M4,26,17,5,83.36,6.43,9.65,5.2,1,20.3,0,0,new,0,17,6,7.79,52,52,4.7,2.83,Yes,8.69,55.0,78000,-57.56,33100,4.5,1.0,100,high
S00461,big,Desktop Computer,PC-M1,10254,368,30,95.17,2.62,3.53,3.0,7,43.7,0,1,new,12,85,263,6.33,152,16,3.96,3.99,Yes,100.0,1.54,30000,0.33,30100,66.7,0.0,0,low
S00196,small,Gaming Console,CON-M1,225,157,6,87.12,6.61,9.18,7.1,3,45.0,0,0,refurbished,6,1,399,6.97,27,27,4.79,3.9,Yes,61.98,41.74,38000,-4.08,36450,29.4,1.0,100,high
S00132,medium,Wireless Earbuds,EAR-M3,2214,147,17,96.17,2.4,3.17,1.8,2,26.9,1,0,new,3,152,12,5.45,74,16,3.85,4.0,Yes,91.05,30.68,5500,-0.36,5480,65.2,0.0,0,low
S00395,medium,Laptop,LAP-M1,1055,11,72,92.34,3.87,5.48,4.1,5,62.1,1,0,new,6,216,34,7.52,59,2,3.63,3.46,Yes,92.42,5.08,38000,-1.97,37250,58.2,0.0,0,low
S00222,small,Smart TV,TV-M3,26,17,5,83.36,6.43,9.65,5.2,1,20.3,0,0,new,0,30,270,4.94,0,0,,,No,,,55000,-5.18,52150,21.4,1.0,100,high
S00377,small,Wi-Fi Router,RTR-M3,83,4,15,88.62,7.06,9.86,8.6,1,47.6,1,0,refurbished,6,392,6,7.61,3,0,2.17,,No,74.63,19.24,5500,-14.73,4690,21.7,0.0,0,low
S00214,medium,Mobile Phone,MOB-M3,1470,38,51,94.27,2.09,2.83,4.3,2,50.6,0,1,new,12,76,26,3.91,13,1,4.17,4.13,Yes,92.3,3.08,38000,-0.39,37850,59.0,0.0,0,low
S00368,small,Smartwatch,WCH-M4,26,3,12,96.71,0.1,5.85,4.1,0,53.9,0,0,new,12,332,6,8.81,0,0,,,No,,,22000,-5.0,20900,32.7,0.0,0,low
S00470,medium,Laptop,LAP-M3,1661,51,31,98.02,0.84,1.53,0.7,1,49.6,1,0,new,12,282,7,5.26,30,3,4.57,4.68,Yes,93.59,5.04,80000,0.37,80300,60.9,0.0,0,low
S00139,medium,Laptop,LAP-M3,707,64,10,96.94,2.07,2.45,2.3,1,50.6,1,0,new,6,300,10,6.48,10,2,3.99,3.73,Yes,100.0,18.37,80000,0.44,80350,62.5,0.0,0,low
S00401,small,Digital Camera,CAM-M3,64,4,19,95.58,2.96,2.24,1.9,0,64.0,1,0,new,12,178,3,2.26,4,1,4.58,4.21,Yes,92.59,2.85,80000,1.44,81150,80.4,0.0,0,low
S00045,small,Mobile Phone,MOB-M5,272,24,15,84.42,9.41,10.67,8.0,2,31.5,1,0,new,6,149,1,11.06,11,3,1.82,1.81,No,92.53,31.0,140000,-6.93,130300,26.0,0.0,0,low
S00520,small,Bluetooth Speaker,SPK-M4,700,40,13,96.47,2.66,4.21,2.9,1,62.4,0,0,new,0,135,16,5.84,30,5,3.71,3.89,Yes,91.04,14.55,14000,9.29,15300,100.0,0.0,0,low
S00163,small,Mobile Phone,MOB-M1,185,42,6,95.89,3.33,3.99,4.0,0,62.8,0,0,new,0,68,6,5.42,21,13,4.12,3.98,Yes,94.83,8.26,12000,0.83,12100,79.3,0.0,0,low
S00200,small,Wi-Fi Router,RTR-M1,251,6,43,96.73,1.88,2.47,5.1,0,33.0,0,0,new,6,29,4,5.1,11,1,4.45,4.51,Yes,98.04,14.12,1800,-32.78,1210,6.0,0.0,0,low
S00535,small,Wi-Fi Router,RTR-M2,95,14,7,92.15,5.14,5.42,3.7,0,30.5,1,0,refurbished,6,54,3,6.62,7,2,3.33,3.46,No,95.33,7.17,3200,-44.06,1790,5.6,0.0,0,low
S00191,small,Desktop Computer,PC-M3,168,60,4,94.95,0.47,2.59,2.3,0,65.4,1,0,new,3,99,11,3.0,14,13,4.48,4.35,Yes,98.92,10.22,65000,-0.38,64750,60.4,0.0,0,low
S00160,small,Smartwatch,WCH-M5,63,4,10,91.35,4.68,5.52,3.4,0,57.6,0,0,new,12,178,3,7.14,3,1,3.25,3.08,No,93.5,16.09,45000,-3.89,43250,33.3,0.0,0,low
S00257,small,Smart TV,TV-M2,161,66,9,78.63,12.02,12.93,12.8,6,37.2,0,0,new,0,54,265,13.27,8,8,4.64,3.52,Yes,23.69,56.25,35000,-23.14,26900,13.6,1.0,100,high
S00129,big,Wi-Fi Router,RTR-M2,16423,119,103,96.97,1.8,2.49,2.3,8,15.2,1,0,new,12,66,119,5.47,155,3,4.63,4.36,Yes,89.88,9.29,3200,-1.25,3160,68.5,0.0,0,low
S00100,medium,Desktop Computer,PC-M4,1896,50,48,98.88,1.14,1.29,3.1,2,35.4,1,0,new,6,68,15,1.73,66,3,4.92,5.0,Yes,90.43,3.57,95000,-4.21,91000,32.6,0.0,0,low
S00069,small,Smartwatch,WCH-M3,40,1,33,91.8,3.79,4.04,4.6,0,53.8,0,0,new,12,246,2,5.95,5,0,3.85,,Yes,97.31,17.39,9000,4.78,9430,96.6,0.0,0,low
S00565,small,Digital Camera,CAM-M2,102,66,9,94.2,5.03,4.93,2.2,3,36.9,1,0,new,12,24,2,4.46,1,1,4.94,4.23,Yes,9.45,83.92,55000,-33.36,36650,6.7,1.0,100,high
S00037,small,Power Bank,PWR-M3,148,2,53,96.07,1.35,3.52,2.6,0,48.6,0,0,new,12,582,4,3.89,3,0,4.34,,Yes,88.8,12.46,3000,-6.33,2810,14.3,0.0,0,low
S00119,small,Digital Camera,CAM-M3,278,29,7,93.92,4.65,6.11,7.8,0,62.9,1,0,refurbished,0,161,2,7.76,6,2,3.23,3.03,No,89.12,18.69,80000,-34.5,52400,3.9,0.0,0,low
S00431,small,Bluetooth Speaker,SPK-M2,214,7,42,91.22,5.16,6.64,8.1,2,56.6,0,1,new,12,167,7,5.61,9,1,3.3,3.04,No,91.13,29.97,3500,-0.86,3470,50.0,0.0,0,low
S00387,medium,Power Bank,PWR-M3,2590,48,41,98.19,1.29,2.12,2.0,1,40.7,1,0,new,12,66,10,5.04,56,3,3.9,3.7,Yes,95.63,3.02,3000,-2.0,2940,42.9,0.0,0,low
S00273,small,Wi-Fi Router,RTR-M4,118,6,18,96.05,3.22,3.43,4.3,0,32.3,0,0,used,0,514,16,6.2,12,1,3.57,3.47,No,94.91,15.25,9500,-20.74,7530,10.0,0.0,0,low
S00516,big,Gaming Console,CON-M4,25726,176,105,97.86,1.3,1.76,0.8,8,22.0,1,0,new,0,147,176,3.46,316,6,4.42,4.33,Yes,100.0,21.59,78000,30.13,101500,100.0,0.0,0,low
S00501,small,Wireless Earbuds,EAR-M4,92,7,14,100.0,0.12,2.0,2.2,0,39.6,1,0,new,6,420,4,6.17,0,0,,,No,,,12000,4.58,12550,88.5,0.0,0,low
S00505,medium,Bluetooth Speaker,SPK-M2,2401,45,33,98.15,1.56,1.8,1.6,3,21.4,1,0,new,12,132,41,4.26,70,3,4.81,4.85,Yes,97.08,7.68,3500,-2.86,3400,42.5,0.0,0,low
S00083,medium,Smartwatch,WCH-M5,1031,27,38,92.89,3.39,4.94,2.9,1,54.2,1,0,new,3,42,22,6.68,28,1,3.75,3.78,Yes,94.69,11.87,45000,1.0,45450,70.4,0.0,0,low
S00052,small,Gaming Console,CON-M4,700,34,22,93.65,3.33,4.06,3.1,1,48.4,0,0,new,3,399,21,5.72,25,3,3.97,3.72,Yes,92.41,20.08,78000,-0.58,77550,57.6,0.0,0,low
S00409,medium,Smart TV,TV-M1,1332,45,34,94.96,2.57,3.74,4.6,2,56.4,1,1,new,12,527,42,5.58,43,3,3.84,3.73,Yes,97.07,12.06,22000,-2.95,21350,42.9,0.0,0,low
S00332,medium,Desktop Computer,PC-M4,1380,23,59,92.41,4.0,5.1,3.0,1,41.6,1,0,new,12,69,11,5.72,43,1,3.68,3.55,Yes,92.41,10.84,95000,-2.68,92450,39.1,0.0,0,low
S00271,big,Digital Camera,CAM-M5,8010,200,86,98.26,1.12,1.81,1.4,5,32.3,1,1,new,12,396,86,2.89,175,11,4.27,4.54,Yes,85.93,3.7,180000,1.83,183300,85.7,0.0,0,low
S00096,small,Laptop,LAP-M2,25,0,31,99.96,7.3,1.84,4.2,0,44.5,0,0,new,6,228,2,4.37,1,0,4.3,,Yes,86.33,13.78,55000,-7.27,51000,15.4,0.0,0,low
S00192,small,Smartwatch,WCH-M5,121,5,14,98.48,0.85,1.44,0.6,0,32.3,0,0,new,12,135,3,3.58,3,0,4.71,,Yes,87.93,7.58,45000,-1.56,44300,46.3,0.0,0,low
S00029,small,Bluetooth Speaker,SPK-M2,55,1,32,99.76,2.55,6.44,4.6,0,61.0,1,0,new,6,243,8,7.17,1,0,3.37,,No,92.24,0.41,3500,34.29,4700,100.0,0.0,0,low
S00343,medium,Bluetooth Speaker,SPK-M3,2804,74,61,93.74,3.13,3.91,3.1,3,51.3,0,0,new,12,1095,15,5.24,33,4,3.98,3.7,Yes,100.0,12.29,7000,-7.14,6500,21.8,0.0,0,low
S00108,small,Wi-Fi Router,RTR-M5,191,7,37,92.21,3.11,5.05,4.5,0,77.0,1,1,new,12,642,2,4.06,5,0,3.67,,Yes,99.96,27.53,16000,-1.25,15800,56.9,0.0,0,low
S00018,small,Smart TV,TV-M5,39,3,11,99.87,1.44,2.28,3.0,0,34.1,0,0,new,12,277,6,4.5,4,1,4.32,4.21,Yes,94.3,27.12,180000,7.03,192650,94.6,0.0,0,low
S00391,small,Digital Camera,CAM-M2,70,1,35,97.55,3.34,2.83,1.6,0,45.7,0,0,new,6,60,5,3.82,11,0,4.29,,Yes,100.0,20.94,55000,-0.45,54750,56.7,0.0,0,low
S00524,medium,Desktop Computer,PC-M5,867,43,25,97.13,1.95,1.7,2.0,0,38.2,1,0,new,12,197,27,1.57,26,4,4.65,4.9,Yes,97.39,15.26,160000,-0.16,159750,55.8,0.0,0,low
S00042,small,Smart TV,TV-M1,46,36,3,77.65,8.91,11.08,6.9,4,28.9,0,0,refurbished,6,42,73,11.53,4,4,4.76,3.05,Yes,38.72,32.81,22000,-48.41,11350,2.6,1.0,100,high
S00527,small,Wi-Fi Router,RTR-M4,58,2,16,96.04,5.53,4.31,3.4,0,71.5,1,0,new,0,434,5,6.01,5,1,3.76,3.85,Yes,100.0,16.45,9500,-7.26,8810,16.7,0.0,0,low
S00235,medium,Smart TV,TV-M4,1479,37,43,97.73,0.78,1.64,2.1,0,39.0,1,1,new,12,618,14,3.37,53,3,4.34,4.04,Yes,95.93,7.16,90000,8.11,97300,98.4,0.0,0,low
S00031,small,Smart TV,TV-M5,279,5,36,97.56,1.6,1.29,1.6,1,46.7,1,0,new,0,1080,5,2.67,12,0,4.82,,Yes,100.0,6.09,180000,3.86,186950,82.1,0.0,0,low
S00531,medium,Smart TV,TV-M5,1044,27,37,99.13,0.58,1.33,1.8,0,34.6,1,0,new,12,523,13,5.1,17,1,4.58,4.15,Yes,95.58,11.41,180000,0.08,180150,64.3,0.0,0,low
S00249,small,Wi-Fi Router,RTR-M3,320,10,34,95.05,3.83,4.63,6.0,1,32.6,1,0,refurbished,6,715,7,3.45,12,1,3.72,3.41,Yes,89.48,6.56,5500,-29.45,3880,13.0,0.0,0,low
S00021,small,Smart TV,TV-M5,229,25,11,98.14,2.34,2.13,1.3,0,36.6,1,0,new,0,78,9,5.27,13,3,4.05,4.17,Yes,93.74,6.3,180000,0.36,180650,66.1,0.0,0,low
S00055,small,Wi-Fi Router,RTR-M1,698,37,21,88.11,5.46,6.78,5.0,1,57.1,0,0,new,0,376,13,6.12,40,5,2.97,3.11,No,82.73,3.6,1800,4.44,1880,92.0,0.0,0,low
S00426,small,Gaming Console,CON-M5,36,2,13,97.21,0.57,2.95,1.9,0,63.8,0,0,new,6,18,3,2.71,1,0,4.37,,Yes,96.59,7.25,95000,0.47,95450,66.1,0.0,0,low
S00548,small,Mobile Phone,MOB-M5,33,5,5,97.42,0.1,3.22,2.8,0,27.3,0,0,refurbished,12,116,12,6.28,3,1,4.17,4.04,Yes,95.07,11.91,140000,-51.79,67500,2.0,0.0,0,low
S00463,small,Desktop Computer,PC-M5,178,6,25,95.58,1.86,3.06,3.6,0,58.9,1,0,refurbished,6,60,34,4.51,6,1,4.22,4.24,Yes,97.29,23.86,160000,-45.56,87100,1.9,0.0,0,low
S00322,big,Smartwatch,WCH-M4,13542,231,65,99.08,0.88,1.45,1.7,9,43.2,1,1,new,6,368,46,5.86,267,15,4.6,4.46,Yes,100.0,1.92,22000,0.45,22100,80.0,0.0,0,low
S00105,big,Wi-Fi Router,RTR-M4,16216,133,100,89.08,5.86,7.29,9.8,58,47.8,1,1,new,12,544,106,6.93,258,4,2.83,2.9,No,89.92,7.64,9500,-1.79,9330,50.0,0.0,0,low
S00492,small,Gaming Console,CON-M4,83,4,19,93.35,2.06,3.72,3.6,0,55.3,0,0,new,12,430,10,4.9,2,0,3.69,,Yes,100.0,19.92,78000,3.78,80950,93.9,0.0,0,low
S00233,small,Smart TV,TV-M2,46,3,13,86.53,4.33,7.19,7.7,0,54.4,1,1,new,12,79,15,9.69,2,0,2.69,,No,92.16,13.04,35000,-4.71,33350,37.3,0.0,0,low
S00233,small,Desktop Computer,PC-M2,46,3,13,86.53,4.33,7.19,7.7,0,54.4,1,1,new,6,170,10,5.96,1,0,2.74,,No,91.56,6.48,45000,-4.0,43200,39.3,0.0,0,low
S00147,small,Power Bank,PWR-M2,250,19,10,95.01,4.13,3.15,2.0,0,65.9,0,0,new,12,256,3,8.68,36,6,3.52,3.35,No,90.8,12.21,1800,-1.67,1770,62.7,0.0,0,low
S00348,medium,Smart TV,TV-M3,2039,66,23,97.42,1.54,2.09,2.1,0,38.6,1,0,new,6,170,28,4.6,40,2,3.9,3.87,Yes,92.88,1.44,55000,-10.0,49500,16.1,0.0,0,low
S00430,small,Gaming Console,CON-M4,153,11,17,94.88,3.39,4.24,3.9,0,33.0,0,0,new,0,87,9,5.38,11,2,4.17,3.94,Yes,92.77,2.58,78000,-1.79,76600,48.5,0.0,0,low
S00195,small,Power Bank,PWR-M5,184,19,8,93.53,2.85,3.63,1.2,1,60.9,1,0,new,12,240,7,6.79,8,2,3.65,3.64,Yes,95.99,5.21,8500,-7.53,7860,15.0,0.0,0,low
S00084,small,Desktop Computer,PC-M2,87,10,7,98.61,3.41,3.57,3.0,0,71.7,0,0,refurbished,12,210,12,3.86,4,1,3.99,4.25,Yes,100.0,20.63,45000,-23.89,34250,14.3,0.0,0,low
S00005,small,Mobile Phone,MOB-M1,271,14,21,92.73,2.0,3.29,2.7,0,58.5,0,0,new,12,630,3,4.66,11,2,4.05,3.8,Yes,89.73,8.04,12000,-0.83,11900,67.2,0.0,0,low
S00292,small,Digital Camera,CAM-M5,118,16,10,98.44,3.82,4.12,4.9,0,56.8,1,0,new,12,205,4,4.41,1,0,3.69,,Yes,95.4,17.27,180000,6.64,191950,93.9,0.0,0,low
S00511,big,Wi-Fi Router,RTR-M2,15940,594,38,96.83,1.87,2.4,1.3,14,40.6,1,1,new,12,43,148,6.04,176,11,4.21,4.34,Yes,100.0,18.45,3200,-7.19,2970,22.2,0.0,0,low
S00351,small,Bluetooth Speaker,SPK-M3,81,24,4,95.08,0.19,0.99,2.2,0,57.1,0,0,new,12,120,2,2.87,2,1,4.42,4.64,Yes,96.19,6.48,7000,-4.0,6720,32.7,0.0,0,low
S00351,small,Smartwatch,WCH-M3,81,24,4,95.08,0.19,0.99,2.2,0,57.1,0,0,new,6,120,6,6.82,3,3,4.15,4.38,Yes,99.43,8.95,9000,1.67,9150,93.2,0.0,0,low
S00504,small,Power Bank,PWR-M4,121,10,8,99.43,0.65,1.88,1.8,0,81.6,1,0,new,3,240,7,3.52,12,2,4.52,4.65,Yes,97.92,8.8,4800,-6.25,4500,11.7,0.0,0,low
S00298,small,Power Bank,PWR-M5,24,1,13,95.15,3.38,4.38,2.4,0,61.2,1,0,used,12,134,2,7.2,2,0,3.81,,Yes,92.46,7.21,8500,-20.12,6790,8.3,0.0,0,low
S00556,small,Wireless Earbuds,EAR-M3,46,2,26,89.2,9.64,11.02,5.4,0,38.4,1,0,new,12,446,5,7.43,1,0,2.45,,No,89.14,20.34,5500,1.64,5590,86.4,0.0,0,low
S00044,small,Digital Camera,CAM-M4,158,82,8,94.7,4.18,4.4,4.7,2,30.4,1,0,new,0,59,10,4.55,65,65,4.99,3.13,Yes,68.22,53.72,100000,-18.15,81850,12.0,1.0,100,high
S00518,small,Wi-Fi Router,RTR-M3,26,1,18,97.37,0.92,4.31,2.0,0,40.9,0,0,refurbished,12,284,2,3.22,1,0,4.44,,Yes,91.4,12.02,5500,-32.36,3720,8.7,0.0,0,low
S00276,medium,Digital Camera,CAM-M5,1137,23,43,94.69,2.83,3.51,6.7,3,39.8,1,1,new,12,36,13,5.8,26,2,4.02,3.97,Yes,94.98,8.49,180000,-6.03,169150,24.5,0.0,0,low
S00364,small,Smart TV,TV-M5,83,4,14,88.02,6.58,7.35,11.4,0,49.9,1,0,refurbished,12,170,9,8.12,19,2,3.24,3.31,No,94.78,6.03,180000,-41.56,105200,8.9,0.0,0,low
S00416,small,Wi-Fi Router,RTR-M3,47,1,34,87.96,3.45,7.74,6.5,0,48.8,1,0,refurbished,12,346,11,5.01,4,0,3.66,,Yes,93.65,11.56,5500,-16.18,4610,19.6,0.0,0,low
S00302,small,Digital Camera,CAM-M1,145,5,28,100.0,2.59,1.58,1.2,0,63.7,0,0,new,6,285,8,3.42,4,0,4.85,,Yes,100.0,32.73,35000,2.43,35850,84.6,0.0,0,low
S00516,big,Smartwatch,WCH-M1,25726,176,105,97.86,1.3,1.76,0.8,8,22.0,1,0,new,0,128,60,4.27,131,2,4.47,4.2,Yes,100.0,13.81,2000,-2.0,1960,62.8,0.0,0,low
S00113,big,Wireless Earbuds,EAR-M1,11440,310,57,97.48,1.52,2.11,1.9,6,25.3,1,1,new,12,52,116,5.22,125,7,4.64,4.71,Yes,100.0,10.46,1200,-2.5,1170,47.7,0.0,0,low
S00148,big,Power Bank,PWR-M3,12646,155,102,96.7,1.86,2.51,2.2,9,18.7,1,0,new,12,57,102,4.61,73,3,4.24,4.09,Yes,100.0,10.03,3000,-2.0,2940,42.9,0.0,0,low
S00530,medium,Digital Camera,CAM-M3,2687,29,84,91.71,4.48,5.8,5.9,5,55.5,1,1,new,12,272,26,7.13,45,1,3.58,3.6,No,95.08,5.31,80000,-6.56,74750,27.5,0.0,0,low
S00179,medium,Gaming Console,CON-M5,1484,19,48,96.66,2.09,2.85,2.2,1,60.3,1,0,new,0,203,36,5.31,64,3,4.37,4.44,Yes,99.79,18.2,95000,-16.89,78950,19.4,0.0,0,low
S00489,small,Mobile Phone,MOB-M5,180,11,12,97.92,0.3,1.8,2.1,0,52.9,1,0,new,6,225,3,4.02,6,1,4.49,4.69,Yes,99.76,17.84,140000,-4.25,134050,36.0,0.0,0,low
S00320,small,Wireless Earbuds,EAR-M5,263,17,17,85.93,6.67,7.83,7.6,1,46.9,1,0,new,3,78,5,9.05,18,3,2.74,3.01,No,89.05,9.99,28000,1.61,28450,78.8,0.0,0,low
S00222,small,Smart TV,TV-M2,26,17,5,83.36,6.43,9.65,5.2,1,20.3,0,0,new,0,44,110,8.56,17,17,4.62,4.06,Yes,14.29,55.66,35000,-19.71,28100,16.9,1.0,100,high
S00348,medium,Smart TV,TV-M2,2039,66,23,97.42,1.54,2.09,2.1,0,38.6,1,0,new,0,690,23,0.83,79,7,4.89,4.53,Yes,94.03,4.81,35000,-6.43,32750,28.8,0.0,0,low
S00295,small,Desktop Computer,PC-M3,259,17,23,98.17,1.47,2.62,1.3,0,56.7,0,0,new,12,72,8,4.13,41,7,4.3,3.96,Yes,87.42,6.13,65000,-5.15,61650,16.7,0.0,0,low
S00475,small,Gaming Console,CON-M2,249,23,10,98.05,0.87,1.2,0.9,0,48.5,0,0,new,0,237,3,2.09,32,6,4.25,4.23,Yes,100.0,4.59,52000,2.6,53350,84.9,0.0,0,low
S00561,medium,Smart TV,TV-M3,1045,19,48,95.03,2.99,3.77,4.7,1,48.3,1,0,new,12,299,28,2.05,37,2,4.09,4.33,Yes,92.85,12.79,55000,-4.36,52600,25.0,0.0,0,low
S00296,big,Power Bank,PWR-M2,17968,277,80,98.07,1.13,1.72,1.6,15,19.4,1,1,new,3,113,51,6.12,213,7,4.09,3.99,Yes,94.91,15.35,1800,-7.78,1660,13.7,0.0,0,low
S00182,big,Wi-Fi Router,RTR-M4,24268,669,60,98.02,1.0,1.56,1.1,14,37.0,1,1,new,12,153,49,2.03,263,13,5.0,5.0,Yes,88.16,3.57,9500,-0.53,9450,65.0,0.0,0,low
S00110,small,Wi-Fi Router,RTR-M4,166,11,12,99.47,0.1,0.8,2.1,0,47.1,0,0,new,12,78,2,2.25,7,1,4.72,4.78,Yes,93.87,17.55,9500,-0.32,9470,70.0,0.0,0,low
S00177,small,Laptop,LAP-M5,138,6,18,99.6,3.39,3.56,3.5,0,38.9,1,0,new,0,178,11,5.43,10,1,4.1,4.4,Yes,95.37,18.38,190000,-7.45,175850,29.8,0.0,0,low
S00407,small,Bluetooth Speaker,SPK-M2,40,6,7,98.6,0.1,0.01,2.5,0,54.7,0,0,new,3,98,9,2.26,1,0,4.89,,Yes,97.35,13.08,3500,-5.43,3310,17.5,0.0,0,low
S00207,medium,Smart TV,TV-M5,1839,28,66,98.16,1.07,1.78,1.1,1,39.2,0,0,new,6,224,53,4.33,131,4,4.74,5.0,Yes,96.14,11.43,180000,6.03,190850,91.1,0.0,0,low
S00006,small,Gaming Console,CON-M4,69,14,4,99.51,1.82,2.94,1.9,0,67.6,1,0,new,6,120,3,2.96,5,3,4.51,4.03,Yes,95.71,7.93,78000,-3.91,74950,30.3,0.0,0,low
S00034,small,Wi-Fi Router,RTR-M2,44,2,21,95.42,5.47,4.75,7.0,0,87.5,1,0,new,12,158,9,7.01,0,0,,,No,,,3200,-6.25,3000,29.6,0.0,0,low
S00378,medium,Wi-Fi Router,RTR-M2,1033,22,63,93.23,3.63,4.56,4.7,0,35.7,1,0,new,6,460,17,7.45,24,2,3.64,3.73,Yes,93.14,14.39,3200,2.5,3280,90.7,0.0,0,low
S00259,small,Laptop,LAP-M1,194,37,7,94.07,2.25,4.77,3.2,0,46.2,0,0,new,12,210,7,6.75,13,6,3.31,3.32,No,92.15,9.67,38000,-3.03,36850,52.2,0.0,0,low
S00477,small,Laptop,LAP-M4,129,8,22,89.2,3.28,4.91,3.2,0,52.0,0,0,new,3,498,5,6.18,12,3,4.15,4.23,Yes,95.56,11.94,120000,1.46,121750,83.8,0.0,0,low
S00261,medium,Digital Camera,CAM-M3,6000,328,10,98.06,1.12,1.81,2.5,6,47.0,1,0,new,12,236,36,2.68,115,16,4.3,4.31,Yes,93.97,9.11,80000,-1.5,78800,56.9,0.0,0,low
S00271,big,Laptop,LAP-M3,8010,200,86,98.26,1.12,1.81,1.4,5,32.3,1,1,new,12,368,108,5.19,147,11,4.55,4.02,Yes,100.0,11.24,80000,-5.31,75750,32.8,0.0,0,low
S00503,small,Smart TV,TV-M4,62,1,33,94.63,1.14,2.64,5.7,0,42.7,0,0,new,0,133,5,3.73,6,0,4.74,,Yes,89.58,4.65,90000,-4.72,85750,27.4,0.0,0,low
S00336,small,Digital Camera,CAM-M2,38,9,6,93.46,4.13,3.44,8.8,0,65.0,1,0,new,12,180,6,3.19,8,7,4.29,4.48,Yes,92.18,22.85,55000,3.82,57100,85.0,0.0,0,low
S00542,small,Desktop Computer,PC-M3,269,14,23,90.55,4.93,6.48,2.9,1,64.1,0,0,new,0,373,11,6.34,12,2,3.67,3.47,Yes,94.59,4.74,65000,-4.38,62150,25.0,0.0,0,low
S00429,small,Power Bank,PWR-M5,71,13,5,97.41,0.1,0.0,0.8,0,82.5,1,0,new,12,150,8,3.42,5,2,4.64,4.46,Yes,94.18,11.22,8500,-0.12,8490,68.3,0.0,0,low
S00398,small,Laptop,LAP-M4,21,13,4,74.79,14.57,13.92,10.0,1,13.2,0,0,new,0,57,258,13.56,22,22,4.86,3.14,Yes,37.51,80.3,120000,-27.83,86600,16.2,1.0,100,high
S00403,small,Gaming Console,CON-M3,216,5,26,88.59,6.04,6.81,4.6,1,86.5,1,0,new,12,65,8,8.81,16,1,2.44,2.45,No,93.14,20.97,62000,5.16,65200,92.0,0.0,0,low
S00337,small,Mobile Phone,MOB-M4,35,0,58,92.21,1.84,3.95,0.8,0,44.1,1,0,new,0,22,4,5.64,1,0,4.16,,Yes,97.13,6.86,65000,-5.85,61200,40.0,0.0,0,low
S00440,big,Wi-Fi Router,RTR-M2,27243,487,52,97.08,1.47,2.27,1.9,18,31.0,1,1,new,12,625,50,6.77,185,10,4.34,4.09,Yes,93.56,14.6,3200,-4.37,3060,33.3,0.0,0,low
S00139,medium,Mobile Phone,MOB-M5,707,64,10,96.94,2.07,2.45,2.3,1,50.6,1,0,new,3,29,16,6.67,15,4,4.2,3.92,Yes,89.69,15.17,140000,-0.61,139150,62.0,0.0,0,low
S00225,small,Wi-Fi Router,RTR-M3,98,1,68,94.47,4.44,4.92,2.9,0,65.5,1,0,new,6,95,5,3.9,2,0,3.17,,No,90.98,21.08,5500,3.45,5690,84.8,0.0,0,low
S00431,small,Power Bank,PWR-M3,214,7,42,91.22,5.16,6.64,8.1,2,56.6,0,1,new,12,449,3,6.14,19,2,3.43,3.6,No,92.3,5.18,3000,4.33,3130,88.1,0.0,0,low
S00322,big,Digital Camera,CAM-M4,13542,231,65,99.08,0.88,1.45,1.7,9,43.2,1,1,new,12,117,62,1.4,279,13,5.0,5.0,Yes,94.07,28.17,100000,-2.05,97950,34.0,0.0,0,low
S00505,medium,Wireless Earbuds,EAR-M2,2401,45,33,98.15,1.56,1.8,1.6,3,21.4,1,0,new,6,67,42,2.9,34,2,4.36,3.92,Yes,100.0,9.42,2500,3.6,2590,97.8,0.0,0,low
S00286,small,Smartwatch,WCH-M5,67,5,15,100.0,0.1,1.28,2.5,0,47.2,0,0,new,12,242,4,3.68,3,1,4.53,4.5,Yes,96.3,26.32,45000,5.78,47600,96.3,0.0,0,low
S00226,small,Power Bank,PWR-M2,138,13,10,95.82,2.53,2.25,3.3,0,54.9,0,0,new,12,199,7,4.56,2,0,4.18,,Yes,93.79,11.48,1800,-9.44,1630,11.8,0.0,0,low
S00001,small,Desktop Computer,PC-M3,130,4,26,91.89,3.22,3.01,6.4,0,62.2,0,0,new,3,299,6,4.45,10,1,3.81,3.91,Yes,93.61,28.51,65000,-1.54,64000,47.9,0.0,0,low
S00085,small,Laptop,LAP-M4,29,22,5,84.68,10.69,14.48,10.3,0,12.5,0,0,new,0,20,364,12.41,2,2,4.88,4.54,Yes,70.54,41.88,120000,-32.63,80850,10.8,1.0,100,high
S00478,small,Mobile Phone,MOB-M1,183,10,22,95.72,3.62,2.93,3.4,0,67.1,0,0,new,3,165,3,4.31,20,3,4.15,4.5,Yes,91.88,1.83,12000,2.5,12300,89.7,0.0,0,low
S00531,medium,Smart TV,TV-M1,1044,27,37,99.13,0.58,1.33,1.8,0,34.6,1,0,new,12,283,20,3.31,27,2,4.45,4.53,Yes,100.0,16.69,22000,-6.59,20550,26.0,0.0,0,low
S00145,big,Desktop Computer,PC-M1,22641,132,155,95.79,2.28,2.99,3.2,23,41.7,1,0,new,6,548,139,4.44,315,6,4.3,4.22,Yes,95.92,19.46,30000,-6.5,28050,17.5,0.0,0,low
S00502,small,Wireless Earbuds,EAR-M5,99,8,8,97.61,2.9,1.57,3.8,0,52.8,1,0,new,6,175,7,6.3,5,1,4.54,4.28,Yes,94.38,18.11,28000,-2.86,27200,30.8,0.0,0,low
S00516,big,Laptop,LAP-M5,25726,176,105,97.86,1.3,1.76,0.8,8,22.0,1,0,new,12,182,77,6.9,258,4,4.08,4.25,Yes,89.74,12.93,190000,-5.32,179900,38.6,0.0,0,low
S00152,small,Desktop Computer,PC-M3,101,5,13,92.95,1.73,2.72,2.9,0,35.9,1,1,new,12,390,9,5.35,21,2,3.96,3.99,Yes,100.0,3.03,65000,0.92,65600,79.2,0.0,0,low
S00228,small,Smart TV,TV-M3,86,7,9,93.23,0.1,2.86,4.6,0,72.2,0,0,new,12,59,13,2.61,0,0,,,No,,,55000,-5.64,51900,19.6,0.0,0,low
S00276,medium,Power Bank,PWR-M4,1137,23,43,94.69,2.83,3.51,6.7,3,39.8,1,1,new,6,150,67,7.64,32,2,3.37,3.09,No,100.0,15.3,4800,-0.62,4770,53.3,0.0,0,low
S00206,small,Desktop Computer,PC-M1,166,9,22,96.01,1.46,2.11,1.3,0,79.2,0,0,new,0,412,5,4.52,22,3,4.26,4.51,Yes,100.0,10.27,30000,-1.0,29700,57.9,0.0,0,low
S00232,small,Wi-Fi Router,RTR-M2,432,32,12,91.27,4.16,4.71,8.7,0,31.9,1,0,refurbished,12,82,5,7.71,45,7,3.33,3.4,No,89.56,5.93,3200,-33.44,2130,7.4,0.0,0,low
S00483,big,Wireless Earbuds,EAR-M1,6835,176,51,98.04,1.38,2.08,1.6,4,36.3,1,1,new,12,57,86,5.63,39,2,3.93,4.1,Yes,100.0,10.98,1200,-3.33,1160,36.9,0.0,0,low
S00441,medium,Smart TV,TV-M2,1153,36,47,100.0,0.54,1.6,1.3,0,25.0,1,0,new,6,49,68,4.06,45,3,4.65,4.3,Yes,100.0,10.55,35000,-2.14,34250,54.2,0.0,0,low
S00365,small,Wireless Earbuds,EAR-M4,75,6,13,94.62,6.12,6.95,3.4,0,42.7,0,0,new,6,230,18,10.28,1,0,2.62,,No,89.79,17.38,12000,1.67,12200,75.0,0.0,0,low
S00257,small,Mobile Phone,MOB-M4,161,66,9,78.63,12.02,12.93,12.8,6,37.2,0,0,new,3,42,3,11.59,10,10,4.6,3.63,Yes,40.75,56.47,65000,-28.92,46200,15.6,1.0,100,high
S00385,medium,Laptop,LAP-M5,933,8,50,97.27,1.29,1.35,2.9,2,25.1,1,0,new,12,25,12,4.73,14,0,4.71,,Yes,95.86,19.77,190000,-3.89,182600,43.9,0.0,0,low
S00415,big,Smart TV,TV-M1,15112,167,80,96.28,1.98,2.82,6.1,13,30.5,1,1,new,12,48,71,5.07,190,5,4.26,4.43,Yes,98.27,10.92,22000,-6.82,20500,24.7,0.0,0,low
S00036,big,Mobile Phone,MOB-M3,10995,152,61,97.1,1.6,2.17,3.2,8,24.3,1,0,new,6,240,64,3.34,182,7,4.48,4.5,Yes,100.0,3.19,38000,-2.76,36950,47.5,0.0,0,low
S00529,small,Smartwatch,WCH-M3,127,38,3,96.94,2.43,3.69,3.0,0,50.1,1,0,refurbished,6,90,11,8.15,6,5,3.98,3.69,Yes,84.34,3.81,9000,-28.44,6440,3.4,0.0,0,low
S00542,small,Desktop Computer,PC-M2,269,14,23,90.55,4.93,6.48,2.9,1,64.1,0,0,used,12,77,3,6.07,8,1,3.07,2.86,No,92.88,6.28,45000,-36.11,28750,7.1,0.0,0,low
S00546,small,Smart TV,TV-M1,49,40,3,75.95,10.99,13.99,9.7,3,28.3,1,0,new,0,7,381,10.85,2,2,4.76,2.77,Yes,16.87,40.55,22000,-58.86,9050,1.3,1.0,100,high
S00547,small,Digital Camera,CAM-M2,282,6,40,88.75,4.19,8.19,5.2,1,40.5,1,0,new,0,56,5,5.9,8,0,3.11,,No,98.46,5.28,55000,0.55,55300,66.7,0.0,0,low
S00011,small,Wi-Fi Router,RTR-M5,252,13,18,91.01,2.97,5.5,4.7,0,55.9,1,0,new,12,19,19,5.59,12,2,3.75,3.71,Yes,97.18,8.66,16000,-4.69,15250,23.5,0.0,0,low
S00179,medium,Gaming Console,CON-M4,1484,19,48,96.66,2.09,2.85,2.2,1,60.3,1,0,new,0,35,15,7.09,59,2,4.07,4.3,Yes,100.0,5.22,78000,-10.0,70200,18.2,0.0,0,low
S00086,small,Power Bank,PWR-M4,78,10,7,100.0,1.07,3.45,1.4,0,32.2,0,0,new,12,143,4,4.82,3,1,4.66,4.42,Yes,96.27,13.59,4800,-1.46,4730,43.3,0.0,0,low
S00287,small,Wireless Earbuds,EAR-M3,145,13,9,89.89,5.03,6.22,4.4,0,71.8,0,1,new,12,148,4,9.87,4,1,3.14,3.13,No,87.54,13.55,5500,-9.64,4970,19.7,0.0,0,low
S00359,small,Desktop Computer,PC-M2,385,12,33,100.0,1.54,1.62,1.4,0,79.7,1,0,new,6,39,8,3.19,30,2,4.64,4.73,Yes,98.67,16.55,45000,4.0,46800,87.5,0.0,0,low
S00169,medium,Wireless Earbuds,EAR-M3,1148,28,28,96.6,1.89,2.09,2.8,0,45.7,1,0,new,12,233,65,3.97,56,3,4.69,4.67,Yes,96.83,6.45,5500,-0.73,5460,63.6,0.0,0,low
S00369,small,Digital Camera,CAM-M1,356,14,18,91.66,4.88,5.25,3.7,0,77.3,0,0,new,6,356,12,4.02,18,2,3.54,3.43,No,96.2,11.44,35000,-7.0,32550,17.3,0.0,0,low
S00314,small,Wireless Earbuds,EAR-M5,98,3,27,99.04,0.27,0.67,1.3,0,52.5,1,0,refurbished,6,725,10,5.85,7,1,4.76,4.94,Yes,97.25,11.8,28000,-47.68,14650,3.8,0.0,0,low
S00180,small,Wi-Fi Router,RTR-M2,244,49,7,91.48,4.55,5.32,4.3,0,37.1,0,0,new,3,134,6,7.19,20,12,3.3,3.27,No,90.82,24.34,3200,0.94,3230,83.3,0.0,0,low
S00412,small,Mobile Phone,MOB-M4,184,24,15,93.51,1.89,2.5,3.4,0,52.0,0,0,new,3,450,5,7.84,15,5,4.07,3.77,Yes,98.36,15.91,65000,1.15,65750,75.6,0.0,0,low
S00019,medium,Smartwatch,WCH-M5,3267,43,51,97.95,1.31,1.79,1.3,1,34.8,1,1,new,12,239,40,5.65,39,1,4.26,4.24,Yes,92.94,8.13,45000,0.11,45050,66.7,0.0,0,low
S00136,small,Bluetooth Speaker,SPK-M2,364,10,36,95.65,2.61,2.7,4.3,0,55.5,0,0,new,6,164,8,5.27,24,2,4.07,4.41,Yes,97.43,12.02,3500,-2.29,3420,45.0,0.0,0,low
S00410,small,Gaming Console,CON-M5,103,6,23,92.11,3.73,5.67,4.1,0,42.2,0,0,new,12,231,3,6.09,2,0,3.73,,Yes,96.76,11.62,95000,-1.95,93150,51.6,0.0,0,low
S00296,big,Laptop,LAP-M2,17968,277,80,98.07,1.13,1.72,1.6,15,19.4,1,1,new,12,182,102,3.72,321,11,4.49,4.24,Yes,100.0,4.03,55000,-1.73,54050,48.1,0.0,0,low
S00382,small,Laptop,LAP-M4,584,32,20,91.44,4.35,5.48,3.3,0,40.4,0,0,new,12,60,15,6.98,40,5,3.52,3.58,No,92.35,9.34,120000,0.83,121000,78.4,0.0,0,low
S00126,small,Smart TV,TV-M2,350,102,3,92.26,3.14,4.59,2.8,1,40.9,1,0,used,12,90,3,5.19,13,11,3.73,3.58,Yes,96.13,10.7,35000,-36.29,22300,10.2,0.0,0,low
S00242,small,Wireless Earbuds,EAR-M3,589,32,15,92.56,2.28,4.18,3.7,0,36.6,0,0,new,6,79,9,6.14,54,7,4.25,4.11,Yes,92.89,4.35,5500,-3.27,5320,37.9,0.0,0,low
S00543,small,Mobile Phone,MOB-M3,356,157,2,97.02,1.75,1.82,3.1,0,48.6,1,0,new,0,56,4,5.11,34,34,3.77,3.62,Yes,100.0,12.5,38000,-7.5,35150,26.2,0.0,0,low
S00470,medium,Laptop,LAP-M2,1661,51,31,98.02,0.84,1.53,0.7,1,49.6,1,0,new,0,135,13,4.17,73,6,4.98,4.93,Yes,98.2,34.08,55000,-2.09,53850,44.2,0.0,0,low
S00505,medium,Wi-Fi Router,RTR-M1,2401,45,33,98.15,1.56,1.8,1.6,3,21.4,1,0,new,6,219,18,4.01,57,5,4.83,4.65,Yes,96.61,4.0,1800,-1.11,1780,56.0,0.0,0,low
S00010,small,Mobile Phone,MOB-M2,120,4,22,99.9,2.63,1.52,3.9,0,60.8,1,0,new,12,201,2,3.55,5,0,4.34,,Yes,99.73,8.82,22000,-9.55,19900,20.8,0.0,0,low
S00309,small,Laptop,LAP-M2,68,2,21,91.26,4.26,5.18,2.0,0,57.9,1,0,new,12,427,6,5.87,9,0,3.25,,No,95.09,15.72,55000,-4.55,52500,25.0,0.0,0,low
S00304,small,Gaming Console,CON-M1,102,4,21,100.0,1.78,0.68,1.1,0,49.9,0,0,new,3,144,12,1.19,2,0,4.64,,Yes,100.0,5.82,38000,1.32,38500,74.5,0.0,0,low
S00201,small,Desktop Computer,PC-M3,143,20,9,90.74,4.09,7.37,7.6,0,60.5,1,0,new,0,120,5,6.03,4,2,3.31,3.13,No,97.83,4.15,65000,-2.31,63500,43.8,0.0,0,low
S00357,small,Smartwatch,WCH-M4,54,3,27,89.78,5.71,10.1,7.8,0,74.9,0,0,new,12,192,8,11.01,2,0,2.59,,No,91.05,14.56,22000,-2.27,21500,58.2,0.0,0,low
S00138,small,Smart TV,TV-M3,69,3,28,89.64,6.65,6.37,3.7,1,46.9,0,0,new,12,10,7,5.16,4,0,3.26,,No,86.76,22.65,55000,-3.82,52900,30.4,0.0,0,low
S00380,medium,Digital Camera,CAM-M2,735,7,56,94.31,2.93,4.7,6.4,0,58.0,1,0,new,12,134,23,5.7,24,1,4.2,4.2,Yes,100.0,6.55,55000,-6.0,51700,25.0,0.0,0,low
S00447,small,Desktop Computer,PC-M5,67,1,55,93.83,0.81,3.69,2.2,0,29.0,1,0,new,3,324,3,5.2,3,0,4.63,,Yes,96.98,7.2,160000,-6.31,149900,11.5,0.0,0,low
S00483,big,Wireless Earbuds,EAR-M5,6835,176,51,98.04,1.38,2.08,1.6,4,36.3,1,1,new,12,88,123,4.9,63,3,4.37,4.14,Yes,99.51,16.6,28000,-0.71,27800,53.8,0.0,0,low
S00199,small,Laptop,LAP-M1,95,2,32,95.03,3.45,3.38,3.4,0,54.0,1,0,new,12,552,24,8.1,2,0,4.06,,Yes,95.9,18.08,38000,1.71,38650,83.6,0.0,0,low
S00235,medium,Smart TV,TV-M5,1479,37,43,97.73,0.78,1.64,2.1,0,39.0,1,1,new,12,27,15,5.64,31,2,4.59,4.41,Yes,98.96,9.05,180000,-3.61,173500,32.1,0.0,0,low
S00100,medium,Digital Camera,CAM-M5,1896,50,48,98.88,1.14,1.29,3.1,2,35.4,1,0,new,12,41,40,4.97,31,2,4.64,4.7,Yes,91.48,16.17,180000,0.0,180000,73.5,0.0,0,low
S00362,small,Gaming Console,CON-M3,251,12,25,93.74,2.71,3.52,5.8,0,80.8,0,0,used,6,71,11,5.32,13,1,4.01,4.15,Yes,97.94,5.32,62000,-44.68,34300,12.0,0.0,0,low
S00519,small,Laptop,LAP-M3,13,8,5,93.39,7.45,7.64,13.6,0,42.1,0,0,new,0,14,255,12.05,1,1,4.52,2.99,Yes,24.28,77.93,80000,-22.94,61650,17.2,1.0,100,high
S00427,small,Wireless Earbuds,EAR-M1,94,10,8,100.0,0.1,1.15,1.1,0,58.2,1,0,new,3,113,4,2.73,3,1,4.58,4.71,Yes,91.94,4.34,1200,1.67,1220,83.1,0.0,0,low
S00030,small,Gaming Console,CON-M3,47,45,1,78.52,9.19,9.36,5.4,0,34.9,0,0,new,0,26,79,8.18,3,3,4.8,3.76,Yes,49.03,74.1,62000,-4.44,59250,38.0,1.0,100,high
S00014,medium,Digital Camera,CAM-M2,2318,65,33,94.49,2.74,3.86,4.6,0,54.0,1,0,new,3,112,69,5.86,32,2,4.22,3.94,Yes,100.0,5.02,55000,1.27,55700,75.0,0.0,0,low
S00242,small,Wireless Earbuds,EAR-M1,589,32,15,92.56,2.28,4.18,3.7,0,36.6,0,0,new,12,98,2,5.65,35,4,3.79,3.93,Yes,99.54,12.79,1200,0.0,1200,66.2,0.0,0,low
S00234,medium,Wi-Fi Router,RTR-M3,5840,118,46,96.37,1.97,2.84,2.2,4,65.6,1,0,new,12,109,17,4.86,139,6,4.27,4.4,Yes,94.0,16.41,5500,3.82,5710,91.3,0.0,0,low
S00200,small,Wi-Fi Router,RTR-M2,251,6,43,96.73,1.88,2.47,5.1,0,33.0,0,0,used,12,180,14,7.4,17,1,4.18,4.26,Yes,100.0,3.22,3200,-23.12,2460,9.3,0.0,0,low
S00276,medium,Wi-Fi Router,RTR-M5,1137,23,43,94.69,2.83,3.51,6.7,3,39.8,1,1,new,12,202,11,5.25,27,1,4.09,4.03,Yes,96.0,5.28,16000,-4.06,15350,27.5,0.0,0,low
S00466,small,Desktop Computer,PC-M5,170,26,5,92.07,4.61,5.17,9.5,0,58.4,1,0,new,3,136,6,5.56,1,0,3.53,,No,98.21,4.28,160000,2.91,164650,82.7,0.0,0,low
S00033,small,Wi-Fi Router,RTR-M4,60,2,29,84.56,8.2,11.04,3.1,0,73.9,1,0,new,12,178,2,9.62,3,0,2.26,,No,88.29,18.68,9500,-2.95,9220,36.7,0.0,0,low
S00276,medium,Power Bank,PWR-M3,1137,23,43,94.69,2.83,3.51,6.7,3,39.8,1,1,new,12,87,14,7.1,12,1,4.01,3.34,Yes,91.92,13.64,3000,0.0,3000,64.3,0.0,0,low
S00440,big,Wi-Fi Router,RTR-M1,27243,487,52,97.08,1.47,2.27,1.9,18,31.0,1,1,new,12,114,113,3.93,290,11,3.99,4.3,Yes,89.68,21.12,1800,-3.89,1730,36.0,0.0,0,low
S00234,medium,Laptop,LAP-M3,5840,118,46,96.37,1.97,2.84,2.2,4,65.6,1,0,refurbished,6,235,8,8.42,156,8,3.98,3.6,Yes,92.07,15.0,80000,-23.94,60850,15.6,0.0,0,low
S00078,medium,Wi-Fi Router,RTR-M1,3467,63,83,95.06,2.65,3.55,1.8,0,52.9,1,0,new,12,1764,12,5.57,75,4,3.55,3.22,No,93.67,5.02,1800,-2.22,1760,54.0,0.0,0,low
S00322,big,Digital Camera,CAM-M2,13542,231,65,99.08,0.88,1.45,1.7,9,43.2,1,1,new,12,102,123,3.93,254,9,4.64,4.94,Yes,88.4,3.54,55000,-4.73,52400,30.0,0.0,0,low
S00040,medium,Power Bank,PWR-M2,1366,21,67,90.64,5.56,6.08,3.9,2,51.8,0,0,new,12,78,67,8.61,28,1,2.88,2.66,No,86.23,18.54,1800,-5.0,1710,25.5,0.0,0,low
S00318,small,Gaming Console,CON-M5,16,7,2,86.31,0.11,7.5,6.9,0,44.3,0,0,new,6,60,5,3.39,1,1,4.09,4.23,Yes,99.45,4.7,95000,-7.11,88250,25.8,0.0,0,low
S00213,small,Power Bank,PWR-M2,63,2,34,94.14,3.32,3.7,5.8,0,65.5,1,0,new,12,164,4,7.1,2,0,3.78,,Yes,99.32,10.59,1800,-1.11,1780,70.6,0.0,0,low
S00148,big,Laptop,LAP-M3,12646,155,102,96.7,1.86,2.51,2.2,9,18.7,1,0,new,12,144,121,4.27,92,3,4.34,4.54,Yes,99.48,21.25,80000,-1.31,78950,48.4,0.0,0,low
S00173,small,Laptop,LAP-M5,70,9,15,86.47,2.72,5.76,5.4,0,27.9,0,0,new,3,169,6,6.35,1,0,3.81,,Yes,93.57,12.56,190000,2.5,194750,86.0,0.0,0,low
S00354,small,Gaming Console,CON-M5,97,3,16,95.88,1.04,2.11,1.8,0,32.1,0,0,used,3,267,4,3.37,6,0,3.87,,Yes,88.04,23.01,95000,-22.68,73450,14.5,0.0,0,low
S00112,small,Smartwatch,WCH-M3,85,9,12,89.92,2.32,2.85,3.3,0,66.1,0,0,new,12,360,5,7.04,4,1,3.36,3.35,No,95.95,8.69,9000,-2.89,8740,35.6,0.0,0,low
S00474,small,Power Bank,PWR-M2,259,13,11,99.46,1.13,0.92,1.8,0,79.3,0,0,new,6,219,5,4.71,10,1,4.48,4.36,Yes,88.33,6.89,1800,-5.0,1710,25.5,0.0,0,low
S00272,small,Mobile Phone,MOB-M4,101,28,3,94.19,1.24,2.03,2.6,0,76.1,1,0,new,3,66,7,4.86,5,3,4.37,4.28,Yes,99.91,10.45,65000,1.77,66150,84.4,0.0,0,low
S00148,big,Smart TV,TV-M3,12646,155,102,96.7,1.86,2.51,2.2,9,18.7,1,0,new,3,56,82,4.4,113,3,4.32,4.42,Yes,97.7,17.68,55000,4.27,57350,89.3,0.0,0,low
S00174,small,Smart TV,TV-M5,282,9,23,99.69,2.44,2.85,1.2,1,63.9,0,0,new,3,87,10,7.56,18,2,4.13,4.22,Yes,94.41,9.44,180000,-1.19,177850,51.8,0.0,0,low
S00020,big,Smart TV,TV-M3,20754,268,68,96.9,1.7,2.43,2.0,20,29.7,1,1,new,12,202,158,1.8,319,11,4.79,4.72,Yes,97.73,6.94,55000,-3.0,53350,35.7,0.0,0,low
S00011,small,Desktop Computer,PC-M4,252,13,18,91.01,2.97,5.5,4.7,0,55.9,1,0,new,0,455,3,7.21,12,2,3.68,3.4,Yes,93.99,5.49,95000,-2.21,92900,43.5,0.0,0,low
S00474,small,Smart TV,TV-M5,259,13,11,99.46,1.13,0.92,1.8,0,79.3,0,0,new,0,126,31,4.1,11,1,4.43,4.35,Yes,93.2,1.53,180000,5.86,190550,89.3,0.0,0,low
S00199,small,Laptop,LAP-M3,95,2,32,95.03,3.45,3.38,3.4,0,54.0,1,0,new,12,204,8,6.41,5,0,3.89,,Yes,92.91,12.1,80000,5.06,84050,89.1,0.0,0,low
S00028,big,Desktop Computer,PC-M3,10246,214,30,98.28,1.01,1.67,1.1,13,37.1,1,0,new,0,900,82,3.01,215,9,4.5,4.63,Yes,96.69,12.6,65000,-0.08,64950,68.8,0.0,0,low
S00090,small,Digital Camera,CAM-M3,36,1,27,96.8,5.82,4.87,7.3,0,42.1,1,0,new,12,70,9,6.14,2,0,3.22,,No,97.72,26.97,80000,-7.31,74150,21.6,0.0,0,low
S00227,small,Gaming Console,CON-M4,124,2,34,85.18,6.6,9.21,5.2,2,63.6,1,0,used,12,29,4,6.77,5,0,2.65,,No,88.56,8.83,78000,-21.54,61200,15.2,0.0,0,low
S00158,medium,Power Bank,PWR-M1,858,88,10,99.17,1.31,1.51,1.6,0,56.1,1,0,new,6,134,51,4.17,60,10,4.13,4.25,Yes,94.46,11.13,1100,-8.18,1010,18.0,0.0,0,low
S00429,small,Power Bank,PWR-M4,71,13,5,97.41,0.1,0.0,0.8,0,82.5,1,0,new,3,142,19,4.27,1,0,4.62,,Yes,98.57,17.53,4800,-1.67,4720,41.7,0.0,0,low
S00214,medium,Bluetooth Speaker,SPK-M3,1470,38,51,94.27,2.09,2.83,4.3,2,50.6,0,1,new,12,25,28,7.3,29,1,3.99,3.7,Yes,99.96,17.99,7000,-0.29,6980,61.8,0.0,0,low
S00385,medium,Laptop,LAP-M4,933,8,50,97.27,1.29,1.35,2.9,2,25.1,1,0,new,6,557,43,4.81,10,0,4.58,,Yes,100.0,6.2,120000,-2.29,117250,54.1,0.0,0,low
S00556,small,Smart TV,TV-M5,46,2,26,89.2,9.64,11.02,5.4,0,38.4,1,0,new,6,780,2,9.97,3,0,2.57,,No,86.92,2.55,180000,2.0,183600,76.8,0.0,0,low
S00170,big,Digital Camera,CAM-M1,24282,382,90,96.38,1.83,2.7,2.6,14,20.6,1,1,new,12,298,211,2.11,280,10,4.41,4.13,Yes,99.19,19.89,35000,-4.14,33550,28.8,0.0,0,low
S00090,small,Wireless Earbuds,EAR-M3,36,1,27,96.8,5.82,4.87,7.3,0,42.1,1,0,refurbished,12,659,3,8.76,0,0,,,No,,,5500,-14.73,4690,18.2,0.0,0,low
S00065,medium,Bluetooth Speaker,SPK-M3,2352,46,26,98.06,1.29,1.77,1.5,0,61.2,1,0,new,3,116,23,2.59,58,4,4.57,4.69,Yes,93.02,13.55,7000,-3.43,6760,36.4,0.0,0,low
S00028,big,Wi-Fi Router,RTR-M3,10246,214,30,98.28,1.01,1.67,1.1,13,37.1,1,0,new,0,18,214,2.68,191,11,4.39,4.16,Yes,100.0,5.09,5500,-6.18,5160,28.3,0.0,0,low
S00383,small,Smartwatch,WCH-M3,185,9,13,96.34,1.29,2.17,2.3,0,63.1,0,0,new,12,244,14,6.44,7,1,4.45,4.55,Yes,92.81,15.03,9000,-0.78,8930,52.5,0.0,0,low
S00492,small,Power Bank,PWR-M2,83,4,19,93.35,2.06,3.72,3.6,0,55.3,0,0,new,12,570,9,8.09,3,0,3.71,,Yes,91.48,2.91,1800,0.0,1800,76.5,0.0,0,low
S00366,small,Wi-Fi Router,RTR-M5,235,8,32,95.57,1.56,1.87,1.5,0,69.3,1,0,new,0,196,2,3.17,48,5,4.47,4.23,Yes,99.31,24.1,16000,-3.44,15450,31.4,0.0,0,low
S00128,small,Gaming Console,CON-M1,58,38,4,84.99,8.92,10.16,7.1,1,60.0,0,0,new,0,34,167,7.66,1,1,4.93,2.95,Yes,46.71,34.68,38000,1.84,38700,80.4,1.0,100,high
S00136,small,Wireless Earbuds,EAR-M1,364,10,36,95.65,2.61,2.7,4.3,0,55.5,0,0,new,12,211,6,5.69,7,1,3.82,3.34,Yes,83.18,8.35,1200,7.5,1290,98.5,0.0,0,low
S00186,small,Mobile Phone,MOB-M4,98,6,19,92.61,6.5,5.37,8.5,1,36.4,0,0,new,12,169,5,6.0,1,0,3.41,,No,94.7,17.44,65000,-10.0,58500,22.2,0.0,0,low
S00016,small,Gaming Console,CON-M3,114,4,23,87.9,2.49,5.12,8.8,1,70.6,0,0,new,12,76,3,6.77,19,2,2.98,3.04,No,90.94,1.17,62000,5.16,65200,92.0,0.0,0,low
S00119,small,Gaming Console,CON-M3,278,29,7,93.92,4.65,6.11,7.8,0,62.9,1,0,new,6,87,1,5.72,8,2,3.43,3.17,No,90.65,3.82,62000,-0.65,61600,62.0,0.0,0,low
S00176,small,Mobile Phone,MOB-M5,47,29,1,89.02,4.74,6.85,8.7,0,61.4,0,0,new,6,30,5,5.68,4,4,3.5,3.68,No,87.29,14.05,140000,0.25,140350,78.0,0.0,0,low
S00106,small,Smart TV,TV-M2,50,5,12,93.45,3.72,6.18,5.1,0,95.0,1,0,new,6,320,6,5.84,1,0,3.54,,No,100.0,16.92,35000,0.29,35100,74.6,0.0,0,low
S00380,medium,Digital Camera,CAM-M1,735,7,56,94.31,2.93,4.7,6.4,0,58.0,1,0,new,0,84,34,4.42,25,1,3.92,3.81,Yes,100.0,8.64,35000,3.57,36250,90.4,0.0,0,low
S00046,medium,Digital Camera,CAM-M4,1035,47,21,96.96,1.02,1.95,1.0,0,20.2,0,0,new,0,354,28,0.38,68,9,4.48,4.33,Yes,92.54,12.91,100000,0.95,100950,74.0,0.0,0,low
S00095,medium,Mobile Phone,MOB-M4,3258,84,52,95.14,2.89,3.81,4.5,4,40.1,1,0,new,0,76,14,7.77,91,8,3.84,3.95,Yes,92.8,14.65,65000,-4.08,62350,42.2,0.0,0,low
S00342,big,Gaming Console,CON-M5,22236,160,105,94.67,2.81,3.61,1.9,36,32.8,1,1,new,6,82,140,4.86,340,7,3.82,3.83,Yes,90.04,2.45,95000,-8.16,87250,24.2,0.0,0,low
S00343,medium,Wireless Earbuds,EAR-M1,2804,74,61,93.74,3.13,3.91,3.1,3,51.3,0,0,new,3,35,22,5.28,75,5,4.17,3.77,Yes,99.32,9.21,1200,-1.67,1180,52.3,0.0,0,low
S00529,small,Laptop,LAP-M4,127,38,3,96.94,2.43,3.69,3.0,0,50.1,1,0,new,12,90,5,5.34,3,2,4.05,3.78,Yes,93.13,4.25,120000,-0.33,119600,73.0,0.0,0,low
S00234,medium,Laptop,LAP-M1,5840,118,46,96.37,1.97,2.84,2.2,4,65.6,1,0,new,6,39,16,5.37,130,7,4.41,4.37,Yes,98.76,6.07,38000,-6.58,35500,29.9,0.0,0,low
S00056,medium,Power Bank,PWR-M2,1104,29,40,96.31,1.15,2.1,1.2,0,62.9,1,1,new,12,85,18,6.51,17,1,4.32,4.35,Yes,97.34,18.17,1800,-1.11,1780,70.6,0.0,0,low
S00407,small,Wireless Earbuds,EAR-M3,40,6,7,98.6,0.1,0.01,2.5,0,54.7,0,0,new,12,117,10,5.35,5,1,4.56,4.64,Yes,88.27,8.61,5500,7.45,5910,98.5,0.0,0,low
S00354,small,Gaming Console,CON-M1,97,3,16,95.88,1.04,2.11,1.8,0,32.1,0,0,new,12,108,6,5.45,1,0,4.61,,Yes,92.99,18.92,38000,2.24,38850,86.3,0.0,0,low
S00271,big,Smart TV,TV-M4,8010,200,86,98.26,1.12,1.81,1.4,5,32.3,1,1,new,12,490,102,2.65,153,15,4.85,4.85,Yes,89.46,5.72,90000,-1.83,88350,53.2,0.0,0,low
S00561,medium,Laptop,LAP-M5,1045,19,48,95.03,2.99,3.77,4.7,1,48.3,1,0,refurbished,6,168,12,5.89,16,1,4.11,3.96,Yes,100.0,15.67,190000,-40.74,112600,14.0,0.0,0,low
S00463,small,Desktop Computer,PC-M1,178,6,25,95.58,1.86,3.06,3.6,0,58.9,1,0,new,6,19,20,5.85,23,3,3.76,3.62,Yes,94.84,16.85,30000,-3.83,28850,29.8,0.0,0,low
S00490,small,Bluetooth Speaker,SPK-M5,34,5,4,96.46,0.1,2.64,0.9,0,61.8,0,0,new,6,120,6,2.87,1,0,4.66,,Yes,100.0,13.53,30000,0.83,30250,73.6,0.0,0,low
S00225,small,Smartwatch,WCH-M5,98,1,68,94.47,4.44,4.92,2.9,0,65.5,1,0,refurbished,12,86,6,5.41,2,0,3.51,,No,95.23,13.02,45000,-46.44,24100,3.7,0.0,0,low
S00170,big,Mobile Phone,MOB-M4,24282,382,90,96.38,1.83,2.7,2.6,14,20.6,1,1,new,12,128,70,7.63,354,14,4.22,3.91,Yes,96.74,11.02,65000,0.54,65350,68.9,0.0,0,low
S00461,big,Laptop,LAP-M5,10254,368,30,95.17,2.62,3.53,3.0,7,43.7,0,1,new,12,900,41,4.39,116,16,4.12,4.32,Yes,95.13,4.62,190000,0.71,191350,75.4,0.0,0,low
S00541,medium,Bluetooth Speaker,SPK-M3,2896,57,61,87.97,7.11,8.47,7.6,13,40.5,1,0,new,0,152,21,10.05,179,7,2.59,2.86,No,95.61,16.98,7000,2.43,7170,81.8,0.0,0,low
S00153,small,Desktop Computer,PC-M3,528,99,6,93.22,4.18,4.61,5.8,2,47.2,0,1,new,6,180,6,6.0,52,24,3.13,3.15,No,91.65,14.4,65000,-2.92,63100,37.5,0.0,0,low
S00415,big,Desktop Computer,PC-M5,15112,167,80,96.28,1.98,2.82,6.1,13,30.5,1,1,new,12,19,85,2.97,102,3,4.67,4.71,Yes,98.45,6.86,160000,-5.37,151400,15.4,0.0,0,low
S00010,small,Laptop,LAP-M5,120,4,22,99.9,2.63,1.52,3.9,0,60.8,1,0,new,6,64,15,3.03,8,0,4.6,,Yes,100.0,15.71,190000,1.08,192050,80.7,0.0,0,low
S00173,small,Power Bank,PWR-M2,70,9,15,86.47,2.72,5.76,5.4,0,27.9,0,0,new,3,245,2,7.86,7,4,3.19,3.29,No,96.34,6.23,1800,-1.11,1780,70.6,0.0,0,low
S00496,small,Wi-Fi Router,RTR-M4,82,6,13,94.26,3.98,6.61,7.7,0,56.2,1,0,new,12,41,3,7.15,12,3,3.66,3.72,Yes,93.55,7.43,9500,-2.32,9280,45.0,0.0,0,low
S00074,small,Digital Camera,CAM-M1,106,50,2,95.72,3.53,3.15,3.4,0,44.7,0,0,new,12,60,4,4.38,4,4,3.55,3.49,No,94.29,14.97,35000,1.29,35450,78.8,0.0,0,low
S00253,small,Bluetooth Speaker,SPK-M5,60,13,5,87.65,2.59,3.05,2.7,0,44.2,1,0,new,6,122,13,6.37,1,1,3.54,3.5,No,92.8,16.55,30000,-8.33,27500,11.3,0.0,0,low
S00203,medium,Smartwatch,WCH-M5,1800,74,56,98.72,0.88,1.36,1.6,2,31.7,1,1,new,6,63,22,6.19,62,10,4.32,4.32,Yes,94.55,10.32,45000,-3.89,43250,33.3,0.0,0,low
S00344,small,Gaming Console,CON-M2,290,42,5,83.45,6.87,9.58,4.9,2,37.3,1,0,new,12,150,8,7.35,13,4,2.43,2.68,No,84.13,8.94,52000,-4.33,49750,35.8,0.0,0,low
S00056,medium,Bluetooth Speaker,SPK-M5,1104,29,40,96.31,1.15,2.1,1.2,0,62.9,1,1,new,6,315,25,4.39,23,1,4.75,4.5,Yes,93.26,2.18,30000,-3.67,28900,26.4,0.0,0,low
S00171,small,Gaming Console,CON-M3,310,16,17,97.61,1.02,1.56,2.1,0,38.4,1,0,new,12,510,4,1.45,12,2,5.0,4.91,Yes,92.97,19.21,62000,-0.16,61900,68.0,0.0,0,low
S00086,small,Gaming Console,CON-M4,78,10,7,100.0,1.07,3.45,1.4,0,32.2,0,0,new,3,210,12,2.09,1,0,5.0,,Yes,93.33,14.64,78000,0.64,78500,75.8,0.0,0,low
S00087,medium,Wireless Earbuds,EAR-M3,1043,28,60,95.84,2.26,2.56,2.5,0,68.1,1,0,new,12,274,27,5.46,23,2,4.52,4.8,Yes,98.1,6.04,5500,-0.18,5490,68.2,0.0,0,low
S00530,medium,Wireless Earbuds,EAR-M3,2687,29,84,91.71,4.48,5.8,5.9,5,55.5,1,1,new,12,82,29,7.98,50,2,3.6,3.6,Yes,100.0,7.13,5500,-3.27,5320,37.9,0.0,0,low
S00036,big,Laptop,LAP-M3,10995,152,61,97.1,1.6,2.17,3.2,8,24.3,1,0,new,0,106,49,6.37,64,2,4.58,4.66,Yes,95.44,15.83,80000,-4.75,76200,35.9,0.0,0,low
S00270,small,Power Bank,PWR-M1,43,0,72,88.35,5.53,8.24,5.6,0,36.4,1,0,new,12,159,8,6.88,1,0,3.27,,No,88.04,9.77,1100,-1.82,1080,50.0,0.0,0,low
S00325,small,Laptop,LAP-M4,348,38,13,95.87,2.08,1.71,2.0,0,41.4,1,0,new,12,99,3,4.25,27,10,4.49,4.38,Yes,91.89,4.22,120000,3.0,123600,90.5,0.0,0,low
S00148,big,Power Bank,PWR-M2,12646,155,102,96.7,1.86,2.51,2.2,9,18.7,1,0,new,6,146,77,7.48,86,4,3.78,4.1,Yes,89.8,8.08,1800,-9.44,1630,11.8,0.0,0,low
S00524,medium,Desktop Computer,PC-M2,867,43,25,97.13,1.95,1.7,2.0,0,38.2,1,0,new,12,210,46,3.09,35,4,4.08,4.2,Yes,86.34,8.07,45000,2.89,46300,83.9,0.0,0,low
S00382,small,Laptop,LAP-M3,584,32,20,91.44,4.35,5.48,3.3,0,40.4,0,0,new,6,432,9,7.8,39,6,3.69,3.69,Yes,87.67,15.03,80000,1.5,81200,70.3,0.0,0,low
S00373,small,Wireless Earbuds,EAR-M3,49,1,23,100.0,4.28,4.74,3.6,0,21.8,0,0,new,6,257,10,7.85,2,0,3.05,,No,94.08,15.53,5500,-1.27,5430,56.1,0.0,0,low
S00296,big,Wi-Fi Router,RTR-M5,17968,277,80,98.07,1.13,1.72,1.6,15,19.4,1,1,new,6,97,92,3.55,246,9,4.46,4.61,Yes,96.56,4.62,16000,-4.69,15250,23.5,0.0,0,low
S00401,small,Mobile Phone,MOB-M1,64,4,19,95.58,2.96,2.24,1.9,0,64.0,1,0,refurbished,12,55,4,3.38,2,0,4.22,,Yes,93.23,15.07,12000,-39.17,7300,6.9,0.0,0,low
S00092,small,Wireless Earbuds,EAR-M2,231,7,35,94.02,1.73,2.49,2.3,0,59.9,1,0,used,6,21,5,4.94,11,1,4.52,4.26,Yes,92.81,6.43,2500,-39.6,1510,8.7,0.0,0,low
S00393,small,Bluetooth Speaker,SPK-M2,64,4,17,91.09,4.25,3.82,6.9,0,52.3,1,0,new,12,143,8,5.44,2,0,3.66,,Yes,96.95,11.66,3500,-2.86,3400,42.5,0.0,0,low
S00542,small,Wireless Earbuds,EAR-M2,269,14,23,90.55,4.93,6.48,2.9,1,64.1,0,0,refurbished,12,129,18,7.5,6,1,2.84,3.0,No,89.69,10.08,2500,-18.8,2030,17.4,0.0,0,low
S00145,big,Desktop Computer,PC-M5,22641,132,155,95.79,2.28,2.99,3.2,23,41.7,1,0,new,0,66,20,4.25,463,7,4.17,4.32,Yes,90.99,6.11,160000,-3.84,153850,23.1,0.0,0,low
S00042,small,Digital Camera,CAM-M2,46,36,3,77.65,8.91,11.08,6.9,4,28.9,0,0,new,3,3,331,10.5,11,11,4.69,3.08,Yes,17.37,60.53,55000,-3.18,53250,35.0,1.0,100,high
S00071,small,Mobile Phone,MOB-M3,138,7,13,97.66,0.34,1.46,0.8,0,48.0,1,0,new,12,218,3,4.58,10,1,4.43,4.4,Yes,92.78,1.34,38000,0.66,38250,70.5,0.0,0,low
S00133,medium,Wi-Fi Router,RTR-M1,1754,40,59,96.83,1.51,2.6,2.3,0,44.1,1,0,new,12,362,18,5.86,55,3,4.45,4.83,Yes,91.98,12.4,1800,-2.22,1760,54.0,0.0,0,low
S00305,small,Wi-Fi Router,RTR-M2,194,6,29,98.08,1.19,1.3,3.4,0,43.7,0,0,new,0,138,4,6.8,7,1,4.15,4.33,Yes,97.54,4.67,3200,-7.5,2960,20.4,0.0,0,low
S00065,medium,Gaming Console,CON-M2,2352,46,26,98.06,1.29,1.77,1.5,0,61.2,1,0,new,3,171,61,3.01,36,1,4.25,4.16,Yes,96.14,22.06,52000,0.96,52500,67.9,0.0,0,low
S00412,small,Wi-Fi Router,RTR-M4,184,24,15,93.51,1.89,2.5,3.4,0,52.0,0,0,new,6,26,9,5.91,11,2,4.08,4.14,Yes,96.75,23.31,9500,-1.68,9340,53.3,0.0,0,low
S00265,small,Gaming Console,CON-M2,57,38,4,72.78,10.21,13.03,11.4,2,55.7,0,0,new,0,2,325,9.96,2,2,4.54,3.41,Yes,54.31,61.52,52000,-35.38,33600,20.8,1.0,100,high
S00020,big,Wireless Earbuds,EAR-M2,20754,268,68,96.9,1.7,2.43,2.0,20,29.7,1,1,new,12,176,90,6.0,193,6,3.77,3.77,Yes,98.5,6.12,2500,-2.4,2440,60.9,0.0,0,low
S00441,medium,Smartwatch,WCH-M1,1153,36,47,100.0,0.54,1.6,1.3,0,25.0,1,0,new,3,55,46,3.27,33,2,4.81,4.79,Yes,96.74,11.32,2000,1.5,2030,81.4,0.0,0,low
S00245,small,Smart TV,TV-M1,161,8,12,95.96,1.89,3.08,3.1,0,27.7,1,0,new,12,307,5,4.27,12,2,4.3,4.52,Yes,92.36,4.56,22000,-1.59,21650,50.6,0.0,0,low
S00511,big,Desktop Computer,PC-M1,15940,594,38,96.83,1.87,2.4,1.3,14,40.6,1,1,new,12,224,95,5.35,160,17,4.16,4.07,Yes,93.84,5.49,30000,-7.5,27750,10.5,0.0,0,low
S00457,small,Wireless Earbuds,EAR-M2,42,2,15,87.51,10.86,9.15,9.9,1,56.1,1,1,new,12,87,7,9.29,1,0,2.36,,No,86.15,6.72,2500,0.0,2500,78.3,0.0,0,low
S00277,big,Desktop Computer,PC-M1,44244,759,51,98.56,0.95,1.46,1.1,16,56.4,1,1,new,12,44,172,5.63,574,32,5.0,4.87,Yes,98.16,25.69,30000,-3.0,29100,38.6,0.0,0,low
S00071,small,Mobile Phone,MOB-M5,138,7,13,97.66,0.34,1.46,0.8,0,48.0,1,0,new,12,350,9,4.0,4,0,4.43,,Yes,94.77,6.34,140000,6.68,149350,98.0,0.0,0,low
S00310,small,Wireless Earbuds,EAR-M4,28,8,5,76.74,8.93,10.74,8.9,0,34.7,1,0,new,0,150,9,9.98,1,1,2.07,2.2,No,87.9,2.32,12000,-0.83,11900,59.6,0.0,0,low
S00511,big,Wi-Fi Router,RTR-M4,15940,594,38,96.83,1.87,2.4,1.3,14,40.6,1,1,new,12,384,47,3.99,300,32,4.43,4.29,Yes,93.13,29.09,9500,-9.26,8620,11.7,0.0,0,low
S00416,small,Laptop,LAP-M3,47,1,34,87.96,3.45,7.74,6.5,0,48.8,1,0,new,6,73,5,7.18,4,0,3.47,,No,95.42,5.04,80000,-0.81,79350,53.1,0.0,0,low
S00023,small,Wireless Earbuds,EAR-M1,408,10,38,96.03,3.2,3.97,2.3,0,54.0,1,1,new,12,205,2,6.8,13,1,3.97,3.63,Yes,89.3,10.85,1200,3.33,1240,92.3,0.0,0,low
S00105,big,Smart TV,TV-M3,16216,133,100,89.08,5.86,7.29,9.8,58,47.8,1,1,new,12,10,36,5.93,202,4,3.03,2.99,No,97.49,14.05,55000,7.09,58900,98.2,0.0,0,low
S00140,medium,Desktop Computer,PC-M5,878,9,58,96.63,2.46,2.84,1.7,0,36.9,1,0,new,12,100,20,4.05,25,0,4.61,,Yes,88.81,18.48,160000,2.03,163250,76.9,0.0,0,low
S00460,small,Mobile Phone,MOB-M1,144,16,12,95.17,3.27,4.76,3.8,1,49.4,1,0,new,12,50,4,2.15,2,1,4.0,4.14,Yes,93.06,3.08,12000,-6.25,11250,32.8,0.0,0,low
S00505,medium,Smart TV,TV-M5,2401,45,33,98.15,1.56,1.8,1.6,3,21.4,1,0,new,0,184,37,5.44,39,2,4.41,4.4,Yes,92.8,1.41,180000,-2.39,175700,35.7,0.0,0,low
S00241,small,Laptop,LAP-M5,196,133,6,93.2,3.0,4.19,2.2,2,23.3,1,0,refurbished,0,31,272,6.45,11,11,4.67,4.01,Yes,38.72,79.51,190000,0.24,190450,73.7,1.0,100,high
S00054,small,Wireless Earbuds,EAR-M1,182,41,6,92.46,5.15,7.07,1.3,2,55.2,0,0,new,0,109,2,6.45,10,5,3.21,3.15,No,99.88,9.97,1200,-2.5,1170,47.7,0.0,0,low
S00411,small,Laptop,LAP-M1,89,4,19,93.33,5.89,4.96,4.7,0,64.9,1,0,refurbished,12,204,8,7.69,2,0,3.5,,No,96.13,10.97,38000,-25.13,28450,17.9,0.0,0,low
S00102,small,Desktop Computer,PC-M1,41,15,4,92.03,2.5,5.07,3.1,1,61.2,0,0,new,12,22,4,6.19,0,0,,,No,,,30000,2.33,30700,84.2,0.0,0,low
S00196,small,Gaming Console,CON-M3,225,157,6,87.12,6.61,9.18,7.1,3,45.0,0,0,refurbished,0,42,222,6.83,31,31,4.59,2.88,Yes,8.27,68.18,62000,-0.97,61400,60.0,1.0,100,high
S00051,medium,Digital Camera,CAM-M2,2738,59,34,96.71,1.48,2.21,1.7,2,55.8,1,0,new,12,421,118,4.29,73,5,4.46,4.72,Yes,93.91,20.27,55000,0.18,55100,61.7,0.0,0,low
S00036,big,Wireless Earbuds,EAR-M2,10995,152,61,97.1,1.6,2.17,3.2,8,24.3,1,0,new,6,188,197,3.37,96,4,4.51,4.46,Yes,91.84,2.91,2500,-4.8,2380,41.3,0.0,0,low
S00387,medium,Laptop,LAP-M3,2590,48,41,98.19,1.29,2.12,2.0,1,40.7,1,0,new,3,138,13,5.16,97,4,4.41,4.17,Yes,99.97,16.84,80000,-4.19,76650,39.1,0.0,0,low
S00197,medium,Laptop,LAP-M1,1923,40,69,94.34,2.79,3.44,2.0,2,30.8,1,0,refurbished,6,518,17,5.52,41,3,4.14,4.19,Yes,98.0,9.49,38000,-32.37,25700,14.9,0.0,0,low
S00483,big,Power Bank,PWR-M1,6835,176,51,98.04,1.38,2.08,1.6,4,36.3,1,1,new,12,249,72,3.43,52,3,4.29,4.02,Yes,97.89,31.97,1100,-1.82,1080,50.0,0.0,0,low
S00130,medium,Power Bank,PWR-M1,721,36,32,95.95,2.71,3.21,3.9,0,43.7,1,1,new,12,85,9,4.47,18,2,4.37,4.62,Yes,95.75,4.74,1100,-7.27,1020,22.0,0.0,0,low
S00185,small,Bluetooth Speaker,SPK-M2,216,19,16,100.0,1.11,1.03,2.0,0,45.5,0,0,new,12,61,10,3.54,18,4,4.57,4.85,Yes,94.39,14.3,3500,-4.86,3330,20.0,0.0,0,low
S00103,small,Gaming Console,CON-M4,162,21,10,93.26,2.47,3.15,2.9,1,19.4,0,0,new,0,300,1,3.49,14,3,4.22,4.01,Yes,90.27,9.61,78000,-4.62,74400,25.8,0.0,0,low
S00292,small,Digital Camera,CAM-M3,118,16,10,98.44,3.82,4.12,4.9,0,56.8,1,0,new,0,248,8,5.18,5,2,3.95,3.92,Yes,98.6,20.33,80000,1.12,80900,78.4,0.0,0,low
S00164,small,Power Bank,PWR-M2,96,14,10,99.03,2.41,2.14,3.9,0,70.1,0,0,new,12,157,5,6.31,2,0,3.63,,Yes,92.93,2.95,1800,-6.11,1690,19.6,0.0,0,low
S00148,big,Power Bank,PWR-M4,12646,155,102,96.7,1.86,2.51,2.2,9,18.7,1,0,new,0,312,48,6.28,110,3,4.01,4.02,Yes,97.67,17.03,4800,2.71,4930,73.3,0.0,0,low
S00455,medium,Gaming Console,CON-M2,3907,92,55,90.15,5.04,6.65,13.3,6,49.8,1,1,new,12,199,20,4.39,99,5,2.95,3.14,No,94.31,24.15,52000,-0.1,51950,62.3,0.0,0,low
S00209,medium,Wireless Earbuds,EAR-M4,2043,282,12,97.52,1.2,1.7,3.2,1,31.3,1,0,new,12,360,17,6.92,28,9,4.29,4.28,Yes,95.2,24.16,12000,-4.58,11450,28.8,0.0,0,low
S00075,big,Gaming Console,CON-M3,31838,212,94,95.92,2.22,2.98,2.8,30,24.2,1,1,new,3,161,91,5.15,545,9,4.4,4.06,Yes,95.85,20.17,62000,-6.85,57750,32.0,0.0,0,low
S00531,medium,Power Bank,PWR-M5,1044,27,37,99.13,0.58,1.33,1.8,0,34.6,1,0,used,12,108,21,5.85,19,1,4.68,4.63,Yes,96.29,2.46,8500,-50.12,4240,1.7,0.0,0,low
S00505,medium,Mobile Phone,MOB-M2,2401,45,33,98.15,1.56,1.8,1.6,3,21.4,1,0,new,12,218,57,3.1,58,2,4.46,4.73,Yes,93.37,10.0,22000,-4.09,21100,41.5,0.0,0,low
S00485,medium,Wireless Earbuds,EAR-M4,998,17,51,95.88,1.73,2.53,2.1,0,53.0,1,0,new,0,190,74,6.99,44,2,3.95,4.15,Yes,100.0,10.64,12000,5.42,12650,94.2,0.0,0,low
S00007,small,Gaming Console,CON-M3,101,15,7,96.04,3.43,3.95,1.1,0,76.8,1,0,used,6,138,3,4.73,8,4,3.58,3.49,No,92.06,6.05,62000,-52.42,29500,8.0,0.0,0,low
S00168,medium,Digital Camera,CAM-M3,823,14,51,94.05,2.74,3.23,3.5,0,54.7,1,1,new,6,670,90,6.35,22,1,3.38,3.64,No,89.54,3.44,80000,-7.06,74350,23.5,0.0,0,low
S00053,small,Wireless Earbuds,EAR-M2,73,7,13,100.0,2.74,3.14,0.8,0,74.2,0,0,new,0,33,8,3.35,15,4,5.0,5.0,Yes,100.0,3.9,2500,-6.0,2350,28.3,0.0,0,low
S00070,medium,Laptop,LAP-M4,1345,43,33,99.17,0.95,1.58,1.0,1,31.8,1,0,refurbished,6,202,38,6.23,35,2,4.74,4.91,Yes,99.49,0.89,120000,-33.67,79600,8.1,0.0,0,low
S00040,medium,Power Bank,PWR-M4,1366,21,67,90.64,5.56,6.08,3.9,2,51.8,0,0,new,0,531,28,9.55,61,2,2.92,3.27,No,89.2,7.82,4800,-5.63,4530,18.3,0.0,0,low
S00545,small,Smart TV,TV-M3,48,0,48,88.61,3.83,7.45,7.1,0,59.1,1,0,refurbished,6,228,2,4.2,0,0,,,No,,,55000,-43.09,31300,3.6,0.0,0,low
S00348,medium,Smart TV,TV-M4,2039,66,23,97.42,1.54,2.09,2.1,0,38.6,1,0,new,12,66,25,2.51,23,2,3.98,4.16,Yes,98.6,12.96,90000,0.44,90400,71.0,0.0,0,low
S00145,big,Laptop,LAP-M2,22641,132,155,95.79,2.28,2.99,3.2,23,41.7,1,0,new,6,66,78,4.6,344,5,4.24,4.38,Yes,89.76,16.44,55000,-7.09,51100,17.3,0.0,0,low
S00274,small,Gaming Console,CON-M4,104,19,9,94.39,2.97,1.83,1.8,0,38.9,0,0,refurbished,0,270,3,3.93,1,1,4.19,3.96,Yes,95.92,15.64,78000,-37.69,48600,7.6,0.0,0,low
S00373,small,Smartwatch,WCH-M2,49,1,23,100.0,4.28,4.74,3.6,0,21.8,0,0,used,3,62,9,6.92,2,0,3.77,,Yes,95.22,21.85,4500,-30.0,3150,10.2,0.0,0,low
S00268,small,Gaming Console,CON-M3,16,10,5,80.57,13.88,14.51,8.4,0,34.8,0,0,new,0,5,77,9.82,67,67,4.71,4.4,Yes,10.0,52.55,62000,-29.03,44000,20.0,1.0,100,high
S00261,medium,Smartwatch,WCH-M5,6000,328,10,98.06,1.12,1.81,2.5,6,47.0,1,0,new,0,245,36,2.88,209,22,4.66,4.3,Yes,99.63,28.27,45000,0.11,45050,66.7,0.0,0,low
S00426,small,Wireless Earbuds,EAR-M1,36,2,13,97.21,0.57,2.95,1.9,0,63.8,0,0,used,12,390,6,6.33,1,0,3.84,,Yes,87.83,18.76,1200,-51.67,580,1.5,0.0,0,low
S00209,medium,Smartwatch,WCH-M3,2043,282,12,97.52,1.2,1.7,3.2,1,31.3,1,0,new,12,356,72,5.88,76,26,4.31,4.16,Yes,88.32,5.84,9000,0.56,9050,76.3,0.0,0,low
S00172,medium,Digital Camera,CAM-M5,1924,43,50,95.64,2.2,3.03,3.8,0,57.7,1,1,new,12,125,24,5.47,43,3,3.73,3.77,Yes,100.0,2.06,180000,-5.08,170850,32.7,0.0,0,low
S00276,medium,Power Bank,PWR-M5,1137,23,43,94.69,2.83,3.51,6.7,3,39.8,1,1,new,12,187,48,5.91,22,1,3.47,3.67,No,93.42,23.08,8500,-6.0,7990,25.0,0.0,0,low
S00310,small,Desktop Computer,PC-M1,28,8,5,76.74,8.93,10.74,8.9,0,34.7,1,0,new,12,150,4,7.79,0,0,,,No,,,30000,-1.5,29550,52.6,0.0245,2,low
S00105,big,Power Bank,PWR-M3,16216,133,100,89.08,5.86,7.29,9.8,58,47.8,1,1,new,6,306,63,7.79,205,4,3.0,3.08,No,92.2,9.68,3000,-2.33,2930,31.0,0.0,0,low
S00264,small,Wireless Earbuds,EAR-M1,201,3,55,97.5,1.92,2.63,2.4,0,37.3,0,0,new,0,254,5,7.47,28,1,4.42,4.4,Yes,96.19,4.52,1200,-4.17,1150,29.2,0.0,0,low
S00134,medium,Mobile Phone,MOB-M3,2474,94,37,94.11,2.65,3.78,6.5,5,40.4,1,0,new,0,248,29,3.81,219,19,3.77,3.96,Yes,91.09,21.98,38000,1.97,38750,82.0,0.0,0,low
S00225,small,Laptop,LAP-M1,98,1,68,94.47,4.44,4.92,2.9,0,65.5,1,0,new,12,50,6,8.87,6,0,3.59,,No,89.8,13.67,38000,0.53,38200,74.6,0.0,0,low
S00160,small,Mobile Phone,MOB-M4,63,4,10,91.35,4.68,5.52,3.4,0,57.6,0,0,new,6,300,4,7.17,4,0,3.7,,Yes,93.72,3.6,65000,0.85,65550,71.1,0.0,0,low
S00104,small,Mobile Phone,MOB-M3,79,4,13,97.77,4.19,3.23,2.2,0,37.5,0,0,refurbished,3,390,4,4.19,10,2,4.23,4.05,Yes,92.21,7.65,38000,-49.61,19150,1.6,0.0,0,low
S00383,small,Smartwatch,WCH-M5,185,9,13,96.34,1.29,2.17,2.3,0,63.1,0,0,new,0,244,5,4.62,5,1,4.23,4.28,Yes,84.16,15.18,45000,3.56,46600,85.2,0.0,0,low
S00277,big,Digital Camera,CAM-M3,44244,759,51,98.56,0.95,1.46,1.1,16,56.4,1,1,new,6,26,105,2.98,590,22,4.19,3.86,Yes,100.0,19.79,80000,2.56,82050,88.2,0.0,0,low
S00094,small,Mobile Phone,MOB-M5,43,5,20,100.0,3.29,0.0,2.2,0,71.7,0,0,new,0,131,13,5.47,1,0,4.37,,Yes,85.34,2.56,140000,-0.54,139250,64.0,0.0,0,low
S00545,small,Digital Camera,CAM-M2,48,0,48,88.61,3.83,7.45,7.1,0,59.1,1,0,new,12,235,4,4.76,3,0,3.74,,Yes,91.78,3.94,55000,-6.18,51600,21.7,0.0,0,low
S00235,medium,Gaming Console,CON-M4,1479,37,43,97.73,0.78,1.64,2.1,0,39.0,1,1,new,12,240,25,3.61,41,4,4.91,4.81,Yes,100.0,14.73,78000,-0.19,77850,65.2,0.0,0,low
S00253,small,Wireless Earbuds,EAR-M3,60,13,5,87.65,2.59,3.05,2.7,0,44.2,1,0,new,0,150,5,6.45,4,2,3.73,3.62,Yes,99.44,21.03,5500,-4.73,5240,27.3,0.0,0,low
S00037,small,Bluetooth Speaker,SPK-M5,148,2,53,96.07,1.35,3.52,2.6,0,48.6,0,0,refurbished,0,109,15,5.77,4,0,4.1,,Yes,93.74,6.21,30000,-46.67,16000,5.7,0.0,0,low
S00429,small,Bluetooth Speaker,SPK-M4,71,13,5,97.41,0.1,0.0,0.8,0,82.5,1,0,refurbished,12,70,4,2.95,9,6,4.53,4.14,Yes,92.68,5.79,14000,-17.86,11500,9.8,0.0,0,low
S00260,small,Digital Camera,CAM-M4,368,13,21,87.76,6.19,8.15,5.5,0,40.9,0,0,new,0,106,5,6.38,28,2,2.89,2.83,No,81.15,11.92,100000,6.55,106550,96.0,0.0,0,low
S00122,small,Digital Camera,CAM-M5,44,2,8,94.43,0.67,3.49,1.8,0,42.4,1,0,new,6,54,9,4.01,4,0,4.35,,Yes,93.11,15.03,180000,-0.83,178500,71.4,0.0,0,low
S00075,big,Smartwatch,WCH-M1,31838,212,94,95.92,2.22,2.98,2.8,30,24.2,1,1,new,12,45,157,5.75,680,8,4.06,4.2,Yes,94.56,17.26,2000,-3.0,1940,58.1,0.0,0,low
S00079,small,Laptop,LAP-M4,119,5,29,91.64,5.62,6.69,4.4,0,44.8,1,0,new,3,134,5,7.96,6,1,3.28,3.3,No,96.18,17.58,120000,-7.5,111000,28.4,0.0,0,low
S00153,small,Desktop Computer,PC-M2,528,99,6,93.22,4.18,4.61,5.8,2,47.2,0,1,new,12,180,10,6.04,71,33,3.47,3.28,No,92.7,12.99,45000,4.78,47150,89.3,0.0,0,low
S00123,small,Desktop Computer,PC-M2,98,21,4,95.67,2.26,0.07,1.2,0,58.9,0,0,new,6,120,12,4.23,6,4,4.36,4.34,Yes,94.28,17.27,45000,5.22,47350,92.9,0.0,0,low
S00518,small,Laptop,LAP-M4,26,1,18,97.37,0.92,4.31,2.0,0,40.9,0,0,new,12,20,1,6.71,0,0,,,No,,,120000,-0.62,119250,70.3,0.0,0,low
S00332,medium,Desktop Computer,PC-M3,1380,23,59,92.41,4.0,5.1,3.0,1,41.6,1,0,new,12,106,18,7.18,37,2,3.54,3.7,No,85.85,2.53,65000,-4.62,62000,20.8,0.0,0,low
S00529,small,Smart TV,TV-M4,127,38,3,96.94,2.43,3.69,3.0,0,50.1,1,0,new,0,28,9,3.51,3,2,3.76,3.42,Yes,85.94,22.95,90000,-6.44,84200,22.6,0.0,0,low
S00029,small,Digital Camera,CAM-M4,55,1,32,99.76,2.55,6.44,4.6,0,61.0,1,0,new,6,960,7,4.82,3,0,3.31,,No,86.5,21.93,100000,5.95,105950,90.0,0.0,0,low
S00229,small,Digital Camera,CAM-M3,327,9,26,96.45,3.17,3.1,2.0,0,54.7,0,0,new,3,234,7,5.17,37,2,3.94,4.0,Yes,93.1,10.7,80000,6.13,84900,100.0,0.0,0,low
S00068,small,Wireless Earbuds,EAR-M4,219,5,35,96.08,2.51,3.43,2.3,0,45.5,1,0,used,3,88,5,7.3,17,1,3.87,3.89,Yes,88.03,13.53,12000,-18.33,9800,11.5,0.0,0,low
S00551,big,Wireless Earbuds,EAR-M1,23658,307,57,98.86,0.84,1.37,1.5,15,28.0,1,0,new,12,121,91,4.1,405,18,4.27,4.47,Yes,100.0,1.64,1200,-5.0,1140,23.1,0.0,0,low
S00070,medium,Gaming Console,CON-M3,1345,43,33,99.17,0.95,1.58,1.0,1,31.8,1,0,new,3,102,31,4.08,23,2,4.73,4.41,Yes,97.06,17.79,62000,1.77,63100,80.0,0.0,0,low
S00106,small,Laptop,LAP-M3,50,5,12,93.45,3.72,6.18,5.1,0,95.0,1,0,refurbished,0,243,4,7.89,0,0,,,No,,,80000,-25.81,59350,14.1,0.0,0,low
S00512,small,Bluetooth Speaker,SPK-M1,65,13,5,96.06,1.14,2.24,0.9,0,53.4,1,0,new,6,89,2,4.94,4,1,3.88,3.81,Yes,100.0,3.38,1500,1.33,1520,81.0,0.0,0,low
S00327,small,Power Bank,PWR-M1,153,1,70,95.4,0.98,0.51,0.8,0,44.1,0,1,new,12,88,16,4.68,11,0,4.63,,Yes,90.98,9.48,1100,-5.45,1040,26.0,0.0,0,low
S00176,small,Laptop,LAP-M3,47,29,1,89.02,4.74,6.85,8.7,0,61.4,0,0,refurbished,6,30,6,9.16,2,2,2.75,2.95,No,89.25,10.87,80000,-28.87,56900,12.5,0.0,0,low
S00178,small,Mobile Phone,MOB-M1,123,2,33,98.87,0.84,2.89,3.6,0,69.7,1,0,new,0,990,9,4.66,6,0,3.93,,Yes,92.93,11.67,12000,3.33,12400,93.1,0.0,0,low
S00474,small,Smart TV,TV-M2,259,13,11,99.46,1.13,0.92,1.8,0,79.3,0,0,new,12,44,23,3.02,12,2,4.32,4.55,Yes,100.0,20.63,35000,1.14,35400,78.0,0.0,0,low
S00219,small,Wi-Fi Router,RTR-M3,58,6,9,92.46,4.59,4.71,6.0,0,28.8,0,0,used,0,104,6,5.96,2,1,3.78,3.96,Yes,86.35,9.13,5500,-47.64,2880,4.3,0.0,0,low
S00473,small,Gaming Console,CON-M1,111,3,25,89.25,7.44,9.33,6.3,0,45.5,0,0,new,0,366,15,5.58,8,1,2.87,2.57,No,90.05,30.3,38000,9.61,41650,98.0,0.0,0,low
S00414,small,Wireless Earbuds,EAR-M4,36,3,13,95.37,4.87,5.73,5.6,0,45.6,0,0,new,6,33,5,9.07,1,0,3.08,,No,98.51,11.34,12000,-2.5,11700,40.4,0.0,0,low
S00145,big,Gaming Console,CON-M1,22641,132,155,95.79,2.28,2.99,3.2,23,41.7,1,0,new,12,52,46,3.79,515,8,4.3,4.37,Yes,100.0,9.26,38000,-0.13,37950,62.7,0.0,0,low
S00398,small,Laptop,LAP-M1,21,13,4,74.79,14.57,13.92,10.0,1,13.2,0,0,new,0,38,399,13.04,2,2,4.75,4.53,Yes,47.36,84.22,38000,-67.63,12300,1.5,1.0,100,high
S00009,small,Smart TV,TV-M5,188,6,32,91.27,5.17,7.29,3.2,0,35.5,1,0,new,0,213,3,7.75,4,0,3.12,,No,95.34,2.43,180000,-1.19,177850,51.8,0.0,0,low
S00287,small,Wireless Earbuds,EAR-M5,145,13,9,89.89,5.03,6.22,4.4,0,71.8,0,1,new,12,75,8,8.88,12,3,2.6,2.51,No,86.19,22.94,28000,0.18,28050,63.5,0.0,0,low
S00223,small,Wireless Earbuds,EAR-M1,224,14,10,95.79,2.69,2.75,2.3,0,75.4,1,1,new,12,75,4,4.79,24,4,4.01,4.05,Yes,97.38,19.57,1200,3.33,1240,92.3,0.0,0,low
S00252,big,Smart TV,TV-M4,12635,91,95,96.31,1.6,2.38,3.2,10,22.2,1,0,new,3,126,169,1.05,315,6,4.9,5.0,Yes,100.0,9.42,90000,-5.17,85350,25.8,0.0,0,low
S00327,small,Laptop,LAP-M2,153,1,70,95.4,0.98,0.51,0.8,0,44.1,0,1,new,12,368,1,3.16,7,0,4.21,,Yes,100.0,3.81,55000,-1.0,54450,61.5,0.0,0,low
S00497,small,Wi-Fi Router,RTR-M4,68,41,2,100.0,2.94,0.89,2.5,0,43.0,0,0,new,12,49,7,4.5,2,2,4.16,4.15,Yes,100.0,11.29,9500,-0.42,9460,68.3,0.0,0,low
S00240,small,Gaming Console,CON-M3,120,77,2,97.71,2.12,3.8,2.1,0,69.4,0,0,new,6,60,7,4.78,2,2,3.86,3.83,Yes,95.95,10.31,62000,-2.42,60500,50.0,0.0,0,low
S00289,small,Wireless Earbuds,EAR-M3,98,5,15,98.2,3.26,4.07,3.9,0,51.8,1,0,new,12,42,4,5.76,6,1,3.52,3.52,No,87.58,9.2,5500,2.18,5620,87.9,0.0,0,low
S00436,small,Digital Camera,CAM-M2,185,9,23,95.62,3.33,4.26,2.7,0,71.7,1,0,used,12,414,10,6.76,5,1,3.54,3.45,No,84.34,24.01,55000,-17.09,45600,15.0,0.0,0,low
S00313,small,Digital Camera,CAM-M1,97,33,3,90.53,4.49,6.42,2.5,0,33.2,0,0,new,6,90,3,3.29,2,2,4.06,4.17,Yes,97.26,12.64,35000,-0.29,34900,67.3,0.0,0,low
S00182,big,Laptop,LAP-M4,24268,669,60,98.02,1.0,1.56,1.1,14,37.0,1,1,new,3,33,186,4.88,329,23,4.66,4.72,Yes,99.85,6.47,120000,-5.54,113350,33.8,0.0,0,low
S00128,small,Laptop,LAP-M3,58,38,4,84.99,8.92,10.16,7.1,1,60.0,0,0,new,3,22,347,11.53,10,10,4.81,3.53,Yes,13.53,69.9,80000,-60.88,31300,1.6,1.0,100,high
S00469,small,Gaming Console,CON-M2,18,2,8,79.08,0.1,6.32,3.4,0,54.8,0,0,new,0,111,8,2.4,2,0,3.86,,Yes,94.99,2.8,52000,-0.38,51800,56.6,0.0,0,low
S00482,small,Gaming Console,CON-M5,119,9,8,98.93,0.1,0.0,1.0,0,74.5,0,0,new,0,240,5,1.85,6,1,4.77,4.65,Yes,91.32,7.94,95000,0.26,95250,64.5,0.0,0,low
S00170,big,Mobile Phone,MOB-M1,24282,382,90,96.38,1.83,2.7,2.6,14,20.6,1,1,new,12,409,99,3.53,273,9,4.23,4.32,Yes,100.0,32.0,12000,2.08,12250,82.8,0.0,0,low
S00093,small,Wireless Earbuds,EAR-M3,81,2,31,94.72,1.05,1.55,2.2,0,74.9,1,0,refurbished,6,35,8,5.92,8,0,4.56,,Yes,100.0,5.03,5500,-27.82,3970,10.6,0.0,0,low
S00516,big,Wi-Fi Router,RTR-M2,25726,176,105,97.86,1.3,1.76,0.8,8,22.0,1,0,new,12,132,130,6.5,308,6,4.2,4.48,Yes,97.33,13.77,3200,0.63,3220,81.5,0.0,0,low
S00511,big,Power Bank,PWR-M2,15940,594,38,96.83,1.87,2.4,1.3,14,40.6,1,1,new,12,288,354,6.52,355,42,4.61,4.77,Yes,98.32,16.97,1800,-2.78,1750,54.9,0.0,0,low
S00257,small,Mobile Phone,MOB-M3,161,66,9,78.63,12.02,12.93,12.8,6,37.2,0,0,new,0,20,191,10.44,65,65,4.5,4.2,Yes,18.28,55.17,38000,-14.34,32550,21.3,1.0,100,high
S00106,small,Wireless Earbuds,EAR-M2,50,5,12,93.45,3.72,6.18,5.1,0,95.0,1,0,new,0,52,5,8.54,2,0,3.27,,No,93.83,10.45,2500,-4.8,2380,41.3,0.0,0,low
S00135,small,Gaming Console,CON-M3,53,31,5,79.82,9.74,13.0,4.8,5,15.2,0,0,new,0,25,7,8.73,68,68,4.93,4.15,Yes,67.72,72.78,62000,-67.34,20250,2.0,1.0,100,high
S00484,medium,Bluetooth Speaker,SPK-M5,1457,24,64,95.49,2.19,3.04,1.7,0,48.7,1,1,new,12,19,24,5.27,39,2,3.77,4.22,Yes,92.55,16.34,30000,-0.33,29900,62.3,0.0,0,low
S00077,small,Gaming Console,CON-M2,84,2,30,100.0,0.1,0.13,1.8,0,60.9,1,0,refurbished,0,900,36,0.2,3,0,4.64,,Yes,95.02,22.19,52000,-41.35,30500,17.0,0.0,0,low
S00357,small,Wireless Earbuds,EAR-M5,54,3,27,89.78,5.71,10.1,7.8,0,74.9,0,0,new,12,291,1,11.76,1,0,2.39,,No,90.5,17.99,28000,-4.46,26750,19.2,0.0,0,low
S00033,small,Wireless Earbuds,EAR-M3,60,2,29,84.56,8.2,11.04,3.1,0,73.9,1,0,new,12,138,9,10.2,4,0,2.24,,No,87.33,30.21,5500,-1.64,5410,54.5,0.0,0,low
S00234,medium,Bluetooth Speaker,SPK-M3,5840,118,46,96.37,1.97,2.84,2.2,4,65.6,1,0,used,6,72,47,4.14,150,6,3.74,3.52,Yes,94.08,12.34,7000,-14.86,5960,12.7,0.0,0,low
S00118,small,Desktop Computer,PC-M4,185,22,10,90.56,2.94,5.73,5.3,0,81.8,1,0,new,12,213,6,6.92,9,3,3.33,3.19,No,91.74,19.47,95000,4.95,99700,97.8,0.0,0,low
S00442,small,Wireless Earbuds,EAR-M4,23,0,20,99.62,1.5,4.06,2.8,0,72.1,0,0,new,6,24,11,8.83,2,0,3.09,,No,94.62,6.54,12000,7.08,12850,98.1,0.0,0,low
S00350,small,Laptop,LAP-M4,53,2,22,87.26,7.22,9.47,8.3,0,44.3,1,0,new,0,53,13,9.08,4,0,2.91,,No,87.41,17.57,120000,-1.12,118650,64.9,0.0,0,low
S00440,big,Power Bank,PWR-M4,27243,487,52,97.08,1.47,2.27,1.9,18,31.0,1,1,new,12,61,105,5.61,374,15,4.15,3.99,Yes,91.29,14.05,4800,16.46,5590,100.0,0.0,0,low
S00056,medium,Wireless Earbuds,EAR-M1,1104,29,40,96.31,1.15,2.1,1.2,0,62.9,1,1,new,12,244,24,6.26,16,1,4.12,4.04,Yes,95.48,5.72,1200,5.0,1260,95.4,0.0,0,low
S00382,small,Smart TV,TV-M1,584,32,20,91.44,4.35,5.48,3.3,0,40.4,0,0,refurbished,12,600,4,6.46,36,7,3.36,3.24,No,94.5,12.12,22000,-39.77,13250,7.8,0.0,0,low
S00214,medium,Wireless Earbuds,EAR-M4,1470,38,51,94.27,2.09,2.83,4.3,2,50.6,0,1,new,12,183,5,6.38,20,1,4.18,4.01,Yes,99.15,28.91,12000,-1.25,11850,51.9,0.0,0,low
S00385,medium,Wireless Earbuds,EAR-M4,933,8,50,97.27,1.29,1.35,2.9,2,25.1,1,0,new,3,233,41,6.45,15,0,4.37,,Yes,96.1,22.11,12000,-0.83,11900,59.6,0.0,0,low
S00077,small,Desktop Computer,PC-M2,84,2,30,100.0,0.1,0.13,1.8,0,60.9,1,0,new,6,652,4,4.57,2,0,4.4,,Yes,93.98,0.57,45000,-0.67,44700,62.5,0.0,0,low
S00072,small,Mobile Phone,MOB-M2,146,27,10,94.15,5.46,5.23,8.3,2,66.6,0,0,new,6,172,9,4.99,20,12,3.43,3.55,No,95.66,7.35,22000,1.14,22250,81.1,0.0,0,low
S00096,small,Laptop,LAP-M1,25,0,31,99.96,7.3,1.84,4.2,0,44.5,0,0,new,6,271,2,7.18,0,0,,,No,,,38000,5.66,40150,94.0,0.0,0,low
S00545,small,Bluetooth Speaker,SPK-M5,48,0,48,88.61,3.83,7.45,7.1,0,59.1,1,0,new,12,274,7,6.39,2,0,3.53,,No,92.9,13.36,30000,-0.67,29800,60.4,0.0,0,low
S00230,small,Power Bank,PWR-M1,86,13,13,82.64,10.6,10.24,4.7,0,52.0,0,0,new,6,72,8,10.73,18,7,2.53,2.31,No,85.2,21.29,1100,1.82,1120,76.0,0.0,0,low
S00066,small,Laptop,LAP-M3,296,27,10,93.4,1.96,4.08,2.5,0,43.8,1,0,new,12,61,4,6.49,18,3,3.75,3.99,Yes,97.89,24.58,80000,4.0,83200,84.4,0.0,0,low
S00304,small,Desktop Computer,PC-M4,102,4,21,100.0,1.78,0.68,1.1,0,49.9,0,0,new,6,372,11,4.21,1,0,4.99,,Yes,91.6,7.84,95000,1.74,96650,80.4,0.0,0,low
S00237,small,Mobile Phone,MOB-M4,143,10,9,98.9,0.1,0.3,4.3,0,57.5,1,0,new,6,270,8,5.88,3,0,4.27,,Yes,97.85,16.05,65000,1.92,66250,86.7,0.0,0,low
S00362,small,Gaming Console,CON-M2,251,12,25,93.74,2.71,3.52,5.8,0,80.8,0,0,used,0,137,3,3.45,8,1,3.74,3.8,Yes,88.88,1.64,52000,-36.25,33150,18.9,0.0,0,low
S00168,medium,Digital Camera,CAM-M4,823,14,51,94.05,2.74,3.23,3.5,0,54.7,1,1,new,12,21,18,2.66,29,1,4.44,4.71,Yes,93.86,21.05,100000,-5.75,94250,18.0,0.0,0,low
S00075,big,Laptop,LAP-M1,31838,212,94,95.92,2.22,2.98,2.8,30,24.2,1,1,new,12,164,65,8.07,353,6,3.81,3.88,Yes,93.75,9.39,38000,-3.55,36650,44.8,0.0,0,low
S00253,small,Smartwatch,WCH-M3,60,13,5,87.65,2.59,3.05,2.7,0,44.2,1,0,new,3,150,10,8.22,0,0,,,No,,,9000,1.22,9110,88.1,0.0,0,low
S00501,small,Laptop,LAP-M4,92,7,14,100.0,0.12,2.0,2.2,0,39.6,1,0,refurbished,12,196,3,6.09,4,1,4.2,4.28,Yes,100.0,9.32,120000,-14.29,102850,23.0,0.0,0,low
S00198,small,Desktop Computer,PC-M5,251,18,21,100.0,1.22,1.24,1.8,1,69.0,0,0,new,6,79,9,4.9,12,3,4.59,4.33,Yes,96.67,10.48,160000,6.03,169650,98.1,0.0,0,low
S00025,small,Gaming Console,CON-M3,55,45,3,88.41,8.12,8.48,15.9,1,15.2,0,0,new,0,45,172,9.9,2,2,5.0,3.59,Yes,58.33,73.79,62000,-59.03,25400,6.0,1.0,100,high
S00466,small,Desktop Computer,PC-M4,170,26,5,92.07,4.61,5.17,9.5,0,58.4,1,0,new,6,150,13,4.15,4,1,3.58,3.55,No,92.67,7.83,95000,-2.11,93000,45.7,0.0,0,low
S00169,medium,Laptop,LAP-M3,1148,28,28,96.6,1.89,2.09,2.8,0,45.7,1,0,new,3,355,41,5.45,37,3,4.38,4.09,Yes,95.86,0.73,80000,-3.25,77400,40.6,0.0,0,low
S00393,small,Bluetooth Speaker,SPK-M5,64,4,17,91.09,4.25,3.82,6.9,0,52.3,1,0,new,3,105,15,6.45,1,0,4.03,,Yes,96.99,13.46,30000,-4.5,28650,20.8,0.0,0,low
S00290,small,Bluetooth Speaker,SPK-M2,106,30,5,89.73,4.39,5.34,5.5,1,41.4,1,0,new,6,61,9,5.13,13,8,3.5,3.73,No,92.3,14.37,3500,1.43,3550,72.5,0.0,0,low
S00231,small,Gaming Console,CON-M5,174,8,23,91.45,3.05,4.56,4.1,0,53.3,0,0,new,3,40,3,4.73,8,1,3.23,3.35,No,91.63,30.04,95000,2.42,97300,82.3,0.0,0,low
S00032,small,Bluetooth Speaker,SPK-M3,45,1,49,90.02,2.93,4.29,3.9,0,54.1,1,0,used,0,25,7,7.83,2,0,3.25,,No,87.93,17.81,7000,-33.71,4640,5.5,0.0,0,low
S00130,medium,Mobile Phone,MOB-M2,721,36,32,95.95,2.71,3.21,3.9,0,43.7,1,1,new,3,257,66,4.73,12,1,3.87,3.98,Yes,97.35,3.96,22000,-0.68,21850,73.6,0.0,0,low
S00035,small,Smart TV,TV-M2,54,16,3,93.86,4.17,2.9,3.9,0,34.5,0,0,new,3,90,3,6.65,5,5,3.73,3.9,Yes,97.25,20.22,35000,-2.29,34200,52.5,0.0,0,low
S00335,small,Mobile Phone,MOB-M3,91,2,34,99.25,0.1,4.08,2.9,0,46.5,0,0,new,3,89,4,3.91,3,0,4.42,,Yes,89.63,6.25,38000,-9.21,34500,23.0,0.0,0,low
S00130,medium,Smartwatch,WCH-M4,721,36,32,95.95,2.71,3.21,3.9,0,43.7,1,1,new,12,41,17,7.34,9,1,3.69,3.79,Yes,99.75,3.96,22000,1.82,22400,87.3,0.0,0,low
S00485,medium,Power Bank,PWR-M3,998,17,51,95.88,1.73,2.53,2.1,0,53.0,1,0,new,0,73,38,3.27,48,2,4.57,4.59,Yes,99.83,12.32,3000,-2.0,2940,42.9,0.0,0,low
S00033,small,Smart TV,TV-M4,60,2,29,84.56,8.2,11.04,3.1,0,73.9,1,0,new,12,311,4,6.16,2,0,2.64,,No,91.22,5.14,90000,3.67,93300,85.5,0.0,0,low
S00211,small,Smartwatch,WCH-M1,207,21,7,95.62,3.72,3.34,6.3,0,22.6,0,0,new,12,172,3,5.28,7,2,3.48,3.62,No,93.18,14.82,2000,2.5,2050,90.7,0.0,0,low
S00492,small,Power Bank,PWR-M4,83,4,19,93.35,2.06,3.72,3.6,0,55.3,0,0,new,12,88,3,3.43,11,2,3.97,3.93,Yes,94.28,11.72,4800,-3.75,4620,26.7,0.0,0,low
S00476,medium,Bluetooth Speaker,SPK-M4,2222,76,14,97.8,0.86,1.78,2.0,0,48.3,1,0,new,12,44,22,4.62,25,2,4.89,4.74,Yes,98.9,18.35,14000,2.86,14400,80.4,0.0,0,low
S00191,small,Smart TV,TV-M5,168,60,4,94.95,0.47,2.59,2.3,0,65.4,1,0,new,3,97,6,5.44,12,8,4.29,4.48,Yes,92.0,5.04,180000,4.25,187650,83.9,0.0,0,low
S00036,big,Gaming Console,CON-M5,10995,152,61,97.1,1.6,2.17,3.2,8,24.3,1,0,new,0,1167,55,4.73,67,2,4.08,4.24,Yes,91.28,4.12,95000,-1.42,93650,53.2,0.0,0,low
S00190,small,Laptop,LAP-M1,215,25,9,98.88,1.25,0.91,1.3,0,52.4,0,0,new,12,68,15,7.43,9,2,3.9,3.95,Yes,92.41,16.71,38000,4.21,39600,92.5,0.0,0,low
S00172,medium,Power Bank,PWR-M2,1924,43,50,95.64,2.2,3.03,3.8,0,57.7,1,1,new,3,272,98,5.96,32,2,3.88,4.04,Yes,94.15,35.53,1800,-2.78,1750,54.9,0.0,0,low
S00160,small,Gaming Console,CON-M2,63,4,10,91.35,4.68,5.52,3.4,0,57.6,0,0,refurbished,3,81,4,3.9,4,1,3.39,3.39,No,87.41,18.72,52000,-17.31,43000,22.6,0.0,0,low
S00238,small,Smartwatch,WCH-M2,66,1,36,94.88,4.04,2.28,2.9,0,61.9,1,0,new,6,214,11,5.7,2,0,4.53,,Yes,96.22,8.32,4500,-2.67,4380,42.9,0.0,0,low
S00551,big,Desktop Computer,PC-M1,23658,307,57,98.86,0.84,1.37,1.5,15,28.0,1,0,refurbished,6,251,115,3.39,203,6,4.24,4.36,Yes,93.19,10.34,30000,-16.83,24950,8.8,0.0,0,low
S00113,big,Mobile Phone,MOB-M5,11440,310,57,97.48,1.52,2.11,1.9,6,25.3,1,1,new,6,84,125,7.51,137,12,4.18,3.98,Yes,100.0,2.31,140000,-2.36,136700,54.0,0.0,0,low
S00182,big,Digital Camera,CAM-M1,24268,669,60,98.02,1.0,1.56,1.1,14,37.0,1,1,new,12,236,319,0.63,264,15,4.72,4.71,Yes,95.98,16.01,35000,0.57,35200,75.0,0.0,0,low
S00564,small,Bluetooth Speaker,SPK-M3,210,10,18,86.63,6.58,8.54,7.2,1,60.0,1,0,new,6,101,5,8.38,19,3,2.68,2.8,No,98.15,11.38,7000,-36.86,4420,3.6,0.0,0,low
S00414,small,Power Bank,PWR-M4,36,3,13,95.37,4.87,5.73,5.6,0,45.6,0,0,new,6,390,7,4.51,0,0,,,No,,,4800,4.79,5030,88.3,0.0,0,low
S00277,big,Mobile Phone,MOB-M5,44244,759,51,98.56,0.95,1.46,1.1,16,56.4,1,1,new,12,443,74,4.92,875,32,4.5,4.63,Yes,94.43,10.3,140000,-3.32,135350,46.0,0.0,0,low
S00551,big,Power Bank,PWR-M2,23658,307,57,98.86,0.84,1.37,1.5,15,28.0,1,0,new,0,199,128,6.37,395,10,4.93,4.82,Yes,93.08,22.79,1800,-2.78,1750,54.9,0.0,0,low
S00553,small,Power Bank,PWR-M4,95,13,7,93.41,6.26,6.62,8.1,0,64.7,1,0,new,6,53,16,6.43,5,2,3.43,3.51,No,92.91,11.57,4800,2.92,4940,76.7,0.0,0,low
S00287,small,Laptop,LAP-M3,145,13,9,89.89,5.03,6.22,4.4,0,71.8,0,1,new,6,270,3,8.65,7,1,3.14,2.97,No,88.7,3.99,80000,4.06,83250,85.9,0.0,0,low
S00524,medium,Laptop,LAP-M1,867,43,25,97.13,1.95,1.7,2.0,0,38.2,1,0,new,0,89,31,5.33,9,1,4.07,3.97,Yes,93.74,23.18,38000,-5.66,35850,31.3,0.0,0,low
S00322,big,Smartwatch,WCH-M1,13542,231,65,99.08,0.88,1.45,1.7,9,43.2,1,1,new,12,308,268,3.3,247,8,4.58,4.82,Yes,93.06,13.51,2000,2.0,2040,86.0,0.0,0,low
S00374,small,Mobile Phone,MOB-M1,97,16,6,95.01,1.58,2.88,3.3,0,81.1,1,0,new,12,111,7,4.24,12,6,3.85,3.62,Yes,94.67,9.29,12000,-2.08,11750,53.4,0.0,0,low
S00317,medium,Power Bank,PWR-M2,4634,155,35,90.0,5.33,6.59,6.9,12,43.4,1,0,used,3,21,33,9.41,52,4,3.03,3.0,No,93.34,12.8,1800,-32.22,1220,2.0,0.0,0,low
S00353,medium,Power Bank,PWR-M2,1270,11,55,95.55,2.39,2.99,2.5,1,47.4,1,1,new,12,109,16,5.75,43,1,4.07,3.73,Yes,100.0,2.33,1800,-2.22,1760,58.8,0.0,0,low
S00222,small,Gaming Console,CON-M2,26,17,5,83.36,6.43,9.65,5.2,1,20.3,0,0,new,0,30,4,5.49,2,2,4.54,2.68,Yes,64.61,70.02,52000,-60.29,20650,1.9,1.0,100,high
S00559,small,Gaming Console,CON-M1,304,12,23,97.1,0.78,1.23,1.2,0,54.2,0,0,new,0,35,9,1.7,6,1,4.66,4.62,Yes,98.92,21.98,38000,-0.13,37950,62.7,0.0,0,low
S00531,medium,Desktop Computer,PC-M1,1044,27,37,99.13,0.58,1.33,1.8,0,34.6,1,0,new,0,84,12,2.38,6,0,4.87,,Yes,95.11,15.71,30000,0.33,30100,66.7,0.0,0,low
S00003,medium,Power Bank,PWR-M4,2007,22,81,93.04,3.54,4.54,4.3,3,76.3,1,0,new,6,201,15,7.23,23,1,3.57,3.74,No,93.58,11.09,4800,10.0,5280,96.7,0.0,0,low
S00439,medium,Digital Camera,CAM-M1,2840,102,39,95.34,2.39,3.14,1.4,2,54.0,0,0,new,12,274,18,1.91,73,9,3.92,3.9,Yes,96.74,2.13,35000,-2.29,34200,50.0,0.0,0,low
S00199,small,Mobile Phone,MOB-M5,95,2,32,95.03,3.45,3.38,3.4,0,54.0,1,0,refurbished,12,80,5,8.2,3,0,3.4,,No,97.08,8.3,140000,-34.68,91450,10.0,0.0,0,low
S00414,small,Wireless Earbuds,EAR-M1,36,3,13,95.37,4.87,5.73,5.6,0,45.6,0,0,new,3,390,8,6.76,0,0,,,No,,,1200,-1.67,1180,52.3,0.0,0,low
S00171,small,Digital Camera,CAM-M2,310,16,17,97.61,1.02,1.56,2.1,0,38.4,1,0,new,6,285,4,3.03,14,2,4.62,4.79,Yes,94.45,22.31,55000,-1.64,54100,48.3,0.0,0,low
S00376,small,Laptop,LAP-M3,99,6,23,97.62,1.57,0.45,2.5,0,62.1,0,0,new,6,39,17,3.83,6,1,4.27,4.24,Yes,95.46,4.27,80000,-3.06,77550,43.8,0.0,0,low
S00440,big,Smart TV,TV-M1,27243,487,52,97.08,1.47,2.27,1.9,18,31.0,1,1,new,12,54,101,5.12,276,15,4.61,4.45,Yes,100.0,18.88,22000,-2.05,21550,49.4,0.0,0,low
S00489,small,Mobile Phone,MOB-M2,180,11,12,97.92,0.3,1.8,2.1,0,52.9,1,0,new,12,146,6,1.92,5,1,4.27,4.57,Yes,99.06,9.46,22000,2.27,22500,86.8,0.0,0,low
S00343,medium,Desktop Computer,PC-M3,2804,74,61,93.74,3.13,3.91,3.1,3,51.3,0,0,new,12,418,12,5.51,96,6,3.41,3.54,No,95.42,15.87,65000,-3.85,62500,29.2,0.0,0,low
S00375,small,Mobile Phone,MOB-M4,104,6,15,92.17,2.67,4.87,2.3,0,72.5,1,0,used,6,336,5,5.26,3,0,4.25,,Yes,93.84,14.49,65000,-18.15,53200,20.0,0.0,0,low
S00091,medium,Smart TV,TV-M1,3775,80,51,91.09,4.28,5.81,6.2,8,44.7,1,0,new,0,193,25,8.32,219,15,2.99,3.16,No,91.03,2.76,22000,2.95,22650,87.0,0.0,0,low
S00167,big,Power Bank,PWR-M2,29079,775,47,97.51,1.39,1.9,2.3,18,37.2,1,1,new,12,85,66,6.19,139,15,4.51,4.48,Yes,91.25,8.34,1800,0.56,1810,80.4,0.0,0,low
S00436,small,Power Bank,PWR-M5,185,9,23,95.62,3.33,4.26,2.7,0,71.7,1,0,new,6,207,5,5.38,11,2,3.89,4.01,Yes,94.09,13.2,8500,5.29,8950,91.7,0.0,0,low
S00403,small,Gaming Console,CON-M4,216,5,26,88.59,6.04,6.81,4.6,1,86.5,1,0,new,3,208,4,5.94,11,0,3.13,,No,88.4,5.54,78000,1.6,79250,86.4,0.0,0,low
S00366,small,Wi-Fi Router,RTR-M2,235,8,32,95.57,1.56,1.87,1.5,0,69.3,1,0,new,6,31,5,3.57,39,3,4.58,4.79,Yes,94.73,11.54,3200,-2.19,3130,55.6,0.0,0,low
S00500,small,Wi-Fi Router,RTR-M1,414,16,31,94.2,3.24,4.38,5.2,2,39.2,0,1,new,12,181,16,5.16,40,4,3.52,3.66,No,90.8,9.26,1800,2.22,1840,80.0,0.0,0,low
S00269,small,Mobile Phone,MOB-M5,169,12,10,98.03,2.05,2.79,1.1,1,90.2,0,0,new,12,102,4,5.48,12,2,4.6,4.56,Yes,93.38,20.18,140000,2.0,142800,86.0,0.0,0,low
S00291,small,Smart TV,TV-M3,154,7,16,95.89,1.48,1.64,1.0,0,39.7,1,0,new,6,64,10,3.31,6,1,4.14,3.97,Yes,95.99,19.63,55000,5.91,58250,94.6,0.0,0,low
S00015,small,Smart TV,TV-M3,232,20,12,90.85,5.0,7.36,6.3,1,41.6,0,0,new,3,189,2,5.65,13,3,3.57,3.55,No,97.14,6.04,55000,-2.18,53800,39.3,0.0,0,low
S00542,small,Mobile Phone,MOB-M3,269,14,23,90.55,4.93,6.48,2.9,1,64.1,0,0,new,0,414,4,6.37,11,2,3.38,3.5,No,93.46,12.3,38000,5.79,40200,95.1,0.0,0,low
S00355,small,Smartwatch,WCH-M5,56,2,24,95.25,2.32,2.06,2.8,0,59.7,1,0,new,12,252,5,4.22,2,0,4.73,,Yes,98.68,7.06,45000,3.22,46450,83.3,0.0,0,low
S00072,small,Mobile Phone,MOB-M5,146,27,10,94.15,5.46,5.23,8.3,2,66.6,0,0,refurbished,0,52,3,8.76,19,8,3.49,3.55,No,95.11,17.2,140000,-44.32,77950,6.0,0.0,0,low
S00394,small,Smartwatch,WCH-M4,174,18,12,91.25,3.4,4.0,2.1,0,59.9,0,0,new,12,73,11,7.96,7,2,3.73,3.58,Yes,94.08,10.12,22000,-3.86,21150,43.6,0.0,0,low
S00017,small,Smartwatch,WCH-M1,32,1,25,92.23,3.68,6.61,7.4,0,47.3,1,0,new,6,231,9,6.24,3,0,3.6,,Yes,89.75,17.7,2000,-6.5,1870,23.3,0.0,0,low
S00210,big,Smartwatch,WCH-M5,13189,193,98,95.84,2.16,2.87,2.0,13,32.6,1,0,new,0,293,125,5.72,311,17,4.24,4.25,Yes,88.02,21.12,45000,-0.56,44750,57.4,0.0,0,low
S00113,big,Desktop Computer,PC-M3,11440,310,57,97.48,1.52,2.11,1.9,6,25.3,1,1,new,12,547,37,5.45,177,17,4.58,4.9,Yes,100.0,7.2,65000,-1.85,63800,45.8,0.0,0,low
S00416,small,Wi-Fi Router,RTR-M1,47,1,34,87.96,3.45,7.74,6.5,0,48.8,1,0,new,6,996,6,5.76,8,0,3.45,,No,92.41,4.17,1800,1.11,1820,76.0,0.0,0,low
S00185,small,Bluetooth Speaker,SPK-M5,216,19,16,100.0,1.11,1.03,2.0,0,45.5,0,0,new,12,63,2,6.2,15,3,4.42,4.28,Yes,98.51,9.87,30000,-1.17,29650,52.8,0.0,0,low
S00278,small,Smartwatch,WCH-M4,200,19,13,99.39,1.69,1.95,1.4,0,61.5,1,0,new,12,118,5,6.05,7,2,4.6,4.63,Yes,98.13,8.71,22000,2.5,22550,92.7,0.0,0,low
S00393,small,Power Bank,PWR-M5,64,4,17,91.09,4.25,3.82,6.9,0,52.3,1,0,new,3,157,4,6.63,1,0,3.45,,No,94.15,10.56,8500,2.71,8730,80.0,0.0,0,low
S00536,small,Power Bank,PWR-M4,70,11,6,97.68,2.85,2.73,2.2,0,61.0,0,0,new,12,180,15,3.81,6,3,4.15,4.44,Yes,99.27,3.65,4800,2.5,4920,71.7,0.0,0,low
S00148,big,Desktop Computer,PC-M4,12646,155,102,96.7,1.86,2.51,2.2,9,18.7,1,0,new,6,295,42,5.44,106,4,4.3,4.23,Yes,90.57,12.15,95000,-2.37,92750,41.3,0.0,0,low
S00277,big,Gaming Console,CON-M3,44244,759,51,98.56,0.95,1.46,1.1,16,56.4,1,1,new,12,620,129,3.63,330,16,4.38,4.28,Yes,94.46,15.0,62000,-5.81,58400,34.0,0.0,0,low
S00394,small,Bluetooth Speaker,SPK-M4,174,18,12,91.25,3.4,4.0,2.1,0,59.9,0,0,new,0,90,14,5.23,7,2,4.02,4.05,Yes,93.79,15.5,14000,5.71,14800,94.1,0.0,0,low
S00352,small,Wi-Fi Router,RTR-M5,87,11,7,93.77,3.9,4.05,2.3,0,37.9,0,0,new,0,193,2,7.58,6,1,3.54,3.59,No,99.22,5.83,16000,0.0,16000,68.6,0.0,0,low
S00425,medium,Wi-Fi Router,RTR-M3,1915,32,56,92.44,3.7,5.17,3.0,3,59.7,1,0,new,0,59,27,7.05,94,6,3.39,3.29,No,95.18,11.11,5500,3.45,5690,84.8,0.0,0,low
S00347,small,Power Bank,PWR-M5,574,57,8,97.13,2.19,2.21,1.3,0,62.3,0,0,used,6,114,3,6.74,10,2,3.67,3.6,Yes,100.0,6.67,8500,-13.41,7360,13.3,0.0,0,low
S00090,small,Wireless Earbuds,EAR-M5,36,1,27,96.8,5.82,4.87,7.3,0,42.1,1,0,new,6,393,6,10.06,2,0,3.21,,No,85.3,8.35,28000,0.71,28200,67.3,0.0,0,low
S00365,small,Wireless Earbuds,EAR-M2,75,6,13,94.62,6.12,6.95,3.4,0,42.7,0,0,new,3,105,3,7.4,4,1,3.5,3.5,No,88.14,19.2,2500,-1.2,2470,71.7,0.0,0,low
S00511,big,Smartwatch,WCH-M2,15940,594,38,96.83,1.87,2.4,1.3,14,40.6,1,1,new,12,267,53,5.87,335,46,4.48,4.48,Yes,93.88,3.47,4500,-0.22,4490,63.3,0.0,0,low
S00396,medium,Smartwatch,WCH-M1,1760,49,29,89.56,5.0,6.85,3.8,6,10.4,1,1,new,6,180,32,9.06,31,2,3.0,2.77,No,90.57,18.79,2000,-5.5,1890,32.6,0.0,0,low
S00054,small,Laptop,LAP-M4,182,41,6,92.46,5.15,7.07,1.3,2,55.2,0,0,new,12,148,3,7.25,4,3,3.03,2.86,No,89.68,9.27,120000,0.88,121050,79.7,0.0,0,low
S00164,small,Power Bank,PWR-M1,96,14,10,99.03,2.41,2.14,3.9,0,70.1,0,0,new,6,249,19,4.48,1,0,4.18,,Yes,94.55,8.69,1100,0.0,1100,70.0,0.0,0,low
S00037,small,Mobile Phone,MOB-M5,148,2,53,96.07,1.35,3.52,2.6,0,48.6,0,0,new,0,200,9,4.56,3,0,4.21,,Yes,86.37,5.2,140000,-3.39,135250,44.0,0.0,0,low
S00170,big,Bluetooth Speaker,SPK-M4,24282,382,90,96.38,1.83,2.7,2.6,14,20.6,1,1,new,12,381,154,5.25,411,15,4.24,4.44,Yes,92.3,28.18,14000,-0.36,13950,52.9,0.0,0,low
S00352,small,Wi-Fi Router,RTR-M2,87,11,7,93.77,3.9,4.05,2.3,0,37.9,0,0,new,6,210,3,9.26,5,1,3.61,3.8,Yes,89.33,1.75,3200,-3.75,3080,38.9,0.0,0,low
S00018,small,Wi-Fi Router,RTR-M2,39,3,11,99.87,1.44,2.28,3.0,0,34.1,0,0,new,3,161,4,7.18,2,0,4.32,,Yes,86.65,13.31,3200,-0.31,3190,75.9,0.0,0,low
S00037,small,Mobile Phone,MOB-M1,148,2,53,96.07,1.35,3.52,2.6,0,48.6,0,0,refurbished,0,101,4,2.65,5,0,4.53,,Yes,87.54,36.33,12000,-18.75,9750,20.7,0.0,0,low
S00467,medium,Smartwatch,WCH-M5,500,13,38,96.69,1.16,2.32,3.2,0,52.5,1,0,refurbished,6,207,41,6.31,9,1,4.3,4.03,Yes,96.43,24.34,45000,-54.67,20400,1.9,0.0,0,low
S00010,small,Mobile Phone,MOB-M1,120,4,22,99.9,2.63,1.52,3.9,0,60.8,1,0,new,6,371,8,2.92,5,0,4.6,,Yes,99.53,10.34,12000,0.0,12000,74.1,0.0,0,low
S00129,big,Smartwatch,WCH-M4,16423,119,103,96.97,1.8,2.49,2.3,8,15.2,1,0,new,6,44,61,5.96,170,3,4.62,4.6,Yes,88.88,15.28,22000,-9.32,19950,18.2,0.0,0,low
S00543,small,Wi-Fi Router,RTR-M3,356,157,2,97.02,1.75,1.82,3.1,0,48.6,1,0,new,6,31,9,3.1,18,18,4.48,3.94,Yes,93.15,12.3,5500,-0.91,5450,63.0,0.0,0,low
S00167,big,Mobile Phone,MOB-M1,29079,775,47,97.51,1.39,1.9,2.3,18,37.2,1,1,new,12,133,41,4.14,170,12,4.6,4.38,Yes,96.89,1.61,12000,-1.25,11850,62.1,0.0,0,low
S00188,small,Laptop,LAP-M3,175,2,40,94.34,2.86,3.36,2.6,0,43.4,0,0,new,12,476,3,7.66,31,1,3.79,3.99,Yes,91.84,15.05,80000,5.25,84200,90.6,0.0,0,low
S00121,medium,Wireless Earbuds,EAR-M1,1856,18,63,98.5,0.85,1.5,2.2,0,44.9,1,0,new,0,249,22,3.47,34,1,5.0,4.98,Yes,99.55,19.52,1200,-3.33,1160,36.9,0.0,0,low
S00084,small,Power Bank,PWR-M3,87,10,7,98.61,3.41,3.57,3.0,0,71.7,0,0,new,0,142,5,6.35,4,1,3.32,3.58,No,85.69,9.01,3000,-0.67,2980,57.1,0.0,0,low
S00305,small,Digital Camera,CAM-M2,194,6,29,98.08,1.19,1.3,3.4,0,43.7,0,0,new,0,344,5,3.26,10,1,4.62,4.68,Yes,98.05,12.99,55000,2.09,56150,78.3,0.0,0,low
S00167,big,Laptop,LAP-M3,29079,775,47,97.51,1.39,1.9,2.3,18,37.2,1,1,new,12,43,67,6.11,190,15,3.88,3.55,Yes,96.42,11.29,80000,-1.0,79200,51.6,0.0,0,low
S00369,small,Desktop Computer,PC-M3,356,14,18,91.66,4.88,5.25,3.7,0,77.3,0,0,new,12,48,2,4.76,21,2,3.44,3.56,No,91.61,16.34,65000,1.23,65800,83.3,0.0,0,low
S00194,small,Mobile Phone,MOB-M5,106,7,19,91.8,2.63,3.35,5.6,0,67.5,0,0,refurbished,0,570,37,8.23,8,1,3.51,3.46,No,98.24,15.47,140000,-29.82,98250,12.0,0.0,0,low
S00374,small,Mobile Phone,MOB-M4,97,16,6,95.01,1.58,2.88,3.3,0,81.1,1,0,new,0,116,7,5.15,5,2,3.57,3.5,No,100.0,2.66,65000,-1.08,64300,60.0,0.0,0,low
S00544,small,Desktop Computer,PC-M4,21,0,15,91.83,4.7,3.48,3.2,0,79.4,1,0,refurbished,0,109,3,4.73,2,0,4.47,,Yes,97.16,11.14,95000,-51.89,45700,2.2,0.0,0,low
S00350,small,Smart TV,TV-M2,53,2,22,87.26,7.22,9.47,8.3,0,44.3,1,0,new,0,356,4,8.52,5,1,2.54,2.51,No,92.81,13.87,35000,1.14,35400,78.0,0.0,0,low
S00208,small,Desktop Computer,PC-M1,121,73,3,100.0,0.99,2.22,2.3,0,58.5,1,0,new,12,90,2,4.77,3,3,3.87,3.49,Yes,89.09,6.48,30000,1.67,30500,77.2,0.0,0,low
S00416,small,Wi-Fi Router,RTR-M5,47,1,34,87.96,3.45,7.74,6.5,0,48.8,1,0,new,0,374,5,5.48,1,0,3.72,,Yes,94.29,3.47,16000,-4.06,15350,27.5,0.0,0,low
S00006,small,Smart TV,TV-M1,69,14,4,99.51,1.82,2.94,1.9,0,67.6,1,0,new,6,41,2,4.9,2,1,4.71,4.44,Yes,99.35,32.21,22000,4.55,23000,90.9,0.0,0,low
S00214,medium,Bluetooth Speaker,SPK-M5,1470,38,51,94.27,2.09,2.83,4.3,2,50.6,0,1,new,12,159,31,5.16,32,2,3.89,3.56,Yes,94.35,6.52,30000,-3.17,29050,32.1,0.0,0,low
S00467,medium,Gaming Console,CON-M2,500,13,38,96.69,1.16,2.32,3.2,0,52.5,1,0,new,12,124,33,0.95,9,1,4.16,3.98,Yes,96.27,10.61,52000,0.48,52250,64.2,0.0,0,low
S00172,medium,Wireless Earbuds,EAR-M1,1924,43,50,95.64,2.2,3.03,3.8,0,57.7,1,1,new,12,291,39,7.17,50,3,4.24,4.12,Yes,97.8,9.47,1200,1.67,1220,83.1,0.0,0,low
S00342,big,Smart TV,TV-M3,22236,160,105,94.67,2.81,3.61,1.9,36,32.8,1,1,new,3,495,69,4.39,302,5,4.13,4.24,Yes,88.36,13.53,55000,-0.18,54900,62.5,0.0,0,low
S00512,small,Bluetooth Speaker,SPK-M3,65,13,5,96.06,1.14,2.24,0.9,0,53.4,1,0,new,0,150,8,4.3,9,5,4.51,4.55,Yes,93.35,3.31,7000,8.71,7610,100.0,0.0,0,low
S00092,small,Power Bank,PWR-M4,231,7,35,94.02,1.73,2.49,2.3,0,59.9,1,0,refurbished,0,107,8,4.24,9,1,4.29,4.51,Yes,88.07,19.9,4800,-31.67,3280,1.7,0.0,0,low
S00078,medium,Laptop,LAP-M2,3467,63,83,95.06,2.65,3.55,1.8,0,52.9,1,0,new,12,284,83,4.91,47,1,3.83,3.97,Yes,86.45,12.75,55000,-3.91,52850,32.7,0.0,0,low
S00019,medium,Laptop,LAP-M4,3267,43,51,97.95,1.31,1.79,1.3,1,34.8,1,1,new,12,74,33,3.93,48,2,4.75,4.85,Yes,98.63,5.13,120000,-3.42,115900,41.9,0.0,0,low
S00131,small,Wireless Earbuds,EAR-M5,450,56,10,91.84,5.43,7.07,6.7,3,72.8,0,0,refurbished,0,41,16,8.32,56,13,3.04,3.43,No,83.58,9.27,28000,-37.14,17600,5.8,0.0,0,low
S00105,big,Gaming Console,CON-M2,16216,133,100,89.08,5.86,7.29,9.8,58,47.8,1,1,new,12,48,66,6.19,315,6,2.88,2.76,No,99.63,5.33,52000,5.19,54700,92.5,0.0,0,low
S00123,small,Gaming Console,CON-M4,98,21,4,95.67,2.26,0.07,1.2,0,58.9,0,0,new,12,120,9,2.67,8,4,4.33,4.36,Yes,93.2,19.87,78000,1.47,79150,84.8,0.0,0,low
S00199,small,Smart TV,TV-M1,95,2,32,95.03,3.45,3.38,3.4,0,54.0,1,0,new,12,210,7,7.5,1,0,3.44,,No,93.56,11.77,22000,-4.09,21100,35.1,0.0,0,low
S00070,medium,Wi-Fi Router,RTR-M4,1345,43,33,99.17,0.95,1.58,1.0,1,31.8,1,0,new,12,661,44,3.52,14,1,4.9,4.85,Yes,91.83,2.4,9500,-4.0,9120,31.7,0.0,0,low
S00553,small,Bluetooth Speaker,SPK-M5,95,13,7,93.41,6.26,6.62,8.1,0,64.7,1,0,new,12,181,5,7.71,3,1,3.23,3.02,No,100.0,8.23,30000,0.0,30000,67.9,0.0,0,low
S00227,small,Gaming Console,CON-M5,124,2,34,85.18,6.6,9.21,5.2,2,63.6,1,0,new,6,139,8,8.94,1,0,2.19,,No,87.91,15.64,95000,1.89,96800,75.8,0.0,0,low
S00535,small,Wi-Fi Router,RTR-M3,95,14,7,92.15,5.14,5.42,3.7,0,30.5,1,0,new,12,210,8,6.88,5,2,3.11,3.08,No,94.33,5.46,5500,-2.73,5350,45.7,0.0,0,low
S00157,small,Desktop Computer,PC-M1,100,8,13,91.57,1.85,5.15,3.0,1,20.5,1,0,new,12,155,27,7.73,3,1,3.82,3.97,Yes,94.17,2.06,30000,5.5,31650,93.0,0.0,0,low
S00113,big,Power Bank,PWR-M1,11440,310,57,97.48,1.52,2.11,1.9,6,25.3,1,1,new,12,442,74,3.9,175,10,4.15,4.17,Yes,92.64,3.93,1100,-1.82,1080,50.0,0.0,0,low
S00417,small,Wi-Fi Router,RTR-M5,70,6,14,92.28,3.43,5.03,5.3,0,77.5,0,0,new,3,244,14,5.79,10,2,3.35,3.3,No,94.75,16.62,16000,-2.81,15550,43.1,0.0,0,low
S00164,small,Wi-Fi Router,RTR-M5,96,14,10,99.03,2.41,2.14,3.9,0,70.1,0,0,new,6,108,10,4.06,4,2,4.11,4.38,Yes,100.0,8.61,16000,1.88,16300,76.5,0.0,0,low
S00157,small,Wi-Fi Router,RTR-M5,100,8,13,91.57,1.85,5.15,3.0,1,20.5,1,0,new,0,68,4,4.35,7,2,3.88,3.85,Yes,96.92,21.57,16000,3.44,16550,92.2,0.0,0,low
S00102,small,Power Bank,PWR-M5,41,15,4,92.03,2.5,5.07,3.1,1,61.2,0,0,new,12,120,6,5.96,0,0,,,No,,,8500,4.59,8890,90.0,0.0,0,low
S00087,medium,Mobile Phone,MOB-M1,1043,28,60,95.84,2.26,2.56,2.5,0,68.1,1,0,new,6,335,38,4.13,27,2,4.28,4.71,Yes,85.68,14.1,12000,-0.42,11950,72.4,0.0,0,low
S00201,small,Desktop Computer,PC-M2,143,20,9,90.74,4.09,7.37,7.6,0,60.5,1,0,used,6,217,5,6.25,6,2,3.42,3.65,No,96.02,18.98,45000,-46.78,23950,3.6,0.0,0,low
S00167,big,Gaming Console,CON-M5,29079,775,47,97.51,1.39,1.9,2.3,18,37.2,1,1,new,12,85,181,2.27,506,25,4.59,4.68,Yes,96.34,11.26,95000,-0.53,94500,58.1,0.0,0,low
S00040,medium,Wireless Earbuds,EAR-M3,1366,21,67,90.64,5.56,6.08,3.9,2,51.8,0,0,new,12,297,10,7.02,75,3,3.76,3.98,Yes,90.36,3.06,5500,0.36,5520,72.7,0.0,0,low
S00250,medium,Digital Camera,CAM-M1,1278,27,47,91.69,3.84,5.41,4.3,4,42.6,0,0,new,12,97,61,3.41,40,2,3.66,3.84,Yes,94.92,4.39,35000,-3.71,33700,34.6,0.0,0,low
S00543,small,Wi-Fi Router,RTR-M5,356,157,2,97.02,1.75,1.82,3.1,0,48.6,1,0,new,12,60,4,4.42,34,31,4.74,4.48,Yes,98.99,5.03,16000,-6.87,14900,15.7,0.0,0,low
S00485,medium,Wireless Earbuds,EAR-M1,998,17,51,95.88,1.73,2.53,2.1,0,53.0,1,0,new,6,55,14,4.01,29,1,4.4,4.15,Yes,94.05,6.97,1200,-0.83,1190,56.9,0.0,0,low
S00314,small,Desktop Computer,PC-M4,98,3,27,99.04,0.27,0.67,1.3,0,52.5,1,0,new,12,100,17,3.18,4,0,4.62,,Yes,96.44,8.88,95000,4.37,99150,95.7,0.0,0,low
S00082,small,Wi-Fi Router,RTR-M3,218,19,11,93.64,3.14,2.12,1.6,0,44.5,0,0,new,12,45,4,2.48,2,0,4.14,,Yes,94.06,10.28,5500,1.64,5590,71.7,0.0,0,low
S00032,small,Bluetooth Speaker,SPK-M1,45,1,49,90.02,2.93,4.29,3.9,0,54.1,1,0,new,0,42,5,6.33,5,0,3.4,,No,86.74,8.85,1500,2.0,1530,83.3,0.0,0,low
S00244,small,Laptop,LAP-M2,206,28,6,89.35,4.53,6.19,3.8,0,39.2,0,0,new,6,31,4,8.15,20,7,2.77,2.56,No,92.12,6.76,55000,-4.0,52800,28.8,0.0,0,low
S00099,small,Laptop,LAP-M4,51,1,48,93.3,0.34,2.61,0.7,0,93.5,1,0,new,12,137,3,5.68,10,1,4.4,3.87,Yes,100.0,10.53,120000,-2.83,116600,48.6,0.0,0,low
S00551,big,Power Bank,PWR-M4,23658,307,57,98.86,0.84,1.37,1.5,15,28.0,1,0,new,6,592,96,4.67,242,9,4.6,4.66,Yes,99.05,15.3,4800,12.5,5400,98.3,0.0,0,low
S00243,small,Mobile Phone,MOB-M2,35,23,4,88.9,9.96,11.83,9.6,1,19.8,0,0,new,0,8,75,9.55,31,31,5.0,3.05,Yes,33.14,74.36,22000,-42.73,12600,3.8,1.0,100,high
S00554,small,Wi-Fi Router,RTR-M4,280,21,31,96.81,2.78,3.28,3.1,0,52.0,0,0,new,0,240,8,4.7,15,3,3.85,3.82,Yes,89.84,5.25,9500,-2.74,9240,40.0,0.0,0,low
S00277,big,Power Bank,PWR-M2,44244,759,51,98.56,0.95,1.46,1.1,16,56.4,1,1,new,6,518,80,5.32,671,29,4.47,4.58,Yes,97.66,17.27,1800,-2.22,1760,58.8,0.0,0,low
S00439,medium,Bluetooth Speaker,SPK-M3,2840,102,39,95.34,2.39,3.14,1.4,2,54.0,0,0,new,12,1170,23,2.98,39,3,4.25,3.85,Yes,87.54,14.57,7000,-4.57,6680,29.1,0.0,0,low
S00236,small,Wireless Earbuds,EAR-M2,144,7,31,91.2,3.88,6.65,2.0,1,72.0,1,0,new,0,616,7,6.32,14,2,3.37,3.07,No,97.88,21.11,2500,1.6,2540,84.8,0.0,0,low
S00014,medium,Wireless Earbuds,EAR-M3,2318,65,33,94.49,2.74,3.86,4.6,0,54.0,1,0,new,12,90,27,5.84,98,5,3.85,3.61,Yes,92.3,9.37,5500,-0.91,5450,60.6,0.0,0,low
S00038,small,Desktop Computer,PC-M5,102,11,17,98.81,3.81,3.91,2.5,0,52.1,1,0,new,0,17,6,3.44,18,4,4.01,4.12,Yes,95.61,4.91,160000,-4.06,153500,21.2,0.0,0,low
S00541,medium,Bluetooth Speaker,SPK-M5,2896,57,61,87.97,7.11,8.47,7.6,13,40.5,1,0,new,6,33,32,8.44,159,7,2.75,2.85,No,80.65,5.61,30000,1.0,30300,77.4,0.0,0,low
S00434,small,Desktop Computer,PC-M2,82,44,2,86.83,3.78,6.4,5.8,1,47.9,0,0,used,12,60,2,6.54,3,3,2.96,3.0,No,94.1,15.8,45000,-19.11,36400,17.9,0.0,0,low
S00026,small,Smart TV,TV-M4,700,21,22,90.8,4.9,5.76,3.7,1,69.6,1,0,new,6,132,4,4.72,21,2,3.52,3.42,No,91.63,7.96,90000,-4.11,86300,30.6,0.0,0,low
S00277,big,Power Bank,PWR-M5,44244,759,51,98.56,0.95,1.46,1.1,16,56.4,1,1,new,12,191,139,3.47,751,37,4.94,4.73,Yes,100.0,10.68,8500,-4.94,8080,33.3,0.0,0,low
S00519,small,Laptop,LAP-M1,13,8,5,93.39,7.45,7.64,13.6,0,42.1,0,0,new,0,44,95,12.23,17,17,5.0,3.91,Yes,34.59,52.11,38000,3.95,39500,91.0,1.0,100,high
S00170,big,Smartwatch,WCH-M2,24282,382,90,96.38,1.83,2.7,2.6,14,20.6,1,1,new,12,101,102,6.22,261,10,3.97,3.97,Yes,100.0,22.17,4500,0.44,4520,71.4,0.0,0,low
S00135,small,Gaming Console,CON-M5,53,31,5,79.82,9.74,13.0,4.8,5,15.2,0,0,new,3,18,313,9.32,54,54,4.62,3.5,Yes,16.43,41.91,95000,-43.53,53650,8.1,1.0,100,high
S00179,medium,Desktop Computer,PC-M1,1484,19,48,96.66,2.09,2.85,2.2,1,60.3,1,0,new,3,214,77,6.03,31,1,4.05,3.73,Yes,94.24,12.59,30000,-3.0,29100,38.6,0.0,0,low
S00526,small,Wireless Earbuds,EAR-M5,70,4,20,91.0,3.13,4.96,4.1,0,62.3,0,0,new,12,29,11,7.92,3,1,3.87,3.59,Yes,96.56,28.74,28000,-1.07,27700,46.2,0.0,0,low
S00212,medium,Smart TV,TV-M3,901,15,62,94.07,3.42,3.81,3.1,2,49.7,1,1,new,12,127,27,3.47,39,2,3.83,3.71,Yes,97.11,11.57,55000,3.09,56700,82.1,0.0,0,low
S00430,small,Laptop,LAP-M5,153,11,17,94.88,3.39,4.24,3.9,0,33.0,0,0,new,3,254,4,6.97,4,1,3.34,3.33,No,94.45,4.01,190000,4.89,199300,91.2,0.0,0,low
S00403,small,Power Bank,PWR-M5,216,5,26,88.59,6.04,6.81,4.6,1,86.5,1,0,refurbished,12,508,3,8.38,9,1,2.63,2.7,No,93.53,4.07,8500,-18.12,6960,10.0,0.0,0,low
S00070,medium,Wi-Fi Router,RTR-M1,1345,43,33,99.17,0.95,1.58,1.0,1,31.8,1,0,new,12,128,9,3.61,37,4,4.85,4.57,Yes,92.73,11.92,1800,-3.89,1730,36.0,0.0,0,low
S00547,small,Laptop,LAP-M4,282,6,40,88.75,4.19,8.19,5.2,1,40.5,1,0,new,6,146,3,8.57,14,1,2.92,2.64,No,95.11,7.28,120000,0.92,121100,81.1,0.0,0,low
S00412,small,Wi-Fi Router,RTR-M1,184,24,15,93.51,1.89,2.5,3.4,0,52.0,0,0,new,12,38,2,6.52,7,2,3.85,3.78,Yes,92.82,16.61,1800,1.11,1820,76.0,0.0,0,low
S00493,small,Wi-Fi Router,RTR-M4,29,3,7,97.15,2.68,3.21,4.3,0,58.7,0,0,new,12,210,4,4.25,0,0,,,No,,,9500,-7.05,8830,20.0,0.0,0,low
S00036,big,Smart TV,TV-M3,10995,152,61,97.1,1.6,2.17,3.2,8,24.3,1,0,new,0,282,83,4.22,146,6,4.18,4.46,Yes,100.0,5.27,55000,-0.82,54550,53.6,0.0,0,low
S00555,small,Wireless Earbuds,EAR-M1,54,2,22,100.0,1.31,0.77,2.2,0,73.5,0,1,new,12,58,7,4.77,2,0,4.24,,Yes,99.2,24.23,1200,0.83,1210,73.8,0.0,0,low
S00392,small,Desktop Computer,PC-M1,63,5,12,92.87,5.3,2.45,3.3,1,76.5,0,0,new,3,339,13,8.6,2,0,2.93,,No,96.15,18.45,30000,4.67,31400,89.5,0.0,0,low
S00476,medium,Mobile Phone,MOB-M4,2222,76,14,97.8,0.86,1.78,2.0,0,48.3,1,0,new,12,153,24,3.07,26,2,4.19,4.01,Yes,92.34,12.98,65000,-7.54,60100,26.7,0.0,0,low
S00371,medium,Mobile Phone,MOB-M1,965,17,52,98.44,0.93,2.37,2.0,0,29.9,1,0,new,12,178,82,3.93,63,3,4.16,4.55,Yes,96.42,14.81,12000,-1.25,11850,62.1,0.0,0,low
S00511,big,Laptop,LAP-M5,15940,594,38,96.83,1.87,2.4,1.3,14,40.6,1,1,new,12,142,66,3.78,167,14,4.65,4.64,Yes,95.29,16.53,190000,-2.5,185250,52.6,0.0,0,low
S00384,small,Bluetooth Speaker,SPK-M3,73,7,20,96.24,2.63,3.57,1.7,0,45.7,0,0,new,6,274,6,5.79,2,0,4.34,,Yes,88.48,5.09,7000,2.43,7170,81.8,0.0,0,low
S00277,big,Bluetooth Speaker,SPK-M2,44244,759,51,98.56,0.95,1.46,1.1,16,56.4,1,1,new,12,92,42,2.64,599,22,4.7,4.94,Yes,97.24,30.12,3500,1.43,3550,72.5,0.0,0,low
S00430,small,Laptop,LAP-M2,153,11,17,94.88,3.39,4.24,3.9,0,33.0,0,0,new,12,197,3,4.64,10,1,3.78,3.91,Yes,94.38,15.57,55000,1.82,56000,80.8,0.0,0,low
S00378,medium,Bluetooth Speaker,SPK-M1,1033,22,63,93.23,3.63,4.56,4.7,0,35.7,1,0,new,12,1664,16,8.6,23,1,3.85,3.59,Yes,92.57,3.94,1500,-4.0,1440,33.3,0.0,0,low
S00432,small,Smart TV,TV-M4,131,32,4,92.77,3.23,3.36,3.2,0,91.2,0,0,new,0,51,6,3.24,2,1,4.1,4.33,Yes,100.0,10.39,90000,-1.72,88450,56.5,0.0,0,low
S00178,small,Mobile Phone,MOB-M5,123,2,33,98.87,0.84,2.89,3.6,0,69.7,1,0,new,3,100,3,6.17,1,0,3.87,,Yes,99.51,11.19,140000,7.68,150750,100.0,0.0,0,low
S00170,big,Wireless Earbuds,EAR-M2,24282,382,90,96.38,1.83,2.7,2.6,14,20.6,1,1,new,12,259,184,4.57,499,19,4.19,4.27,Yes,88.84,12.11,2500,-2.0,2450,63.0,0.0,0,low
S00356,small,Smart TV,TV-M1,156,6,25,97.87,0.91,0.96,0.8,0,59.3,0,0,refurbished,0,156,9,4.74,6,1,4.41,4.36,Yes,93.31,13.2,22000,-37.95,13650,10.4,0.0,0,low
S00107,small,Bluetooth Speaker,SPK-M4,142,4,28,94.21,1.43,4.02,4.0,0,68.9,1,0,new,12,221,5,5.33,9,1,4.11,4.32,Yes,96.12,14.5,14000,3.21,14450,84.3,0.0,0,low
S00074,small,Wireless Earbuds,EAR-M4,106,50,2,95.72,3.53,3.15,3.4,0,44.7,0,0,new,12,60,14,9.62,10,10,3.52,3.65,No,94.78,8.67,12000,5.83,12700,96.2,0.0,0,low
S00235,medium,Bluetooth Speaker,SPK-M5,1479,37,43,97.73,0.78,1.64,2.1,0,39.0,1,1,new,12,204,15,2.09,15,1,4.44,4.3,Yes,85.59,26.2,30000,1.67,30500,81.1,0.0,0,low
S00562,small,Gaming Console,CON-M2,123,10,14,94.08,3.98,4.83,5.6,0,59.0,1,0,new,0,70,5,5.22,11,2,3.14,3.26,No,92.0,5.05,52000,-5.19,49300,32.1,0.0,0,low
S00322,big,Smart TV,TV-M1,13542,231,65,99.08,0.88,1.45,1.7,9,43.2,1,1,new,6,509,125,3.46,213,9,4.96,4.88,Yes,91.67,20.12,22000,1.82,22400,80.5,0.0,0,low
S00401,small,Mobile Phone,MOB-M3,64,4,19,95.58,2.96,2.24,1.9,0,64.0,1,0,new,6,93,3,4.34,3,0,4.73,,Yes,91.85,9.26,38000,1.97,38750,82.0,0.0,0,low
S00213,small,Bluetooth Speaker,SPK-M4,63,2,34,94.14,3.32,3.7,5.8,0,65.5,1,0,new,6,134,3,5.73,5,0,3.74,,Yes,91.85,23.52,14000,-2.14,13700,43.1,0.0,0,low
S00116,small,Laptop,LAP-M1,59,44,5,71.15,10.37,14.89,11.2,1,20.7,0,0,new,0,45,311,12.85,5,5,4.98,4.59,Yes,63.09,74.3,38000,-57.89,16000,4.5,1.0,100,high
S00320,small,Desktop Computer,PC-M5,263,17,17,85.93,6.67,7.83,7.6,1,46.9,1,0,new,0,192,3,6.4,14,3,2.87,2.69,No,93.97,11.59,160000,1.25,162000,65.4,0.0,0,low
S00461,big,Desktop Computer,PC-M4,10254,368,30,95.17,2.62,3.53,3.0,7,43.7,0,1,new,12,212,90,3.58,99,7,4.07,4.29,Yes,93.83,19.08,95000,1.53,96450,73.9,0.0,0,low
S00344,small,Digital Camera,CAM-M4,290,42,5,83.45,6.87,9.58,4.9,2,37.3,1,0,refurbished,6,150,28,7.26,22,7,2.71,2.9,No,89.32,11.19,100000,-35.15,64850,10.0,0.0,0,low
S00003,medium,Laptop,LAP-M4,2007,22,81,93.04,3.54,4.54,4.3,3,76.3,1,0,new,3,72,29,6.76,50,3,3.6,3.67,Yes,94.27,8.7,120000,-3.17,116200,45.9,0.0,0,low
S00455,medium,Bluetooth Speaker,SPK-M4,3907,92,55,90.15,5.04,6.65,13.3,6,49.8,1,1,new,12,40,36,7.58,73,4,3.08,2.79,No,93.53,8.3,14000,-7.5,12950,11.8,0.0,0,low
S00050,small,Gaming Console,CON-M2,109,103,1,92.4,6.21,5.43,4.4,0,78.6,1,0,new,12,30,5,3.59,2,2,3.58,3.64,No,95.15,11.75,52000,-0.77,51600,49.1,0.0,0,low
S00007,small,Gaming Console,CON-M5,101,15,7,96.04,3.43,3.95,1.1,0,76.8,1,0,refurbished,12,210,4,3.95,4,2,3.54,3.82,No,85.84,10.27,95000,-48.47,48950,4.8,0.0,0,low
S00095,medium,Smartwatch,WCH-M3,3258,84,52,95.14,2.89,3.81,4.5,4,40.1,1,0,new,6,172,24,8.43,14,1,3.34,3.21,No,91.73,6.2,9000,0.67,9060,79.7,0.0,0,low
S00201,small,Bluetooth Speaker,SPK-M2,143,20,9,90.74,4.09,7.37,7.6,0,60.5,1,0,new,6,166,4,4.12,3,1,3.13,2.99,No,92.41,3.94,3500,0.29,3510,62.5,0.0,0,low
S00350,small,Laptop,LAP-M2,53,2,22,87.26,7.22,9.47,8.3,0,44.3,1,0,used,12,237,6,6.95,1,0,2.7,,No,89.6,20.31,55000,-22.36,42700,11.5,0.0,0,low
S00462,small,Laptop,LAP-M3,4,3,5,72.72,4.52,10.9,12.8,0,26.0,0,0,new,0,54,107,10.99,0,0,,,No,,,80000,-42.75,45800,6.2,1.0,100,high
S00016,small,Gaming Console,CON-M5,114,4,23,87.9,2.49,5.12,8.8,1,70.6,0,0,refurbished,6,199,8,5.15,11,1,3.27,3.24,No,93.25,16.15,95000,-17.0,78850,16.1,0.0,0,low
S00250,medium,Gaming Console,CON-M4,1278,27,47,91.69,3.84,5.41,4.3,4,42.6,0,0,new,12,295,16,6.06,13,1,3.17,3.21,No,95.09,2.64,78000,0.9,78700,77.3,0.0,0,low
S00271,big,Digital Camera,CAM-M1,8010,200,86,98.26,1.12,1.81,1.4,5,32.3,1,1,new,12,94,171,2.96,114,6,4.23,3.95,Yes,89.65,8.24,35000,2.86,36000,88.5,0.0,0,low
S00096,small,Laptop,LAP-M4,25,0,31,99.96,7.3,1.84,4.2,0,44.5,0,0,new,12,99,7,7.16,2,0,3.53,,No,87.11,4.11,120000,-0.21,119750,74.3,0.0,0,low
S00363,medium,Desktop Computer,PC-M5,1598,38,42,97.19,2.03,2.51,2.9,0,57.7,1,1,new,12,93,14,4.32,58,4,4.29,4.46,Yes,93.15,8.73,160000,1.28,162050,67.3,0.0,0,low
S00261,medium,Desktop Computer,PC-M1,6000,328,10,98.06,1.12,1.81,2.5,6,47.0,1,0,new,0,82,10,3.64,84,17,4.92,4.64,Yes,100.0,12.32,30000,-4.33,28700,26.3,0.0,0,low
S00192,small,Laptop,LAP-M1,121,5,14,98.48,0.85,1.44,0.6,0,32.3,0,0,new,0,129,13,7.98,2,0,4.67,,Yes,87.4,13.07,38000,8.16,41100,98.5,0.0,0,low
S00220,medium,Smart TV,TV-M1,2063,69,18,92.97,3.98,4.8,3.5,5,62.9,1,1,new,12,234,49,6.82,32,3,3.6,3.73,Yes,92.24,21.13,22000,5.0,23100,92.2,0.0,0,low
S00059,medium,Mobile Phone,MOB-M2,1011,28,55,93.52,3.12,3.2,2.7,1,32.3,1,0,new,12,49,34,4.8,23,2,4.22,4.0,Yes,92.9,9.46,22000,-10.0,19800,17.0,0.0,0,low
S00352,small,Wi-Fi Router,RTR-M3,87,11,7,93.77,3.9,4.05,2.3,0,37.9,0,0,new,12,120,13,4.78,4,1,3.55,3.13,No,96.05,6.8,5500,3.09,5670,80.4,0.0,0,low
S00454,small,Digital Camera,CAM-M1,49,3,7,96.28,1.39,4.17,7.5,0,44.5,0,0,new,12,210,11,3.12,4,1,3.96,3.85,Yes,86.38,2.79,35000,0.57,35200,75.0,0.0,0,low
S00446,medium,Mobile Phone,MOB-M2,2242,57,52,93.83,3.38,3.62,8.1,4,48.7,1,0,new,12,80,36,4.96,117,11,3.93,3.53,Yes,98.04,18.64,22000,-1.14,21750,66.0,0.0,0,low
S00075,big,Wireless Earbuds,EAR-M5,31838,212,94,95.92,2.22,2.98,2.8,30,24.2,1,1,new,3,478,36,5.17,212,4,3.82,3.61,Yes,91.31,26.67,28000,-4.46,26750,19.2,0.0,0,low
S00463,small,Wireless Earbuds,EAR-M5,178,6,25,95.58,1.86,3.06,3.6,0,58.9,1,0,new,6,25,3,6.65,11,1,3.82,3.67,Yes,89.57,8.01,28000,1.43,28400,69.2,0.0,0,low
S00310,small,Desktop Computer,PC-M4,28,8,5,76.74,8.93,10.74,8.9,0,34.7,1,0,new,6,76,3,9.13,5,4,2.29,2.11,No,89.87,5.56,95000,0.0,95000,67.4,0.0,0,low
S00513,small,Bluetooth Speaker,SPK-M2,159,7,21,88.78,3.59,7.95,6.1,0,58.7,0,0,new,0,260,12,5.21,11,2,3.44,3.11,No,89.17,7.67,3500,-0.29,3490,57.5,0.0,0,low
S00176,small,Mobile Phone,MOB-M3,47,29,1,89.02,4.74,6.85,8.7,0,61.4,0,0,used,6,30,19,6.55,2,2,3.45,3.38,No,85.27,18.9,38000,-24.74,28600,13.1,0.0,0,low
S00030,small,Laptop,LAP-M2,47,45,1,78.52,9.19,9.36,5.4,0,34.9,0,0,refurbished,3,7,187,7.92,28,28,4.48,2.68,Yes,42.07,30.03,55000,-57.36,23450,3.8,1.0,100,high
S00179,medium,Smartwatch,WCH-M3,1484,19,48,96.66,2.09,2.85,2.2,1,60.3,1,0,new,3,482,82,8.41,26,1,3.75,4.16,Yes,93.77,9.64,9000,-4.22,8620,25.4,0.0,0,low
S00414,small,Power Bank,PWR-M3,36,3,13,95.37,4.87,5.73,5.6,0,45.6,0,0,new,12,24,12,5.36,1,0,3.05,,No,90.2,17.63,3000,-4.0,2880,28.6,0.0,0,low
S00337,small,Smartwatch,WCH-M3,35,0,58,92.21,1.84,3.95,0.8,0,44.1,1,0,new,12,13,6,7.42,0,0,,,No,,,9000,-4.56,8590,23.7,0.0,0,low
S00079,small,Wireless Earbuds,EAR-M3,119,5,29,91.64,5.62,6.69,4.4,0,44.8,1,0,new,12,119,9,10.17,1,0,2.93,,No,89.7,6.52,5500,-1.09,5440,57.6,0.0,0,low
S00145,big,Desktop Computer,PC-M4,22641,132,155,95.79,2.28,2.99,3.2,23,41.7,1,0,new,6,123,215,4.56,393,4,3.97,3.94,Yes,87.6,28.58,95000,4.0,98800,93.5,0.0,0,low
S00276,medium,Laptop,LAP-M1,1137,23,43,94.69,2.83,3.51,6.7,3,39.8,1,1,new,12,190,25,6.92,35,2,3.63,3.6,Yes,93.75,27.08,38000,-3.29,36750,49.3,0.0,0,low
S00002,small,Desktop Computer,PC-M1,193,5,24,93.16,2.14,4.64,6.2,1,66.5,0,0,new,6,383,11,6.55,24,1,4.01,4.33,Yes,95.92,19.76,30000,4.83,31450,91.2,0.0,0,low
S00210,big,Bluetooth Speaker,SPK-M4,13189,193,98,95.84,2.16,2.87,2.0,13,32.6,1,0,new,3,61,121,5.04,231,9,4.04,4.08,Yes,98.77,8.22,14000,-2.5,13650,37.3,0.0,0,low
S00502,small,Wi-Fi Router,RTR-M2,99,8,8,97.61,2.9,1.57,3.8,0,52.8,1,0,new,3,80,2,3.49,4,1,4.29,4.25,Yes,97.71,9.44,3200,-8.44,2930,13.0,0.0,0,low
S00511,big,Laptop,LAP-M4,15940,594,38,96.83,1.87,2.4,1.3,14,40.6,1,1,new,12,337,66,4.1,195,11,4.16,4.17,Yes,93.81,32.39,120000,-5.87,112950,29.7,0.0,0,low
S00184,small,Smart TV,TV-M4,102,5,22,87.4,3.75,4.88,4.8,0,58.6,0,0,new,12,95,15,4.1,6,1,3.58,3.15,No,91.2,4.12,90000,4.06,93650,88.7,0.0,0,low
S00505,medium,Desktop Computer,PC-M2,2401,45,33,98.15,1.56,1.8,1.6,3,21.4,1,0,new,6,79,25,3.49,51,2,4.2,3.92,Yes,98.54,8.7,45000,6.78,48050,98.2,0.0,0,low
S00021,small,Smart TV,TV-M4,229,25,11,98.14,2.34,2.13,1.3,0,36.6,1,0,new,12,29,5,2.15,15,3,4.27,4.41,Yes,95.58,15.05,90000,0.44,90400,71.0,0.0,0,low
S00289,small,Wireless Earbuds,EAR-M4,98,5,15,98.2,3.26,4.07,3.9,0,51.8,1,0,new,0,38,3,6.98,0,0,,,No,,,12000,-3.33,11600,32.7,0.0,0,low
S00508,small,Gaming Console,CON-M4,25,18,4,91.02,8.04,12.84,4.8,0,30.3,0,0,new,0,3,160,9.81,3,3,5.0,4.1,Yes,35.34,60.62,78000,-22.5,60450,12.1,1.0,100,high
S00497,small,Wireless Earbuds,EAR-M1,68,41,2,100.0,2.94,0.89,2.5,0,43.0,0,0,new,12,60,2,5.39,1,1,4.25,3.89,Yes,91.39,8.69,1200,-3.33,1160,36.9,0.0,0,low
S00511,big,Desktop Computer,PC-M3,15940,594,38,96.83,1.87,2.4,1.3,14,40.6,1,1,new,6,171,71,3.92,388,28,4.19,4.25,Yes,99.38,15.51,65000,-4.69,61950,18.8,0.0,0,low
S00373,small,Smartwatch,WCH-M4,49,1,23,100.0,4.28,4.74,3.6,0,21.8,0,0,new,12,234,7,8.87,2,0,3.22,,No,89.9,24.93,22000,1.36,22300,83.6,0.0,0,low
S00203,medium,Power Bank,PWR-M2,1800,74,56,98.72,0.88,1.36,1.6,2,31.7,1,1,new,6,164,26,5.49,32,3,4.83,5.0,Yes,94.51,13.5,1800,-3.89,1730,43.1,0.0,0,low
S00075,big,Wi-Fi Router,RTR-M1,31838,212,94,95.92,2.22,2.98,2.8,30,24.2,1,1,new,12,487,97,4.36,378,8,4.36,4.32,Yes,97.94,16.18,1800,-2.22,1760,54.0,0.0,0,low
S00036,big,Smart TV,TV-M2,10995,152,61,97.1,1.6,2.17,3.2,8,24.3,1,0,new,3,72,108,4.51,87,4,4.54,4.47,Yes,88.64,7.46,35000,-0.71,34750,66.1,0.0,0,low
S00280,small,Laptop,LAP-M3,59,36,2,84.6,3.98,5.62,3.2,0,6.2,0,0,new,0,53,182,8.61,58,58,4.56,3.59,Yes,37.58,77.24,80000,-16.81,66550,21.9,1.0,100,high
S00179,medium,Gaming Console,CON-M1,1484,19,48,96.66,2.09,2.85,2.2,1,60.3,1,0,new,12,65,26,2.56,55,2,4.53,4.37,Yes,85.8,7.98,38000,1.58,38600,78.4,0.0,0,low
S00560,small,Mobile Phone,MOB-M2,22,14,2,90.4,9.09,9.52,8.5,1,13.3,0,0,new,0,40,5,9.24,50,50,4.83,4.05,Yes,38.65,70.08,22000,-27.05,16050,9.4,1.0,100,high
S00186,small,Desktop Computer,PC-M5,98,6,19,92.61,6.5,5.37,8.5,1,36.4,0,0,new,6,43,9,7.02,3,0,3.18,,No,91.07,4.42,160000,-0.75,158800,50.0,0.0,0,low
S00537,medium,Wi-Fi Router,RTR-M4,1212,23,37,94.24,2.81,3.07,4.5,1,58.6,0,0,new,12,150,51,5.02,35,2,4.17,4.27,Yes,89.99,27.42,9500,-3.16,9200,35.0,0.0,0,low
S00501,small,Laptop,LAP-M5,92,7,14,100.0,0.12,2.0,2.2,0,39.6,1,0,new,0,32,5,2.12,1,0,4.75,,Yes,88.51,11.4,190000,-3.16,184000,47.4,0.0,0,low
S00331,small,Mobile Phone,MOB-M3,220,42,8,96.29,1.53,1.95,1.6,1,36.5,1,0,new,3,191,6,2.73,14,7,4.77,4.49,Yes,95.64,30.99,38000,-8.03,34950,24.6,0.0,0,low
S00266,small,Smart TV,TV-M1,75,6,12,95.95,1.61,2.62,2.5,0,47.6,1,0,new,12,87,4,3.6,8,2,4.27,4.2,Yes,97.64,19.01,22000,-4.32,21050,33.8,0.0,0,low
S00490,small,Laptop,LAP-M2,34,5,4,96.46,0.1,2.64,0.9,0,61.8,0,0,new,12,76,6,3.86,3,1,4.84,4.79,Yes,93.91,20.75,55000,-3.64,53000,34.6,0.0,0,low
S00172,medium,Digital Camera,CAM-M4,1924,43,50,95.64,2.2,3.03,3.8,0,57.7,1,1,new,12,198,38,2.93,17,1,4.28,4.33,Yes,90.36,12.26,100000,-1.2,98800,52.0,0.0,0,low
S00453,small,Digital Camera,CAM-M3,260,28,8,91.81,3.89,4.49,4.9,1,68.5,0,0,new,12,240,3,6.79,25,8,3.29,3.57,No,88.75,3.59,80000,-0.25,79800,66.7,0.0,0,low
S00483,big,Smartwatch,WCH-M1,6835,176,51,98.04,1.38,2.08,1.6,4,36.3,1,1,new,12,349,211,3.39,95,6,4.62,4.51,Yes,93.86,9.15,2000,-6.5,1870,23.3,0.0,0,low
S00443,small,Digital Camera,CAM-M1,273,7,23,97.4,2.68,3.51,2.6,0,46.9,0,0,refurbished,6,445,18,2.58,7,0,4.49,,Yes,92.5,11.03,35000,-19.86,28050,9.6,0.0,0,low
S00518,small,Wi-Fi Router,RTR-M5,26,1,18,97.37,0.92,4.31,2.0,0,40.9,0,0,new,12,122,5,3.87,1,0,4.28,,Yes,91.54,6.06,16000,-0.94,15850,58.8,0.0,0,low
S00516,big,Smartwatch,WCH-M5,25726,176,105,97.86,1.3,1.76,0.8,8,22.0,1,0,new,6,94,307,3.77,429,5,4.91,4.65,Yes,100.0,3.22,45000,-3.44,43450,38.9,0.0,0,low
S00186,small,Power Bank,PWR-M1,98,6,19,92.61,6.5,5.37,8.5,1,36.4,0,0,new,0,570,17,7.7,3,1,3.4,3.65,No,94.23,11.38,1100,2.73,1130,82.0,0.0,0,low
S00259,small,Laptop,LAP-M2,194,37,7,94.07,2.25,4.77,3.2,0,46.2,0,0,new,0,46,10,5.51,7,3,3.79,4.06,Yes,98.16,20.34,55000,-0.64,54650,63.5,0.0,0,low
S00083,medium,Laptop,LAP-M4,1031,27,38,92.89,3.39,4.94,2.9,1,54.2,1,0,refurbished,3,219,22,6.94,57,3,3.17,3.24,No,95.56,8.3,120000,-31.0,82800,14.9,0.0,0,low
S00441,medium,Gaming Console,CON-M4,1153,36,47,100.0,0.54,1.6,1.3,0,25.0,1,0,new,12,200,23,3.94,57,4,4.43,4.35,Yes,93.71,22.68,78000,-1.92,76500,45.5,0.0,0,low
S00241,small,Digital Camera,CAM-M3,196,133,6,93.2,3.0,4.19,2.2,2,23.3,1,0,new,0,45,322,3.75,29,29,4.66,3.52,Yes,66.36,85.81,80000,-19.75,64200,11.8,1.0,100,high
S00087,medium,Smartwatch,WCH-M3,1043,28,60,95.84,2.26,2.56,2.5,0,68.1,1,0,new,6,42,19,7.29,22,2,4.22,4.68,Yes,92.92,16.82,9000,-0.44,8960,61.0,0.0,0,low
S00042,small,Smart TV,TV-M2,46,36,3,77.65,8.91,11.08,6.9,4,28.9,0,0,new,3,39,336,11.07,2,2,4.74,3.68,Yes,50.36,59.63,35000,-36.29,22300,10.2,1.0,100,high
S00440,big,Desktop Computer,PC-M2,27243,487,52,97.08,1.47,2.27,1.9,18,31.0,1,1,new,3,25,241,2.94,401,22,4.03,4.04,Yes,97.12,12.36,45000,-2.22,44000,48.2,0.0,0,low
S00105,big,Mobile Phone,MOB-M1,16216,133,100,89.08,5.86,7.29,9.8,58,47.8,1,1,new,6,26,117,7.75,463,11,2.96,3.02,No,90.85,2.43,12000,1.25,12150,81.0,0.0,0,low
S00056,medium,Bluetooth Speaker,SPK-M1,1104,29,40,96.31,1.15,2.1,1.2,0,62.9,1,1,new,12,94,17,4.62,9,1,4.74,4.62,Yes,99.4,7.8,1500,-1.33,1480,64.3,0.0,0,low
S00418,small,Gaming Console,CON-M1,52,7,10,84.61,6.64,7.77,7.1,0,49.0,1,0,new,0,178,5,6.72,2,1,2.36,2.17,No,87.41,38.07,38000,3.82,39450,92.2,0.0,0,low
S00378,medium,Mobile Phone,MOB-M1,1033,22,63,93.23,3.63,4.56,4.7,0,35.7,1,0,new,6,476,15,4.09,31,2,4.02,3.91,Yes,94.04,24.85,12000,3.75,12450,94.8,0.0,0,low
S00169,medium,Laptop,LAP-M4,1148,28,28,96.6,1.89,2.09,2.8,0,45.7,1,0,new,12,227,18,7.12,67,3,3.77,3.54,Yes,90.55,18.77,120000,5.04,126050,98.6,0.0,0,low
S00437,small,Digital Camera,CAM-M2,8,7,3,84.54,0.69,14.56,4.7,0,28.4,0,0,new,0,23,3,10.35,1,1,4.57,3.92,Yes,63.06,72.19,55000,-2.36,53700,43.3,1.0,100,high
S00177,small,Smartwatch,WCH-M2,138,6,18,99.6,3.39,3.56,3.5,0,38.9,1,0,new,0,176,6,7.0,10,1,3.63,3.72,Yes,89.49,19.18,4500,1.11,4550,75.5,0.0,0,low
S00095,medium,Bluetooth Speaker,SPK-M2,3258,84,52,95.14,2.89,3.81,4.5,4,40.1,1,0,new,3,167,26,5.32,64,4,4.32,4.6,Yes,92.96,9.73,3500,-2.86,3400,42.5,0.0,0,low
S00497,small,Wireless Earbuds,EAR-M3,68,41,2,100.0,2.94,0.89,2.5,0,43.0,0,0,new,6,60,3,4.9,5,5,4.5,4.88,Yes,92.22,10.11,5500,-0.18,5490,68.2,0.0,0,low
S00078,medium,Laptop,LAP-M1,3467,63,83,95.06,2.65,3.55,1.8,0,52.9,1,0,new,0,15,26,7.69,89,4,4.1,4.12,Yes,91.4,9.21,38000,-3.29,36750,49.3,0.0,0,low
S00065,medium,Digital Camera,CAM-M1,2352,46,26,98.06,1.29,1.77,1.5,0,61.2,1,0,new,3,69,19,1.58,51,3,5.0,4.97,Yes,100.0,7.38,35000,5.43,36900,92.3,0.0,0,low
S00279,small,Laptop,LAP-M2,700,48,12,93.76,3.63,5.07,3.4,0,37.1,1,0,new,12,182,5,5.85,44,7,3.75,3.46,Yes,84.66,9.1,55000,0.55,55300,75.0,0.0,0,low
S00148,big,Wireless Earbuds,EAR-M3,12646,155,102,96.7,1.86,2.51,2.2,9,18.7,1,0,new,0,63,103,4.5,171,5,4.35,4.59,Yes,91.91,7.32,5500,-2.73,5350,39.4,0.0,0,low
S00328,medium,Wireless Earbuds,EAR-M1,1453,22,64,93.17,3.22,3.85,3.0,2,60.9,1,0,new,0,26,16,5.5,69,2,4.1,4.18,Yes,89.01,7.41,1200,-7.5,1110,13.8,0.0,0,low
S00539,medium,Desktop Computer,PC-M4,617,24,36,96.41,1.78,1.82,1.2,1,43.7,1,0,new,12,88,18,5.66,34,4,4.0,4.2,Yes,96.02,6.64,95000,5.42,100150,100.0,0.0,0,low
S00137,small,Mobile Phone,MOB-M5,404,17,15,89.19,5.48,6.38,6.8,0,40.6,1,0,new,12,244,6,9.27,70,9,2.7,2.36,No,100.0,12.29,140000,-3.25,135450,48.0,0.0,0,low
S00224,medium,Wireless Earbuds,EAR-M1,1678,86,29,97.47,1.85,2.11,1.5,2,28.4,1,0,new,12,100,21,7.85,85,13,3.47,3.55,No,97.55,12.64,1200,-5.83,1130,20.0,0.0,0,low
S00532,small,Desktop Computer,PC-M2,195,10,11,88.49,6.3,8.18,4.1,0,50.5,0,0,new,12,330,4,6.0,3,0,2.97,,No,92.38,3.56,45000,-4.78,42850,30.4,0.0,0,low
S00356,small,Smart TV,TV-M5,156,6,25,97.87,0.91,0.96,0.8,0,59.3,0,0,new,6,105,16,4.75,12,1,4.88,4.75,Yes,90.76,14.76,180000,-4.64,171650,26.8,0.0,0,low
S00498,medium,Desktop Computer,PC-M4,877,13,51,95.34,1.3,2.48,1.9,0,25.0,1,0,new,12,199,72,2.37,13,0,4.55,,Yes,97.42,10.21,95000,2.47,97350,82.6,0.0,0,low
S00175,small,Laptop,LAP-M3,200,27,8,93.3,3.41,5.45,4.1,0,63.5,1,0,new,12,147,8,8.43,8,2,3.83,3.63,Yes,93.43,21.29,80000,3.12,82500,79.7,0.0,0,low
S00337,small,Bluetooth Speaker,SPK-M4,35,0,58,92.21,1.84,3.95,0.8,0,44.1,1,0,new,3,168,5,5.34,1,0,4.12,,Yes,98.86,17.69,14000,-3.21,13550,29.4,0.0,0,low
S00529,small,Smartwatch,WCH-M1,127,38,3,96.94,2.43,3.69,3.0,0,50.1,1,0,new,12,90,6,4.9,3,2,4.23,3.95,Yes,97.9,9.79,2000,-1.0,1980,69.8,0.0,0,low
S00546,small,Smart TV,TV-M4,49,40,3,75.95,10.99,13.99,9.7,3,28.3,1,0,new,6,56,202,8.95,67,67,4.69,3.76,Yes,74.18,58.44,90000,-49.5,45450,6.5,1.0,100,high
S00007,small,Gaming Console,CON-M2,101,15,7,96.04,3.43,3.95,1.1,0,76.8,1,0,new,0,65,5,3.44,6,2,3.93,3.84,Yes,94.05,10.8,52000,-4.52,49650,34.0,0.0,0,low
S00113,big,Smart TV,TV-M4,11440,310,57,97.48,1.52,2.11,1.9,6,25.3,1,1,new,6,66,40,3.25,73,5,4.48,4.46,Yes,85.71,11.91,90000,-10.0,81000,17.7,0.0,0,low
S00533,small,Desktop Computer,PC-M2,153,12,14,100.0,1.99,1.26,1.5,0,67.0,0,0,refurbished,6,420,3,2.96,23,4,4.42,4.3,Yes,99.86,12.98,45000,-21.67,35250,16.1,0.0,0,low
S00104,small,Wireless Earbuds,EAR-M3,79,4,13,97.77,4.19,3.23,2.2,0,37.5,0,0,new,12,390,4,5.69,6,1,4.05,4.04,Yes,99.35,2.25,5500,-1.82,5400,51.5,0.0,0,low
S00497,small,Wi-Fi Router,RTR-M3,68,41,2,100.0,2.94,0.89,2.5,0,43.0,0,0,new,6,60,4,3.11,2,2,4.18,3.98,Yes,90.38,1.88,5500,-2.0,5390,54.3,0.0,0,low
S00163,small,Mobile Phone,MOB-M5,185,42,6,95.89,3.33,3.99,4.0,0,62.8,0,0,new,12,180,6,6.04,32,15,3.88,3.91,Yes,96.64,47.26,140000,2.82,143950,90.0,0.0,0,low
S00246,small,Gaming Console,CON-M2,700,42,21,92.64,4.38,5.22,4.1,2,61.7,0,0,new,0,183,3,4.05,26,3,3.76,3.97,Yes,96.74,7.47,52000,1.25,52650,71.7,0.0,0,low
S00036,big,Power Bank,PWR-M5,10995,152,61,97.1,1.6,2.17,3.2,8,24.3,1,0,new,12,167,128,5.37,156,7,4.13,4.2,Yes,92.78,1.73,8500,-3.41,8210,43.3,0.0,0,low
S00317,medium,Desktop Computer,PC-M2,4634,155,35,90.0,5.33,6.59,6.9,12,43.4,1,0,new,12,248,25,7.01,74,9,3.11,3.0,No,92.23,4.54,45000,2.11,45950,78.6,0.0,0,low
S00440,big,Power Bank,PWR-M1,27243,487,52,97.08,1.47,2.27,1.9,18,31.0,1,1,new,12,172,177,5.14,150,9,4.96,5.0,Yes,92.94,7.49,1100,-4.55,1050,30.0,0.0,0,low
S00095,medium,Power Bank,PWR-M2,3258,84,52,95.14,2.89,3.81,4.5,4,40.1,1,0,new,12,716,12,7.42,85,4,4.11,4.12,Yes,86.73,21.61,1800,-1.11,1780,70.6,0.0,0,low
S00028,big,Wireless Earbuds,EAR-M2,10246,214,30,98.28,1.01,1.67,1.1,13,37.1,1,0,new,12,148,54,3.17,211,11,4.46,4.22,Yes,94.47,17.44,2500,-3.2,2420,50.0,0.0,0,low
S00158,medium,Power Bank,PWR-M4,858,88,10,99.17,1.31,1.51,1.6,0,56.1,1,0,new,6,300,64,2.86,37,8,4.47,4.31,Yes,98.67,19.18,4800,0.0,4800,60.0,0.0,0,low
S00051,medium,Smartwatch,WCH-M3,2738,59,34,96.71,1.48,2.21,1.7,2,55.8,1,0,new,12,26,44,5.25,120,6,4.47,4.35,Yes,91.55,2.36,9000,-0.22,8980,64.4,0.0,0,low
S00288,medium,Wireless Earbuds,EAR-M4,1416,42,35,94.23,2.64,3.89,1.4,2,43.0,1,0,new,12,673,26,7.37,30,2,3.52,3.29,No,91.53,9.19,12000,-2.92,11650,36.5,0.0,0,low
S00472,small,Gaming Console,CON-M3,52,10,10,90.58,3.55,5.98,3.3,0,53.8,0,0,new,12,300,11,5.01,1,1,3.43,3.67,No,95.9,15.46,62000,1.05,62650,74.0,0.0,0,low
S00354,small,Desktop Computer,PC-M2,97,3,16,95.88,1.04,2.11,1.8,0,32.1,0,0,new,12,24,3,2.25,5,0,4.74,,Yes,94.04,1.21,45000,1.78,45800,75.0,0.0,0,low
S00563,small,Gaming Console,CON-M3,57,5,22,96.1,1.52,5.16,10.1,0,66.4,1,0,new,0,28,28,7.02,2,0,3.52,,No,91.82,15.25,62000,-8.15,56950,28.0,0.0,0,low
S00402,small,Digital Camera,CAM-M1,62,1,22,82.99,6.62,7.83,4.5,0,81.2,0,0,new,12,102,5,6.01,1,0,2.75,,No,84.71,7.1,35000,-2.29,34200,50.0,0.0,0,low
S00285,small,Smart TV,TV-M4,135,5,45,100.0,1.2,2.37,1.1,0,48.0,0,0,new,0,121,5,1.48,2,0,4.73,,Yes,96.03,7.4,90000,1.33,91200,75.8,0.0,0,low
S00130,medium,Smart TV,TV-M1,721,36,32,95.95,2.71,3.21,3.9,0,43.7,1,1,new,12,107,43,4.51,15,2,3.65,3.91,Yes,95.46,13.3,22000,-0.68,21850,58.4,0.0,0,low
S00066,small,Laptop,LAP-M4,296,27,10,93.4,1.96,4.08,2.5,0,43.8,1,0,new,6,114,8,7.42,26,7,3.79,3.89,Yes,94.82,14.04,120000,-1.54,118150,63.5,0.0,0,low
S00383,small,Wi-Fi Router,RTR-M2,185,9,13,96.34,1.29,2.17,2.3,0,63.1,0,0,new,12,381,6,4.44,6,1,4.5,4.17,Yes,97.13,25.92,3200,-1.88,3140,61.1,0.0,0,low
S00057,small,Smart TV,TV-M1,289,74,4,99.13,2.09,2.53,2.0,0,47.1,0,0,new,0,120,4,3.99,60,35,4.48,4.62,Yes,99.71,2.75,22000,0.0,22000,66.2,0.0,0,low
S00198,small,Wi-Fi Router,RTR-M5,251,18,21,100.0,1.22,1.24,1.8,1,69.0,0,0,new,12,630,4,1.52,24,4,4.39,4.12,Yes,100.0,14.56,16000,8.75,17400,100.0,0.0,0,low
S00506,small,Wi-Fi Router,RTR-M3,23,1,13,94.32,5.04,5.77,8.7,0,46.2,1,0,new,12,109,7,8.44,2,0,3.14,,No,99.42,18.03,5500,10.0,6050,100.0,0.0,0,low
S00133,medium,Laptop,LAP-M1,1754,40,59,96.83,1.51,2.6,2.3,0,44.1,1,0,refurbished,12,68,8,6.25,24,2,3.89,3.68,Yes,93.44,13.16,38000,-46.84,20200,10.4,0.0,0,low
S00098,small,Smartwatch,WCH-M5,92,2,32,94.06,7.28,8.21,8.7,1,73.3,1,0,new,0,160,9,8.32,15,1,3.1,3.08,No,86.79,10.44,45000,4.78,47150,88.9,0.0,0,low
S00121,medium,Wireless Earbuds,EAR-M3,1856,18,63,98.5,0.85,1.5,2.2,0,44.9,1,0,new,0,131,18,4.23,105,2,4.81,5.0,Yes,92.53,5.99,5500,6.36,5850,97.0,0.0,0,low
S00398,small,Mobile Phone,MOB-M3,21,13,4,74.79,14.57,13.92,10.0,1,13.2,0,0,new,0,51,72,12.55,31,31,5.0,3.85,Yes,17.3,80.57,38000,-15.26,32200,19.7,1.0,100,high
S00008,small,Bluetooth Speaker,SPK-M2,350,29,10,97.83,1.17,2.68,2.3,0,39.1,1,1,new,12,156,8,5.7,22,5,4.08,3.85,Yes,98.19,9.33,3500,4.86,3670,87.5,0.0,0,low
S00234,medium,Bluetooth Speaker,SPK-M1,5840,118,46,96.37,1.97,2.84,2.2,4,65.6,1,0,refurbished,3,270,16,5.2,170,9,3.6,3.39,Yes,95.16,4.55,1500,-52.0,720,2.4,0.0,0,low
S00483,big,Gaming Console,CON-M4,6835,176,51,98.04,1.38,2.08,1.6,4,36.3,1,1,new,3,189,68,5.3,131,12,3.98,3.9,Yes,92.79,23.74,78000,-0.19,77850,65.2,0.0,0,low
S00194,small,Mobile Phone,MOB-M3,106,7,19,91.8,2.63,3.35,5.6,0,67.5,0,0,refurbished,6,537,17,4.57,3,1,3.3,2.83,No,95.59,17.91,38000,-19.61,30550,18.0,0.0,0,low
S00330,small,Wireless Earbuds,EAR-M3,48,9,9,92.7,3.89,2.87,5.2,0,67.1,1,0,new,12,80,11,6.99,0,0,,,No,,,5500,6.18,5840,95.5,0.0,0,low
S00378,medium,Mobile Phone,MOB-M5,1033,22,63,93.23,3.63,4.56,4.7,0,35.7,1,0,new,12,69,37,5.24,20,1,3.64,4.02,Yes,83.93,13.21,140000,1.04,141450,82.0,0.0,0,low
S00223,small,Wireless Earbuds,EAR-M5,224,14,10,95.79,2.69,2.75,2.3,0,75.4,1,1,new,12,143,3,7.29,40,8,4.23,3.96,Yes,98.17,19.39,28000,36.25,38150,100.0,0.0,0,low
S00435,small,Smart TV,TV-M1,179,14,8,96.91,0.76,1.31,2.0,0,51.3,1,0,new,6,34,5,5.74,7,2,4.09,4.43,Yes,98.56,2.95,22000,9.09,24000,97.4,0.0,0,low
S00224,medium,Wi-Fi Router,RTR-M4,1678,86,29,97.47,1.85,2.11,1.5,2,28.4,1,0,new,3,41,24,2.16,90,10,4.4,4.28,Yes,96.34,5.08,9500,-7.05,8830,20.0,0.0,0,low
S00129,big,Mobile Phone,MOB-M3,16423,119,103,96.97,1.8,2.49,2.3,8,15.2,1,0,new,12,74,73,3.22,96,1,4.17,4.01,Yes,95.19,4.95,38000,-5.0,36100,34.4,0.0,0,low
S00228,small,Wireless Earbuds,EAR-M2,86,7,9,93.23,0.1,2.86,4.6,0,72.2,0,0,refurbished,6,270,3,1.69,4,1,4.81,4.78,Yes,95.92,6.09,2500,-40.4,1490,6.5,0.0,0,low
S00435,small,Smart TV,TV-M5,179,14,8,96.91,0.76,1.31,2.0,0,51.3,1,0,new,6,29,11,6.02,12,3,4.18,3.89,Yes,98.42,14.46,180000,-1.75,176850,42.9,0.0,0,low
S00209,medium,Smartwatch,WCH-M1,2043,282,12,97.52,1.2,1.7,3.2,1,31.3,1,0,new,0,74,10,4.7,45,15,4.46,4.35,Yes,94.15,13.65,2000,1.5,2030,81.4,0.0,0,low
S00022,small,Smart TV,TV-M1,123,6,28,95.83,2.18,3.26,2.2,1,51.5,1,0,new,6,736,4,3.69,4,1,4.14,3.75,Yes,94.13,5.2,22000,-5.0,20900,31.2,0.0,0,low
S00389,small,Smart TV,TV-M4,33,1,24,91.01,5.47,5.62,4.0,1,63.1,1,0,new,12,30,3,5.76,3,0,3.36,,No,90.81,8.75,90000,-0.83,89250,62.9,0.0,0,low
S00437,small,Mobile Phone,MOB-M3,8,7,3,84.54,0.69,14.56,4.7,0,28.4,0,0,new,0,23,331,9.59,0,0,,,No,,,38000,-29.47,26800,11.5,1.0,100,high
S00083,medium,Smartwatch,WCH-M3,1031,27,38,92.89,3.39,4.94,2.9,1,54.2,1,0,new,12,197,16,7.1,88,5,3.98,3.81,Yes,89.74,14.57,9000,1.44,9130,91.5,0.0,0,low
S00146,small,Wireless Earbuds,EAR-M2,100,9,10,100.0,1.64,1.35,1.0,0,55.3,1,0,refurbished,0,240,6,3.63,3,1,4.5,4.7,Yes,96.39,12.39,2500,-47.2,1320,4.3,0.0,0,low
S00091,medium,Power Bank,PWR-M5,3775,80,51,91.09,4.28,5.81,6.2,8,44.7,1,0,new,12,121,16,7.15,296,29,3.24,2.94,No,90.15,19.28,8500,5.65,8980,93.3,0.0,0,low
S00500,small,Wi-Fi Router,RTR-M2,414,16,31,94.2,3.24,4.38,5.2,2,39.2,0,1,new,12,70,5,7.32,20,2,3.53,3.2,No,94.46,11.91,3200,0.0,3200,77.8,0.0,0,low
S00385,medium,Smartwatch,WCH-M5,933,8,50,97.27,1.29,1.35,2.9,2,25.1,1,0,new,0,154,24,3.63,22,0,4.95,,Yes,91.71,9.36,45000,-3.44,43450,38.9,0.0,0,low
S00125,small,Smart TV,TV-M2,91,10,11,94.59,2.96,3.53,3.4,0,42.9,0,0,new,6,145,8,5.31,5,2,3.97,4.16,Yes,99.51,14.47,35000,6.71,37350,98.3,0.0,0,low
S00061,small,Bluetooth Speaker,SPK-M5,46,2,14,95.74,6.26,5.55,3.3,0,95.0,0,0,new,12,38,12,6.9,2,0,3.12,,No,88.41,9.23,30000,-3.33,29000,30.2,0.0,0,low
S00551,big,Bluetooth Speaker,SPK-M4,23658,307,57,98.86,0.84,1.37,1.5,15,28.0,1,0,new,0,229,101,4.59,401,20,4.5,4.43,Yes,95.0,29.13,14000,-0.36,13950,52.9,0.0,0,low
S00363,medium,Gaming Console,CON-M4,1598,38,42,97.19,2.03,2.51,2.9,0,57.7,1,1,new,12,253,21,2.12,42,2,4.53,4.69,Yes,97.75,13.18,78000,-0.45,77650,62.1,0.0,0,low
S00123,small,Smart TV,TV-M4,98,21,4,95.67,2.26,0.07,1.2,0,58.9,0,0,refurbished,12,80,4,4.07,4,3,4.41,3.95,Yes,97.85,21.01,90000,-42.28,51950,8.1,0.0,0,low
S00344,small,Digital Camera,CAM-M2,290,42,5,83.45,6.87,9.58,4.9,2,37.3,1,0,new,3,60,4,10.29,7,2,2.72,3.17,No,93.19,1.94,55000,5.36,57950,93.3,0.0,0,low
S00516,big,Digital Camera,CAM-M2,25726,176,105,97.86,1.3,1.76,0.8,8,22.0,1,0,new,3,228,36,2.84,162,3,4.82,4.68,Yes,96.51,14.93,55000,-9.64,49700,18.3,0.0,0,low
S00129,big,Wi-Fi Router,RTR-M1,16423,119,103,96.97,1.8,2.49,2.3,8,15.2,1,0,new,3,1380,198,2.29,90,1,4.42,4.23,Yes,90.73,10.91,1800,-7.78,1660,10.0,0.0,0,low
S00316,small,Bluetooth Speaker,SPK-M3,128,22,8,97.21,0.33,0.38,0.6,0,73.0,1,0,refurbished,3,98,6,3.9,10,3,4.51,4.6,Yes,100.0,15.25,7000,-18.57,5700,10.9,0.0,0,low
S00415,big,Laptop,LAP-M5,15112,167,80,96.28,1.98,2.82,6.1,13,30.5,1,1,new,12,225,58,4.61,147,4,4.21,4.16,Yes,91.91,25.22,190000,-3.11,184100,49.1,0.0,0,low
S00036,big,Power Bank,PWR-M4,10995,152,61,97.1,1.6,2.17,3.2,8,24.3,1,0,new,3,105,92,3.86,52,2,4.51,4.69,Yes,96.57,4.97,4800,3.54,4970,81.7,0.0,0,low
S00243,small,Laptop,LAP-M3,35,23,4,88.9,9.96,11.83,9.6,1,19.8,0,0,refurbished,12,50,1,12.26,66,66,4.8,4.06,Yes,35.76,55.85,80000,-37.81,49750,7.8,1.0,100,high
S00241,small,Digital Camera,CAM-M2,196,133,6,93.2,3.0,4.19,2.2,2,23.3,1,0,new,3,27,132,5.07,13,13,4.92,4.71,Yes,66.89,47.24,55000,6.45,58550,98.3,1.0,100,high
S00303,small,Wi-Fi Router,RTR-M5,151,10,14,96.86,2.35,3.18,1.7,0,78.4,0,0,new,12,396,10,5.95,3,0,4.08,,Yes,99.93,15.77,16000,1.56,16250,74.5,0.0,0,low
S00071,small,Laptop,LAP-M1,138,7,13,97.66,0.34,1.46,0.8,0,48.0,1,0,new,0,324,4,5.09,5,1,4.84,4.49,Yes,96.33,9.85,38000,-1.71,37350,61.2,0.0,0,low
S00006,small,Smart TV,TV-M3,69,14,4,99.51,1.82,2.94,1.9,0,67.6,1,0,new,0,120,10,3.58,6,2,4.56,4.22,Yes,91.0,16.38,55000,-0.45,54750,60.7,0.0,0,low
S00038,small,Desktop Computer,PC-M1,102,11,17,98.81,3.81,3.91,2.5,0,52.1,1,0,new,12,5,6,5.1,8,2,3.95,3.96,Yes,93.06,5.04,30000,1.67,30500,77.2,0.0,0,low
S00377,small,Wi-Fi Router,RTR-M1,83,4,15,88.62,7.06,9.86,8.6,1,47.6,1,0,new,0,352,4,5.25,5,1,2.73,2.84,No,93.08,4.57,1800,3.33,1860,86.0,0.0,0,low
S00033,small,Wireless Earbuds,EAR-M2,60,2,29,84.56,8.2,11.04,3.1,0,73.9,1,0,new,6,36,8,8.91,4,0,2.18,,No,85.94,13.26,2500,-5.6,2360,32.6,0.0,0,low
S00525,small,Mobile Phone,MOB-M5,53,40,2,85.01,7.85,10.97,7.3,1,9.5,1,0,new,3,27,67,10.69,4,4,4.69,3.98,Yes,38.0,61.37,140000,-51.14,68400,4.0,1.0,100,high
S00243,small,Laptop,LAP-M1,35,23,4,88.9,9.96,11.83,9.6,1,19.8,0,0,new,6,37,187,11.87,13,13,4.8,3.68,Yes,42.15,70.62,38000,-65.0,13300,3.0,1.0,100,high
S00226,small,Smart TV,TV-M4,138,13,10,95.82,2.53,2.25,3.3,0,54.9,0,0,refurbished,12,92,13,0.99,3,1,4.64,4.57,Yes,96.62,12.76,90000,-50.67,44400,4.8,0.0,0,low
S00298,small,Power Bank,PWR-M3,24,1,13,95.15,3.38,4.38,2.4,0,61.2,1,0,new,6,55,9,5.63,0,0,,,No,,,3000,0.33,3010,69.0,0.0,0,low
S00097,medium,Smartwatch,WCH-M5,1721,39,68,99.11,1.13,0.94,0.7,2,50.7,1,0,new,12,202,10,4.36,111,5,4.55,4.36,Yes,93.37,13.25,45000,1.56,45700,74.1,0.0,0,low
S00122,small,Power Bank,PWR-M4,44,2,8,94.43,0.67,3.49,1.8,0,42.4,1,0,new,0,240,9,5.23,1,0,4.12,,Yes,96.88,20.92,4800,2.92,4940,76.7,0.0,0,low
S00198,small,Wi-Fi Router,RTR-M2,251,18,21,100.0,1.22,1.24,1.8,1,69.0,0,0,new,12,278,3,4.72,22,6,4.44,4.26,Yes,99.51,11.96,3200,-3.12,3100,46.3,0.0,0,low
S00337,small,Smartwatch,WCH-M2,35,0,58,92.21,1.84,3.95,0.8,0,44.1,1,0,new,3,211,5,5.86,1,0,4.53,,Yes,90.95,11.0,4500,0.44,4520,71.4,0.0,0,low
S00056,medium,Wi-Fi Router,RTR-M3,1104,29,40,96.31,1.15,2.1,1.2,0,62.9,1,1,new,12,70,44,2.25,35,2,4.55,4.34,Yes,94.08,6.6,5500,-1.82,5400,56.5,0.0,0,low
S00106,small,Wireless Earbuds,EAR-M1,50,5,12,93.45,3.72,6.18,5.1,0,95.0,1,0,new,6,180,14,8.5,2,1,3.72,4.0,Yes,96.74,9.95,1200,8.33,1300,100.0,0.0,0,low
S00392,small,Desktop Computer,PC-M2,63,5,12,92.87,5.3,2.45,3.3,1,76.5,0,0,new,12,76,6,5.17,4,1,3.45,3.46,No,91.12,8.53,45000,-2.78,43750,44.6,0.0,0,low
S00465,small,Wireless Earbuds,EAR-M4,82,3,18,91.27,5.48,4.5,4.1,0,51.4,1,0,new,12,43,11,7.98,4,0,3.16,,No,94.29,18.72,12000,-1.67,11800,46.2,0.0,0,low
S00539,medium,Laptop,LAP-M1,617,24,36,96.41,1.78,1.82,1.2,1,43.7,1,0,new,0,287,21,3.67,47,4,4.54,4.64,Yes,87.28,12.95,38000,1.71,38650,83.6,0.0,0,low
S00079,small,Smart TV,TV-M1,119,5,29,91.64,5.62,6.69,4.4,0,44.8,1,0,new,6,96,2,6.75,3,0,3.32,,No,89.41,10.48,22000,-1.36,21700,51.9,0.0,0,low
S00314,small,Wireless Earbuds,EAR-M2,98,3,27,99.04,0.27,0.67,1.3,0,52.5,1,0,used,0,217,5,5.78,2,0,4.48,,Yes,95.0,19.34,2500,-16.8,2080,19.6,0.0,0,low
S00393,small,Bluetooth Speaker,SPK-M1,64,4,17,91.09,4.25,3.82,6.9,0,52.3,1,0,new,12,56,4,6.78,3,1,3.75,3.95,Yes,95.65,16.07,1500,3.33,1550,85.7,0.0,0,low
S00363,medium,Wireless Earbuds,EAR-M4,1598,38,42,97.19,2.03,2.51,2.9,0,57.7,1,1,new,12,321,54,6.1,30,2,3.93,3.79,Yes,94.17,8.27,12000,-3.33,11600,32.7,0.0,0,low
S00187,small,Smart TV,TV-M5,391,19,38,97.67,1.39,2.02,3.3,0,95.0,0,0,new,0,32,3,3.09,29,4,4.52,4.66,Yes,97.17,18.07,180000,-0.92,178350,57.1,0.0,0,low
S00324,small,Wireless Earbuds,EAR-M5,109,4,14,95.51,1.9,2.22,1.9,0,50.2,0,0,new,12,10,14,5.47,0,0,,,No,,,28000,5.36,29500,96.2,0.0,0,low
S00428,small,Smartwatch,WCH-M5,93,3,27,94.49,2.92,3.52,2.2,0,75.1,0,0,new,12,95,6,5.28,4,0,4.17,,Yes,87.67,14.89,45000,0.44,45200,68.5,0.0,0,low
S00511,big,Wi-Fi Router,RTR-M3,15940,594,38,96.83,1.87,2.4,1.3,14,40.6,1,1,new,12,258,172,4.9,273,19,4.37,4.5,Yes,93.07,5.48,5500,-5.82,5180,30.4,0.0,0,low
S00228,small,Gaming Console,CON-M3,86,7,9,93.23,0.1,2.86,4.6,0,72.2,0,0,new,12,270,11,3.78,3,1,4.11,3.95,Yes,100.0,3.21,62000,0.56,62350,72.0,0.0,0,low
S00476,medium,Smart TV,TV-M4,2222,76,14,97.8,0.86,1.78,2.0,0,48.3,1,0,refurbished,12,175,29,2.85,20,2,4.5,4.47,Yes,94.22,10.13,90000,-17.39,74350,14.5,0.0,0,low
S00334,small,Laptop,LAP-M4,66,1,44,97.7,2.28,2.44,1.2,0,45.2,1,0,new,12,140,2,5.28,2,0,4.64,,Yes,98.29,10.14,120000,2.29,122750,87.8,0.0,0,low
S00382,small,Smart TV,TV-M3,584,32,20,91.44,4.35,5.48,3.3,0,40.4,0,0,new,0,107,5,4.83,54,10,3.39,3.27,No,95.83,6.87,55000,-1.64,54100,44.6,0.0,0,low
S00551,big,Gaming Console,CON-M1,23658,307,57,98.86,0.84,1.37,1.5,15,28.0,1,0,new,12,84,170,0.48,134,6,4.82,4.72,Yes,96.59,21.46,38000,-0.53,37800,56.9,0.0,0,low
S00214,medium,Laptop,LAP-M5,1470,38,51,94.27,2.09,2.83,4.3,2,50.6,0,1,new,12,39,15,5.49,44,3,3.81,3.55,Yes,88.4,18.46,190000,-6.08,178450,33.3,0.0,0,low
S00247,small,Gaming Console,CON-M1,77,2,26,85.63,7.99,7.77,3.9,0,65.1,0,0,new,0,110,5,7.08,2,0,2.6,,No,91.34,32.89,38000,3.03,39150,90.2,0.0,0,low
S00100,medium,Mobile Phone,MOB-M1,1896,50,48,98.88,1.14,1.29,3.1,2,35.4,1,0,new,12,102,27,2.93,31,2,4.93,4.67,Yes,96.78,12.48,12000,-0.42,11950,72.4,0.0,0,low
S00131,small,Wireless Earbuds,EAR-M4,450,56,10,91.84,5.43,7.07,6.7,3,72.8,0,0,used,6,93,6,10.98,58,14,2.44,2.4,No,92.04,4.56,12000,-53.33,5600,1.9,0.0,0,low
S00565,small,Smart TV,TV-M3,102,66,9,94.2,5.03,4.93,2.2,3,36.9,1,0,new,12,55,254,2.1,46,46,4.67,2.76,Yes,43.71,35.91,55000,-13.64,47500,14.3,1.0,100,high
S00215,small,Mobile Phone,MOB-M4,16,10,2,80.53,3.67,8.49,5.4,0,13.0,0,0,new,0,3,193,6.47,55,55,4.64,3.99,Yes,26.94,85.85,65000,-54.0,29900,6.7,1.0,100,high
S00300,small,Bluetooth Speaker,SPK-M5,305,41,9,83.2,9.42,10.03,4.9,1,61.0,1,0,new,12,52,13,11.82,13,5,1.69,1.93,No,93.19,14.64,30000,-0.83,29750,58.5,0.0,0,low
S00209,medium,Wireless Earbuds,EAR-M1,2043,282,12,97.52,1.2,1.7,3.2,1,31.3,1,0,new,12,31,75,4.8,39,18,4.77,5.0,Yes,100.0,16.28,1200,-0.83,1190,56.9,0.0,0,low
S00253,small,Wireless Earbuds,EAR-M5,60,13,5,87.65,2.59,3.05,2.7,0,44.2,1,0,new,6,150,4,8.39,1,1,3.13,2.83,No,94.35,4.01,28000,0.0,28000,59.6,0.0,0,low
S00524,medium,Gaming Console,CON-M2,867,43,25,97.13,1.95,1.7,2.0,0,38.2,1,0,new,6,237,9,0.2,30,4,4.36,4.35,Yes,95.08,17.22,52000,-5.58,49100,28.3,0.0,0,low
S00559,small,Wi-Fi Router,RTR-M3,304,12,23,97.1,0.78,1.23,1.2,0,54.2,0,0,new,6,107,15,3.35,5,1,4.08,4.0,Yes,86.11,10.32,5500,1.82,5600,73.9,0.0,0,low
S00340,small,Smart TV,TV-M2,49,2,31,85.6,7.22,7.78,8.2,0,66.5,1,0,new,6,278,7,10.72,3,0,2.19,,No,87.88,18.21,35000,-7.43,32400,27.1,0.0,0,low
S00381,small,Smartwatch,WCH-M4,212,6,19,91.43,3.16,4.4,2.1,1,36.7,0,0,new,3,138,9,9.02,12,1,3.56,3.27,No,92.67,6.34,22000,-2.73,21400,54.5,0.0,0,low
S00241,small,Mobile Phone,MOB-M3,196,133,6,93.2,3.0,4.19,2.2,2,23.3,1,0,new,0,50,129,7.2,63,63,4.74,2.91,Yes,17.5,40.77,38000,-22.37,29500,14.8,1.0,100,high
S00019,medium,Mobile Phone,MOB-M3,3267,43,51,97.95,1.31,1.79,1.3,1,34.8,1,1,new,12,281,23,4.03,23,1,4.0,3.89,Yes,97.73,4.12,38000,-1.32,37500,55.7,0.0,0,low
S00108,small,Smartwatch,WCH-M2,191,7,37,92.21,3.11,5.05,4.5,0,77.0,1,1,new,6,1110,6,6.79,2,0,3.69,,Yes,91.96,9.59,4500,-6.44,4210,18.4,0.0,0,low
S00078,medium,Wi-Fi Router,RTR-M4,3467,63,83,95.06,2.65,3.55,1.8,0,52.9,1,0,new,6,261,40,3.45,75,3,4.25,4.33,Yes,91.27,38.69,9500,-2.32,9280,45.0,0.0,0,low
S00391,small,Digital Camera,CAM-M4,70,1,35,97.55,3.34,2.83,1.6,0,45.7,0,0,new,12,133,5,1.13,9,0,4.66,,Yes,93.29,15.65,100000,-0.05,99950,66.0,0.0,0,low
S00125,small,Smartwatch,WCH-M4,91,10,11,94.59,2.96,3.53,3.4,0,42.9,0,0,refurbished,12,330,5,7.28,3,1,3.27,3.05,No,87.82,21.26,22000,-28.64,15700,12.7,0.0,0,low
S00473,small,Gaming Console,CON-M3,111,3,25,89.25,7.44,9.33,6.3,0,45.5,0,0,new,12,750,7,8.54,10,1,2.48,2.57,No,96.16,10.45,62000,1.53,62950,76.0,0.0,0,low
S00020,big,Smartwatch,WCH-M1,20754,268,68,96.9,1.7,2.43,2.0,20,29.7,1,1,new,12,312,110,4.12,374,13,4.18,4.17,Yes,96.81,15.9,2000,-3.5,1930,53.5,0.0,0,low
S00343,medium,Desktop Computer,PC-M1,2804,74,61,93.74,3.13,3.91,3.1,3,51.3,0,0,new,6,101,46,5.1,113,8,3.53,3.74,No,91.26,9.02,30000,-1.0,29700,57.9,0.0,0,low
S00339,medium,Wireless Earbuds,EAR-M3,976,23,46,98.5,0.47,1.44,1.9,0,51.4,1,1,new,12,80,17,4.58,29,2,4.4,4.63,Yes,93.95,12.57,5500,0.18,5510,71.2,0.0,0,low
S00409,medium,Laptop,LAP-M4,1332,45,34,94.96,2.57,3.74,4.6,2,56.4,1,1,new,6,153,12,4.21,30,2,4.04,3.95,Yes,92.33,10.27,120000,-2.67,116800,51.4,0.0,0,low
S00022,small,Smart TV,TV-M2,123,6,28,95.83,2.18,3.26,2.2,1,51.5,1,0,new,3,171,4,5.19,11,1,4.28,4.45,Yes,97.03,6.94,35000,3.57,36250,86.4,0.0,0,low
S00075,big,Digital Camera,CAM-M2,31838,212,94,95.92,2.22,2.98,2.8,30,24.2,1,1,new,6,82,33,6.9,340,7,3.74,3.91,Yes,92.28,8.1,55000,-5.27,52100,28.3,0.0,0,low
S00279,small,Wireless Earbuds,EAR-M3,700,48,12,93.76,3.63,5.07,3.4,0,37.1,1,0,refurbished,12,199,11,7.89,52,8,3.29,3.09,No,99.99,2.0,5500,-24.0,4180,13.6,0.0,0,low
S00055,small,Laptop,LAP-M2,698,37,21,88.11,5.46,6.78,5.0,1,57.1,0,0,new,6,112,13,8.73,45,6,2.64,2.65,No,90.99,3.87,55000,-1.09,54400,57.7,0.0,0,low
S00440,big,Wi-Fi Router,RTR-M4,27243,487,52,97.08,1.47,2.27,1.9,18,31.0,1,1,new,12,89,75,5.2,208,13,4.34,4.23,Yes,94.32,6.68,9500,1.26,9620,80.0,0.0,0,low
S00409,medium,Laptop,LAP-M1,1332,45,34,94.96,2.57,3.74,4.6,2,56.4,1,1,new,12,596,22,6.32,33,3,3.86,4.05,Yes,98.08,8.95,38000,1.05,38400,77.6,0.0,0,low
S00097,medium,Wi-Fi Router,RTR-M5,1721,39,68,99.11,1.13,0.94,0.7,2,50.7,1,0,new,12,110,34,3.18,48,3,4.58,4.61,Yes,90.63,16.05,16000,-2.81,15550,43.1,0.0,0,low
S00129,big,Digital Camera,CAM-M1,16423,119,103,96.97,1.8,2.49,2.3,8,15.2,1,0,new,6,197,113,2.91,175,4,3.69,3.73,Yes,94.37,19.64,35000,0.0,35000,71.2,0.0,0,low
S00503,small,Laptop,LAP-M4,62,1,33,94.63,1.14,2.64,5.7,0,42.7,0,0,new,6,73,3,5.08,1,0,4.19,,Yes,100.0,10.35,120000,-1.71,117950,59.5,0.0,0,low
S00007,small,Laptop,LAP-M1,101,15,7,96.04,3.43,3.95,1.1,0,76.8,1,0,new,12,123,8,6.26,2,1,3.36,3.6,No,93.61,28.69,38000,-4.47,36300,34.3,0.0,0,low
S00470,medium,Wireless Earbuds,EAR-M3,1661,51,31,98.02,0.84,1.53,0.7,1,49.6,1,0,refurbished,12,24,24,4.33,106,7,4.24,4.23,Yes,100.0,39.37,5500,-42.36,3170,6.1,0.0,0,low
S00003,medium,Smartwatch,WCH-M1,2007,22,81,93.04,3.54,4.54,4.3,3,76.3,1,0,new,12,277,16,5.98,26,1,3.4,3.35,No,92.34,16.15,2000,-0.5,1990,72.1,0.0,0,low
S00045,small,Smart TV,TV-M5,272,24,15,84.42,9.41,10.67,8.0,2,31.5,1,0,refurbished,12,193,14,11.22,16,3,2.19,2.09,No,89.74,11.2,180000,-12.11,158200,12.5,0.0,0,low
S00558,small,Smartwatch,WCH-M3,89,8,19,99.41,0.51,1.39,0.8,0,35.7,1,0,new,3,27,6,4.16,12,3,4.96,4.82,Yes,96.99,22.23,9000,-3.89,8650,28.8,0.0,0,low
S00145,big,Gaming Console,CON-M4,22641,132,155,95.79,2.28,2.99,3.2,23,41.7,1,0,new,12,157,78,5.25,182,3,3.99,3.8,Yes,92.68,17.47,78000,-2.5,76050,40.9,0.0,0,low
S00496,small,Wi-Fi Router,RTR-M5,82,6,13,94.26,3.98,6.61,7.7,0,56.2,1,0,refurbished,3,337,7,5.99,13,3,3.85,4.06,Yes,98.07,6.9,16000,-47.81,8350,2.0,0.0,0,low
S00252,big,Wireless Earbuds,EAR-M5,12635,91,95,96.31,1.6,2.38,3.2,10,22.2,1,0,new,12,250,109,5.02,299,6,3.85,3.66,Yes,89.83,3.81,28000,-1.25,27650,44.2,0.0,0,low
S00543,small,Wi-Fi Router,RTR-M1,356,157,2,97.02,1.75,1.82,3.1,0,48.6,1,0,new,12,60,10,3.48,11,11,4.24,4.13,Yes,90.47,17.27,1800,0.56,1810,68.0,0.0,0,low
S00471,small,Digital Camera,CAM-M4,47,8,7,92.5,4.39,5.11,5.5,0,71.4,1,0,new,0,184,5,4.31,7,4,3.33,3.17,No,96.18,13.83,100000,1.4,101400,80.0,0.0,0,low
S00241,small,Digital Camera,CAM-M5,196,133,6,93.2,3.0,4.19,2.2,2,23.3,1,0,new,3,29,7,5.31,29,29,4.83,3.62,Yes,26.85,82.42,180000,-5.0,171000,34.7,1.0,100,high
S00203,medium,Smartwatch,WCH-M4,1800,74,56,98.72,0.88,1.36,1.6,2,31.7,1,1,new,12,202,25,5.43,47,6,4.79,4.74,Yes,96.62,10.4,22000,3.86,22850,96.4,0.0,0,low
S00367,small,Laptop,LAP-M2,87,3,16,94.51,3.61,2.9,3.1,0,36.2,0,0,new,3,93,5,5.2,11,1,3.55,3.48,No,96.63,2.98,55000,-2.91,53400,38.5,0.0,0,low
S00063,small,Gaming Console,CON-M1,669,43,19,91.08,4.23,5.95,7.3,1,49.3,0,0,new,0,506,12,5.99,85,10,3.35,3.46,No,98.19,18.3,38000,1.32,38500,74.5,0.0,0,low
S00509,small,Mobile Phone,MOB-M5,200,85,12,91.93,2.49,3.93,3.3,1,43.1,1,0,new,0,23,160,6.28,21,18,4.63,4.18,Yes,65.92,74.31,140000,-23.61,106950,14.0,1.0,100,high
S00270,small,Digital Camera,CAM-M2,43,0,72,88.35,5.53,8.24,5.6,0,36.4,1,0,new,3,698,2,7.13,1,0,2.66,,No,96.67,13.83,55000,1.82,56000,76.7,0.0,0,low
S00171,small,Gaming Console,CON-M5,310,16,17,97.61,1.02,1.56,2.1,0,38.4,1,0,new,12,510,18,5.02,19,2,4.08,4.09,Yes,98.9,11.46,95000,3.95,98750,90.3,0.0,0,low
S00264,small,Wireless Earbuds,EAR-M4,201,3,55,97.5,1.92,2.63,2.4,0,37.3,0,0,new,3,332,9,7.1,9,0,3.59,,No,97.99,12.29,12000,-1.67,11800,46.2,0.0,0,low
S00546,small,Smart TV,TV-M3,49,40,3,75.95,10.99,13.99,9.7,3,28.3,1,0,new,0,35,88,10.79,38,38,4.78,4.02,Yes,44.83,64.83,55000,-48.45,28350,1.8,1.0,100,high
S00128,small,Digital Camera,CAM-M3,58,38,4,84.99,8.92,10.16,7.1,1,60.0,0,0,new,0,13,229,9.64,2,2,4.66,2.81,Yes,72.92,50.81,80000,-25.75,59400,7.8,1.0,100,high
S00167,big,Wireless Earbuds,EAR-M3,29079,775,47,97.51,1.39,1.9,2.3,18,37.2,1,1,new,12,33,197,5.64,214,12,4.71,4.61,Yes,90.45,6.34,5500,-3.45,5310,34.8,0.0,0,low
S00517,small,Digital Camera,CAM-M3,217,10,23,99.25,2.44,0.61,1.3,0,40.6,0,0,new,0,125,11,3.5,27,3,4.46,4.66,Yes,100.0,2.5,80000,-2.69,77850,51.0,0.0,0,low
S00100,medium,Mobile Phone,MOB-M4,1896,50,48,98.88,1.14,1.29,3.1,2,35.4,1,0,new,12,494,15,3.71,50,3,4.9,4.85,Yes,95.8,8.76,65000,-7.15,60350,31.1,0.0,0,low
S00235,medium,Power Bank,PWR-M4,1479,37,43,97.73,0.78,1.64,2.1,0,39.0,1,1,new,12,233,51,4.78,32,3,4.0,3.89,Yes,94.77,5.93,4800,-0.62,4770,53.3,0.0,0,low
S00070,medium,Bluetooth Speaker,SPK-M5,1345,43,33,99.17,0.95,1.58,1.0,1,31.8,1,0,new,6,504,10,4.32,12,1,4.33,4.29,Yes,94.38,6.75,30000,-3.67,28900,26.4,0.0,0,low
S00268,small,Mobile Phone,MOB-M4,16,10,5,80.57,13.88,14.51,8.4,0,34.8,0,0,refurbished,0,12,3,11.56,35,35,4.68,4.2,Yes,33.61,74.11,65000,-52.85,30650,8.9,1.0,100,high
S00504,small,Power Bank,PWR-M5,121,10,8,99.43,0.65,1.88,1.8,0,81.6,1,0,new,0,60,3,3.41,25,4,4.33,4.31,Yes,96.37,10.18,8500,-0.24,8480,66.7,0.0,0,low
S00139,medium,Power Bank,PWR-M2,707,64,10,96.94,2.07,2.45,2.3,1,50.6,1,0,new,12,234,52,6.5,18,4,4.15,3.77,Yes,95.49,19.94,1800,-3.89,1730,43.1,0.0,0,low
S00323,small,Smart TV,TV-M3,58,16,5,100.0,1.11,2.27,1.6,0,73.0,1,0,new,6,150,7,5.36,3,3,4.7,4.74,Yes,93.74,11.85,55000,-2.36,53700,37.5,0.0,0,low
S00028,big,Wi-Fi Router,RTR-M1,10246,214,30,98.28,1.01,1.67,1.1,13,37.1,1,0,new,0,110,97,4.27,131,6,3.91,4.07,Yes,92.36,4.7,1800,-6.11,1690,16.0,0.0,0,low
S00057,small,Smart TV,TV-M3,289,74,4,99.13,2.09,2.53,2.0,0,47.1,0,0,new,0,120,7,3.38,34,19,4.17,4.2,Yes,88.22,7.51,55000,2.0,56100,76.8,0.0,0,low
S00562,small,Gaming Console,CON-M3,123,10,14,94.08,3.98,4.83,5.6,0,59.0,1,0,new,12,123,6,7.27,3,1,2.93,2.62,No,92.43,20.4,62000,6.05,65750,98.0,0.0,0,low
S00133,medium,Wireless Earbuds,EAR-M5,1754,40,59,96.83,1.51,2.6,2.3,0,44.1,1,0,new,12,49,32,6.75,29,1,4.39,4.38,Yes,93.35,7.2,28000,0.36,28100,65.4,0.0,0,low
S00049,small,Power Bank,PWR-M1,196,50,5,93.32,5.58,5.6,5.0,0,88.3,1,0,refurbished,3,150,10,8.09,5,3,2.96,2.58,No,93.59,7.52,1100,-14.55,940,12.0,0.0,0,low
S00019,medium,Mobile Phone,MOB-M5,3267,43,51,97.95,1.31,1.79,1.3,1,34.8,1,1,new,12,94,21,5.65,61,2,4.48,4.4,Yes,89.76,7.91,140000,-7.64,129300,24.0,0.0,0,low
S00257,small,Digital Camera,CAM-M1,161,66,9,78.63,12.02,12.93,12.8,6,37.2,0,0,new,3,36,279,9.48,10,10,4.85,4.21,Yes,63.91,61.34,35000,-13.57,30250,13.5,1.0,100,high
S00301,small,Smart TV,TV-M5,105,7,14,93.51,3.8,4.57,3.8,0,59.5,1,0,used,3,420,4,7.16,15,2,3.44,3.29,No,92.79,9.5,180000,-34.47,117950,10.7,0.0,0,low
S00210,big,Laptop,LAP-M3,13189,193,98,95.84,2.16,2.87,2.0,13,32.6,1,0,new,3,13,129,7.04,132,7,3.93,3.6,Yes,96.43,6.79,80000,2.37,81900,73.4,0.0,0,low
S00508,small,Smart TV,TV-M2,25,18,4,91.02,8.04,12.84,4.8,0,30.3,0,0,new,0,31,131,8.79,0,0,,,No,,,35000,-1.86,34350,57.6,1.0,100,high
S00066,small,Bluetooth Speaker,SPK-M3,296,27,10,93.4,1.96,4.08,2.5,0,43.8,1,0,refurbished,12,103,9,5.63,19,4,3.27,2.97,No,93.81,10.23,7000,-12.14,6150,14.5,0.0,0,low
S00456,small,Bluetooth Speaker,SPK-M4,73,6,17,100.0,1.79,2.0,2.2,0,36.3,1,0,new,6,59,3,4.08,4,1,4.46,4.42,Yes,94.2,12.23,14000,3.57,14500,90.2,0.0,0,low
S00544,small,Desktop Computer,PC-M2,21,0,15,91.83,4.7,3.48,3.2,0,79.4,1,0,refurbished,12,450,12,2.49,3,0,4.2,,Yes,98.45,17.15,45000,-29.89,31550,8.9,0.0,0,low
S00232,small,Laptop,LAP-M2,432,32,12,91.27,4.16,4.71,8.7,0,31.9,1,0,new,3,21,4,6.22,21,5,3.43,3.26,No,98.22,18.32,55000,-3.91,52850,32.7,0.0,0,low
S00150,small,Mobile Phone,MOB-M1,68,4,23,96.29,2.99,6.8,3.9,1,46.0,1,0,new,12,462,5,4.17,4,1,3.73,3.66,Yes,91.94,6.99,12000,-7.08,11150,29.3,0.0,0,low
S00461,big,Desktop Computer,PC-M5,10254,368,30,95.17,2.62,3.53,3.0,7,43.7,0,1,new,12,73,69,5.3,178,13,3.98,4.04,Yes,91.29,18.4,160000,5.62,169000,96.2,0.0,0,low
S00090,small,Smartwatch,WCH-M2,36,1,27,96.8,5.82,4.87,7.3,0,42.1,1,0,new,12,60,16,8.21,2,0,3.02,,No,89.94,18.85,4500,-4.67,4290,32.7,0.0,0,low
S00507,small,Smartwatch,WCH-M2,251,105,2,88.0,5.15,8.01,11.3,0,53.0,0,0,new,12,60,11,7.99,24,17,2.46,2.42,No,86.14,16.52,4500,3.33,4650,93.9,0.0,0,low
S00145,big,Wi-Fi Router,RTR-M3,22641,132,155,95.79,2.28,2.99,3.2,23,41.7,1,0,new,12,180,124,3.62,190,3,4.48,4.47,Yes,99.4,4.97,5500,0.73,5540,69.6,0.0,0,low
S00426,small,Gaming Console,CON-M1,36,2,13,97.21,0.57,2.95,1.9,0,63.8,0,0,new,6,116,9,3.36,0,0,,,No,,,38000,-3.82,36550,31.4,0.0,0,low
S00388,small,Smartwatch,WCH-M4,40,1,18,96.23,6.28,4.18,2.9,0,32.4,0,0,refurbished,6,77,3,7.51,5,0,3.97,,Yes,100.0,9.35,22000,-17.5,18150,16.4,0.0,0,low
S00148,big,Smart TV,TV-M1,12646,155,102,96.7,1.86,2.51,2.2,9,18.7,1,0,new,3,334,98,5.29,115,4,4.15,4.34,Yes,92.4,16.05,22000,-1.14,21750,53.2,0.0,0,low
S00212,medium,Smart TV,TV-M1,901,15,62,94.07,3.42,3.81,3.1,2,49.7,1,1,new,12,540,38,6.66,25,1,4.0,3.95,Yes,95.67,14.08,22000,0.45,22100,72.7,0.0,0,low
S00029,small,Mobile Phone,MOB-M1,55,1,32,99.76,2.55,6.44,4.6,0,61.0,1,0,new,3,129,4,4.9,2,0,3.47,,No,96.23,15.77,12000,-17.92,9850,22.4,0.0,0,low
S00418,small,Bluetooth Speaker,SPK-M1,52,7,10,84.61,6.64,7.77,7.1,0,49.0,1,0,new,0,300,4,10.77,1,0,2.47,,No,95.13,5.93,1500,-7.33,1390,21.4,0.0,0,low
S00407,small,Power Bank,PWR-M5,40,6,7,98.6,0.1,0.01,2.5,0,54.7,0,0,new,0,210,11,5.27,1,0,4.16,,Yes,89.72,7.19,8500,-3.29,8220,45.0,0.0,0,low
S00252,big,Desktop Computer,PC-M2,12635,91,95,96.31,1.6,2.38,3.2,10,22.2,1,0,new,12,109,36,1.78,171,3,4.46,4.23,Yes,95.64,15.55,45000,-4.11,43150,37.5,0.0,0,low
S00182,big,Power Bank,PWR-M5,24268,669,60,98.02,1.0,1.56,1.1,14,37.0,1,1,new,12,214,171,5.19,294,17,4.37,4.56,Yes,97.6,14.09,8500,-0.82,8430,65.0,0.0,0,low
S00023,small,Laptop,LAP-M1,408,10,38,96.03,3.2,3.97,2.3,0,54.0,1,1,new,12,436,4,7.03,28,1,3.46,3.49,No,90.23,12.87,38000,-4.21,36400,35.8,0.0,0,low
S00322,big,Gaming Console,CON-M1,13542,231,65,99.08,0.88,1.45,1.7,9,43.2,1,1,new,12,69,69,2.27,136,8,4.37,4.23,Yes,96.32,2.01,38000,-6.18,35650,23.5,0.0,0,low
S00491,small,Desktop Computer,PC-M2,294,15,25,89.89,6.57,7.75,11.8,3,76.2,1,0,new,0,185,6,8.57,7,1,2.93,3.09,No,92.6,19.28,45000,5.56,47500,94.6,0.0,0,low
S00148,big,Mobile Phone,MOB-M5,12646,155,102,96.7,1.86,2.51,2.2,9,18.7,1,0,new,6,179,76,4.51,130,4,4.46,4.8,Yes,100.0,5.02,140000,-4.86,133200,34.0,0.0,0,low
S00080,small,Smart TV,TV-M4,49,4,9,89.79,9.83,8.53,4.6,0,83.3,1,0,used,6,270,5,5.93,2,0,3.1,,No,86.58,4.13,90000,-21.39,70750,12.9,0.0,0,low
S00415,big,Gaming Console,CON-M5,15112,167,80,96.28,1.98,2.82,6.1,13,30.5,1,1,new,12,87,91,1.83,110,4,4.02,4.24,Yes,97.13,19.85,95000,0.26,95250,64.5,0.0,0,low
S00220,medium,Mobile Phone,MOB-M4,2063,69,18,92.97,3.98,4.8,3.5,5,62.9,1,1,new,12,10,51,5.05,61,5,3.81,3.51,Yes,98.65,7.21,65000,5.08,68300,97.8,0.0,0,low
S00077,small,Gaming Console,CON-M4,84,2,30,100.0,0.1,0.13,1.8,0,60.9,1,0,new,12,42,4,4.03,7,0,4.82,,Yes,96.82,8.47,78000,1.92,79500,89.4,0.0,0,low
S00415,big,Wi-Fi Router,RTR-M4,15112,167,80,96.28,1.98,2.82,6.1,13,30.5,1,1,new,12,128,71,3.56,263,7,4.23,4.04,Yes,99.15,3.27,9500,-2.74,9240,40.0,0.0,0,low
S00342,big,Digital Camera,CAM-M1,22236,160,105,94.67,2.81,3.61,1.9,36,32.8,1,1,new,12,103,89,3.62,285,6,4.0,3.98,Yes,93.97,13.41,35000,-2.0,34300,51.9,0.0,0,low
S00050,small,Gaming Console,CON-M1,109,103,1,92.4,6.21,5.43,4.4,0,78.6,1,0,new,12,30,6,6.9,7,7,2.72,2.88,No,86.2,13.82,38000,-3.03,36850,43.1,0.0,0,low
S00170,big,Bluetooth Speaker,SPK-M3,24282,382,90,96.38,1.83,2.7,2.6,14,20.6,1,1,new,12,48,26,3.89,339,13,4.19,4.18,Yes,95.44,14.14,7000,-9.29,6350,16.4,0.0,0,low
S00387,medium,Power Bank,PWR-M4,2590,48,41,98.19,1.29,2.12,2.0,1,40.7,1,0,new,3,253,61,4.43,115,5,4.27,4.38,Yes,100.0,28.32,4800,5.62,5070,90.0,0.0,0,low
S00274,small,Wi-Fi Router,RTR-M3,104,19,9,94.39,2.97,1.83,1.8,0,38.9,0,0,new,6,270,7,2.29,3,2,4.51,4.57,Yes,96.24,6.67,5500,-2.55,5360,50.0,0.0,0,low
S00503,small,Smart TV,TV-M1,62,1,33,94.63,1.14,2.64,5.7,0,42.7,0,0,new,12,85,6,5.91,4,0,4.12,,Yes,91.0,21.51,22000,-5.91,20700,28.6,0.0,0,low
S00527,small,Smart TV,TV-M1,58,2,16,96.04,5.53,4.31,3.4,0,71.5,1,0,new,3,403,5,6.86,1,0,3.52,,No,89.83,8.16,22000,2.27,22500,81.8,0.0,0,low
S00144,medium,Smartwatch,WCH-M3,1221,23,71,92.78,3.85,4.36,2.4,2,46.9,1,0,new,12,149,88,8.69,41,2,3.27,2.97,No,88.3,10.01,9000,22.67,11040,100.0,0.0,0,low
S00385,medium,Wireless Earbuds,EAR-M5,933,8,50,97.27,1.29,1.35,2.9,2,25.1,1,0,new,0,347,41,5.16,12,0,4.66,,Yes,98.76,4.12,28000,-3.75,26950,25.0,0.0,0,low
S00203,medium,Power Bank,PWR-M3,1800,74,56,98.72,0.88,1.36,1.6,2,31.7,1,1,new,12,1178,21,4.02,37,3,4.46,4.46,Yes,92.63,7.95,3000,-1.0,2970,54.8,0.0,0,low
S00129,big,Mobile Phone,MOB-M1,16423,119,103,96.97,1.8,2.49,2.3,8,15.2,1,0,new,12,76,77,5.61,79,1,4.46,4.3,Yes,90.73,8.08,12000,-8.75,10950,24.1,0.0,0,low
S00207,medium,Wireless Earbuds,EAR-M2,1839,28,66,98.16,1.07,1.78,1.1,1,39.2,0,0,refurbished,0,330,14,5.52,95,3,4.66,4.82,Yes,87.29,8.0,2500,-34.0,1650,10.9,0.0,0,low
S00524,medium,Smart TV,TV-M2,867,43,25,97.13,1.95,1.7,2.0,0,38.2,1,0,new,0,226,12,4.11,21,3,4.37,4.54,Yes,97.97,6.5,35000,-0.86,34700,64.4,0.0,0,low
S00328,medium,Wireless Earbuds,EAR-M3,1453,22,64,93.17,3.22,3.85,3.0,2,60.9,1,0,new,6,408,6,7.87,57,2,3.78,3.66,Yes,89.55,2.44,5500,-5.09,5220,24.2,0.0,0,low
S00360,small,Smart TV,TV-M3,22,1,13,99.48,1.18,1.34,2.1,0,43.0,1,0,new,0,173,3,2.76,0,0,,,No,,,55000,-3.91,52850,28.6,0.0,0,low
S00019,medium,Smartwatch,WCH-M4,3267,43,51,97.95,1.31,1.79,1.3,1,34.8,1,1,new,6,145,57,7.6,57,2,4.01,3.91,Yes,89.48,9.87,22000,-4.32,21050,36.4,0.0,0,low
S00462,small,Gaming Console,CON-M5,4,3,5,72.72,4.52,10.9,12.8,0,26.0,0,0,new,3,28,208,10.44,22,22,4.82,3.51,Yes,22.32,30.43,95000,-16.89,78950,19.4,1.0,100,high
S00394,small,Smartwatch,WCH-M3,174,18,12,91.25,3.4,4.0,2.1,0,59.9,0,0,new,6,69,6,7.54,4,1,3.88,3.94,Yes,91.55,8.42,9000,1.44,9130,91.5,0.0,0,low
S00012,small,Bluetooth Speaker,SPK-M5,195,10,15,98.04,1.49,1.83,0.9,0,42.6,0,1,new,12,254,1,4.08,23,2,4.32,4.65,Yes,97.33,8.07,30000,6.83,32050,98.1,0.0,0,low
S00313,small,Digital Camera,CAM-M2,97,33,3,90.53,4.49,6.42,2.5,0,33.2,0,0,new,6,90,4,7.75,3,2,2.77,2.94,No,89.06,16.04,55000,-2.45,53650,40.0,0.0,0,low
S00423,small,Smartwatch,WCH-M3,236,12,13,99.46,0.35,1.54,2.3,0,81.1,0,0,new,12,390,4,6.16,39,5,4.09,3.86,Yes,100.0,7.93,9000,-0.67,8940,55.9,0.0,0,low
S00528,small,Wireless Earbuds,EAR-M5,60,60,1,92.5,4.25,3.04,1.6,0,86.7,0,0,new,6,30,6,8.59,1,1,3.69,3.81,Yes,87.72,11.5,28000,-0.89,27750,48.1,0.0,0,low
S00237,small,Mobile Phone,MOB-M5,143,10,9,98.9,0.1,0.3,4.3,0,57.5,1,0,new,12,154,3,6.43,12,2,4.01,3.82,Yes,93.44,4.55,140000,-0.36,139500,68.0,0.0,0,low
S00372,small,Bluetooth Speaker,SPK-M4,66,5,14,95.99,2.31,3.3,1.9,0,49.2,1,0,refurbished,12,101,7,3.34,1,0,4.45,,Yes,96.52,5.81,14000,-38.21,8650,5.9,0.0,0,low
S00104,small,Wireless Earbuds,EAR-M1,79,4,13,97.77,4.19,3.23,2.2,0,37.5,0,0,new,0,60,6,4.32,4,0,4.04,,Yes,96.35,9.12,1200,-2.5,1170,47.7,0.0,0,low
S00348,medium,Digital Camera,CAM-M4,2039,66,23,97.42,1.54,2.09,2.1,0,38.6,1,0,new,12,237,29,0.2,49,4,4.71,5.0,Yes,97.38,15.19,100000,-6.25,93750,14.0,0.0,0,low
S00326,small,Gaming Console,CON-M3,103,9,16,97.68,1.04,0.77,1.7,0,73.3,1,1,new,12,293,5,1.06,6,1,4.9,4.96,Yes,93.73,6.38,62000,30.4,80850,100.0,0.0,0,low
S00396,medium,Bluetooth Speaker,SPK-M3,1760,49,29,89.56,5.0,6.85,3.8,6,10.4,1,1,new,12,242,6,7.37,40,3,3.02,3.15,No,91.92,7.06,7000,-1.71,6880,50.9,0.0,0,low
S00476,medium,Gaming Console,CON-M2,2222,76,14,97.8,0.86,1.78,2.0,0,48.3,1,0,new,0,420,29,1.31,54,4,4.42,4.3,Yes,99.46,15.82,52000,0.96,52500,67.9,0.0,0,low
S00270,small,Bluetooth Speaker,SPK-M2,43,0,72,88.35,5.53,8.24,5.6,0,36.4,1,0,new,12,520,9,8.31,1,0,2.37,,No,87.02,12.66,3500,-5.71,3300,15.0,0.0,0,low
S00118,small,Wi-Fi Router,RTR-M4,185,22,10,90.56,2.94,5.73,5.3,0,81.8,1,0,new,12,208,15,5.16,17,7,3.56,4.06,No,97.26,26.21,9500,-0.63,9440,61.7,0.0,0,low
